Time Stamp,Open,High,Low,Close,SellersLevel4,SellersLevel3,SellersLevel2,SellersLevel1,SellersLevel0,BuyersLevel0,BuyersLevel1,BuyersLevel2,BuyersLevel3,BuyersLevel4,BuyersInControlTime,BuyersInControlPrice,SellersInControlTime,SellersInControlPrice,Entry,Defence,Stop,ideal_target
2019-06-24 10:00:00,145.29,146.01,145.23,145.25,0.0,0.0,0.0,0.0,0.0,145.07,0.0,0.0,0.0,0.0,0,0.0,0,0.0,0.0,0.0,0.0,0.0
2019-06-24 14:00:00,145.25,146.06,145.24,145.31,0.0,0.0,0.0,0.0,0.0,145.07,145.1,0.0,0.0,0.0,0,0.0,0,0.0,0.0,0.0,0.0,0.0
2019-06-24 19:00:00,145.31,146.06,145.28,146.03,0.0,0.0,0.0,0.0,0.0,145.07,145.1,145.14,0.0,0.0,0,0.0,0,0.0,0.0,0.0,0.0,0.0
2019-06-24 23:00:00,146.02,146.1,146.01,146.09,0.0,0.0,0.0,0.0,0.0,145.07,145.1,145.14,145.23,0.0,0,0.0,0,0.0,0.0,0.0,0.0,0.0
2019-06-25 03:00:00,146.08,146.22,146.07,146.09,0.0,0.0,0.0,0.0,0.0,145.07,145.1,145.14,145.23,145.24,0,0.0,0,0.0,0.0,0.0,0.0,0.0
2019-06-25 07:00:00,146.1,146.15,145.31,146.08,0.0,0.0,0.0,0.0,0.0,145.1,145.14,145.23,145.24,145.28,0,0.0,0,0.0,0.0,0.0,0.0,0.0
2019-06-25 11:00:00,146.08,146.22,146.05,146.22,0.0,0.0,0.0,0.0,0.0,145.1,145.14,145.23,145.24,145.28,0,0.0,0,0.0,0.0,0.0,0.0,0.0
2019-06-25 15:00:00,146.22,146.24,146.09,146.18,0.0,0.0,0.0,0.0,0.0,145.1,145.14,145.23,145.24,145.28,0,0.0,0,0.0,0.0,0.0,0.0,0.0
2019-06-25 20:00:00,146.19,146.23,146.14,146.17,0.0,0.0,0.0,0.0,0.0,145.14,145.23,145.24,145.28,145.31,0,0.0,0,0.0,0.0,0.0,0.0,0.0
2019-06-26 00:00:00,146.17,146.18,146.1,146.12,0.0,0.0,0.0,0.0,0.0,145.23,145.24,145.28,145.31,146.05,0,0.0,0,0.0,0.0,0.0,0.0,0.0
2019-06-26 04:00:00,146.12,146.18,146.08,146.09,0.0,0.0,0.0,0.0,146.24,145.24,145.28,145.31,146.05,146.09,0,0.0,0,0.0,0.0,0.0,0.0,0.0
2019-06-26 08:00:00,146.1,146.13,146.0,146.04,0.0,0.0,0.0,146.24,146.23,145.24,145.28,145.31,146.05,146.09,0,0.0,0,0.0,0.0,0.0,0.0,0.0
2019-06-26 12:00:00,146.04,146.13,145.25,145.27,0.0,146.24,146.23,146.09,146.05,145.14,145.23,145.24,145.28,145.31,0,0.0,0,0.0,0.0,0.0,0.0,0.0
2019-06-26 16:00:00,145.28,145.3,145.18,145.21,146.23,146.18,146.09,146.05,145.31,145.07,145.1,145.14,145.23,145.24,0,0.0,0,0.0,0.0,0.0,0.0,0.0
2019-06-26 21:00:00,145.21,145.27,145.17,145.25,146.05,145.31,145.28,145.24,145.23,145.07,145.1,145.14,0.0,0.0,0,0.0,0,0.0,0.0,0.0,0.0,0.0
2019-06-27 01:00:00,145.24,145.25,145.09,145.18,146.13,146.09,146.05,145.31,145.28,145.07,145.1,145.14,145.23,0.0,0,0.0,0,0.0,0.0,0.0,0.0,0.0
2019-06-27 05:00:00,145.19,145.2,145.08,145.13,146.09,146.05,145.31,145.3,145.28,145.07,145.1,145.14,0.0,0.0,0,0.0,0,0.0,0.0,0.0,0.0,0.0
2019-06-27 09:00:00,145.13,146.02,145.12,146.01,145.31,145.3,145.28,145.27,145.14,145.07,145.1,0.0,0.0,0.0,0,0.0,0,0.0,0.0,0.0,0.0,0.0
2019-06-27 13:00:00,146.01,146.06,145.2,146.04,146.23,146.18,146.13,146.09,146.05,145.14,145.27,145.28,145.3,145.31,0,0.0,0,0.0,0.0,0.0,0.0,0.0
2019-06-27 17:00:00,146.05,146.16,146.03,146.07,146.24,146.23,146.18,146.13,146.09,145.14,145.27,145.28,145.3,145.31,0,0.0,0,0.0,0.0,0.0,0.0,0.0
2019-06-27 21:00:00,146.09,146.12,146.04,146.07,0.0,146.24,146.23,146.18,146.13,145.27,145.28,145.3,145.31,146.05,0,0.0,0,0.0,0.0,0.0,0.0,0.0
2019-06-28 01:00:00,146.06,146.1,146.04,146.1,146.24,146.23,146.18,146.13,146.09,145.27,145.28,145.3,145.31,146.05,0,0.0,0,0.0,0.0,0.0,0.0,0.0
2019-06-28 05:00:00,146.1,146.1,145.29,146.02,146.24,146.23,146.18,146.16,146.13,145.3,145.31,146.03,146.05,146.09,0,0.0,0,0.0,0.0,0.0,0.0,0.0
2019-06-28 09:00:00,146.01,146.09,145.31,146.01,146.18,146.16,146.13,146.12,146.03,145.2,145.27,145.28,145.3,145.31,0,0.0,0,0.0,0.0,0.0,0.0,0.0
2019-06-28 13:00:00,146.01,146.12,145.27,146.11,146.18,146.16,146.13,146.12,146.03,145.2,145.27,145.28,145.3,145.31,0,0.0,0,0.0,0.0,0.0,0.0,0.0
2019-06-28 17:00:00,146.11,146.12,146.05,146.07,146.23,146.18,146.16,146.13,146.12,145.27,145.28,145.3,145.31,146.03,0,0.0,0,0.0,0.0,0.0,0.0,0.0
2019-06-30 21:00:00,145.22,145.26,145.14,145.23,146.03,145.31,145.3,145.28,145.27,145.08,145.1,145.12,145.14,145.2,0,0.0,0,0.0,0.0,0.0,0.0,0.0
2019-07-01 01:00:00,145.23,145.29,145.18,145.25,146.16,146.13,146.12,145.3,145.27,145.08,145.1,145.12,145.14,145.2,0,0.0,0,0.0,0.0,0.0,0.0,0.0
2019-07-01 05:00:00,145.26,146.0,145.15,145.31,146.13,146.12,146.12,145.3,145.27,145.08,145.1,145.12,145.14,145.2,0,0.0,0,0.0,0.0,0.0,0.0,0.0
2019-07-01 09:00:00,145.31,146.05,145.25,145.26,146.18,146.16,146.13,146.12,146.12,145.1,145.12,145.14,145.14,145.2,0,0.0,0,0.0,0.0,0.0,0.0,0.0
2019-07-01 13:00:00,145.27,146.11,145.12,145.14,146.18,146.16,146.13,146.12,146.12,145.1,145.12,145.14,145.14,145.2,0,0.0,0,0.0,0.0,0.0,0.0,0.0
2019-07-01 17:00:00,145.14,145.29,145.12,145.27,146.16,146.13,146.12,146.12,145.2,145.07,145.08,145.1,145.12,0.0,0,0.0,0,0.0,0.0,0.0,0.0,0.0
2019-07-01 21:00:00,145.29,146.1,145.26,146.02,146.18,146.16,146.13,146.12,146.12,145.1,145.12,145.14,145.14,145.2,0,0.0,0,0.0,0.0,0.0,0.0,0.0
2019-07-02 01:00:00,146.02,146.03,145.31,146.01,146.16,146.13,146.12,146.12,146.11,145.1,145.12,145.14,145.14,145.2,0,0.0,0,0.0,0.0,0.0,0.0,0.0
2019-07-02 05:00:00,146.01,146.07,145.29,146.04,146.16,146.13,146.12,146.12,146.11,145.12,145.12,145.14,145.14,145.2,0,0.0,0,0.0,0.0,0.0,0.0,0.0
2019-07-02 09:00:00,146.04,146.14,145.29,146.12,146.13,146.12,146.12,146.11,146.1,145.12,145.14,145.14,145.2,145.26,0,0.0,0,0.0,0.0,0.0,0.0,0.0
2019-07-02 13:00:00,146.12,146.27,146.03,146.25,146.24,146.23,146.18,146.16,146.13,145.14,145.2,145.26,146.1,146.11,0,0.0,0,0.0,0.0,0.0,0.0,0.0
2019-07-02 17:00:00,146.25,146.28,146.22,146.27,0.0,0.0,0.0,0.0,0.0,146.13,146.16,146.18,146.23,146.24,0,0.0,0,0.0,0.0,0.0,0.0,0.0
2019-07-02 21:00:00,146.27,147.05,146.27,147.05,0.0,0.0,0.0,0.0,0.0,146.13,146.16,146.18,146.23,146.24,0,0.0,0,0.0,0.0,0.0,0.0,0.0
2019-07-03 01:00:00,147.05,147.09,147.02,147.05,0.0,0.0,0.0,0.0,0.0,146.13,146.16,146.18,146.23,146.24,0,0.0,0,0.0,0.0,0.0,0.0,0.0
2019-07-03 05:00:00,147.06,147.15,147.06,147.09,0.0,0.0,0.0,0.0,0.0,146.16,146.18,146.22,146.23,146.24,0,0.0,0,0.0,0.0,0.0,0.0,0.0
2019-07-03 09:00:00,147.09,147.11,146.31,147.03,0.0,0.0,0.0,0.0,0.0,146.18,146.22,146.23,146.24,146.27,0,0.0,0,0.0,0.0,0.0,0.0,0.0
2019-07-03 13:00:00,147.03,147.17,146.3,147.11,0.0,0.0,0.0,0.0,0.0,146.18,146.22,146.23,146.24,146.27,0,0.0,0,0.0,0.0,0.0,0.0,0.0
2019-07-03 17:00:00,147.11,147.13,147.08,147.1,0.0,0.0,0.0,0.0,0.0,146.18,146.22,146.23,146.24,146.27,0,0.0,0,0.0,0.0,0.0,0.0,0.0
2019-07-03 21:00:00,147.1,147.12,147.08,147.11,0.0,0.0,0.0,0.0,0.0,146.18,146.22,146.23,146.24,146.27,0,0.0,0,0.0,0.0,0.0,0.0,0.0
2019-07-04 01:00:00,147.1,147.11,147.09,147.1,0.0,0.0,0.0,0.0,147.17,146.22,146.23,146.24,146.27,146.3,0,0.0,0,0.0,0.0,0.0,0.0,0.0
2019-07-04 05:00:00,147.1,147.14,147.09,147.13,0.0,0.0,0.0,147.17,147.13,146.22,146.23,146.24,146.27,146.3,0,0.0,0,0.0,0.0,0.0,0.0,0.0
2019-07-04 09:00:00,147.13,147.24,147.12,147.18,0.0,0.0,0.0,0.0,147.17,146.23,146.24,146.27,146.3,147.08,07/02/2019 17:00,146.75,0,0.0,146.75,145.75,144.75,0.0
2019-07-04 13:00:00,147.18,147.21,147.16,147.17,0.0,0.0,0.0,0.0,0.0,146.27,146.3,147.08,147.13,147.17,0,0.0,0,0.0,0.0,0.0,0.0,0.0
2019-07-04 21:00:00,147.17,147.2,147.14,147.18,0.0,0.0,0.0,0.0,0.0,146.27,146.3,147.08,147.09,147.13,0,0.0,0,0.0,0.0,0.0,0.0,0.0
2019-07-05 01:00:00,147.18,147.19,147.14,147.14,0.0,0.0,0.0,0.0,147.24,147.08,147.09,147.12,147.13,147.17,0,0.0,0,0.0,0.0,0.0,0.0,0.0
2019-07-05 05:00:00,147.14,147.19,147.04,147.05,0.0,0.0,147.24,147.21,147.17,146.3,147.08,147.09,147.12,147.13,0,0.0,0,0.0,0.0,0.0,0.0,0.0
2019-07-05 09:00:00,147.05,147.08,146.06,146.07,147.17,147.13,147.12,147.09,147.08,146.22,146.23,146.24,146.27,146.3,0,0.0,0,0.0,0.0,0.0,0.0,0.0
2019-07-05 13:00:00,146.07,146.09,145.05,145.23,146.13,146.12,146.12,146.11,146.1,145.14,145.2,145.26,145.29,146.03,0,0.0,0,0.0,0.0,0.0,0.0,0.0
2019-07-05 17:00:00,145.23,145.27,145.2,145.27,146.11,146.1,146.03,145.29,145.26,145.12,145.12,145.14,145.14,145.2,07/02/2019 17:00,146.75,0,0.0,146.75,145.75,144.75,0.0
2019-07-07 21:00:00,145.2,145.31,145.2,145.3,146.11,146.1,146.03,145.29,145.26,145.1,145.12,145.12,145.14,145.14,0,0.0,07/05/2019 17:00,146.75,146.75,147.75,148.75,0.0
2019-07-08 01:00:00,145.31,146.05,145.29,146.04,146.12,146.11,146.1,146.09,146.03,145.14,145.14,145.2,145.26,145.29,0,0.0,07/05/2019 17:00,146.75,146.75,147.75,148.75,0.0
2019-07-08 05:00:00,146.05,146.11,145.29,145.3,146.12,146.12,146.11,146.1,146.09,145.14,145.2,145.26,145.29,146.03,0,0.0,0,0.0,0.0,0.0,0.0,0.0
2019-07-08 09:00:00,145.3,146.08,145.25,146.03,146.12,146.12,146.11,146.1,146.09,145.14,145.2,145.2,145.26,145.29,0,0.0,0,0.0,0.0,0.0,0.0,0.0
2019-07-08 13:00:00,146.04,146.12,146.0,146.02,146.12,146.12,146.11,146.1,146.09,145.14,145.2,145.2,145.26,145.29,0,0.0,0,0.0,0.0,0.0,0.0,0.0
2019-07-08 17:00:00,146.02,146.07,145.23,145.26,146.12,146.12,146.11,146.1,146.09,145.14,145.2,145.2,145.26,145.29,0,0.0,0,0.0,0.0,0.0,0.0,0.0
2019-07-08 21:00:00,145.26,146.03,145.26,145.31,146.12,146.12,146.11,146.1,146.09,145.12,145.14,145.14,145.2,145.2,0,0.0,0,0.0,0.0,0.0,0.0,0.0
2019-07-09 01:00:00,145.31,146.02,145.28,146.01,146.12,146.12,146.11,146.1,146.09,145.14,145.14,145.2,145.2,145.26,0,0.0,0,0.0,0.0,0.0,0.0,0.0
2019-07-09 05:00:00,146.02,146.03,145.16,145.16,146.12,146.11,146.1,146.09,146.07,145.14,145.2,145.2,145.23,145.26,0,0.0,0,0.0,0.0,0.0,0.0,0.0
2019-07-09 09:00:00,145.17,145.27,145.15,145.25,146.1,146.09,146.07,145.23,145.2,145.1,145.12,145.12,145.14,145.14,07/08/2019 17:00,145.8125,0,0.0,145.8125,144.8125,143.8125,0.0
2019-07-09 09:00:00,145.17,145.27,145.15,145.25,146.1,146.09,146.07,145.23,145.2,145.1,145.12,145.12,145.14,145.14,07/08/2019 17:00,145.8125,0,0.0,145.8125,144.8125,143.8125,0.0
2019-07-09 13:00:00,145.25,145.31,145.14,145.21,146.12,146.11,146.1,146.09,146.07,145.12,145.14,145.14,145.2,145.23,0,0.0,0,0.0,0.0,0.0,0.0,0.0
2019-07-09 17:00:00,145.2,145.27,145.17,145.2,146.11,146.1,146.09,146.07,146.03,145.1,145.12,145.12,145.14,145.14,0,0.0,0,0.0,0.0,0.0,0.0,0.0
2019-07-09 21:00:00,145.21,145.23,145.07,145.08,146.11,146.1,146.09,146.07,146.03,145.12,145.12,145.14,145.14,145.2,0,0.0,0,0.0,0.0,0.0,0.0,0.0
2019-07-10 01:00:00,145.08,145.15,145.08,145.12,145.31,145.14,145.12,145.12,145.1,145.05,145.07,0.0,0.0,0.0,0,0.0,07/09/2019 17:00,145.8125,145.8125,146.8125,147.8125,0.0
2019-07-10 05:00:00,145.12,145.12,144.2,144.22,146.07,146.03,145.31,145.27,145.14,145.05,145.07,145.08,145.1,0.0,0,0.0,0,0.0,0.0,0.0,0.0,0.0
2019-07-10 09:00:00,144.22,145.3,144.19,145.25,145.12,145.12,145.08,145.07,145.05,0.0,0.0,0.0,0.0,0.0,0,0.0,07/09/2019 17:00,145.8125,145.8125,146.8125,147.8125,0.0
2019-07-10 09:00:00,144.22,145.3,144.19,145.25,145.12,145.12,145.08,145.07,145.05,0.0,0.0,0.0,0.0,0.0,0,0.0,07/09/2019 17:00,145.8125,145.8125,146.8125,147.8125,0.0
2019-07-10 09:00:00,144.22,145.3,144.19,145.25,145.12,145.12,145.08,145.07,145.05,0.0,0.0,0.0,0.0,0.0,0,0.0,07/09/2019 17:00,145.8125,145.8125,146.8125,147.8125,0.0
2019-07-10 09:00:00,144.22,145.3,144.19,145.25,145.12,145.12,145.08,145.07,145.05,0.0,0.0,0.0,0.0,0.0,0,0.0,07/09/2019 17:00,145.8125,145.8125,146.8125,147.8125,0.0
2019-07-10 09:00:00,144.22,145.3,144.19,145.25,145.12,145.12,145.08,145.07,145.05,0.0,0.0,0.0,0.0,0.0,0,0.0,07/09/2019 17:00,145.8125,145.8125,146.8125,147.8125,0.0
2019-07-10 13:00:00,145.26,145.29,145.07,145.16,146.09,146.07,146.03,145.31,145.27,145.08,145.12,145.12,145.14,145.23,0,0.0,07/09/2019 17:00,145.8125,145.8125,146.8125,147.8125,0.0
2019-07-10 17:00:00,145.15,145.16,145.04,145.07,146.07,146.03,145.31,145.27,145.23,145.07,145.08,145.12,145.12,145.14,0,0.0,0,0.0,0.0,0.0,0.0,0.0
2019-07-10 21:00:00,145.08,145.23,145.08,145.22,146.03,145.31,145.3,145.27,145.23,144.19,145.05,145.07,0.0,0.0,0,0.0,0,0.0,0.0,0.0,0.0,0.0
2019-07-11 01:00:00,145.22,145.25,145.18,145.2,145.31,145.3,145.29,145.27,145.23,144.19,145.05,145.07,0.0,0.0,0,0.0,0,0.0,0.0,0.0,0.0,0.0
2019-07-11 05:00:00,145.2,145.23,145.12,145.16,145.31,145.3,145.29,145.27,145.23,144.19,145.04,145.05,145.07,0.0,0,0.0,0,0.0,0.0,0.0,0.0,0.0
2019-07-11 09:00:00,145.17,145.17,144.22,144.28,145.31,145.3,145.29,145.27,145.23,144.19,145.04,145.05,145.07,145.08,0,0.0,0,0.0,0.0,0.0,0.0,0.0
2019-07-11 13:00:00,144.28,145.03,144.17,144.17,145.27,145.25,145.23,145.08,145.04,144.19,0.0,0.0,0.0,0.0,0,0.0,0,0.0,0.0,0.0,0.0,0.0
2019-07-11 17:00:00,144.18,144.19,143.21,143.27,145.23,145.23,145.08,145.04,144.19,0.0,0.0,0.0,0.0,0.0,0,0.0,0,0.0,0.0,0.0,0.0,0.0
2019-07-11 21:00:00,143.31,144.04,143.28,143.28,145.23,145.17,145.08,145.04,144.19,0.0,0.0,0.0,0.0,0.0,0,0.0,0,0.0,0.0,0.0,0.0,0.0
2019-07-12 01:00:00,143.28,144.05,143.28,144.01,145.17,145.08,145.04,145.03,144.19,0.0,0.0,0.0,0.0,0.0,0,0.0,0,0.0,0.0,0.0,0.0,0.0
2019-07-12 05:00:00,144.01,144.09,143.28,143.31,145.08,145.04,145.03,144.19,144.19,143.21,0.0,0.0,0.0,0.0,0,0.0,0,0.0,0.0,0.0,0.0,0.0
2019-07-12 09:00:00,143.31,144.06,143.18,143.28,145.08,145.04,145.03,144.19,144.19,143.21,0.0,0.0,0.0,0.0,0,0.0,0,0.0,0.0,0.0,0.0,0.0
2019-07-12 13:00:00,143.28,144.07,143.21,144.06,145.08,145.04,145.03,144.19,144.19,143.21,0.0,0.0,0.0,0.0,0,0.0,0,0.0,0.0,0.0,0.0,0.0
2019-07-12 17:00:00,144.06,144.14,144.01,144.01,145.04,145.03,144.19,144.19,144.09,143.21,0.0,0.0,0.0,0.0,0,0.0,0,0.0,0.0,0.0,0.0,0.0
2019-07-14 21:00:00,144.05,144.09,144.01,144.04,145.04,145.03,144.19,144.19,144.09,143.18,143.21,0.0,0.0,0.0,0,0.0,0,0.0,0.0,0.0,0.0,0.0
2019-07-15 01:00:00,144.04,144.04,143.26,143.28,145.04,145.03,144.19,144.19,144.09,143.18,143.21,143.21,0.0,0.0,0,0.0,0,0.0,0.0,0.0,0.0,0.0
2019-07-15 05:00:00,143.29,144.01,143.24,143.31,145.03,144.19,144.19,144.14,144.09,143.18,143.21,143.21,0.0,0.0,0,0.0,0,0.0,0.0,0.0,0.0,0.0
2019-07-15 09:00:00,144.0,144.14,143.29,144.14,144.19,144.19,144.14,144.09,144.09,143.18,143.21,143.21,0.0,0.0,0,0.0,07/11/2019 17:00,145.21875,145.21875,146.21875,147.21875,0.0
2019-07-15 09:00:00,144.0,144.14,143.29,144.14,144.19,144.19,144.14,144.09,144.09,143.18,143.21,143.21,0.0,0.0,0,0.0,07/11/2019 17:00,145.21875,145.21875,146.21875,147.21875,0.0
2019-07-15 13:00:00,144.14,144.24,144.1,144.22,145.08,145.04,145.03,144.19,144.19,143.18,143.21,143.21,144.09,144.09,0,0.0,07/11/2019 17:00,145.21875,145.21875,146.21875,147.21875,0.0
2019-07-15 13:00:00,144.14,144.24,144.1,144.22,145.08,145.04,145.03,144.19,144.19,143.18,143.21,143.21,144.09,144.09,0,0.0,07/11/2019 17:00,145.21875,145.21875,146.21875,147.21875,0.0
2019-07-15 13:00:00,144.14,144.24,144.1,144.22,145.08,145.04,145.03,144.19,144.19,143.18,143.21,143.21,144.09,144.09,0,0.0,07/11/2019 17:00,145.21875,145.21875,146.21875,147.21875,0.0
2019-07-15 17:00:00,144.23,144.29,144.21,144.26,145.23,145.17,145.08,145.04,145.03,144.09,144.09,144.14,144.19,144.19,0,0.0,0,0.0,0.0,0.0,0.0,0.0
2019-07-15 21:00:00,144.27,144.29,144.26,144.27,145.23,145.17,145.08,145.04,145.03,144.09,144.09,144.14,144.19,144.19,0,0.0,0,0.0,0.0,0.0,0.0,0.0
2019-07-16 01:00:00,144.27,144.29,144.26,144.27,145.23,145.17,145.08,145.04,145.03,144.09,144.1,144.14,144.19,144.19,0,0.0,0,0.0,0.0,0.0,0.0,0.0
2019-07-16 05:00:00,144.27,144.28,144.18,144.25,145.23,145.17,145.08,145.04,145.03,144.1,144.14,144.19,144.19,144.21,0,0.0,0,0.0,0.0,0.0,0.0,0.0
2019-07-16 09:00:00,144.25,144.3,144.0,144.02,145.23,145.17,145.08,145.04,145.03,144.1,144.14,144.19,144.19,144.21,0,0.0,0,0.0,0.0,0.0,0.0,0.0
2019-07-16 13:00:00,144.01,144.09,143.27,144.07,144.19,144.14,144.1,144.09,144.09,143.18,143.21,143.21,143.24,143.29,0,0.0,0,0.0,0.0,0.0,0.0,0.0
2019-07-16 17:00:00,144.08,144.21,144.05,144.21,144.19,144.14,144.1,144.09,144.09,143.18,143.21,143.21,143.24,143.29,0,0.0,07/11/2019 17:00,145.21875,145.21875,146.21875,147.21875,0.0
2019-07-16 21:00:00,144.2,144.22,144.17,144.17,145.08,145.04,145.03,144.3,144.21,143.21,143.21,143.24,143.29,144.1,0,0.0,0,0.0,0.0,0.0,0.0,0.0
2019-07-17 01:00:00,144.17,144.24,144.17,144.2,145.08,145.04,145.03,144.3,144.21,143.21,143.24,143.27,143.29,144.1,0,0.0,0,0.0,0.0,0.0,0.0,0.0
2019-07-17 05:00:00,144.21,144.27,144.15,144.21,145.17,145.08,145.04,145.03,144.3,143.24,143.27,143.29,144.05,144.1,0,0.0,0,0.0,0.0,0.0,0.0,0.0
2019-07-17 09:00:00,144.21,145.02,144.17,144.27,145.17,145.08,145.04,145.03,144.3,143.24,143.27,143.29,144.05,144.1,0,0.0,07/11/2019 17:00,145.21875,145.21875,146.21875,147.21875,0.0
2019-07-17 13:00:00,144.27,145.09,144.24,145.08,145.17,145.08,145.04,145.03,144.3,143.27,143.29,144.05,144.1,144.21,0,0.0,07/11/2019 17:00,145.21875,145.21875,146.21875,147.21875,0.0
2019-07-17 13:00:00,144.27,145.09,144.24,145.08,145.17,145.08,145.04,145.03,144.3,143.27,143.29,144.05,144.1,144.21,0,0.0,07/11/2019 17:00,145.21875,145.21875,146.21875,147.21875,0.0
2019-07-17 13:00:00,144.27,145.09,144.24,145.08,145.17,145.08,145.04,145.03,144.3,143.27,143.29,144.05,144.1,144.21,0,0.0,07/11/2019 17:00,145.21875,145.21875,146.21875,147.21875,0.0
2019-07-17 17:00:00,145.08,145.25,145.08,145.24,145.27,145.25,145.23,145.23,145.17,144.15,144.21,144.3,145.03,145.04,0,0.0,07/11/2019 17:00,145.21875,145.21875,146.21875,147.21875,0.0
2019-07-17 17:00:00,145.08,145.25,145.08,145.24,145.27,145.25,145.23,145.23,145.17,144.15,144.21,144.3,145.03,145.04,0,0.0,07/11/2019 17:00,145.21875,145.21875,146.21875,147.21875,0.0
2019-07-17 17:00:00,145.08,145.25,145.08,145.24,145.27,145.25,145.23,145.23,145.17,144.15,144.21,144.3,145.03,145.04,0,0.0,07/11/2019 17:00,145.21875,145.21875,146.21875,147.21875,0.0
2019-07-17 21:00:00,145.22,145.25,145.16,145.2,145.3,145.29,145.27,145.25,145.23,144.3,145.03,145.04,145.08,145.17,0,0.0,0,0.0,0.0,0.0,0.0,0.0
2019-07-18 01:00:00,145.2,145.27,145.2,145.24,145.3,145.29,145.27,145.25,145.23,144.3,145.03,145.04,145.08,145.17,0,0.0,0,0.0,0.0,0.0,0.0,0.0
2019-07-18 05:00:00,145.25,145.26,145.16,145.19,146.03,145.31,145.3,145.29,145.27,145.03,145.04,145.08,145.08,145.17,0,0.0,0,0.0,0.0,0.0,0.0,0.0
2019-07-18 09:00:00,145.19,145.21,144.3,145.01,145.31,145.3,145.29,145.27,145.25,145.03,145.04,145.08,145.08,145.17,0,0.0,0,0.0,0.0,0.0,0.0,0.0
2019-07-18 13:00:00,145.0,145.11,144.31,145.05,145.27,145.25,145.17,145.08,145.03,144.15,144.17,144.21,144.24,144.3,0,0.0,0,0.0,0.0,0.0,0.0,0.0
2019-07-18 17:00:00,145.05,145.31,145.03,145.25,145.27,145.26,145.25,145.17,145.08,144.15,144.17,144.21,144.24,144.3,07/17/2019 17:00,145.21875,0,0.0,145.21875,144.21875,143.21875,0.0
2019-07-18 21:00:00,145.25,145.28,145.08,145.2,145.3,145.29,145.27,145.27,145.26,144.21,144.24,144.3,144.3,145.08,0,0.0,0,0.0,0.0,0.0,0.0,0.0
2019-07-19 01:00:00,145.2,145.25,145.19,145.19,145.29,145.27,145.27,145.26,145.25,144.24,144.3,144.3,144.31,145.08,0,0.0,0,0.0,0.0,0.0,0.0,0.0
2019-07-19 05:00:00,145.19,145.22,145.12,145.19,145.29,145.27,145.27,145.26,145.25,144.3,144.3,144.31,145.03,145.08,0,0.0,0,0.0,0.0,0.0,0.0,0.0
2019-07-19 09:00:00,145.18,145.2,145.11,145.15,145.28,145.27,145.27,145.26,145.25,144.3,144.31,145.03,145.08,145.08,0,0.0,0,0.0,0.0,0.0,0.0,0.0
2019-07-19 13:00:00,145.15,145.2,145.08,145.16,145.27,145.27,145.26,145.25,145.25,144.3,144.31,145.03,145.08,145.08,0,0.0,0,0.0,0.0,0.0,0.0,0.0
2019-07-19 17:00:00,145.16,145.19,145.07,145.11,145.27,145.26,145.25,145.25,145.22,144.3,144.31,145.03,145.08,145.08,0,0.0,0,0.0,0.0,0.0,0.0,0.0
2019-07-21 21:00:00,145.11,145.14,145.08,145.13,145.27,145.26,145.25,145.25,145.22,144.3,144.31,145.03,145.08,145.08,0,0.0,0,0.0,0.0,0.0,0.0,0.0
2019-07-22 01:00:00,145.12,145.14,145.06,145.14,145.26,145.25,145.25,145.22,145.2,144.3,144.31,145.03,145.08,145.08,0,0.0,0,0.0,0.0,0.0,0.0,0.0
2019-07-22 05:00:00,145.13,145.23,145.06,145.22,145.25,145.25,145.22,145.2,145.19,144.3,144.31,145.03,145.08,145.08,07/17/2019 17:00,145.21875,0,0.0,145.21875,144.21875,143.21875,0.0
2019-07-22 05:00:00,145.13,145.23,145.06,145.22,145.25,145.25,145.22,145.2,145.19,144.3,144.31,145.03,145.08,145.08,07/17/2019 17:00,145.21875,0,0.0,145.21875,144.21875,143.21875,0.0
2019-07-22 09:00:00,145.21,146.01,145.19,145.3,145.27,145.26,145.25,145.25,145.22,145.03,145.08,145.08,145.19,145.2,07/17/2019 17:00,145.21875,0,0.0,145.21875,144.21875,143.21875,0.0
2019-07-22 09:00:00,145.21,146.01,145.19,145.3,145.27,145.26,145.25,145.25,145.22,145.03,145.08,145.08,145.19,145.2,07/17/2019 17:00,145.21875,0,0.0,145.21875,144.21875,143.21875,0.0
2019-07-22 09:00:00,145.21,146.01,145.19,145.3,145.27,145.26,145.25,145.25,145.22,145.03,145.08,145.08,145.19,145.2,07/17/2019 17:00,145.21875,0,0.0,145.21875,144.21875,143.21875,0.0
2019-07-22 09:00:00,145.21,146.01,145.19,145.3,145.27,145.26,145.25,145.25,145.22,145.03,145.08,145.08,145.19,145.2,07/17/2019 17:00,145.21875,0,0.0,145.21875,144.21875,143.21875,0.0
2019-07-22 09:00:00,145.21,146.01,145.19,145.3,145.27,145.26,145.25,145.25,145.22,145.03,145.08,145.08,145.19,145.2,07/17/2019 17:00,145.21875,0,0.0,145.21875,144.21875,143.21875,0.0
2019-07-22 09:00:00,145.21,146.01,145.19,145.3,145.27,145.26,145.25,145.25,145.22,145.03,145.08,145.08,145.19,145.2,07/17/2019 17:00,145.21875,0,0.0,145.21875,144.21875,143.21875,0.0
2019-07-22 13:00:00,145.31,146.01,145.24,145.25,146.11,146.1,146.09,146.07,146.03,145.27,145.27,145.28,145.29,145.3,0,0.0,0,0.0,0.0,0.0,0.0,0.0
2019-07-22 17:00:00,145.26,145.26,145.14,145.17,145.3,145.29,145.28,145.27,145.27,145.19,145.2,145.22,145.25,145.25,0,0.0,0,0.0,0.0,0.0,0.0,0.0
2019-07-22 21:00:00,145.18,145.19,145.12,145.14,145.25,145.25,145.22,145.2,145.19,144.31,145.03,145.06,145.08,145.08,0,0.0,0,0.0,0.0,0.0,0.0,0.0
2019-07-23 01:00:00,145.14,145.14,145.1,145.13,145.25,145.25,145.22,145.2,145.19,144.31,145.03,145.06,145.08,145.08,0,0.0,0,0.0,0.0,0.0,0.0,0.0
2019-07-23 05:00:00,145.13,145.16,145.09,145.1,145.25,145.25,145.22,145.2,145.19,144.31,145.03,145.06,145.08,145.08,0,0.0,0,0.0,0.0,0.0,0.0,0.0
2019-07-23 09:00:00,145.1,145.21,145.1,145.16,145.25,145.22,145.2,145.19,145.19,144.31,145.03,145.06,145.08,145.08,0,0.0,0,0.0,0.0,0.0,0.0,0.0
2019-07-23 13:00:00,145.16,145.17,144.27,145.03,145.25,145.22,145.2,145.19,145.19,144.31,145.03,145.06,145.08,145.08,0,0.0,0,0.0,0.0,0.0,0.0,0.0
2019-07-23 17:00:00,145.02,145.06,144.23,144.25,145.19,145.19,145.08,145.06,145.03,144.21,144.24,144.3,144.3,144.31,0,0.0,0,0.0,0.0,0.0,0.0,0.0
2019-07-23 21:00:00,144.22,144.3,144.22,144.3,145.03,144.31,144.3,144.3,144.24,144.05,144.1,144.15,144.17,144.21,0,0.0,0,0.0,0.0,0.0,0.0,0.0
2019-07-24 01:00:00,144.29,144.3,144.26,144.29,145.06,145.03,144.31,144.3,144.3,144.1,144.15,144.17,144.21,144.24,0,0.0,0,0.0,0.0,0.0,0.0,0.0
2019-07-24 05:00:00,144.29,145.14,144.25,145.08,145.06,145.03,144.31,144.3,144.3,144.1,144.15,144.17,144.21,144.24,0,0.0,07/23/2019 17:00,145.21875,145.21875,146.21875,147.21875,0.0
2019-07-24 05:00:00,144.29,145.14,144.25,145.08,145.06,145.03,144.31,144.3,144.3,144.1,144.15,144.17,144.21,144.24,0,0.0,07/23/2019 17:00,145.21875,145.21875,146.21875,147.21875,0.0
2019-07-24 05:00:00,144.29,145.14,144.25,145.08,145.06,145.03,144.31,144.3,144.3,144.1,144.15,144.17,144.21,144.24,0,0.0,07/23/2019 17:00,145.21875,145.21875,146.21875,147.21875,0.0
2019-07-24 05:00:00,144.29,145.14,144.25,145.08,145.06,145.03,144.31,144.3,144.3,144.1,144.15,144.17,144.21,144.24,0,0.0,07/23/2019 17:00,145.21875,145.21875,146.21875,147.21875,0.0
2019-07-24 05:00:00,144.29,145.14,144.25,145.08,145.06,145.03,144.31,144.3,144.3,144.1,144.15,144.17,144.21,144.24,0,0.0,07/23/2019 17:00,145.21875,145.21875,146.21875,147.21875,0.0
2019-07-24 09:00:00,145.08,145.17,145.05,145.15,145.21,145.2,145.19,145.19,145.17,144.3,144.31,145.03,145.06,145.06,0,0.0,07/23/2019 17:00,145.21875,145.21875,146.21875,147.21875,0.0
2019-07-24 13:00:00,145.15,145.2,145.1,145.15,145.21,145.2,145.19,145.19,145.17,144.31,145.03,145.06,145.06,145.08,0,0.0,0,0.0,0.0,0.0,0.0,0.0
2019-07-24 17:00:00,145.15,145.2,145.09,145.19,145.21,145.2,145.19,145.19,145.17,144.31,145.03,145.06,145.06,145.08,0,0.0,07/23/2019 17:00,145.21875,145.21875,146.21875,147.21875,0.0
2019-07-24 21:00:00,145.19,145.2,145.15,145.16,145.25,145.25,145.22,145.21,145.2,145.05,145.06,145.06,145.08,145.17,0,0.0,0,0.0,0.0,0.0,0.0,0.0
2019-07-25 01:00:00,145.16,145.19,145.15,145.17,145.21,145.2,145.19,145.19,145.17,145.03,145.05,145.06,145.06,145.08,0,0.0,0,0.0,0.0,0.0,0.0,0.0
2019-07-25 05:00:00,145.18,146.0,145.16,145.26,145.22,145.21,145.2,145.19,145.19,145.06,145.06,145.08,145.09,145.17,0,0.0,07/23/2019 17:00,145.21875,145.21875,146.21875,147.21875,0.0
2019-07-25 05:00:00,145.18,146.0,145.16,145.26,145.22,145.21,145.2,145.19,145.19,145.06,145.06,145.08,145.09,145.17,0,0.0,07/23/2019 17:00,145.21875,145.21875,146.21875,147.21875,0.0
2019-07-25 05:00:00,145.18,146.0,145.16,145.26,145.22,145.21,145.2,145.19,145.19,145.06,145.06,145.08,145.09,145.17,0,0.0,07/23/2019 17:00,145.21875,145.21875,146.21875,147.21875,0.0
2019-07-25 09:00:00,145.26,146.08,145.12,145.13,145.3,145.29,145.28,145.27,145.27,145.06,145.08,145.09,145.19,145.21,0,0.0,0,0.0,0.0,0.0,0.0,0.0
2019-07-25 13:00:00,145.14,145.14,144.13,144.29,145.27,145.26,145.26,145.21,145.19,145.05,145.06,145.06,145.08,145.09,0,0.0,0,0.0,0.0,0.0,0.0,0.0
2019-07-25 17:00:00,144.29,145.03,144.24,144.28,145.21,145.19,145.09,145.06,145.05,144.17,144.21,144.22,144.24,144.25,0,0.0,0,0.0,0.0,0.0,0.0,0.0
2019-07-25 21:00:00,144.3,145.05,144.27,145.01,145.21,145.19,145.09,145.06,145.05,144.17,144.21,144.22,144.24,144.25,0,0.0,0,0.0,0.0,0.0,0.0,0.0
2019-07-26 01:00:00,145.02,145.06,145.02,145.03,145.19,145.14,145.09,145.06,145.05,144.17,144.21,144.22,144.24,144.25,0,0.0,0,0.0,0.0,0.0,0.0,0.0
2019-07-26 05:00:00,145.03,145.07,144.28,145.01,145.19,145.14,145.09,145.06,145.05,144.21,144.22,144.24,144.24,144.25,0,0.0,0,0.0,0.0,0.0,0.0,0.0
2019-07-26 09:00:00,145.0,145.08,144.22,145.02,145.19,145.14,145.09,145.06,145.05,144.22,144.24,144.24,144.25,144.27,0,0.0,0,0.0,0.0,0.0,0.0,0.0
2019-07-26 13:00:00,145.02,145.15,144.3,145.01,145.19,145.14,145.09,145.06,145.05,144.22,144.24,144.24,144.25,144.27,0,0.0,0,0.0,0.0,0.0,0.0,0.0
2019-07-26 17:00:00,145.01,145.07,145.0,145.06,145.19,145.14,145.09,145.06,145.05,144.22,144.24,144.24,144.25,144.27,0,0.0,07/23/2019 17:00,145.21875,145.21875,146.21875,147.21875,0.0
2019-07-28 21:00:00,145.06,145.12,145.04,145.1,145.26,145.21,145.19,145.14,145.09,144.24,144.24,144.25,144.27,145.05,0,0.0,07/23/2019 17:00,145.21875,145.21875,146.21875,147.21875,0.0
2019-07-29 01:00:00,145.11,145.12,145.08,145.08,145.26,145.21,145.19,145.15,145.14,144.25,144.27,144.3,145.05,145.09,0,0.0,0,0.0,0.0,0.0,0.0,0.0
2019-07-29 05:00:00,145.08,145.16,145.06,145.13,145.26,145.21,145.19,145.15,145.14,144.25,144.27,144.3,145.0,145.05,0,0.0,0,0.0,0.0,0.0,0.0,0.0
2019-07-29 09:00:00,145.13,145.21,145.1,145.19,145.26,145.21,145.19,145.15,145.14,144.27,144.3,145.0,145.04,145.05,0,0.0,07/23/2019 17:00,145.21875,145.21875,146.21875,147.21875,0.0
2019-07-29 09:00:00,145.13,145.21,145.1,145.19,145.26,145.21,145.19,145.15,145.14,144.27,144.3,145.0,145.04,145.05,0,0.0,07/23/2019 17:00,145.21875,145.21875,146.21875,147.21875,0.0
2019-07-29 13:00:00,145.19,145.2,145.05,145.15,145.27,145.27,145.26,145.26,145.21,145.0,145.04,145.05,145.14,145.15,0,0.0,0,0.0,0.0,0.0,0.0,0.0
2019-07-29 17:00:00,145.15,145.19,145.07,145.09,145.27,145.26,145.26,145.21,145.19,144.3,145.0,145.04,145.05,145.14,0,0.0,0,0.0,0.0,0.0,0.0,0.0
2019-07-29 21:00:00,145.1,145.13,145.09,145.1,145.21,145.21,145.19,145.15,145.14,144.27,144.3,145.0,145.04,145.05,0,0.0,0,0.0,0.0,0.0,0.0,0.0
2019-07-30 01:00:00,145.11,145.12,145.09,145.11,145.21,145.2,145.19,145.15,145.14,144.3,145.0,145.04,145.05,145.05,0,0.0,0,0.0,0.0,0.0,0.0,0.0
2019-07-30 05:00:00,145.1,145.18,145.1,145.17,145.2,145.19,145.19,145.15,145.14,145.0,145.04,145.05,145.05,145.07,0,0.0,0,0.0,0.0,0.0,0.0,0.0
2019-07-30 09:00:00,145.17,145.25,145.12,145.15,145.21,145.21,145.2,145.19,145.19,145.0,145.04,145.05,145.05,145.07,0,0.0,0,0.0,0.0,0.0,0.0,0.0
2019-07-30 13:00:00,145.15,145.22,145.04,145.09,145.21,145.21,145.2,145.19,145.19,145.04,145.05,145.05,145.07,145.09,0,0.0,0,0.0,0.0,0.0,0.0,0.0
2019-07-30 17:00:00,145.08,145.17,145.07,145.14,145.21,145.2,145.19,145.19,145.09,145.0,145.04,145.05,145.05,145.07,0,0.0,0,0.0,0.0,0.0,0.0,0.0
2019-07-30 21:00:00,145.13,145.16,145.13,145.15,145.21,145.21,145.2,145.19,145.19,145.04,145.05,145.05,145.07,145.09,0,0.0,0,0.0,0.0,0.0,0.0,0.0
2019-07-31 01:00:00,145.14,145.19,145.13,145.15,145.21,145.21,145.2,145.19,145.19,145.04,145.05,145.05,145.07,145.09,0,0.0,0,0.0,0.0,0.0,0.0,0.0
2019-07-31 05:00:00,145.15,145.21,145.15,145.18,145.21,145.21,145.2,145.19,145.19,145.05,145.05,145.07,145.07,145.09,0,0.0,0,0.0,0.0,0.0,0.0,0.0
2019-07-31 09:00:00,145.18,145.24,145.12,145.18,145.21,145.21,145.2,145.19,145.19,145.05,145.05,145.07,145.07,145.09,0,0.0,0,0.0,0.0,0.0,0.0,0.0
2019-07-31 13:00:00,145.18,146.0,145.1,145.31,145.21,145.21,145.2,145.19,145.19,145.05,145.05,145.07,145.07,145.09,0,0.0,07/23/2019 17:00,145.21875,145.21875,146.21875,147.21875,0.0
2019-07-31 13:00:00,145.18,146.0,145.1,145.31,145.21,145.21,145.2,145.19,145.19,145.05,145.05,145.07,145.07,145.09,0,0.0,07/23/2019 17:00,145.21875,145.21875,146.21875,147.21875,0.0
2019-07-31 13:00:00,145.18,146.0,145.1,145.31,145.21,145.21,145.2,145.19,145.19,145.05,145.05,145.07,145.07,145.09,0,0.0,07/23/2019 17:00,145.21875,145.21875,146.21875,147.21875,0.0
2019-07-31 13:00:00,145.18,146.0,145.1,145.31,145.21,145.21,145.2,145.19,145.19,145.05,145.05,145.07,145.07,145.09,0,0.0,07/23/2019 17:00,145.21875,145.21875,146.21875,147.21875,0.0
2019-07-31 13:00:00,145.18,146.0,145.1,145.31,145.21,145.21,145.2,145.19,145.19,145.05,145.05,145.07,145.07,145.09,0,0.0,07/23/2019 17:00,145.21875,145.21875,146.21875,147.21875,0.0
2019-07-31 13:00:00,145.18,146.0,145.1,145.31,145.21,145.21,145.2,145.19,145.19,145.05,145.05,145.07,145.07,145.09,0,0.0,07/23/2019 17:00,145.21875,145.21875,146.21875,147.21875,0.0
2019-07-31 13:00:00,145.18,146.0,145.1,145.31,145.21,145.21,145.2,145.19,145.19,145.05,145.05,145.07,145.07,145.09,0,0.0,07/23/2019 17:00,145.21875,145.21875,146.21875,147.21875,0.0
2019-07-31 13:00:00,145.18,146.0,145.1,145.31,145.21,145.21,145.2,145.19,145.19,145.05,145.05,145.07,145.07,145.09,0,0.0,07/23/2019 17:00,145.21875,145.21875,146.21875,147.21875,0.0
2019-07-31 17:00:00,145.31,146.19,145.18,146.12,146.09,146.08,146.07,146.03,146.01,145.21,145.22,145.25,145.26,145.3,0,0.0,07/23/2019 17:00,145.21875,145.21875,146.21875,147.21875,0.0
2019-07-31 17:00:00,145.31,146.19,145.18,146.12,146.09,146.08,146.07,146.03,146.01,145.21,145.22,145.25,145.26,145.3,0,0.0,07/23/2019 17:00,145.21875,145.21875,146.21875,147.21875,0.0
2019-07-31 17:00:00,145.31,146.19,145.18,146.12,146.09,146.08,146.07,146.03,146.01,145.21,145.22,145.25,145.26,145.3,0,0.0,07/23/2019 17:00,145.21875,145.21875,146.21875,147.21875,0.0
2019-07-31 17:00:00,145.31,146.19,145.18,146.12,146.09,146.08,146.07,146.03,146.01,145.21,145.22,145.25,145.26,145.3,0,0.0,07/23/2019 17:00,145.21875,145.21875,146.21875,147.21875,0.0
2019-07-31 17:00:00,145.31,146.19,145.18,146.12,146.09,146.08,146.07,146.03,146.01,145.21,145.22,145.25,145.26,145.3,0,0.0,07/23/2019 17:00,145.21875,145.21875,146.21875,147.21875,0.0
2019-07-31 17:00:00,145.31,146.19,145.18,146.12,146.09,146.08,146.07,146.03,146.01,145.21,145.22,145.25,145.26,145.3,0,0.0,07/23/2019 17:00,145.21875,145.21875,146.21875,147.21875,0.0
2019-07-31 21:00:00,146.11,146.17,145.27,146.0,146.16,146.13,146.12,146.12,146.12,146.01,146.03,146.07,146.08,146.09,07/31/2019 17:00,146.09375,0,0.0,146.09375,145.09375,144.09375,0.0
2019-08-01 01:00:00,146.0,146.07,145.31,146.06,146.09,146.08,146.07,146.03,146.01,145.25,145.26,145.3,145.31,145.31,0,0.0,0,0.0,0.0,0.0,0.0,0.0
2019-08-01 05:00:00,146.05,146.05,145.21,145.22,146.12,146.12,146.09,146.08,146.07,145.25,145.26,145.3,145.31,145.31,0,0.0,0,0.0,0.0,0.0,0.0,0.0
2019-08-01 09:00:00,145.22,146.25,145.21,146.23,145.31,145.31,145.3,145.26,145.25,145.1,145.18,145.19,145.2,145.21,07/31/2019 17:00,146.09375,0,0.0,146.09375,145.09375,144.09375,0.0
2019-08-01 09:00:00,145.22,146.25,145.21,146.23,145.31,145.31,145.3,145.26,145.25,145.1,145.18,145.19,145.2,145.21,07/31/2019 17:00,146.09375,0,0.0,146.09375,145.09375,144.09375,0.0
2019-08-01 09:00:00,145.22,146.25,145.21,146.23,145.31,145.31,145.3,145.26,145.25,145.1,145.18,145.19,145.2,145.21,07/31/2019 17:00,146.09375,0,0.0,146.09375,145.09375,144.09375,0.0
2019-08-01 09:00:00,145.22,146.25,145.21,146.23,145.31,145.31,145.3,145.26,145.25,145.1,145.18,145.19,145.2,145.21,07/31/2019 17:00,146.09375,0,0.0,146.09375,145.09375,144.09375,0.0
2019-08-01 13:00:00,146.23,147.22,146.21,147.17,147.08,147.08,146.3,146.27,146.24,145.22,146.12,146.17,146.19,146.22,07/31/2019 17:00,146.09375,0,0.0,146.09375,145.09375,144.09375,0.0
2019-08-01 13:00:00,146.23,147.22,146.21,147.17,147.08,147.08,146.3,146.27,146.24,145.22,146.12,146.17,146.19,146.22,07/31/2019 17:00,146.09375,0,0.0,146.09375,145.09375,144.09375,0.0
2019-08-01 13:00:00,146.23,147.22,146.21,147.17,147.08,147.08,146.3,146.27,146.24,145.22,146.12,146.17,146.19,146.22,07/31/2019 17:00,146.09375,0,0.0,146.09375,145.09375,144.09375,0.0
2019-08-01 13:00:00,146.23,147.22,146.21,147.17,147.08,147.08,146.3,146.27,146.24,145.22,146.12,146.17,146.19,146.22,07/31/2019 17:00,146.09375,0,0.0,146.09375,145.09375,144.09375,0.0
2019-08-01 13:00:00,146.23,147.22,146.21,147.17,147.08,147.08,146.3,146.27,146.24,145.22,146.12,146.17,146.19,146.22,07/31/2019 17:00,146.09375,0,0.0,146.09375,145.09375,144.09375,0.0
2019-08-01 13:00:00,146.23,147.22,146.21,147.17,147.08,147.08,146.3,146.27,146.24,145.22,146.12,146.17,146.19,146.22,07/31/2019 17:00,146.09375,0,0.0,146.09375,145.09375,144.09375,0.0
2019-08-01 17:00:00,147.17,148.26,147.14,148.11,0.0,147.24,147.21,147.2,147.19,146.3,147.08,147.08,147.09,147.12,07/31/2019 17:00,146.09375,0,0.0,146.09375,145.09375,144.09375,0.0
2019-08-01 17:00:00,147.17,148.26,147.14,148.11,0.0,147.24,147.21,147.2,147.19,146.3,147.08,147.08,147.09,147.12,07/31/2019 17:00,146.09375,0,0.0,146.09375,145.09375,144.09375,0.0
2019-08-01 17:00:00,147.17,148.26,147.14,148.11,0.0,147.24,147.21,147.2,147.19,146.3,147.08,147.08,147.09,147.12,07/31/2019 17:00,146.09375,0,0.0,146.09375,145.09375,144.09375,0.0
2019-08-01 21:00:00,148.03,148.21,148.01,148.21,0.0,0.0,0.0,0.0,0.0,147.12,147.19,147.2,147.21,147.24,0,0.0,0,0.0,0.0,0.0,0.0,0.0
2019-08-02 01:00:00,148.21,148.26,148.15,148.2,0.0,0.0,0.0,0.0,0.0,147.12,147.19,147.2,147.21,147.24,0,0.0,0,0.0,0.0,0.0,0.0,0.0
2019-08-02 05:00:00,148.2,149.21,148.15,149.12,0.0,0.0,0.0,0.0,0.0,147.14,147.19,147.2,147.21,147.24,0,0.0,0,0.0,0.0,0.0,0.0,0.0
2019-08-02 09:00:00,149.12,149.21,148.16,148.18,0.0,0.0,0.0,0.0,0.0,147.19,147.2,147.21,147.24,148.01,0,0.0,0,0.0,0.0,0.0,0.0,0.0
2019-08-02 13:00:00,148.18,149.15,148.08,149.01,0.0,0.0,0.0,0.0,0.0,147.19,147.2,147.21,147.24,148.01,0,0.0,0,0.0,0.0,0.0,0.0,0.0
2019-08-02 17:00:00,149.01,149.19,148.28,149.14,0.0,0.0,0.0,0.0,0.0,147.19,147.2,147.21,147.24,148.01,0,0.0,0,0.0,0.0,0.0,0.0,0.0
2019-08-04 21:00:00,149.11,149.15,149.07,149.14,0.0,0.0,0.0,0.0,149.21,147.19,147.2,147.21,147.24,148.01,0,0.0,0,0.0,0.0,0.0,0.0,0.0
2019-08-05 01:00:00,149.14,151.02,149.1,150.24,0.0,0.0,0.0,0.0,149.21,147.2,147.21,147.24,148.01,148.08,0,0.0,0,0.0,0.0,0.0,0.0,0.0
2019-08-05 05:00:00,150.23,151.11,150.2,151.1,0.0,0.0,0.0,0.0,0.0,147.24,148.01,148.08,148.28,149.21,0,0.0,0,0.0,0.0,0.0,0.0,0.0
2019-08-05 09:00:00,151.1,151.14,150.15,150.2,0.0,0.0,0.0,0.0,0.0,148.01,148.08,148.28,149.07,149.21,0,0.0,0,0.0,0.0,0.0,0.0,0.0
2019-08-05 13:00:00,150.2,151.16,150.17,151.14,0.0,0.0,0.0,0.0,0.0,148.08,148.28,149.07,149.1,149.21,0,0.0,0,0.0,0.0,0.0,0.0,0.0
2019-08-05 17:00:00,151.14,152.01,151.04,152.0,0.0,0.0,0.0,0.0,0.0,148.08,148.28,149.07,149.1,149.21,0,0.0,0,0.0,0.0,0.0,0.0,0.0
2019-08-05 21:00:00,152.07,152.21,152.06,152.07,0.0,0.0,0.0,0.0,0.0,148.28,149.07,149.1,149.21,150.15,0,0.0,0,0.0,0.0,0.0,0.0,0.0
2019-08-06 01:00:00,152.07,152.07,150.24,151.08,0.0,0.0,0.0,0.0,0.0,149.07,149.1,149.21,150.15,150.17,0,0.0,0,0.0,0.0,0.0,0.0,0.0
2019-08-06 05:00:00,151.08,151.13,150.23,151.02,0.0,0.0,0.0,0.0,0.0,149.07,149.1,149.21,150.15,150.17,0,0.0,0,0.0,0.0,0.0,0.0,0.0
2019-08-06 09:00:00,151.01,151.17,150.29,151.08,0.0,0.0,0.0,0.0,152.21,149.07,149.1,149.21,150.15,150.17,0,0.0,0,0.0,0.0,0.0,0.0,0.0
2019-08-06 13:00:00,151.08,151.28,150.26,151.2,0.0,0.0,0.0,152.21,152.07,149.07,149.1,149.21,150.15,150.17,0,0.0,0,0.0,0.0,0.0,0.0,0.0
2019-08-06 17:00:00,151.21,152.14,151.19,152.13,0.0,0.0,0.0,152.21,152.07,149.1,149.21,150.15,150.17,150.23,08/01/2019 17:00,146.75,0,0.0,146.75,145.75,144.75,0.0
2019-08-06 21:00:00,152.12,153.03,152.09,152.2,0.0,0.0,0.0,0.0,152.21,149.21,150.15,150.17,150.23,152.07,0,0.0,0,0.0,0.0,0.0,0.0,0.0
2019-08-07 01:00:00,152.19,153.1,152.16,153.0,0.0,0.0,0.0,0.0,152.21,150.15,150.17,150.23,150.26,152.07,0,0.0,0,0.0,0.0,0.0,0.0,0.0
2019-08-07 05:00:00,153.0,153.0,152.17,152.29,0.0,0.0,0.0,0.0,0.0,150.23,150.26,151.19,152.07,152.21,0,0.0,0,0.0,0.0,0.0,0.0,0.0
2019-08-07 09:00:00,152.29,154.05,152.24,153.28,0.0,0.0,0.0,0.0,0.0,150.26,151.19,152.07,152.09,152.21,0,0.0,0,0.0,0.0,0.0,0.0,0.0
2019-08-07 13:00:00,153.28,154.21,153.2,153.22,0.0,0.0,0.0,0.0,0.0,151.19,152.07,152.09,152.16,152.21,0,0.0,0,0.0,0.0,0.0,0.0,0.0
2019-08-07 17:00:00,153.21,153.28,151.27,151.28,0.0,0.0,0.0,0.0,0.0,152.07,152.09,152.16,152.17,152.21,0,0.0,0,0.0,0.0,0.0,0.0,0.0
2019-08-07 21:00:00,151.27,152.16,151.26,152.03,152.21,152.17,152.16,152.09,152.07,150.15,150.17,150.23,150.26,151.19,0,0.0,0,0.0,0.0,0.0,0.0,0.0
2019-08-08 01:00:00,152.04,152.08,151.14,151.25,152.21,152.17,152.16,152.09,152.07,150.15,150.17,150.23,150.26,151.19,0,0.0,0,0.0,0.0,0.0,0.0,0.0
2019-08-08 05:00:00,151.25,152.07,151.14,151.28,152.21,152.17,152.16,152.09,152.07,150.15,150.17,150.23,150.26,151.19,0,0.0,0,0.0,0.0,0.0,0.0,0.0
2019-08-08 09:00:00,151.28,152.12,151.12,151.12,152.17,152.16,152.16,152.09,152.07,150.15,150.17,150.23,150.26,151.19,0,0.0,0,0.0,0.0,0.0,0.0,0.0
2019-08-08 13:00:00,151.12,151.18,150.22,150.23,152.16,152.16,152.09,152.07,151.19,149.21,150.15,150.17,150.23,150.26,0,0.0,0,0.0,0.0,0.0,0.0,0.0
2019-08-08 17:00:00,150.23,152.14,150.13,152.07,152.16,152.09,152.07,151.19,150.26,149.07,149.1,149.21,150.15,150.17,08/01/2019 17:00,146.75,0,0.0,146.75,145.75,144.75,0.0
2019-08-08 17:00:00,150.23,152.14,150.13,152.07,152.16,152.09,152.07,151.19,150.26,149.07,149.1,149.21,150.15,150.17,08/01/2019 17:00,146.75,0,0.0,146.75,145.75,144.75,0.0
2019-08-08 21:00:00,152.15,153.01,152.12,152.21,153.28,152.21,152.17,152.16,152.16,150.23,150.26,151.19,152.07,152.09,08/01/2019 17:00,146.75,0,0.0,146.75,145.75,144.75,0.0
2019-08-08 21:00:00,152.15,153.01,152.12,152.21,153.28,152.21,152.17,152.16,152.16,150.23,150.26,151.19,152.07,152.09,08/01/2019 17:00,146.75,0,0.0,146.75,145.75,144.75,0.0
2019-08-08 21:00:00,152.15,153.01,152.12,152.21,153.28,152.21,152.17,152.16,152.16,150.23,150.26,151.19,152.07,152.09,08/01/2019 17:00,146.75,0,0.0,146.75,145.75,144.75,0.0
2019-08-08 21:00:00,152.15,153.01,152.12,152.21,153.28,152.21,152.17,152.16,152.16,150.23,150.26,151.19,152.07,152.09,08/01/2019 17:00,146.75,0,0.0,146.75,145.75,144.75,0.0
2019-08-09 01:00:00,152.21,152.23,152.16,152.17,0.0,0.0,0.0,154.21,153.28,151.19,152.09,152.16,152.16,152.17,0,0.0,0,0.0,0.0,0.0,0.0,0.0
2019-08-09 05:00:00,152.17,152.26,152.08,152.13,0.0,0.0,154.21,153.28,152.21,150.26,151.19,152.09,152.16,152.16,0,0.0,0,0.0,0.0,0.0,0.0,0.0
2019-08-09 09:00:00,152.13,152.26,152.09,152.24,154.21,153.28,153.01,152.21,152.16,150.17,150.23,150.26,151.19,152.09,0,0.0,0,0.0,0.0,0.0,0.0,0.0
2019-08-09 13:00:00,152.25,153.04,152.0,152.1,0.0,0.0,154.21,153.28,153.01,150.17,150.23,150.26,151.19,152.09,0,0.0,0,0.0,0.0,0.0,0.0,0.0
2019-08-09 17:00:00,152.1,152.14,151.23,151.24,0.0,0.0,154.21,153.28,153.01,150.17,150.23,150.26,151.19,152.09,0,0.0,0,0.0,0.0,0.0,0.0,0.0
2019-08-11 21:00:00,152.01,152.09,151.27,152.06,0.0,0.0,154.21,153.28,153.01,150.15,150.17,150.23,150.26,151.19,0,0.0,0,0.0,0.0,0.0,0.0,0.0
2019-08-12 01:00:00,152.06,152.07,151.3,152.06,0.0,154.21,153.28,153.04,153.01,150.15,150.17,150.23,150.26,151.19,0,0.0,0,0.0,0.0,0.0,0.0,0.0
2019-08-12 05:00:00,152.05,152.3,152.01,152.29,154.21,153.28,153.04,153.01,152.14,150.17,150.23,150.26,151.19,151.23,08/01/2019 17:00,146.75,0,0.0,146.75,145.75,144.75,0.0
2019-08-12 09:00:00,152.29,153.02,152.24,152.26,0.0,154.21,153.28,153.04,153.01,150.26,151.19,151.23,151.27,152.14,0,0.0,0,0.0,0.0,0.0,0.0,0.0
2019-08-12 13:00:00,152.26,153.3,152.25,153.29,0.0,154.21,153.28,153.04,153.01,151.19,151.23,151.27,151.3,152.14,08/01/2019 17:00,146.75,0,0.0,146.75,145.75,144.75,0.0
2019-08-12 13:00:00,152.26,153.3,152.25,153.29,0.0,154.21,153.28,153.04,153.01,151.19,151.23,151.27,151.3,152.14,08/01/2019 17:00,146.75,0,0.0,146.75,145.75,144.75,0.0
2019-08-12 13:00:00,152.26,153.3,152.25,153.29,0.0,154.21,153.28,153.04,153.01,151.19,151.23,151.27,151.3,152.14,08/01/2019 17:00,146.75,0,0.0,146.75,145.75,144.75,0.0
2019-08-12 17:00:00,153.28,154.11,153.23,153.31,0.0,0.0,0.0,0.0,154.21,151.3,152.01,152.14,153.01,153.04,0,0.0,0,0.0,0.0,0.0,0.0,0.0
2019-08-12 21:00:00,153.29,153.31,153.24,153.3,0.0,0.0,0.0,0.0,154.21,152.14,152.24,153.01,153.04,153.28,0,0.0,0,0.0,0.0,0.0,0.0,0.0
2019-08-13 01:00:00,153.29,154.02,153.26,153.29,0.0,0.0,0.0,0.0,154.21,152.24,152.25,153.01,153.04,153.28,0,0.0,0,0.0,0.0,0.0,0.0,0.0
2019-08-13 05:00:00,153.29,154.2,153.29,154.03,0.0,0.0,0.0,154.21,154.11,152.25,153.01,153.04,153.23,153.28,0,0.0,0,0.0,0.0,0.0,0.0,0.0
2019-08-13 09:00:00,154.03,154.2,153.27,154.05,0.0,0.0,0.0,154.21,154.11,153.01,153.04,153.23,153.24,153.28,0,0.0,0,0.0,0.0,0.0,0.0,0.0
2019-08-13 13:00:00,154.05,154.15,152.27,153.19,0.0,0.0,0.0,154.21,154.11,153.04,153.23,153.24,153.26,153.28,0,0.0,0,0.0,0.0,0.0,0.0,0.0
2019-08-13 17:00:00,153.19,153.29,153.02,153.03,154.11,153.28,153.26,153.24,153.23,152.14,152.24,152.25,153.01,153.04,0,0.0,0,0.0,0.0,0.0,0.0,0.0
2019-08-13 21:00:00,153.07,153.18,153.05,153.18,154.11,153.28,153.26,153.24,153.23,152.14,152.24,152.25,153.01,153.04,0,0.0,0,0.0,0.0,0.0,0.0,0.0
2019-08-14 01:00:00,153.18,153.19,153.06,153.14,154.11,153.28,153.26,153.24,153.23,152.14,152.24,152.25,152.27,153.01,0,0.0,0,0.0,0.0,0.0,0.0,0.0
2019-08-14 05:00:00,153.14,154.12,153.14,154.05,153.29,153.28,153.26,153.24,153.23,152.24,152.25,152.27,153.01,153.02,08/01/2019 17:00,146.75,0,0.0,146.75,145.75,144.75,0.0
2019-08-14 05:00:00,153.14,154.12,153.14,154.05,153.29,153.28,153.26,153.24,153.23,152.24,152.25,152.27,153.01,153.02,08/01/2019 17:00,146.75,0,0.0,146.75,145.75,144.75,0.0
2019-08-14 09:00:00,154.06,155.29,154.04,154.3,0.0,154.21,154.2,154.15,154.11,153.05,153.23,153.24,153.26,153.29,08/01/2019 17:00,146.75,0,0.0,146.75,145.75,144.75,0.0
2019-08-14 09:00:00,154.06,155.29,154.04,154.3,0.0,154.21,154.2,154.15,154.11,153.05,153.23,153.24,153.26,153.29,08/01/2019 17:00,146.75,0,0.0,146.75,145.75,144.75,0.0
2019-08-14 09:00:00,154.06,155.29,154.04,154.3,0.0,154.21,154.2,154.15,154.11,153.05,153.23,153.24,153.26,153.29,08/01/2019 17:00,146.75,0,0.0,146.75,145.75,144.75,0.0
2019-08-14 09:00:00,154.06,155.29,154.04,154.3,0.0,154.21,154.2,154.15,154.11,153.05,153.23,153.24,153.26,153.29,08/01/2019 17:00,146.75,0,0.0,146.75,145.75,144.75,0.0
2019-08-14 13:00:00,154.3,155.19,154.26,155.17,0.0,0.0,0.0,0.0,0.0,153.29,154.11,154.15,154.2,154.21,08/01/2019 17:00,146.75,0,0.0,146.75,145.75,144.75,0.0
2019-08-14 17:00:00,155.18,155.24,155.06,155.21,0.0,0.0,0.0,0.0,0.0,153.29,154.11,154.15,154.2,154.21,0,0.0,0,0.0,0.0,0.0,0.0,0.0
2019-08-14 21:00:00,155.16,155.27,155.14,155.26,0.0,0.0,0.0,0.0,155.29,154.04,154.11,154.15,154.2,154.21,0,0.0,0,0.0,0.0,0.0,0.0,0.0
2019-08-15 01:00:00,155.26,156.18,155.25,156.14,0.0,0.0,0.0,0.0,155.29,154.11,154.15,154.2,154.21,154.26,0,0.0,0,0.0,0.0,0.0,0.0,0.0
2019-08-15 05:00:00,156.13,156.13,155.15,155.21,0.0,0.0,0.0,0.0,0.0,154.2,154.21,154.26,155.06,155.29,0,0.0,0,0.0,0.0,0.0,0.0,0.0
2019-08-15 09:00:00,155.22,157.03,155.12,155.18,0.0,0.0,0.0,0.0,155.29,154.2,154.21,154.26,155.06,155.14,0,0.0,0,0.0,0.0,0.0,0.0,0.0
2019-08-15 13:00:00,155.18,156.16,155.07,156.15,0.0,0.0,0.0,0.0,155.29,154.2,154.21,154.26,155.06,155.14,0,0.0,0,0.0,0.0,0.0,0.0,0.0
2019-08-15 17:00:00,156.15,157.2,156.03,156.17,0.0,0.0,0.0,0.0,0.0,154.2,154.21,154.26,155.06,155.14,0,0.0,0,0.0,0.0,0.0,0.0,0.0
2019-08-15 21:00:00,156.13,156.28,156.12,156.16,0.0,0.0,0.0,0.0,0.0,154.2,154.21,154.26,155.06,155.14,0,0.0,0,0.0,0.0,0.0,0.0,0.0
2019-08-16 01:00:00,156.16,156.19,156.02,156.06,0.0,0.0,0.0,0.0,0.0,154.21,154.26,155.06,155.07,155.14,0,0.0,0,0.0,0.0,0.0,0.0,0.0
2019-08-16 05:00:00,156.06,156.07,155.21,155.25,0.0,0.0,0.0,0.0,157.2,154.21,154.26,155.06,155.07,155.14,0,0.0,0,0.0,0.0,0.0,0.0,0.0
2019-08-16 09:00:00,155.26,156.15,155.17,155.27,0.0,0.0,0.0,157.2,156.28,154.21,154.26,155.06,155.07,155.14,0,0.0,0,0.0,0.0,0.0,0.0,0.0
2019-08-16 13:00:00,155.27,156.06,154.31,155.26,0.0,0.0,157.2,156.28,156.19,154.21,154.26,155.06,155.07,155.14,0,0.0,0,0.0,0.0,0.0,0.0,0.0
2019-08-16 17:00:00,155.26,156.1,155.12,155.21,0.0,0.0,157.2,156.28,156.19,154.21,154.26,155.06,155.07,155.14,0,0.0,0,0.0,0.0,0.0,0.0,0.0
2019-08-18 21:00:00,155.23,155.24,154.29,155.03,0.0,157.2,156.28,156.19,156.15,154.21,154.26,155.06,155.07,155.14,0,0.0,0,0.0,0.0,0.0,0.0,0.0
2019-08-19 01:00:00,155.02,155.11,154.25,155.05,156.19,156.15,155.14,155.07,155.06,154.11,154.15,154.2,154.21,154.26,0,0.0,0,0.0,0.0,0.0,0.0,0.0
2019-08-19 05:00:00,155.04,155.15,154.08,154.15,156.15,156.1,155.14,155.07,155.06,154.11,154.15,154.2,154.21,154.26,0,0.0,0,0.0,0.0,0.0,0.0,0.0
2019-08-19 09:00:00,154.15,154.31,154.02,154.19,155.07,155.06,154.26,154.21,154.2,153.24,153.26,153.29,154.04,154.11,0,0.0,0,0.0,0.0,0.0,0.0,0.0
2019-08-19 13:00:00,154.19,155.07,154.12,154.28,155.07,155.06,154.26,154.21,154.2,153.26,153.29,154.04,154.11,154.15,08/14/2019 17:00,154.65625,0,0.0,154.65625,153.65625,152.65625,0.0
2019-08-19 17:00:00,154.28,155.04,154.23,154.26,155.24,155.15,155.14,155.07,155.06,153.29,154.04,154.11,154.15,154.26,0,0.0,0,0.0,0.0,0.0,0.0,0.0
2019-08-19 21:00:00,154.27,155.07,154.26,155.03,155.24,155.15,155.14,155.07,155.06,154.02,154.04,154.11,154.15,154.26,0,0.0,0,0.0,0.0,0.0,0.0,0.0
2019-08-20 01:00:00,155.04,155.07,154.3,155.02,155.24,155.15,155.14,155.07,155.06,154.04,154.11,154.12,154.15,154.26,0,0.0,0,0.0,0.0,0.0,0.0,0.0
2019-08-20 05:00:00,155.02,155.15,154.31,155.09,155.24,155.15,155.14,155.07,155.06,154.11,154.12,154.15,154.23,154.26,08/14/2019 17:00,154.65625,0,0.0,154.65625,153.65625,152.65625,0.0
2019-08-20 09:00:00,155.09,155.3,155.07,155.26,156.15,156.1,155.24,155.15,155.14,154.23,154.26,154.26,155.06,155.07,08/14/2019 17:00,154.65625,0,0.0,154.65625,153.65625,152.65625,0.0
2019-08-20 09:00:00,155.09,155.3,155.07,155.26,156.15,156.1,155.24,155.15,155.14,154.23,154.26,154.26,155.06,155.07,08/14/2019 17:00,154.65625,0,0.0,154.65625,153.65625,152.65625,0.0
2019-08-20 09:00:00,155.09,155.3,155.07,155.26,156.15,156.1,155.24,155.15,155.14,154.23,154.26,154.26,155.06,155.07,08/14/2019 17:00,154.65625,0,0.0,154.65625,153.65625,152.65625,0.0
2019-08-20 09:00:00,155.09,155.3,155.07,155.26,156.15,156.1,155.24,155.15,155.14,154.23,154.26,154.26,155.06,155.07,08/14/2019 17:00,154.65625,0,0.0,154.65625,153.65625,152.65625,0.0
2019-08-20 13:00:00,155.26,156.03,155.18,155.24,157.2,156.28,156.19,156.15,156.1,155.06,155.07,155.14,155.15,155.24,0,0.0,0,0.0,0.0,0.0,0.0,0.0
2019-08-20 17:00:00,155.24,156.02,155.2,155.27,157.2,156.28,156.19,156.15,156.1,154.31,155.06,155.07,155.14,155.15,0,0.0,0,0.0,0.0,0.0,0.0,0.0
2019-08-20 21:00:00,155.28,156.0,155.2,155.2,157.2,156.28,156.19,156.15,156.1,155.07,155.07,155.14,155.15,155.24,0,0.0,0,0.0,0.0,0.0,0.0,0.0
2019-08-21 01:00:00,155.2,155.23,155.1,155.14,156.19,156.15,156.1,156.03,155.24,155.07,155.07,155.14,155.15,155.18,0,0.0,0,0.0,0.0,0.0,0.0,0.0
2019-08-21 05:00:00,155.15,155.15,154.21,154.3,156.1,156.03,156.02,155.24,155.18,154.31,155.06,155.07,155.07,155.14,0,0.0,0,0.0,0.0,0.0,0.0,0.0
2019-08-21 09:00:00,154.3,155.12,154.29,155.04,155.24,155.18,155.15,155.07,154.31,154.12,154.15,154.23,154.26,154.26,08/14/2019 17:00,154.65625,0,0.0,154.65625,153.65625,152.65625,0.0
2019-08-21 13:00:00,155.04,155.29,155.03,155.26,155.24,155.23,155.18,155.15,155.07,154.23,154.26,154.26,154.3,154.31,08/14/2019 17:00,154.65625,0,0.0,154.65625,153.65625,152.65625,0.0
2019-08-21 13:00:00,155.04,155.29,155.03,155.26,155.24,155.23,155.18,155.15,155.07,154.23,154.26,154.26,154.3,154.31,08/14/2019 17:00,154.65625,0,0.0,154.65625,153.65625,152.65625,0.0
2019-08-21 13:00:00,155.04,155.29,155.03,155.26,155.24,155.23,155.18,155.15,155.07,154.23,154.26,154.26,154.3,154.31,08/14/2019 17:00,154.65625,0,0.0,154.65625,153.65625,152.65625,0.0
2019-08-21 17:00:00,155.26,156.05,155.03,155.05,156.15,156.1,156.03,156.02,156.0,154.3,154.31,155.07,155.18,155.23,0,0.0,0,0.0,0.0,0.0,0.0,0.0
2019-08-21 21:00:00,155.06,155.12,155.04,155.12,156.1,156.03,156.02,156.0,155.23,154.26,154.26,154.29,154.3,154.31,0,0.0,0,0.0,0.0,0.0,0.0,0.0
2019-08-22 01:00:00,155.12,155.18,155.1,155.17,156.1,156.03,156.02,156.0,155.23,154.26,154.26,154.29,154.3,154.31,0,0.0,0,0.0,0.0,0.0,0.0,0.0
2019-08-22 05:00:00,155.17,155.29,155.01,155.11,156.05,156.03,156.02,156.0,155.23,154.26,154.29,154.3,154.31,155.03,0,0.0,0,0.0,0.0,0.0,0.0,0.0
2019-08-22 09:00:00,155.11,155.19,154.13,154.26,156.05,156.03,156.02,156.0,155.23,154.26,154.29,154.3,154.31,155.03,0,0.0,0,0.0,0.0,0.0,0.0,0.0
2019-08-22 13:00:00,154.25,155.17,154.19,154.24,155.03,154.3,154.29,154.26,154.26,154.11,154.12,154.15,154.21,154.23,0,0.0,0,0.0,0.0,0.0,0.0,0.0
2019-08-22 17:00:00,154.24,155.05,154.18,154.22,155.23,155.03,154.3,154.29,154.26,154.11,154.12,154.15,154.21,154.23,0,0.0,0,0.0,0.0,0.0,0.0,0.0
2019-08-22 21:00:00,154.2,154.25,154.16,154.17,154.3,154.29,154.26,154.23,154.21,154.04,154.11,154.12,154.13,154.15,0,0.0,0,0.0,0.0,0.0,0.0,0.0
2019-08-23 01:00:00,154.18,154.19,153.26,154.04,154.3,154.29,154.26,154.23,154.21,154.04,154.11,154.12,154.13,154.15,0,0.0,0,0.0,0.0,0.0,0.0,0.0
2019-08-23 05:00:00,154.05,154.08,153.2,154.02,154.21,154.15,154.13,154.12,154.11,153.24,153.26,153.29,154.02,154.04,0,0.0,0,0.0,0.0,0.0,0.0,0.0
2019-08-23 09:00:00,154.02,154.26,153.28,154.15,154.15,154.13,154.12,154.11,154.04,153.14,153.23,153.24,153.26,153.29,08/14/2019 17:00,154.65625,0,0.0,154.65625,153.65625,152.65625,0.0
2019-08-23 09:00:00,154.02,154.26,153.28,154.15,154.15,154.13,154.12,154.11,154.04,153.14,153.23,153.24,153.26,153.29,08/14/2019 17:00,154.65625,0,0.0,154.65625,153.65625,152.65625,0.0
2019-08-23 09:00:00,154.02,154.26,153.28,154.15,154.15,154.13,154.12,154.11,154.04,153.14,153.23,153.24,153.26,153.29,08/14/2019 17:00,154.65625,0,0.0,154.65625,153.65625,152.65625,0.0
2019-08-23 13:00:00,154.15,156.14,154.14,156.1,154.29,154.26,154.25,154.23,154.21,153.29,154.02,154.04,154.12,154.13,08/14/2019 17:00,154.65625,0,0.0,154.65625,153.65625,152.65625,0.0
2019-08-23 13:00:00,154.15,156.14,154.14,156.1,154.29,154.26,154.25,154.23,154.21,153.29,154.02,154.04,154.12,154.13,08/14/2019 17:00,154.65625,0,0.0,154.65625,153.65625,152.65625,0.0
2019-08-23 13:00:00,154.15,156.14,154.14,156.1,154.29,154.26,154.25,154.23,154.21,153.29,154.02,154.04,154.12,154.13,08/14/2019 17:00,154.65625,0,0.0,154.65625,153.65625,152.65625,0.0
2019-08-23 13:00:00,154.15,156.14,154.14,156.1,154.29,154.26,154.25,154.23,154.21,153.29,154.02,154.04,154.12,154.13,08/14/2019 17:00,154.65625,0,0.0,154.65625,153.65625,152.65625,0.0
2019-08-23 13:00:00,154.15,156.14,154.14,156.1,154.29,154.26,154.25,154.23,154.21,153.29,154.02,154.04,154.12,154.13,08/14/2019 17:00,154.65625,0,0.0,154.65625,153.65625,152.65625,0.0
2019-08-23 13:00:00,154.15,156.14,154.14,156.1,154.29,154.26,154.25,154.23,154.21,153.29,154.02,154.04,154.12,154.13,08/14/2019 17:00,154.65625,0,0.0,154.65625,153.65625,152.65625,0.0
2019-08-23 13:00:00,154.15,156.14,154.14,156.1,154.29,154.26,154.25,154.23,154.21,153.29,154.02,154.04,154.12,154.13,08/14/2019 17:00,154.65625,0,0.0,154.65625,153.65625,152.65625,0.0
2019-08-23 13:00:00,154.15,156.14,154.14,156.1,154.29,154.26,154.25,154.23,154.21,153.29,154.02,154.04,154.12,154.13,08/14/2019 17:00,154.65625,0,0.0,154.65625,153.65625,152.65625,0.0
2019-08-23 13:00:00,154.15,156.14,154.14,156.1,154.29,154.26,154.25,154.23,154.21,153.29,154.02,154.04,154.12,154.13,08/14/2019 17:00,154.65625,0,0.0,154.65625,153.65625,152.65625,0.0
2019-08-23 13:00:00,154.15,156.14,154.14,156.1,154.29,154.26,154.25,154.23,154.21,153.29,154.02,154.04,154.12,154.13,08/14/2019 17:00,154.65625,0,0.0,154.65625,153.65625,152.65625,0.0
2019-08-23 13:00:00,154.15,156.14,154.14,156.1,154.29,154.26,154.25,154.23,154.21,153.29,154.02,154.04,154.12,154.13,08/14/2019 17:00,154.65625,0,0.0,154.65625,153.65625,152.65625,0.0
2019-08-23 13:00:00,154.15,156.14,154.14,156.1,154.29,154.26,154.25,154.23,154.21,153.29,154.02,154.04,154.12,154.13,08/14/2019 17:00,154.65625,0,0.0,154.65625,153.65625,152.65625,0.0
2019-08-23 13:00:00,154.15,156.14,154.14,156.1,154.29,154.26,154.25,154.23,154.21,153.29,154.02,154.04,154.12,154.13,08/14/2019 17:00,154.65625,0,0.0,154.65625,153.65625,152.65625,0.0
2019-08-23 13:00:00,154.15,156.14,154.14,156.1,154.29,154.26,154.25,154.23,154.21,153.29,154.02,154.04,154.12,154.13,08/14/2019 17:00,154.65625,0,0.0,154.65625,153.65625,152.65625,0.0
2019-08-23 13:00:00,154.15,156.14,154.14,156.1,154.29,154.26,154.25,154.23,154.21,153.29,154.02,154.04,154.12,154.13,08/14/2019 17:00,154.65625,0,0.0,154.65625,153.65625,152.65625,0.0
2019-08-23 17:00:00,156.11,156.21,156.01,156.05,0.0,157.2,156.28,156.19,156.15,156.0,156.02,156.03,156.05,156.1,0,0.0,0,0.0,0.0,0.0,0.0,0.0
2019-08-25 21:00:00,157.03,157.16,156.3,157.03,0.0,0.0,0.0,0.0,157.2,156.05,156.1,156.15,156.19,156.28,08/14/2019 17:00,154.65625,0,0.0,154.65625,153.65625,152.65625,0.0
2019-08-25 21:00:00,157.03,157.16,156.3,157.03,0.0,0.0,0.0,0.0,157.2,156.05,156.1,156.15,156.19,156.28,08/14/2019 17:00,154.65625,0,0.0,154.65625,153.65625,152.65625,0.0
2019-08-25 21:00:00,157.03,157.16,156.3,157.03,0.0,0.0,0.0,0.0,157.2,156.05,156.1,156.15,156.19,156.28,08/14/2019 17:00,154.65625,0,0.0,154.65625,153.65625,152.65625,0.0
2019-08-25 21:00:00,157.03,157.16,156.3,157.03,0.0,0.0,0.0,0.0,157.2,156.05,156.1,156.15,156.19,156.28,08/14/2019 17:00,154.65625,0,0.0,154.65625,153.65625,152.65625,0.0
2019-08-26 01:00:00,157.02,157.3,156.27,157.28,0.0,0.0,0.0,0.0,157.2,156.05,156.1,156.15,156.19,156.28,0,0.0,0,0.0,0.0,0.0,0.0,0.0
2019-08-26 05:00:00,157.28,158.05,155.29,156.01,0.0,0.0,0.0,0.0,0.0,156.1,156.15,156.19,156.28,157.2,0,0.0,0,0.0,0.0,0.0,0.0,0.0
2019-08-26 09:00:00,156.01,156.18,155.28,156.01,156.15,156.1,156.05,156.03,156.02,155.05,155.17,155.19,155.29,156.0,0,0.0,0,0.0,0.0,0.0,0.0,0.0
2019-08-26 13:00:00,156.01,156.16,155.31,156.02,156.15,156.1,156.05,156.03,156.02,155.05,155.17,155.19,155.29,156.0,0,0.0,0,0.0,0.0,0.0,0.0,0.0
2019-08-26 17:00:00,156.02,156.07,155.24,155.3,156.19,156.15,156.1,156.05,156.03,155.17,155.19,155.29,156.0,156.01,0,0.0,0,0.0,0.0,0.0,0.0,0.0
2019-08-26 21:00:00,155.29,156.07,155.28,156.05,156.05,156.03,156.02,156.01,156.0,154.3,155.03,155.05,155.17,155.19,08/14/2019 17:00,154.65625,0,0.0,154.65625,153.65625,152.65625,0.0
2019-08-27 01:00:00,156.04,156.09,155.3,156.06,156.18,156.16,156.15,156.1,156.05,155.05,155.17,155.19,155.29,156.01,0,0.0,0,0.0,0.0,0.0,0.0,0.0
2019-08-27 05:00:00,156.06,156.2,156.05,156.16,156.19,156.18,156.16,156.15,156.1,155.17,155.19,155.24,155.29,156.01,0,0.0,0,0.0,0.0,0.0,0.0,0.0
2019-08-27 09:00:00,156.16,156.28,156.12,156.22,158.05,157.2,156.28,156.19,156.18,155.19,155.24,155.28,155.29,156.01,08/14/2019 17:00,154.65625,0,0.0,154.65625,153.65625,152.65625,0.0
2019-08-27 09:00:00,156.16,156.28,156.12,156.22,158.05,157.2,156.28,156.19,156.18,155.19,155.24,155.28,155.29,156.01,08/14/2019 17:00,154.65625,0,0.0,154.65625,153.65625,152.65625,0.0
2019-08-27 13:00:00,156.23,157.17,156.14,157.13,0.0,0.0,158.05,157.2,156.28,155.29,155.3,156.01,156.16,156.18,0,0.0,0,0.0,0.0,0.0,0.0,0.0
2019-08-27 17:00:00,157.14,157.19,157.01,157.17,0.0,0.0,0.0,158.05,157.2,155.3,156.01,156.05,156.16,156.18,0,0.0,0,0.0,0.0,0.0,0.0,0.0
2019-08-27 21:00:00,157.18,157.3,157.12,157.25,0.0,0.0,0.0,158.05,157.2,156.01,156.05,156.12,156.16,156.18,0,0.0,0,0.0,0.0,0.0,0.0,0.0
2019-08-28 01:00:00,157.25,157.26,157.08,157.1,0.0,0.0,0.0,0.0,158.05,156.05,156.12,156.14,156.16,156.18,0,0.0,0,0.0,0.0,0.0,0.0,0.0
2019-08-28 05:00:00,157.09,158.04,157.09,157.22,0.0,0.0,0.0,0.0,158.05,156.12,156.14,156.16,156.18,157.01,0,0.0,0,0.0,0.0,0.0,0.0,0.0
2019-08-28 09:00:00,157.22,158.07,157.22,158.04,0.0,0.0,0.0,0.0,158.05,156.12,156.14,156.16,156.18,157.01,0,0.0,0,0.0,0.0,0.0,0.0,0.0
2019-08-28 13:00:00,158.04,158.08,157.12,157.21,0.0,0.0,0.0,0.0,158.05,156.14,156.16,156.18,157.01,157.08,0,0.0,0,0.0,0.0,0.0,0.0,0.0
2019-08-28 17:00:00,157.22,158.01,157.0,157.03,0.0,0.0,0.0,0.0,158.05,156.16,156.18,157.01,157.08,157.09,0,0.0,0,0.0,0.0,0.0,0.0,0.0
2019-08-28 21:00:00,157.04,157.23,156.28,157.2,0.0,0.0,158.05,157.09,157.08,156.12,156.14,156.16,156.18,157.01,08/27/2019 17:00,156.875,0,0.0,156.875,155.875,154.875,0.0
2019-08-28 21:00:00,157.04,157.23,156.28,157.2,0.0,0.0,158.05,157.09,157.08,156.12,156.14,156.16,156.18,157.01,08/27/2019 17:00,156.875,0,0.0,156.875,155.875,154.875,0.0
2019-08-29 01:00:00,157.2,158.0,157.2,157.27,0.0,0.0,0.0,158.08,158.05,156.16,156.18,157.01,157.08,157.09,0,0.0,0,0.0,0.0,0.0,0.0,0.0
2019-08-29 05:00:00,157.28,157.29,156.15,156.19,0.0,0.0,158.08,158.05,158.01,156.16,156.18,157.01,157.08,157.09,0,0.0,0,0.0,0.0,0.0,0.0,0.0
2019-08-29 09:00:00,156.19,157.14,156.18,157.11,0.0,158.08,158.05,158.01,157.01,156.05,156.12,156.14,156.16,156.18,08/27/2019 17:00,156.875,0,0.0,156.875,155.875,154.875,0.0
2019-08-29 13:00:00,157.1,157.14,156.13,156.18,0.0,158.08,158.05,158.01,158.0,156.12,156.14,156.16,156.18,157.01,0,0.0,0,0.0,0.0,0.0,0.0,0.0
2019-08-29 17:00:00,156.17,157.08,156.09,157.01,158.05,158.01,158.0,157.29,156.18,156.01,156.05,156.12,156.14,156.16,0,0.0,0,0.0,0.0,0.0,0.0,0.0
2019-08-29 21:00:00,157.0,157.07,156.28,157.0,158.08,158.05,158.01,158.0,157.29,156.05,156.12,156.14,156.16,156.18,0,0.0,0,0.0,0.0,0.0,0.0,0.0
2019-08-30 01:00:00,157.0,157.01,156.16,156.27,158.05,158.01,158.0,157.29,157.14,156.05,156.12,156.14,156.16,156.18,0,0.0,0,0.0,0.0,0.0,0.0,0.0
2019-08-30 05:00:00,156.27,156.31,155.31,156.15,158.01,158.0,157.29,157.14,157.08,156.09,156.12,156.14,156.16,156.18,0,0.0,0,0.0,0.0,0.0,0.0,0.0
2019-08-30 09:00:00,156.15,156.28,156.09,156.27,157.14,157.08,157.07,156.18,156.16,156.01,156.05,156.09,156.12,156.14,0,0.0,0,0.0,0.0,0.0,0.0,0.0
2019-08-30 13:00:00,156.27,156.29,156.1,156.1,157.29,157.14,157.08,157.07,157.01,156.01,156.05,156.09,156.12,156.14,0,0.0,0,0.0,0.0,0.0,0.0,0.0
2019-08-30 17:00:00,156.1,157.04,156.08,157.0,157.07,157.01,156.31,156.14,156.12,155.3,155.31,156.01,156.05,156.09,0,0.0,08/29/2019 17:00,156.875,156.875,157.875,158.875,0.0
2019-08-30 17:00:00,156.1,157.04,156.08,157.0,157.07,157.01,156.31,156.14,156.12,155.3,155.31,156.01,156.05,156.09,0,0.0,08/29/2019 17:00,156.875,156.875,157.875,158.875,0.0
2019-09-01 21:00:00,157.14,157.19,157.06,157.1,158.08,158.05,158.01,158.0,157.29,156.14,156.31,157.01,157.07,157.08,08/30/2019 17:00,156.875,0,0.0,156.875,155.875,154.875,0.0
2019-09-01 21:00:00,157.14,157.19,157.06,157.1,158.08,158.05,158.01,158.0,157.29,156.14,156.31,157.01,157.07,157.08,08/30/2019 17:00,156.875,0,0.0,156.875,155.875,154.875,0.0
2019-09-01 21:00:00,157.14,157.19,157.06,157.1,158.08,158.05,158.01,158.0,157.29,156.14,156.31,157.01,157.07,157.08,08/30/2019 17:00,156.875,0,0.0,156.875,155.875,154.875,0.0
2019-09-01 21:00:00,157.14,157.19,157.06,157.1,158.08,158.05,158.01,158.0,157.29,156.14,156.31,157.01,157.07,157.08,08/30/2019 17:00,156.875,0,0.0,156.875,155.875,154.875,0.0
2019-09-02 01:00:00,157.09,157.09,156.26,156.3,158.05,158.01,158.0,157.29,157.14,156.14,156.31,157.01,157.07,157.08,0,0.0,0,0.0,0.0,0.0,0.0,0.0
2019-09-02 05:00:00,156.29,156.29,156.16,156.23,157.14,157.08,157.07,157.01,156.31,156.05,156.08,156.09,156.12,156.14,0,0.0,0,0.0,0.0,0.0,0.0,0.0
2019-09-02 09:00:00,156.23,156.24,156.12,156.15,157.14,157.08,157.07,157.01,156.31,156.05,156.08,156.09,156.12,156.14,0,0.0,0,0.0,0.0,0.0,0.0,0.0
2019-09-02 13:00:00,156.16,157.04,156.13,157.03,157.09,157.08,157.07,157.01,156.31,156.05,156.08,156.09,156.12,156.14,0,0.0,0,0.0,0.0,0.0,0.0,0.0
2019-09-02 21:00:00,157.02,157.02,156.1,156.12,157.19,157.14,157.09,157.08,157.07,156.05,156.08,156.09,156.12,156.14,0,0.0,0,0.0,0.0,0.0,0.0,0.0
2019-09-03 01:00:00,156.13,156.15,156.02,156.1,157.19,157.14,157.09,157.08,157.07,156.01,156.05,156.08,156.09,156.12,0,0.0,0,0.0,0.0,0.0,0.0,0.0
2019-09-03 05:00:00,156.1,157.21,156.09,157.1,157.14,157.09,157.08,157.07,157.04,155.31,156.01,156.05,156.08,156.09,08/30/2019 17:00,156.875,0,0.0,156.875,155.875,154.875,0.0
2019-09-03 05:00:00,156.1,157.21,156.09,157.1,157.14,157.09,157.08,157.07,157.04,155.31,156.01,156.05,156.08,156.09,08/30/2019 17:00,156.875,0,0.0,156.875,155.875,154.875,0.0
2019-09-03 09:00:00,157.1,157.18,156.22,156.22,158.01,158.0,157.29,157.19,157.14,156.05,156.08,156.09,157.04,157.09,0,0.0,0,0.0,0.0,0.0,0.0,0.0
2019-09-03 13:00:00,156.23,158.08,156.18,157.24,157.29,157.19,157.14,157.09,157.04,156.01,156.02,156.05,156.08,156.09,08/30/2019 17:00,156.875,0,0.0,156.875,155.875,154.875,0.0
2019-09-03 13:00:00,156.23,158.08,156.18,157.24,157.29,157.19,157.14,157.09,157.04,156.01,156.02,156.05,156.08,156.09,08/30/2019 17:00,156.875,0,0.0,156.875,155.875,154.875,0.0
2019-09-03 17:00:00,157.24,157.26,157.02,157.13,158.08,158.05,158.01,158.0,157.29,156.08,156.09,156.09,157.14,157.19,0,0.0,0,0.0,0.0,0.0,0.0,0.0
2019-09-03 21:00:00,157.13,157.21,157.1,157.12,158.01,158.0,157.29,157.19,157.14,156.02,156.05,156.08,156.09,156.09,0,0.0,0,0.0,0.0,0.0,0.0,0.0
2019-09-04 01:00:00,157.12,157.12,157.03,157.07,158.01,158.0,157.29,157.19,157.14,156.05,156.08,156.09,156.09,156.18,0,0.0,0,0.0,0.0,0.0,0.0,0.0
2019-09-04 05:00:00,157.07,157.07,156.18,157.0,158.0,157.29,157.26,157.19,157.14,156.08,156.09,156.09,156.18,157.02,0,0.0,0,0.0,0.0,0.0,0.0,0.0
2019-09-04 09:00:00,157.0,157.0,156.16,156.27,157.26,157.21,157.19,157.14,157.02,156.05,156.08,156.09,156.09,156.18,0,0.0,0,0.0,0.0,0.0,0.0,0.0
2019-09-04 13:00:00,156.27,157.15,156.2,157.14,157.21,157.19,157.14,157.12,157.02,156.05,156.08,156.09,156.09,156.18,08/30/2019 17:00,156.875,0,0.0,156.875,155.875,154.875,0.0
2019-09-04 13:00:00,156.27,157.15,156.2,157.14,157.21,157.19,157.14,157.12,157.02,156.05,156.08,156.09,156.09,156.18,08/30/2019 17:00,156.875,0,0.0,156.875,155.875,154.875,0.0
2019-09-04 17:00:00,157.14,157.2,157.04,157.07,158.0,157.29,157.26,157.21,157.19,156.09,156.09,156.18,157.02,157.12,0,0.0,0,0.0,0.0,0.0,0.0,0.0
2019-09-04 21:00:00,157.06,157.1,157.03,157.05,157.26,157.21,157.19,157.14,157.12,156.09,156.09,156.16,156.18,157.02,0,0.0,0,0.0,0.0,0.0,0.0,0.0
2019-09-05 01:00:00,157.05,157.06,156.05,156.15,157.26,157.21,157.19,157.14,157.12,156.09,156.16,156.18,156.2,157.02,0,0.0,0,0.0,0.0,0.0,0.0,0.0
2019-09-05 05:00:00,156.15,156.25,156.07,156.11,157.14,157.12,156.2,156.18,156.16,156.02,156.05,156.08,156.09,156.09,0,0.0,0,0.0,0.0,0.0,0.0,0.0
2019-09-05 09:00:00,156.11,156.14,155.28,156.03,157.12,157.1,156.2,156.18,156.16,156.02,156.05,156.08,156.09,156.09,0,0.0,0,0.0,0.0,0.0,0.0,0.0
2019-09-05 13:00:00,156.03,156.05,154.24,155.08,156.16,156.09,156.09,156.08,156.05,155.29,155.3,155.31,156.01,156.02,0,0.0,0,0.0,0.0,0.0,0.0,0.0
2019-09-05 17:00:00,155.08,155.19,155.07,155.16,155.29,155.28,155.24,155.19,155.17,154.26,154.29,154.3,155.03,155.05,0,0.0,0,0.0,0.0,0.0,0.0,0.0
2019-09-05 21:00:00,155.17,155.26,155.09,155.1,155.3,155.29,155.28,155.24,155.19,154.26,154.29,154.3,155.03,155.05,0,0.0,0,0.0,0.0,0.0,0.0,0.0
2019-09-06 01:00:00,155.11,155.12,155.03,155.11,155.29,155.28,155.24,155.19,155.17,154.26,154.29,154.3,155.03,155.05,0,0.0,0,0.0,0.0,0.0,0.0,0.0
2019-09-06 05:00:00,155.11,155.14,154.24,154.26,155.29,155.28,155.24,155.19,155.17,154.26,154.29,154.3,155.03,155.05,0,0.0,0,0.0,0.0,0.0,0.0,0.0
2019-09-06 09:00:00,154.26,155.23,154.23,155.22,155.26,155.24,155.19,155.17,155.05,154.14,154.21,154.23,154.24,154.25,0,0.0,0,0.0,0.0,0.0,0.0,0.0
2019-09-06 13:00:00,155.21,156.05,155.16,155.31,155.3,155.29,155.28,155.26,155.24,154.21,154.23,154.24,154.25,154.26,0,0.0,09/05/2019 17:00,155.75,155.75,156.75,157.75,0.0
2019-09-06 13:00:00,155.21,156.05,155.16,155.31,155.3,155.29,155.28,155.26,155.24,154.21,154.23,154.24,154.25,154.26,0,0.0,09/05/2019 17:00,155.75,155.75,156.75,157.75,0.0
2019-09-06 13:00:00,155.21,156.05,155.16,155.31,155.3,155.29,155.28,155.26,155.24,154.21,154.23,154.24,154.25,154.26,0,0.0,09/05/2019 17:00,155.75,155.75,156.75,157.75,0.0
2019-09-06 17:00:00,155.31,156.08,155.24,155.29,156.09,156.08,156.05,156.05,156.02,154.26,155.24,155.26,155.28,155.3,0,0.0,09/05/2019 17:00,155.75,155.75,156.75,157.75,0.0
2019-09-08 21:00:00,155.3,156.01,155.22,155.25,156.08,156.05,156.05,156.02,155.31,154.25,154.26,155.24,155.26,155.28,0,0.0,0,0.0,0.0,0.0,0.0,0.0
2019-09-09 01:00:00,155.25,155.29,155.2,155.22,156.05,156.05,156.02,155.31,155.26,154.24,154.25,154.26,155.16,155.24,0,0.0,0,0.0,0.0,0.0,0.0,0.0
2019-09-09 05:00:00,155.22,155.27,154.3,155.04,156.05,156.05,156.02,155.31,155.26,154.23,154.24,154.25,154.26,155.16,0,0.0,0,0.0,0.0,0.0,0.0,0.0
2019-09-09 09:00:00,155.04,155.08,154.29,155.01,156.02,156.01,155.31,155.26,155.16,154.23,154.23,154.24,154.25,154.26,0,0.0,0,0.0,0.0,0.0,0.0,0.0
2019-09-09 13:00:00,155.02,155.03,154.07,154.2,156.01,155.31,155.29,155.26,155.16,154.23,154.23,154.24,154.25,154.26,0,0.0,0,0.0,0.0,0.0,0.0,0.0
2019-09-09 17:00:00,154.2,154.25,153.27,153.31,155.26,155.16,154.25,154.24,154.23,154.02,154.04,154.12,154.13,154.14,0,0.0,0,0.0,0.0,0.0,0.0,0.0
2019-09-09 21:00:00,153.31,154.04,153.26,153.29,154.25,154.24,154.23,154.14,154.02,153.23,153.24,153.26,153.28,153.29,0,0.0,0,0.0,0.0,0.0,0.0,0.0
2019-09-10 01:00:00,153.29,154.03,153.23,154.02,154.25,154.24,154.23,154.14,154.02,153.2,153.23,153.24,153.26,153.28,0,0.0,0,0.0,0.0,0.0,0.0,0.0
2019-09-10 05:00:00,154.03,154.19,153.29,154.1,154.25,154.25,154.24,154.23,154.14,153.24,153.26,153.28,153.29,154.02,0,0.0,09/09/2019 17:00,154.65625,154.65625,155.65625,156.65625,0.0
2019-09-10 09:00:00,154.1,154.16,153.28,154.09,154.25,154.25,154.24,154.23,154.14,153.24,153.26,153.28,153.29,154.02,0,0.0,0,0.0,0.0,0.0,0.0,0.0
2019-09-10 13:00:00,154.09,154.09,153.04,153.07,154.25,154.25,154.24,154.23,154.14,153.24,153.26,153.28,153.29,154.02,0,0.0,0,0.0,0.0,0.0,0.0,0.0
2019-09-10 17:00:00,153.06,153.09,152.03,152.12,153.29,153.28,153.23,153.2,153.14,152.25,152.27,153.01,153.02,153.05,0,0.0,0,0.0,0.0,0.0,0.0,0.0
2019-09-10 21:00:00,152.14,152.21,152.11,152.18,153.02,153.01,152.27,152.25,152.24,151.19,151.23,151.27,151.3,152.01,0,0.0,0,0.0,0.0,0.0,0.0,0.0
2019-09-11 01:00:00,152.19,152.24,152.11,152.19,153.02,153.01,152.27,152.25,152.24,151.19,151.23,151.27,151.3,152.01,0,0.0,0,0.0,0.0,0.0,0.0,0.0
2019-09-11 05:00:00,152.19,152.24,152.04,152.15,153.02,153.01,152.27,152.25,152.24,151.23,151.27,151.3,152.01,152.03,0,0.0,0,0.0,0.0,0.0,0.0,0.0
2019-09-11 09:00:00,152.15,152.27,152.02,152.02,153.02,153.01,152.27,152.25,152.24,151.23,151.27,151.3,152.01,152.03,0,0.0,0,0.0,0.0,0.0,0.0,0.0
2019-09-11 13:00:00,152.02,152.21,151.29,152.14,153.01,152.27,152.25,152.24,152.03,151.19,151.23,151.27,151.3,152.01,0,0.0,09/10/2019 17:00,153.15625,153.15625,154.15625,155.15625,0.0
2019-09-11 17:00:00,152.14,152.17,152.04,152.08,153.02,153.01,152.27,152.25,152.24,151.23,151.27,151.3,152.01,152.03,0,0.0,0,0.0,0.0,0.0,0.0,0.0
2019-09-11 21:00:00,152.09,152.11,151.19,151.24,153.01,152.27,152.27,152.25,152.24,151.23,151.27,151.3,152.01,152.03,0,0.0,0,0.0,0.0,0.0,0.0,0.0
2019-09-12 01:00:00,151.24,152.03,151.22,152.01,152.24,152.21,152.01,151.3,151.27,150.17,150.23,150.26,151.19,151.23,0,0.0,09/11/2019 17:00,152.84375,152.84375,153.84375,154.84375,0.0
2019-09-12 01:00:00,151.24,152.03,151.22,152.01,152.24,152.21,152.01,151.3,151.27,150.17,150.23,150.26,151.19,151.23,0,0.0,09/11/2019 17:00,152.84375,152.84375,153.84375,154.84375,0.0
2019-09-12 05:00:00,152.0,152.23,151.27,152.18,152.25,152.24,152.21,152.17,152.01,150.26,151.19,151.23,151.27,151.3,0,0.0,09/11/2019 17:00,152.84375,152.84375,153.84375,154.84375,0.0
2019-09-12 05:00:00,152.0,152.23,151.27,152.18,152.25,152.24,152.21,152.17,152.01,150.26,151.19,151.23,151.27,151.3,0,0.0,09/11/2019 17:00,152.84375,152.84375,153.84375,154.84375,0.0
2019-09-12 09:00:00,152.18,153.26,152.09,153.12,152.27,152.27,152.25,152.24,152.21,151.23,151.27,151.3,152.01,152.17,0,0.0,09/11/2019 17:00,152.84375,152.84375,153.84375,154.84375,0.0
2019-09-12 09:00:00,152.18,153.26,152.09,153.12,152.27,152.27,152.25,152.24,152.21,151.23,151.27,151.3,152.01,152.17,0,0.0,09/11/2019 17:00,152.84375,152.84375,153.84375,154.84375,0.0
2019-09-12 09:00:00,152.18,153.26,152.09,153.12,152.27,152.27,152.25,152.24,152.21,151.23,151.27,151.3,152.01,152.17,0,0.0,09/11/2019 17:00,152.84375,152.84375,153.84375,154.84375,0.0
2019-09-12 09:00:00,152.18,153.26,152.09,153.12,152.27,152.27,152.25,152.24,152.21,151.23,151.27,151.3,152.01,152.17,0,0.0,09/11/2019 17:00,152.84375,152.84375,153.84375,154.84375,0.0
2019-09-12 09:00:00,152.18,153.26,152.09,153.12,152.27,152.27,152.25,152.24,152.21,151.23,151.27,151.3,152.01,152.17,0,0.0,09/11/2019 17:00,152.84375,152.84375,153.84375,154.84375,0.0
2019-09-12 09:00:00,152.18,153.26,152.09,153.12,152.27,152.27,152.25,152.24,152.21,151.23,151.27,151.3,152.01,152.17,0,0.0,09/11/2019 17:00,152.84375,152.84375,153.84375,154.84375,0.0
2019-09-12 09:00:00,152.18,153.26,152.09,153.12,152.27,152.27,152.25,152.24,152.21,151.23,151.27,151.3,152.01,152.17,0,0.0,09/11/2019 17:00,152.84375,152.84375,153.84375,154.84375,0.0
2019-09-12 09:00:00,152.18,153.26,152.09,153.12,152.27,152.27,152.25,152.24,152.21,151.23,151.27,151.3,152.01,152.17,0,0.0,09/11/2019 17:00,152.84375,152.84375,153.84375,154.84375,0.0
2019-09-12 13:00:00,153.11,153.17,151.13,151.16,153.29,153.28,153.23,153.2,153.14,152.27,153.02,153.05,153.06,153.09,0,0.0,0,0.0,0.0,0.0,0.0,0.0
2019-09-12 17:00:00,151.16,151.26,151.04,151.21,152.21,152.17,151.23,151.22,151.19,150.13,150.15,150.17,150.23,150.26,0,0.0,09/11/2019 17:00,152.84375,152.84375,153.84375,154.84375,0.0
2019-09-12 21:00:00,151.2,151.24,151.12,151.17,152.27,152.21,152.17,151.23,151.22,150.15,150.17,150.23,150.26,151.19,0,0.0,0,0.0,0.0,0.0,0.0,0.0
2019-09-13 01:00:00,151.17,151.17,151.06,151.11,152.27,152.21,152.17,151.23,151.22,150.13,150.15,150.17,150.23,150.26,0,0.0,0,0.0,0.0,0.0,0.0,0.0
2019-09-13 05:00:00,151.11,151.13,150.24,151.07,152.21,152.17,151.26,151.23,151.22,150.15,150.17,150.23,150.26,151.04,0,0.0,0,0.0,0.0,0.0,0.0,0.0
2019-09-13 09:00:00,151.07,151.09,150.08,150.1,152.17,151.26,151.24,151.23,151.22,150.15,150.17,150.23,150.26,151.04,0,0.0,0,0.0,0.0,0.0,0.0,0.0
2019-09-13 13:00:00,150.1,150.23,149.03,149.07,151.04,150.23,150.17,150.15,150.13,148.08,148.28,149.07,149.1,149.21,0,0.0,0,0.0,0.0,0.0,0.0,0.0
2019-09-13 17:00:00,149.06,149.23,149.02,149.07,150.15,150.13,149.21,149.1,149.07,147.21,147.24,148.01,148.08,148.28,0,0.0,0,0.0,0.0,0.0,0.0,0.0
2019-09-15 21:00:00,149.23,150.01,149.15,149.27,151.04,150.23,150.17,150.15,150.13,148.08,148.28,149.07,149.1,149.21,0,0.0,09/13/2019 17:00,149.21875,149.21875,150.21875,151.21875,0.0
2019-09-16 01:00:00,149.26,150.04,149.26,149.29,150.23,150.23,150.17,150.15,150.13,148.01,148.08,148.28,149.07,149.1,0,0.0,0,0.0,0.0,0.0,0.0,0.0
2019-09-16 05:00:00,149.29,150.15,149.15,150.15,150.23,150.23,150.17,150.15,150.13,148.08,148.28,149.02,149.07,149.1,0,0.0,09/13/2019 17:00,149.21875,149.21875,150.21875,151.21875,0.0
2019-09-16 09:00:00,150.15,151.0,150.03,150.03,151.09,151.04,150.23,150.23,150.17,148.28,149.02,149.07,149.1,150.13,0,0.0,0,0.0,0.0,0.0,0.0,0.0
2019-09-16 13:00:00,150.04,150.21,149.2,150.19,151.04,150.23,150.23,150.17,150.15,148.08,148.28,149.02,149.07,149.1,0,0.0,09/13/2019 17:00,149.21875,149.21875,150.21875,151.21875,0.0
2019-09-16 13:00:00,150.04,150.21,149.2,150.19,151.04,150.23,150.23,150.17,150.15,148.08,148.28,149.02,149.07,149.1,0,0.0,09/13/2019 17:00,149.21875,149.21875,150.21875,151.21875,0.0
2019-09-16 17:00:00,150.18,150.21,150.03,150.1,151.13,151.09,151.04,150.23,150.23,149.07,149.1,149.15,150.15,150.17,0,0.0,0,0.0,0.0,0.0,0.0,0.0
2019-09-16 21:00:00,150.09,150.21,150.05,150.18,151.09,151.04,151.0,150.23,150.23,148.28,149.02,149.07,149.1,149.15,0,0.0,0,0.0,0.0,0.0,0.0,0.0
2019-09-17 01:00:00,150.18,150.26,150.14,150.15,151.09,151.04,151.0,150.23,150.23,149.02,149.07,149.1,149.15,149.2,0,0.0,0,0.0,0.0,0.0,0.0,0.0
2019-09-17 05:00:00,150.16,150.27,150.08,150.23,151.09,151.04,151.0,150.23,150.23,149.07,149.1,149.15,149.2,150.03,0,0.0,0,0.0,0.0,0.0,0.0,0.0
2019-09-17 09:00:00,150.22,151.04,150.14,150.19,151.09,151.04,151.0,150.23,150.23,149.1,149.15,149.2,150.03,150.05,0,0.0,0,0.0,0.0,0.0,0.0,0.0
2019-09-17 13:00:00,150.19,151.1,150.08,151.07,151.09,151.04,151.0,150.23,150.23,149.1,149.15,149.2,150.03,150.05,09/16/2019 17:00,149.21875,0,0.0,149.21875,148.21875,147.21875,0.0
2019-09-17 13:00:00,150.19,151.1,150.08,151.07,151.09,151.04,151.0,150.23,150.23,149.1,149.15,149.2,150.03,150.05,09/16/2019 17:00,149.21875,0,0.0,149.21875,148.21875,147.21875,0.0
2019-09-17 13:00:00,150.19,151.1,150.08,151.07,151.09,151.04,151.0,150.23,150.23,149.1,149.15,149.2,150.03,150.05,09/16/2019 17:00,149.21875,0,0.0,149.21875,148.21875,147.21875,0.0
2019-09-17 17:00:00,151.07,151.13,150.28,151.05,151.23,151.22,151.17,151.13,151.09,150.05,150.23,150.23,151.0,151.04,09/16/2019 17:00,149.21875,0,0.0,149.21875,148.21875,147.21875,0.0
2019-09-17 21:00:00,151.07,151.08,150.27,150.29,151.23,151.22,151.17,151.13,151.09,150.05,150.23,150.23,151.0,151.04,0,0.0,0,0.0,0.0,0.0,0.0,0.0
2019-09-18 01:00:00,150.3,151.06,150.27,151.03,151.22,151.17,151.13,151.09,151.0,150.03,150.05,150.08,150.23,150.23,0,0.0,0,0.0,0.0,0.0,0.0,0.0
2019-09-18 05:00:00,151.03,151.2,151.03,151.18,151.22,151.17,151.13,151.13,151.09,150.03,150.05,150.08,150.23,150.23,09/16/2019 17:00,149.21875,0,0.0,149.21875,148.21875,147.21875,0.0
2019-09-18 05:00:00,151.03,151.2,151.03,151.18,151.22,151.17,151.13,151.13,151.09,150.03,150.05,150.08,150.23,150.23,09/16/2019 17:00,149.21875,0,0.0,149.21875,148.21875,147.21875,0.0
2019-09-18 05:00:00,151.03,151.2,151.03,151.18,151.22,151.17,151.13,151.13,151.09,150.03,150.05,150.08,150.23,150.23,09/16/2019 17:00,149.21875,0,0.0,149.21875,148.21875,147.21875,0.0
2019-09-18 05:00:00,151.03,151.2,151.03,151.18,151.22,151.17,151.13,151.13,151.09,150.03,150.05,150.08,150.23,150.23,09/16/2019 17:00,149.21875,0,0.0,149.21875,148.21875,147.21875,0.0
2019-09-18 09:00:00,151.18,151.3,151.15,151.21,152.17,151.26,151.24,151.23,151.22,150.23,151.09,151.13,151.13,151.17,0,0.0,0,0.0,0.0,0.0,0.0,0.0
2019-09-18 13:00:00,151.21,152.07,151.21,152.06,152.17,151.26,151.24,151.23,151.22,150.27,151.09,151.13,151.13,151.17,09/16/2019 17:00,149.21875,0,0.0,149.21875,148.21875,147.21875,0.0
2019-09-18 13:00:00,151.21,152.07,151.21,152.06,152.17,151.26,151.24,151.23,151.22,150.27,151.09,151.13,151.13,151.17,09/16/2019 17:00,149.21875,0,0.0,149.21875,148.21875,147.21875,0.0
2019-09-18 13:00:00,151.21,152.07,151.21,152.06,152.17,151.26,151.24,151.23,151.22,150.27,151.09,151.13,151.13,151.17,09/16/2019 17:00,149.21875,0,0.0,149.21875,148.21875,147.21875,0.0
2019-09-18 17:00:00,152.05,152.09,151.07,151.15,153.14,153.09,152.27,152.21,152.17,151.17,151.22,151.23,151.24,151.26,0,0.0,0,0.0,0.0,0.0,0.0,0.0
2019-09-18 21:00:00,151.15,151.18,151.02,151.06,152.21,152.17,151.26,151.24,151.17,150.27,151.03,151.09,151.13,151.13,0,0.0,0,0.0,0.0,0.0,0.0,0.0
2019-09-19 01:00:00,151.06,151.26,151.03,151.25,151.24,151.17,151.13,151.13,151.09,150.08,150.23,150.23,150.27,151.03,09/16/2019 17:00,149.21875,0,0.0,149.21875,148.21875,147.21875,0.0
2019-09-19 05:00:00,151.25,152.07,151.09,151.27,152.27,152.21,152.17,152.09,151.26,150.08,150.23,150.23,150.27,151.03,0,0.0,0,0.0,0.0,0.0,0.0,0.0
2019-09-19 09:00:00,151.27,152.14,151.17,152.14,153.09,152.27,152.21,152.17,152.09,150.23,150.23,150.27,151.02,151.03,09/16/2019 17:00,149.21875,0,0.0,149.21875,148.21875,147.21875,0.0
2019-09-19 13:00:00,152.13,152.16,151.21,152.04,153.14,153.09,152.27,152.21,152.17,150.27,151.02,151.03,151.03,152.09,0,0.0,0,0.0,0.0,0.0,0.0,0.0
2019-09-19 17:00:00,152.04,152.1,151.19,151.24,153.09,152.27,152.21,152.17,152.09,150.27,151.02,151.03,151.03,151.09,0,0.0,0,0.0,0.0,0.0,0.0,0.0
2019-09-19 21:00:00,151.26,152.0,151.23,151.28,153.09,152.27,152.21,152.17,152.09,151.02,151.03,151.03,151.09,151.17,0,0.0,0,0.0,0.0,0.0,0.0,0.0
2019-09-20 01:00:00,151.28,152.07,151.23,152.06,152.27,152.21,152.17,152.16,152.09,151.02,151.03,151.03,151.09,151.17,0,0.0,0,0.0,0.0,0.0,0.0,0.0
2019-09-20 05:00:00,152.06,152.11,151.29,152.04,152.21,152.17,152.16,152.1,152.09,151.03,151.03,151.09,151.17,151.19,0,0.0,0,0.0,0.0,0.0,0.0,0.0
2019-09-20 09:00:00,152.05,152.06,151.2,152.03,152.21,152.17,152.16,152.1,152.09,151.03,151.03,151.09,151.17,151.19,0,0.0,0,0.0,0.0,0.0,0.0,0.0
2019-09-20 13:00:00,152.03,152.11,151.3,152.05,152.21,152.17,152.16,152.1,152.09,151.03,151.03,151.09,151.17,151.19,0,0.0,0,0.0,0.0,0.0,0.0,0.0
2019-09-20 17:00:00,152.05,153.05,152.03,153.01,152.21,152.17,152.16,152.1,152.09,151.03,151.03,151.09,151.17,151.19,09/19/2019 17:00,151.75,0,0.0,151.75,150.75,149.75,0.0
2019-09-20 17:00:00,152.05,153.05,152.03,153.01,152.21,152.17,152.16,152.1,152.09,151.03,151.03,151.09,151.17,151.19,09/19/2019 17:00,151.75,0,0.0,151.75,150.75,149.75,0.0
2019-09-22 21:00:00,152.23,152.23,152.08,152.17,153.23,153.2,153.17,153.14,153.09,151.17,151.19,151.2,152.1,152.16,0,0.0,0,0.0,0.0,0.0,0.0,0.0
2019-09-23 01:00:00,152.16,152.27,152.13,152.23,153.23,153.2,153.17,153.14,153.09,151.17,151.19,151.2,151.3,152.1,0,0.0,0,0.0,0.0,0.0,0.0,0.0
2019-09-23 05:00:00,152.23,153.24,152.01,153.16,153.2,153.17,153.14,153.09,153.05,151.2,151.3,152.03,152.1,152.16,09/19/2019 17:00,151.75,0,0.0,151.75,150.75,149.75,0.0
2019-09-23 05:00:00,152.23,153.24,152.01,153.16,153.2,153.17,153.14,153.09,153.05,151.2,151.3,152.03,152.1,152.16,09/19/2019 17:00,151.75,0,0.0,151.75,150.75,149.75,0.0
2019-09-23 09:00:00,153.16,153.21,153.11,153.14,153.28,153.26,153.23,153.2,153.17,152.03,152.1,152.16,153.05,153.14,09/19/2019 17:00,151.75,0,0.0,151.75,150.75,149.75,0.0
2019-09-23 13:00:00,153.13,154.01,153.09,153.15,153.26,153.23,153.2,153.17,153.14,151.3,152.03,152.1,152.16,153.05,0,0.0,0,0.0,0.0,0.0,0.0,0.0
2019-09-23 17:00:00,153.14,153.18,152.22,152.25,153.28,153.26,153.23,153.2,153.17,152.01,152.03,152.1,152.16,153.05,0,0.0,0,0.0,0.0,0.0,0.0,0.0
2019-09-23 21:00:00,152.28,153.04,152.23,153.02,153.26,153.23,153.2,153.17,153.05,151.3,152.01,152.03,152.1,152.16,0,0.0,0,0.0,0.0,0.0,0.0,0.0
2019-09-24 01:00:00,153.02,153.07,152.31,153.03,153.26,153.23,153.2,153.17,153.05,151.3,152.01,152.03,152.1,152.16,0,0.0,0,0.0,0.0,0.0,0.0,0.0
2019-09-24 05:00:00,153.03,153.1,153.0,153.07,153.23,153.2,153.18,153.17,153.05,152.01,152.03,152.1,152.16,152.22,0,0.0,0,0.0,0.0,0.0,0.0,0.0
2019-09-24 09:00:00,153.06,153.24,152.3,153.21,153.26,153.23,153.2,153.18,153.17,152.03,152.1,152.16,152.22,152.23,09/23/2019 17:00,152.84375,0,0.0,152.84375,151.84375,150.84375,0.0
2019-09-24 09:00:00,153.06,153.24,152.3,153.21,153.26,153.23,153.2,153.18,153.17,152.03,152.1,152.16,152.22,152.23,09/23/2019 17:00,152.84375,0,0.0,152.84375,151.84375,150.84375,0.0
2019-09-24 09:00:00,153.06,153.24,152.3,153.21,153.26,153.23,153.2,153.18,153.17,152.03,152.1,152.16,152.22,152.23,09/23/2019 17:00,152.84375,0,0.0,152.84375,151.84375,150.84375,0.0
2019-09-24 13:00:00,153.21,154.14,153.12,154.13,154.01,153.29,153.28,153.26,153.23,152.22,152.23,153.17,153.18,153.2,09/23/2019 17:00,152.84375,0,0.0,152.84375,151.84375,150.84375,0.0
2019-09-24 13:00:00,153.21,154.14,153.12,154.13,154.01,153.29,153.28,153.26,153.23,152.22,152.23,153.17,153.18,153.2,09/23/2019 17:00,152.84375,0,0.0,152.84375,151.84375,150.84375,0.0
2019-09-24 13:00:00,153.21,154.14,153.12,154.13,154.01,153.29,153.28,153.26,153.23,152.22,152.23,153.17,153.18,153.2,09/23/2019 17:00,152.84375,0,0.0,152.84375,151.84375,150.84375,0.0
2019-09-24 13:00:00,153.21,154.14,153.12,154.13,154.01,153.29,153.28,153.26,153.23,152.22,152.23,153.17,153.18,153.2,09/23/2019 17:00,152.84375,0,0.0,152.84375,151.84375,150.84375,0.0
2019-09-24 13:00:00,153.21,154.14,153.12,154.13,154.01,153.29,153.28,153.26,153.23,152.22,152.23,153.17,153.18,153.2,09/23/2019 17:00,152.84375,0,0.0,152.84375,151.84375,150.84375,0.0
2019-09-24 17:00:00,154.12,154.25,153.31,154.12,154.24,154.23,154.19,154.16,154.14,153.23,153.26,153.28,154.01,154.09,0,0.0,0,0.0,0.0,0.0,0.0,0.0
2019-09-24 21:00:00,154.1,154.26,154.09,154.23,154.24,154.23,154.19,154.16,154.14,153.23,153.26,153.28,154.01,154.09,09/24/2019 17:00,154.59375,0,0.0,154.59375,153.59375,152.59375,0.0
2019-09-24 21:00:00,154.1,154.26,154.09,154.23,154.24,154.23,154.19,154.16,154.14,153.23,153.26,153.28,154.01,154.09,09/24/2019 17:00,154.59375,0,0.0,154.59375,153.59375,152.59375,0.0
2019-09-24 21:00:00,154.1,154.26,154.09,154.23,154.24,154.23,154.19,154.16,154.14,153.23,153.26,153.28,154.01,154.09,09/24/2019 17:00,154.59375,0,0.0,154.59375,153.59375,152.59375,0.0
2019-09-25 01:00:00,154.23,154.27,154.08,154.14,155.08,155.03,154.25,154.25,154.24,154.01,154.09,154.14,154.16,154.19,0,0.0,0,0.0,0.0,0.0,0.0,0.0
2019-09-25 05:00:00,154.15,154.26,154.06,154.2,154.25,154.24,154.23,154.19,154.16,153.28,153.31,154.01,154.09,154.14,0,0.0,0,0.0,0.0,0.0,0.0,0.0
2019-09-25 09:00:00,154.2,154.23,154.1,154.13,155.03,154.25,154.25,154.24,154.23,153.28,153.31,154.01,154.09,154.14,0,0.0,0,0.0,0.0,0.0,0.0,0.0
2019-09-25 13:00:00,154.13,154.19,153.0,153.04,154.27,154.25,154.25,154.24,154.23,153.26,153.28,153.31,154.01,154.09,0,0.0,0,0.0,0.0,0.0,0.0,0.0
2019-09-25 17:00:00,153.04,153.08,152.21,152.21,153.31,153.26,153.18,153.17,153.12,152.1,152.16,152.22,152.23,152.3,0,0.0,0,0.0,0.0,0.0,0.0,0.0
2019-09-25 21:00:00,152.23,153.09,152.22,153.06,153.26,153.18,153.17,153.12,152.3,152.01,152.03,152.1,152.16,152.22,0,0.0,09/25/2019 17:00,154.59375,154.59375,155.59375,156.59375,0.0
2019-09-25 21:00:00,152.23,153.09,152.22,153.06,153.26,153.18,153.17,153.12,152.3,152.01,152.03,152.1,152.16,152.22,0,0.0,09/25/2019 17:00,154.59375,154.59375,155.59375,156.59375,0.0
2019-09-25 21:00:00,152.23,153.09,152.22,153.06,153.26,153.18,153.17,153.12,152.3,152.01,152.03,152.1,152.16,152.22,0,0.0,09/25/2019 17:00,154.59375,154.59375,155.59375,156.59375,0.0
2019-09-26 01:00:00,153.06,153.15,153.06,153.12,153.31,153.26,153.18,153.17,153.12,152.1,152.16,152.22,152.23,152.3,0,0.0,0,0.0,0.0,0.0,0.0,0.0
2019-09-26 05:00:00,153.12,153.18,153.02,153.15,154.01,153.31,153.26,153.18,153.17,152.16,152.21,152.22,152.23,152.3,0,0.0,09/25/2019 17:00,154.59375,154.59375,155.59375,156.59375,0.0
2019-09-26 09:00:00,153.15,153.25,153.01,153.17,154.01,153.31,153.26,153.18,153.17,152.22,152.22,152.23,152.3,153.12,0,0.0,0,0.0,0.0,0.0,0.0,0.0
2019-09-26 13:00:00,153.17,153.28,153.08,153.19,154.09,154.01,153.31,153.26,153.18,152.22,152.22,152.23,152.3,153.12,0,0.0,0,0.0,0.0,0.0,0.0,0.0
2019-09-26 17:00:00,153.19,154.0,153.13,153.19,154.19,154.09,154.01,153.31,153.26,152.22,152.22,152.23,152.3,153.12,0,0.0,0,0.0,0.0,0.0,0.0,0.0
2019-09-26 21:00:00,153.19,153.25,153.15,153.24,154.19,154.09,154.01,153.31,153.26,152.22,152.23,152.3,153.01,153.12,0,0.0,0,0.0,0.0,0.0,0.0,0.0
2019-09-27 01:00:00,153.24,153.24,153.15,153.2,154.19,154.09,154.01,153.31,153.26,152.23,152.3,153.01,153.08,153.12,0,0.0,0,0.0,0.0,0.0,0.0,0.0
2019-09-27 05:00:00,153.2,153.23,153.1,153.14,154.09,154.01,154.0,153.31,153.26,152.3,153.01,153.08,153.12,153.13,0,0.0,0,0.0,0.0,0.0,0.0,0.0
2019-09-27 09:00:00,153.14,153.19,153.0,153.15,154.01,154.0,153.31,153.26,153.25,152.3,153.01,153.08,153.12,153.13,0,0.0,0,0.0,0.0,0.0,0.0,0.0
2019-09-27 13:00:00,153.15,153.27,153.05,153.24,154.0,153.31,153.26,153.25,153.24,152.3,153.01,153.08,153.12,153.13,0,0.0,0,0.0,0.0,0.0,0.0,0.0
2019-09-27 17:00:00,153.24,153.3,153.16,153.24,154.01,154.0,153.31,153.26,153.25,152.3,153.01,153.08,153.12,153.13,0,0.0,0,0.0,0.0,0.0,0.0,0.0
2019-09-29 21:00:00,153.2,153.31,153.14,153.23,154.0,153.31,153.26,153.25,153.24,153.0,153.01,153.08,153.12,153.13,0,0.0,0,0.0,0.0,0.0,0.0,0.0
2019-09-30 01:00:00,153.23,153.25,153.17,153.23,154.0,153.31,153.26,153.25,153.24,153.01,153.05,153.08,153.12,153.13,0,0.0,0,0.0,0.0,0.0,0.0,0.0
2019-09-30 05:00:00,153.23,153.27,153.02,153.09,154.0,153.31,153.26,153.25,153.24,153.01,153.05,153.08,153.12,153.13,0,0.0,0,0.0,0.0,0.0,0.0,0.0
2019-09-30 09:00:00,153.08,153.23,153.06,153.12,153.31,153.26,153.25,153.24,153.13,152.23,152.3,153.0,153.01,153.05,0,0.0,0,0.0,0.0,0.0,0.0,0.0
2019-09-30 13:00:00,153.12,153.24,153.02,153.21,153.31,153.26,153.25,153.24,153.13,152.3,153.0,153.01,153.05,153.08,09/26/2019 17:00,153.8125,0,0.0,153.8125,152.8125,151.8125,0.0
2019-09-30 17:00:00,153.21,154.03,153.19,154.01,153.31,153.27,153.26,153.25,153.24,153.0,153.01,153.05,153.08,153.13,09/26/2019 17:00,153.8125,0,0.0,153.8125,152.8125,151.8125,0.0
2019-09-30 17:00:00,153.21,154.03,153.19,154.01,153.31,153.27,153.26,153.25,153.24,153.0,153.01,153.05,153.08,153.13,09/26/2019 17:00,153.8125,0,0.0,153.8125,152.8125,151.8125,0.0
2019-09-30 17:00:00,153.21,154.03,153.19,154.01,153.31,153.27,153.26,153.25,153.24,153.0,153.01,153.05,153.08,153.13,09/26/2019 17:00,153.8125,0,0.0,153.8125,152.8125,151.8125,0.0
2019-09-30 17:00:00,153.21,154.03,153.19,154.01,153.31,153.27,153.26,153.25,153.24,153.0,153.01,153.05,153.08,153.13,09/26/2019 17:00,153.8125,0,0.0,153.8125,152.8125,151.8125,0.0
2019-09-30 17:00:00,153.21,154.03,153.19,154.01,153.31,153.27,153.26,153.25,153.24,153.0,153.01,153.05,153.08,153.13,09/26/2019 17:00,153.8125,0,0.0,153.8125,152.8125,151.8125,0.0
2019-09-30 17:00:00,153.21,154.03,153.19,154.01,153.31,153.27,153.26,153.25,153.24,153.0,153.01,153.05,153.08,153.13,09/26/2019 17:00,153.8125,0,0.0,153.8125,152.8125,151.8125,0.0
2019-09-30 21:00:00,154.01,154.04,153.24,153.24,154.24,154.23,154.23,154.19,154.09,153.25,153.27,153.31,153.31,154.0,0,0.0,0,0.0,0.0,0.0,0.0,0.0
2019-10-01 01:00:00,153.24,153.25,153.04,153.12,154.01,154.0,153.31,153.27,153.25,153.01,153.02,153.05,153.08,153.13,0,0.0,0,0.0,0.0,0.0,0.0,0.0
2019-10-01 05:00:00,153.12,153.13,152.04,152.1,154.0,153.31,153.27,153.25,153.24,153.0,153.01,153.02,153.05,153.08,0,0.0,0,0.0,0.0,0.0,0.0,0.0
2019-10-01 09:00:00,152.09,152.26,152.05,152.09,153.0,152.22,152.21,152.16,152.1,151.19,151.2,151.3,152.01,152.03,0,0.0,0,0.0,0.0,0.0,0.0,0.0
2019-10-01 13:00:00,152.08,154.28,152.08,154.11,153.0,152.22,152.21,152.16,152.1,151.19,151.2,151.3,152.01,152.03,09/26/2019 17:00,153.8125,0,0.0,153.8125,152.8125,151.8125,0.0
2019-10-01 13:00:00,152.08,154.28,152.08,154.11,153.0,152.22,152.21,152.16,152.1,151.19,151.2,151.3,152.01,152.03,09/26/2019 17:00,153.8125,0,0.0,153.8125,152.8125,151.8125,0.0
2019-10-01 13:00:00,152.08,154.28,152.08,154.11,153.0,152.22,152.21,152.16,152.1,151.19,151.2,151.3,152.01,152.03,09/26/2019 17:00,153.8125,0,0.0,153.8125,152.8125,151.8125,0.0
2019-10-01 13:00:00,152.08,154.28,152.08,154.11,153.0,152.22,152.21,152.16,152.1,151.19,151.2,151.3,152.01,152.03,09/26/2019 17:00,153.8125,0,0.0,153.8125,152.8125,151.8125,0.0
2019-10-01 13:00:00,152.08,154.28,152.08,154.11,153.0,152.22,152.21,152.16,152.1,151.19,151.2,151.3,152.01,152.03,09/26/2019 17:00,153.8125,0,0.0,153.8125,152.8125,151.8125,0.0
2019-10-01 13:00:00,152.08,154.28,152.08,154.11,153.0,152.22,152.21,152.16,152.1,151.19,151.2,151.3,152.01,152.03,09/26/2019 17:00,153.8125,0,0.0,153.8125,152.8125,151.8125,0.0
2019-10-01 13:00:00,152.08,154.28,152.08,154.11,153.0,152.22,152.21,152.16,152.1,151.19,151.2,151.3,152.01,152.03,09/26/2019 17:00,153.8125,0,0.0,153.8125,152.8125,151.8125,0.0
2019-10-01 13:00:00,152.08,154.28,152.08,154.11,153.0,152.22,152.21,152.16,152.1,151.19,151.2,151.3,152.01,152.03,09/26/2019 17:00,153.8125,0,0.0,153.8125,152.8125,151.8125,0.0
2019-10-01 13:00:00,152.08,154.28,152.08,154.11,153.0,152.22,152.21,152.16,152.1,151.19,151.2,151.3,152.01,152.03,09/26/2019 17:00,153.8125,0,0.0,153.8125,152.8125,151.8125,0.0
2019-10-01 17:00:00,154.11,154.16,153.3,154.11,154.25,154.24,154.23,154.23,154.19,153.02,153.05,153.08,153.25,154.04,0,0.0,0,0.0,0.0,0.0,0.0,0.0
2019-10-01 21:00:00,154.12,154.15,154.03,154.03,154.25,154.24,154.23,154.23,154.19,153.02,153.05,153.08,153.25,154.04,0,0.0,0,0.0,0.0,0.0,0.0,0.0
2019-10-02 01:00:00,154.03,154.05,153.23,153.25,154.24,154.23,154.23,154.19,154.04,153.01,153.02,153.05,153.08,153.25,0,0.0,0,0.0,0.0,0.0,0.0,0.0
2019-10-02 05:00:00,153.25,154.14,153.21,154.11,154.23,154.23,154.19,154.16,154.04,153.0,153.01,153.02,153.05,153.08,0,0.0,0,0.0,0.0,0.0,0.0,0.0
2019-10-02 09:00:00,154.1,154.23,154.04,154.15,154.23,154.23,154.19,154.16,154.15,153.01,153.02,153.05,153.08,153.25,0,0.0,0,0.0,0.0,0.0,0.0,0.0
2019-10-02 13:00:00,154.16,155.05,154.08,155.04,154.25,154.24,154.23,154.23,154.19,153.02,153.05,153.08,153.25,154.15,09/26/2019 17:00,153.8125,0,0.0,153.8125,152.8125,151.8125,0.0
2019-10-02 13:00:00,154.16,155.05,154.08,155.04,154.25,154.24,154.23,154.23,154.19,153.02,153.05,153.08,153.25,154.15,09/26/2019 17:00,153.8125,0,0.0,153.8125,152.8125,151.8125,0.0
2019-10-02 13:00:00,154.16,155.05,154.08,155.04,154.25,154.24,154.23,154.23,154.19,153.02,153.05,153.08,153.25,154.15,09/26/2019 17:00,153.8125,0,0.0,153.8125,152.8125,151.8125,0.0
2019-10-02 13:00:00,154.16,155.05,154.08,155.04,154.25,154.24,154.23,154.23,154.19,153.02,153.05,153.08,153.25,154.15,09/26/2019 17:00,153.8125,0,0.0,153.8125,152.8125,151.8125,0.0
2019-10-02 13:00:00,154.16,155.05,154.08,155.04,154.25,154.24,154.23,154.23,154.19,153.02,153.05,153.08,153.25,154.15,09/26/2019 17:00,153.8125,0,0.0,153.8125,152.8125,151.8125,0.0
2019-10-02 13:00:00,154.16,155.05,154.08,155.04,154.25,154.24,154.23,154.23,154.19,153.02,153.05,153.08,153.25,154.15,09/26/2019 17:00,153.8125,0,0.0,153.8125,152.8125,151.8125,0.0
2019-10-02 13:00:00,154.16,155.05,154.08,155.04,154.25,154.24,154.23,154.23,154.19,153.02,153.05,153.08,153.25,154.15,09/26/2019 17:00,153.8125,0,0.0,153.8125,152.8125,151.8125,0.0
2019-10-02 13:00:00,154.16,155.05,154.08,155.04,154.25,154.24,154.23,154.23,154.19,153.02,153.05,153.08,153.25,154.15,09/26/2019 17:00,153.8125,0,0.0,153.8125,152.8125,151.8125,0.0
2019-10-02 13:00:00,154.16,155.05,154.08,155.04,154.25,154.24,154.23,154.23,154.19,153.02,153.05,153.08,153.25,154.15,09/26/2019 17:00,153.8125,0,0.0,153.8125,152.8125,151.8125,0.0
2019-10-02 13:00:00,154.16,155.05,154.08,155.04,154.25,154.24,154.23,154.23,154.19,153.02,153.05,153.08,153.25,154.15,09/26/2019 17:00,153.8125,0,0.0,153.8125,152.8125,151.8125,0.0
2019-10-02 17:00:00,155.05,155.05,154.21,154.26,155.29,155.27,155.26,155.16,155.08,154.25,154.26,154.27,154.28,155.03,09/26/2019 17:00,153.8125,0,0.0,153.8125,152.8125,151.8125,0.0
2019-10-02 21:00:00,154.25,155.07,154.24,155.04,155.08,155.03,154.28,154.27,154.26,154.16,154.19,154.23,154.23,154.24,0,0.0,0,0.0,0.0,0.0,0.0,0.0
2019-10-03 01:00:00,155.04,155.05,154.3,155.03,155.29,155.27,155.26,155.16,155.08,154.23,154.23,154.24,154.25,154.26,0,0.0,0,0.0,0.0,0.0,0.0,0.0
2019-10-03 05:00:00,155.03,155.14,155.0,155.06,155.29,155.27,155.26,155.16,155.08,154.23,154.23,154.24,154.25,154.26,0,0.0,0,0.0,0.0,0.0,0.0,0.0
2019-10-03 09:00:00,155.06,155.15,155.0,155.06,155.29,155.27,155.26,155.16,155.08,154.23,154.24,154.24,154.25,154.26,0,0.0,0,0.0,0.0,0.0,0.0,0.0
2019-10-03 13:00:00,155.06,156.16,154.29,155.26,155.29,155.27,155.26,155.16,155.08,154.24,154.24,154.25,154.26,154.3,10/02/2019 17:00,154.65625,0,0.0,154.65625,153.65625,152.65625,0.0
2019-10-03 13:00:00,155.06,156.16,154.29,155.26,155.29,155.27,155.26,155.16,155.08,154.24,154.24,154.25,154.26,154.3,10/02/2019 17:00,154.65625,0,0.0,154.65625,153.65625,152.65625,0.0
2019-10-03 17:00:00,155.26,156.03,155.21,155.31,156.02,156.01,155.31,155.29,155.27,154.25,154.26,154.3,155.08,155.16,10/02/2019 17:00,154.65625,0,0.0,154.65625,153.65625,152.65625,0.0
2019-10-03 17:00:00,155.26,156.03,155.21,155.31,156.02,156.01,155.31,155.29,155.27,154.25,154.26,154.3,155.08,155.16,10/02/2019 17:00,154.65625,0,0.0,154.65625,153.65625,152.65625,0.0
2019-10-03 21:00:00,155.29,156.01,155.28,155.29,156.05,156.05,156.02,156.01,155.31,154.26,154.3,155.08,155.16,155.27,0,0.0,0,0.0,0.0,0.0,0.0,0.0
2019-10-04 01:00:00,155.29,155.31,155.27,155.3,156.05,156.05,156.02,156.01,155.31,154.29,154.3,155.08,155.16,155.27,0,0.0,0,0.0,0.0,0.0,0.0,0.0
2019-10-04 05:00:00,155.3,156.1,155.23,156.1,156.05,156.03,156.02,156.01,155.31,155.08,155.16,155.21,155.27,155.29,10/03/2019 17:00,154.84375,0,0.0,154.84375,153.84375,152.84375,0.0
2019-10-04 05:00:00,155.3,156.1,155.23,156.1,156.05,156.03,156.02,156.01,155.31,155.08,155.16,155.21,155.27,155.29,10/03/2019 17:00,154.84375,0,0.0,154.84375,153.84375,152.84375,0.0
2019-10-04 05:00:00,155.3,156.1,155.23,156.1,156.05,156.03,156.02,156.01,155.31,155.08,155.16,155.21,155.27,155.29,10/03/2019 17:00,154.84375,0,0.0,154.84375,153.84375,152.84375,0.0
2019-10-04 05:00:00,155.3,156.1,155.23,156.1,156.05,156.03,156.02,156.01,155.31,155.08,155.16,155.21,155.27,155.29,10/03/2019 17:00,154.84375,0,0.0,154.84375,153.84375,152.84375,0.0
2019-10-04 05:00:00,155.3,156.1,155.23,156.1,156.05,156.03,156.02,156.01,155.31,155.08,155.16,155.21,155.27,155.29,10/03/2019 17:00,154.84375,0,0.0,154.84375,153.84375,152.84375,0.0
2019-10-04 05:00:00,155.3,156.1,155.23,156.1,156.05,156.03,156.02,156.01,155.31,155.08,155.16,155.21,155.27,155.29,10/03/2019 17:00,154.84375,0,0.0,154.84375,153.84375,152.84375,0.0
2019-10-04 05:00:00,155.3,156.1,155.23,156.1,156.05,156.03,156.02,156.01,155.31,155.08,155.16,155.21,155.27,155.29,10/03/2019 17:00,154.84375,0,0.0,154.84375,153.84375,152.84375,0.0
2019-10-04 05:00:00,155.3,156.1,155.23,156.1,156.05,156.03,156.02,156.01,155.31,155.08,155.16,155.21,155.27,155.29,10/03/2019 17:00,154.84375,0,0.0,154.84375,153.84375,152.84375,0.0
2019-10-04 09:00:00,156.09,156.2,155.22,155.25,156.2,156.18,156.16,156.16,156.14,156.03,156.05,156.05,156.08,156.08,0,0.0,0,0.0,0.0,0.0,0.0,0.0
2019-10-04 13:00:00,155.26,156.2,155.26,156.16,156.05,156.03,156.01,155.29,155.27,154.29,154.3,155.08,155.16,155.21,10/03/2019 17:00,154.84375,0,0.0,154.84375,153.84375,152.84375,0.0
2019-10-04 13:00:00,155.26,156.2,155.26,156.16,156.05,156.03,156.01,155.29,155.27,154.29,154.3,155.08,155.16,155.21,10/03/2019 17:00,154.84375,0,0.0,154.84375,153.84375,152.84375,0.0
2019-10-04 13:00:00,155.26,156.2,155.26,156.16,156.05,156.03,156.01,155.29,155.27,154.29,154.3,155.08,155.16,155.21,10/03/2019 17:00,154.84375,0,0.0,154.84375,153.84375,152.84375,0.0
2019-10-04 17:00:00,156.16,156.22,156.07,156.08,157.1,157.06,156.25,156.2,156.18,154.3,155.08,155.16,155.21,156.14,0,0.0,0,0.0,0.0,0.0,0.0,0.0
2019-10-06 21:00:00,156.19,156.22,156.09,156.18,157.12,157.1,157.06,156.25,156.2,155.22,156.14,156.16,156.16,156.18,10/04/2019 17:00,156.25,0,0.0,156.25,155.25,154.25,180.06
2019-10-06 21:00:00,156.19,156.22,156.09,156.18,157.12,157.1,157.06,156.25,156.2,155.22,156.14,156.16,156.16,156.18,10/04/2019 17:00,156.25,0,0.0,156.25,155.25,154.25,180.06
2019-10-07 01:00:00,156.18,156.24,156.11,156.11,157.12,157.1,157.06,156.25,156.2,155.21,155.22,155.26,156.16,156.16,0,0.0,0,0.0,0.0,0.0,0.0,0.0
2019-10-07 05:00:00,156.11,156.19,156.05,156.12,157.06,156.25,156.2,156.18,156.16,155.16,155.21,155.22,155.26,156.07,0,0.0,0,0.0,0.0,0.0,0.0,0.0
2019-10-07 09:00:00,156.12,156.13,155.29,155.3,157.06,156.25,156.2,156.18,156.16,155.16,155.21,155.22,155.26,156.07,0,0.0,0,0.0,0.0,0.0,0.0,0.0
2019-10-07 13:00:00,155.29,156.09,155.27,156.01,156.24,156.2,156.18,156.16,156.07,155.08,155.16,155.21,155.22,155.26,0,0.0,0,0.0,0.0,0.0,0.0,0.0
2019-10-07 17:00:00,156.01,156.05,155.2,155.26,156.2,156.19,156.18,156.16,156.07,155.08,155.16,155.21,155.22,155.26,0,0.0,0,0.0,0.0,0.0,0.0,0.0
2019-10-07 21:00:00,155.26,155.28,155.17,155.18,156.19,156.18,156.16,156.13,156.07,154.3,155.08,155.16,155.21,155.22,0,0.0,0,0.0,0.0,0.0,0.0,0.0
2019-10-08 01:00:00,155.18,155.23,155.03,155.09,156.09,156.07,155.26,155.22,155.21,154.26,154.29,154.3,155.08,155.16,0,0.0,0,0.0,0.0,0.0,0.0,0.0
2019-10-08 05:00:00,155.09,155.31,155.03,155.28,156.07,156.05,155.26,155.22,155.21,154.25,154.26,154.29,154.3,155.08,0,0.0,10/07/2019 17:00,156.25,156.25,157.25,158.25,147.21
2019-10-08 05:00:00,155.09,155.31,155.03,155.28,156.07,156.05,155.26,155.22,155.21,154.25,154.26,154.29,154.3,155.08,0,0.0,10/07/2019 17:00,156.25,156.25,157.25,158.25,147.21
2019-10-08 05:00:00,155.09,155.31,155.03,155.28,156.07,156.05,155.26,155.22,155.21,154.25,154.26,154.29,154.3,155.08,0,0.0,10/07/2019 17:00,156.25,156.25,157.25,158.25,147.21
2019-10-08 09:00:00,155.28,156.21,155.27,156.12,156.16,156.13,156.09,156.07,156.05,154.3,155.08,155.21,155.22,155.26,0,0.0,10/07/2019 17:00,156.25,156.25,157.25,158.25,147.21
2019-10-08 09:00:00,155.28,156.21,155.27,156.12,156.16,156.13,156.09,156.07,156.05,154.3,155.08,155.21,155.22,155.26,0,0.0,10/07/2019 17:00,156.25,156.25,157.25,158.25,147.21
2019-10-08 09:00:00,155.28,156.21,155.27,156.12,156.16,156.13,156.09,156.07,156.05,154.3,155.08,155.21,155.22,155.26,0,0.0,10/07/2019 17:00,156.25,156.25,157.25,158.25,147.21
2019-10-08 13:00:00,156.13,156.24,156.07,156.1,156.24,156.2,156.19,156.18,156.16,155.22,155.26,156.05,156.07,156.09,0,0.0,0,0.0,0.0,0.0,0.0,0.0
2019-10-08 17:00:00,156.1,156.19,155.24,156.07,156.2,156.19,156.18,156.16,156.13,155.22,155.26,156.05,156.07,156.09,0,0.0,0,0.0,0.0,0.0,0.0,0.0
2019-10-08 21:00:00,156.07,156.09,156.01,156.01,156.19,156.18,156.16,156.13,156.09,155.08,155.21,155.22,155.26,156.05,0,0.0,0,0.0,0.0,0.0,0.0,0.0
2019-10-09 01:00:00,156.01,156.04,155.3,156.03,156.18,156.16,156.13,156.09,156.05,155.03,155.08,155.21,155.22,155.26,0,0.0,0,0.0,0.0,0.0,0.0,0.0
2019-10-09 05:00:00,156.03,156.09,155.26,156.0,156.18,156.16,156.13,156.09,156.05,155.08,155.21,155.22,155.24,155.26,0,0.0,0,0.0,0.0,0.0,0.0,0.0
2019-10-09 09:00:00,156.0,156.02,155.13,155.24,156.18,156.16,156.13,156.09,156.05,155.08,155.21,155.22,155.24,155.26,0,0.0,0,0.0,0.0,0.0,0.0,0.0
2019-10-09 13:00:00,155.24,155.28,155.0,155.01,156.18,156.16,156.13,156.09,156.05,154.3,155.03,155.08,155.21,155.22,0,0.0,0,0.0,0.0,0.0,0.0,0.0
2019-10-09 17:00:00,155.01,155.18,154.31,155.03,156.09,156.05,155.24,155.08,155.03,154.24,154.25,154.26,154.29,154.3,0,0.0,0,0.0,0.0,0.0,0.0,0.0
2019-10-09 21:00:00,155.06,155.28,155.04,155.2,156.09,156.05,156.02,155.24,155.08,154.25,154.26,154.29,154.3,155.03,10/08/2019 17:00,156.03125,0,0.0,156.03125,155.03125,154.03125,0.0
2019-10-10 01:00:00,155.2,155.22,154.28,155.1,156.09,156.09,156.05,156.02,155.24,154.25,154.26,154.29,154.3,155.03,0,0.0,0,0.0,0.0,0.0,0.0,0.0
2019-10-10 05:00:00,155.1,155.16,154.31,155.09,156.09,156.09,156.05,156.02,155.24,154.25,154.26,154.29,154.3,155.03,0,0.0,0,0.0,0.0,0.0,0.0,0.0
2019-10-10 09:00:00,155.08,155.09,154.11,154.17,156.09,156.05,156.02,155.28,155.24,154.25,154.26,154.29,154.3,155.03,0,0.0,0,0.0,0.0,0.0,0.0,0.0
2019-10-10 13:00:00,154.18,154.26,153.14,153.16,154.25,154.24,154.23,154.21,154.19,153.25,154.04,154.08,154.15,154.16,0,0.0,0,0.0,0.0,0.0,0.0,0.0
2019-10-10 17:00:00,153.17,154.03,153.16,153.18,154.15,154.08,154.04,153.25,153.21,153.0,153.01,153.02,153.05,153.08,0,0.0,0,0.0,0.0,0.0,0.0,0.0
2019-10-10 21:00:00,153.19,153.26,153.15,153.15,154.15,154.08,154.04,153.25,153.21,153.0,153.01,153.02,153.05,153.08,0,0.0,0,0.0,0.0,0.0,0.0,0.0
2019-10-11 01:00:00,153.16,153.21,153.14,153.18,154.15,154.08,154.04,153.25,153.21,153.01,153.02,153.05,153.08,153.14,0,0.0,0,0.0,0.0,0.0,0.0,0.0
2019-10-11 05:00:00,153.18,154.04,153.15,153.19,154.08,154.04,154.03,153.25,153.21,153.01,153.02,153.05,153.08,153.14,0,0.0,0,0.0,0.0,0.0,0.0,0.0
2019-10-11 09:00:00,153.19,153.21,152.21,152.29,154.08,154.04,154.03,153.25,153.21,153.01,153.02,153.05,153.08,153.14,0,0.0,0,0.0,0.0,0.0,0.0,0.0
2019-10-11 13:00:00,152.29,153.04,151.19,152.06,154.04,154.03,153.25,153.21,153.14,152.04,152.05,152.08,152.21,152.22,0,0.0,0,0.0,0.0,0.0,0.0,0.0
2019-10-11 17:00:00,152.06,152.1,151.22,152.07,154.03,153.25,153.21,153.14,152.08,151.3,152.01,152.03,152.04,152.05,0,0.0,0,0.0,0.0,0.0,0.0,0.0
2019-10-13 21:00:00,152.09,152.12,152.0,152.11,154.03,153.25,153.21,153.21,153.14,152.01,152.03,152.04,152.05,152.08,0,0.0,10/11/2019 17:00,152.03125,152.03125,153.03125,154.03125,0.0
2019-10-14 01:00:00,152.11,152.16,152.07,152.11,153.25,153.21,153.21,153.14,153.04,152.01,152.03,152.04,152.05,152.08,0,0.0,0,0.0,0.0,0.0,0.0,0.0
2019-10-14 05:00:00,152.11,152.3,152.11,152.24,153.25,153.21,153.21,153.14,153.04,152.01,152.03,152.04,152.05,152.08,0,0.0,0,0.0,0.0,0.0,0.0,0.0
2019-10-14 09:00:00,152.24,153.09,152.21,152.27,153.25,153.21,153.21,153.14,153.04,152.01,152.03,152.04,152.05,152.08,0,0.0,0,0.0,0.0,0.0,0.0,0.0
2019-10-14 13:00:00,152.27,152.27,152.14,152.22,153.25,153.21,153.21,153.14,153.04,152.03,152.04,152.05,152.07,152.08,0,0.0,0,0.0,0.0,0.0,0.0,0.0
2019-10-14 17:00:00,152.22,152.24,152.17,152.23,153.25,153.21,153.21,153.14,153.04,152.04,152.05,152.07,152.08,152.11,0,0.0,0,0.0,0.0,0.0,0.0,0.0
2019-10-14 21:00:00,152.25,153.0,152.16,152.26,153.21,153.21,153.14,153.09,153.04,152.04,152.05,152.07,152.08,152.11,0,0.0,0,0.0,0.0,0.0,0.0,0.0
2019-10-15 01:00:00,152.26,153.07,152.24,153.01,153.21,153.21,153.14,153.09,153.04,152.05,152.07,152.08,152.11,152.14,0,0.0,0,0.0,0.0,0.0,0.0,0.0
2019-10-15 05:00:00,153.01,153.06,152.22,153.04,153.21,153.21,153.14,153.09,153.04,152.05,152.07,152.08,152.11,152.14,0,0.0,0,0.0,0.0,0.0,0.0,0.0
2019-10-15 09:00:00,153.04,153.08,152.19,152.19,153.25,153.21,153.21,153.14,153.09,152.07,152.08,152.11,152.14,152.16,0,0.0,0,0.0,0.0,0.0,0.0,0.0
2019-10-15 13:00:00,152.19,152.22,151.17,151.2,153.21,153.21,153.14,153.09,153.04,152.07,152.08,152.11,152.14,152.16,0,0.0,0,0.0,0.0,0.0,0.0,0.0
2019-10-15 17:00:00,151.2,151.21,151.08,151.12,152.03,152.01,152.0,151.3,151.22,151.03,151.09,151.17,151.19,151.19,0,0.0,0,0.0,0.0,0.0,0.0,0.0
2019-10-15 21:00:00,151.16,151.28,151.13,151.22,151.22,151.2,151.19,151.19,151.17,150.27,151.02,151.03,151.03,151.09,0,0.0,10/15/2019 17:00,151.75,151.75,152.75,153.75,0.0
2019-10-15 21:00:00,151.16,151.28,151.13,151.22,151.22,151.2,151.19,151.19,151.17,150.27,151.02,151.03,151.03,151.09,0,0.0,10/15/2019 17:00,151.75,151.75,152.75,153.75,0.0
2019-10-15 21:00:00,151.16,151.28,151.13,151.22,151.22,151.2,151.19,151.19,151.17,150.27,151.02,151.03,151.03,151.09,0,0.0,10/15/2019 17:00,151.75,151.75,152.75,153.75,0.0
2019-10-15 21:00:00,151.16,151.28,151.13,151.22,151.22,151.2,151.19,151.19,151.17,150.27,151.02,151.03,151.03,151.09,0,0.0,10/15/2019 17:00,151.75,151.75,152.75,153.75,0.0
2019-10-16 01:00:00,151.21,151.29,151.21,151.26,152.03,152.01,152.0,151.3,151.22,151.09,151.17,151.19,151.19,151.2,0,0.0,10/15/2019 17:00,151.75,151.75,152.75,153.75,0.0
2019-10-16 05:00:00,151.25,152.1,151.18,152.02,152.04,152.03,152.01,152.0,151.3,151.17,151.19,151.19,151.2,151.22,0,0.0,10/15/2019 17:00,151.75,151.75,152.75,153.75,0.0
2019-10-16 05:00:00,151.25,152.1,151.18,152.02,152.04,152.03,152.01,152.0,151.3,151.17,151.19,151.19,151.2,151.22,0,0.0,10/15/2019 17:00,151.75,151.75,152.75,153.75,0.0
2019-10-16 09:00:00,152.02,152.11,151.18,151.25,152.11,152.07,152.05,152.04,152.03,151.2,151.22,151.3,152.0,152.01,0,0.0,0,0.0,0.0,0.0,0.0,0.0
2019-10-16 13:00:00,151.24,151.31,151.1,151.26,152.11,152.07,152.05,152.04,152.03,151.17,151.19,151.19,151.2,151.22,0,0.0,0,0.0,0.0,0.0,0.0,0.0
2019-10-16 17:00:00,151.25,151.3,151.19,151.3,152.11,152.07,152.05,152.04,152.03,151.17,151.19,151.19,151.2,151.22,0,0.0,0,0.0,0.0,0.0,0.0,0.0
2019-10-16 21:00:00,151.3,152.06,151.3,152.05,152.11,152.07,152.05,152.04,152.03,151.17,151.19,151.19,151.2,151.22,10/16/2019 17:00,151.75,0,0.0,151.75,150.75,149.75,0.0
2019-10-16 21:00:00,151.3,152.06,151.3,152.05,152.11,152.07,152.05,152.04,152.03,151.17,151.19,151.19,151.2,151.22,10/16/2019 17:00,151.75,0,0.0,151.75,150.75,149.75,0.0
2019-10-17 01:00:00,152.04,152.05,151.29,152.0,152.14,152.11,152.11,152.07,152.05,151.19,151.19,151.2,151.22,152.03,0,0.0,0,0.0,0.0,0.0,0.0,0.0
2019-10-17 05:00:00,152.0,152.08,151.2,151.27,152.14,152.11,152.11,152.07,152.05,151.19,151.19,151.19,151.2,151.22,0,0.0,0,0.0,0.0,0.0,0.0,0.0
2019-10-17 09:00:00,151.26,151.29,150.27,151.23,152.14,152.11,152.11,152.07,152.05,151.19,151.19,151.19,151.2,151.22,0,0.0,0,0.0,0.0,0.0,0.0,0.0
2019-10-17 13:00:00,151.23,152.07,151.11,152.04,152.14,152.11,152.11,152.07,152.05,151.19,151.19,151.19,151.2,151.22,10/16/2019 17:00,151.75,0,0.0,151.75,150.75,149.75,0.0
2019-10-17 17:00:00,152.03,152.04,151.19,151.25,152.11,152.11,152.08,152.07,152.05,151.19,151.19,151.19,151.2,151.22,0,0.0,0,0.0,0.0,0.0,0.0,0.0
2019-10-17 21:00:00,151.27,152.0,151.23,151.3,152.11,152.11,152.08,152.07,152.05,151.19,151.19,151.19,151.2,151.22,0,0.0,0,0.0,0.0,0.0,0.0,0.0
2019-10-18 01:00:00,151.31,152.02,151.28,152.0,152.11,152.08,152.07,152.07,152.05,151.19,151.19,151.19,151.2,151.22,0,0.0,0,0.0,0.0,0.0,0.0,0.0
2019-10-18 05:00:00,152.0,152.01,151.13,151.15,152.08,152.07,152.07,152.05,152.04,151.19,151.19,151.19,151.2,151.22,0,0.0,0,0.0,0.0,0.0,0.0,0.0
2019-10-18 09:00:00,151.16,151.29,151.08,151.26,152.07,152.05,152.04,151.19,151.19,151.08,151.09,151.1,151.11,151.13,10/16/2019 17:00,151.75,0,0.0,151.75,150.75,149.75,0.0
2019-10-18 09:00:00,151.16,151.29,151.08,151.26,152.07,152.05,152.04,151.19,151.19,151.08,151.09,151.1,151.11,151.13,10/16/2019 17:00,151.75,0,0.0,151.75,150.75,149.75,0.0
2019-10-18 13:00:00,151.27,152.07,151.2,152.02,152.07,152.07,152.05,152.04,152.02,151.1,151.11,151.13,151.19,151.19,0,0.0,0,0.0,0.0,0.0,0.0,0.0
2019-10-18 17:00:00,152.02,152.02,151.2,151.21,152.08,152.07,152.07,152.05,152.04,151.1,151.11,151.13,151.19,151.19,0,0.0,0,0.0,0.0,0.0,0.0,0.0
2019-10-20 21:00:00,151.29,152.0,151.25,151.26,152.07,152.07,152.05,152.04,152.02,151.1,151.11,151.13,151.19,151.19,0,0.0,0,0.0,0.0,0.0,0.0,0.0
2019-10-21 01:00:00,151.26,151.26,151.18,151.19,152.07,152.07,152.05,152.04,152.02,151.1,151.11,151.13,151.19,151.19,0,0.0,0,0.0,0.0,0.0,0.0,0.0
2019-10-21 05:00:00,151.18,151.25,150.27,150.31,152.04,152.02,152.02,151.19,151.19,151.08,151.09,151.1,151.11,151.13,0,0.0,0,0.0,0.0,0.0,0.0,0.0
2019-10-21 09:00:00,151.0,151.1,150.26,151.0,151.08,151.08,151.03,151.03,151.02,150.08,150.23,150.23,150.27,150.27,0,0.0,0,0.0,0.0,0.0,0.0,0.0
2019-10-21 13:00:00,151.01,151.09,150.23,150.23,151.08,151.08,151.03,151.03,151.02,150.08,150.23,150.23,150.27,150.27,0,0.0,0,0.0,0.0,0.0,0.0,0.0
2019-10-21 17:00:00,150.23,151.01,150.22,150.25,151.03,151.03,151.02,150.27,150.27,149.15,149.2,150.03,150.05,150.08,0,0.0,0,0.0,0.0,0.0,0.0,0.0
2019-10-21 21:00:00,150.26,150.29,150.19,150.23,151.03,151.03,151.02,150.27,150.27,150.03,150.05,150.08,150.23,150.23,0,0.0,0,0.0,0.0,0.0,0.0,0.0
2019-10-22 01:00:00,150.23,150.25,150.19,150.24,151.03,151.03,151.02,150.27,150.27,149.15,149.2,150.03,150.05,150.08,0,0.0,0,0.0,0.0,0.0,0.0,0.0
2019-10-22 05:00:00,150.24,151.16,150.22,151.11,151.03,151.02,151.01,150.27,150.27,150.03,150.05,150.08,150.23,150.23,0,0.0,10/21/2019 17:00,151.0625,151.0625,152.0625,153.0625,0.0
2019-10-22 05:00:00,150.24,151.16,150.22,151.11,151.03,151.02,151.01,150.27,150.27,150.03,150.05,150.08,150.23,150.23,0,0.0,10/21/2019 17:00,151.0625,151.0625,152.0625,153.0625,0.0
2019-10-22 05:00:00,150.24,151.16,150.22,151.11,151.03,151.02,151.01,150.27,150.27,150.03,150.05,150.08,150.23,150.23,0,0.0,10/21/2019 17:00,151.0625,151.0625,152.0625,153.0625,0.0
2019-10-22 05:00:00,150.24,151.16,150.22,151.11,151.03,151.02,151.01,150.27,150.27,150.03,150.05,150.08,150.23,150.23,0,0.0,10/21/2019 17:00,151.0625,151.0625,152.0625,153.0625,0.0
2019-10-22 05:00:00,150.24,151.16,150.22,151.11,151.03,151.02,151.01,150.27,150.27,150.03,150.05,150.08,150.23,150.23,0,0.0,10/21/2019 17:00,151.0625,151.0625,152.0625,153.0625,0.0
2019-10-22 05:00:00,150.24,151.16,150.22,151.11,151.03,151.02,151.01,150.27,150.27,150.03,150.05,150.08,150.23,150.23,0,0.0,10/21/2019 17:00,151.0625,151.0625,152.0625,153.0625,0.0
2019-10-22 05:00:00,150.24,151.16,150.22,151.11,151.03,151.02,151.01,150.27,150.27,150.03,150.05,150.08,150.23,150.23,0,0.0,10/21/2019 17:00,151.0625,151.0625,152.0625,153.0625,0.0
2019-10-22 05:00:00,150.24,151.16,150.22,151.11,151.03,151.02,151.01,150.27,150.27,150.03,150.05,150.08,150.23,150.23,0,0.0,10/21/2019 17:00,151.0625,151.0625,152.0625,153.0625,0.0
2019-10-22 05:00:00,150.24,151.16,150.22,151.11,151.03,151.02,151.01,150.27,150.27,150.03,150.05,150.08,150.23,150.23,0,0.0,10/21/2019 17:00,151.0625,151.0625,152.0625,153.0625,0.0
2019-10-22 05:00:00,150.24,151.16,150.22,151.11,151.03,151.02,151.01,150.27,150.27,150.03,150.05,150.08,150.23,150.23,0,0.0,10/21/2019 17:00,151.0625,151.0625,152.0625,153.0625,0.0
2019-10-22 09:00:00,151.12,151.17,151.02,151.16,152.02,152.0,151.26,151.25,151.13,151.09,151.09,151.1,151.1,151.11,0,0.0,10/21/2019 17:00,151.0625,151.0625,152.0625,153.0625,0.0
2019-10-22 09:00:00,151.12,151.17,151.02,151.16,152.02,152.0,151.26,151.25,151.13,151.09,151.09,151.1,151.1,151.11,0,0.0,10/21/2019 17:00,151.0625,151.0625,152.0625,153.0625,0.0
2019-10-22 09:00:00,151.12,151.17,151.02,151.16,152.02,152.0,151.26,151.25,151.13,151.09,151.09,151.1,151.1,151.11,0,0.0,10/21/2019 17:00,151.0625,151.0625,152.0625,153.0625,0.0
2019-10-22 09:00:00,151.12,151.17,151.02,151.16,152.02,152.0,151.26,151.25,151.13,151.09,151.09,151.1,151.1,151.11,0,0.0,10/21/2019 17:00,151.0625,151.0625,152.0625,153.0625,0.0
2019-10-22 13:00:00,151.17,151.19,151.0,151.02,152.02,152.02,152.0,151.26,151.25,151.09,151.1,151.1,151.11,151.13,0,0.0,0,0.0,0.0,0.0,0.0,0.0
2019-10-22 17:00:00,151.02,151.21,150.27,151.18,152.0,151.26,151.25,151.1,151.09,150.23,150.23,150.27,150.27,151.01,0,0.0,0,0.0,0.0,0.0,0.0,0.0
2019-10-22 21:00:00,151.21,151.28,151.19,151.21,152.02,152.02,152.0,151.26,151.25,150.23,150.27,150.27,151.01,151.02,0,0.0,0,0.0,0.0,0.0,0.0,0.0
2019-10-23 01:00:00,151.21,151.29,151.19,151.23,152.02,152.02,152.0,151.26,151.25,150.23,150.27,150.27,151.01,151.02,0,0.0,0,0.0,0.0,0.0,0.0,0.0
2019-10-23 05:00:00,151.23,152.02,151.17,152.01,152.02,152.02,152.0,151.26,151.25,150.27,150.27,150.27,151.01,151.02,10/22/2019 17:00,151.0625,0,0.0,151.0625,150.0625,149.0625,0.0
2019-10-23 05:00:00,151.23,152.02,151.17,152.01,152.02,152.02,152.0,151.26,151.25,150.27,150.27,150.27,151.01,151.02,10/22/2019 17:00,151.0625,0,0.0,151.0625,150.0625,149.0625,0.0
2019-10-23 05:00:00,151.23,152.02,151.17,152.01,152.02,152.02,152.0,151.26,151.25,150.27,150.27,150.27,151.01,151.02,10/22/2019 17:00,151.0625,0,0.0,151.0625,150.0625,149.0625,0.0
2019-10-23 09:00:00,152.01,152.06,151.25,152.0,152.07,152.05,152.04,152.02,152.02,151.01,151.02,151.25,151.26,152.0,0,0.0,0,0.0,0.0,0.0,0.0,0.0
2019-10-23 13:00:00,152.0,152.07,151.24,151.26,152.07,152.05,152.04,152.02,152.02,150.27,151.01,151.02,151.25,151.26,0,0.0,0,0.0,0.0,0.0,0.0,0.0
2019-10-23 17:00:00,151.27,151.29,151.15,151.19,152.05,152.04,152.02,152.02,152.0,151.01,151.02,151.17,151.25,151.26,0,0.0,0,0.0,0.0,0.0,0.0,0.0
2019-10-23 21:00:00,151.2,151.21,151.17,151.2,152.02,152.02,152.0,151.26,151.25,150.27,150.27,151.01,151.02,151.17,0,0.0,0,0.0,0.0,0.0,0.0,0.0
2019-10-24 01:00:00,151.19,151.22,151.18,151.21,152.02,152.02,152.0,151.26,151.25,150.27,150.27,151.01,151.02,151.17,0,0.0,0,0.0,0.0,0.0,0.0,0.0
2019-10-24 05:00:00,151.2,151.3,151.05,151.23,152.02,152.0,151.29,151.26,151.25,150.27,151.01,151.02,151.15,151.17,0,0.0,0,0.0,0.0,0.0,0.0,0.0
2019-10-24 09:00:00,151.24,151.29,151.1,151.11,152.02,152.0,151.29,151.26,151.25,150.27,151.01,151.02,151.15,151.17,0,0.0,0,0.0,0.0,0.0,0.0,0.0
2019-10-24 13:00:00,151.1,152.05,151.08,151.31,151.29,151.26,151.25,151.17,151.15,150.27,150.27,150.27,151.01,151.02,10/22/2019 17:00,151.0625,0,0.0,151.0625,150.0625,149.0625,0.0
2019-10-24 13:00:00,151.1,152.05,151.08,151.31,151.29,151.26,151.25,151.17,151.15,150.27,150.27,150.27,151.01,151.02,10/22/2019 17:00,151.0625,0,0.0,151.0625,150.0625,149.0625,0.0
2019-10-24 13:00:00,151.1,152.05,151.08,151.31,151.29,151.26,151.25,151.17,151.15,150.27,150.27,150.27,151.01,151.02,10/22/2019 17:00,151.0625,0,0.0,151.0625,150.0625,149.0625,0.0
2019-10-24 17:00:00,151.3,152.02,151.11,151.15,152.05,152.04,152.02,152.02,152.0,151.02,151.05,151.15,151.17,151.29,0,0.0,0,0.0,0.0,0.0,0.0,0.0
2019-10-24 21:00:00,151.17,151.24,151.17,151.21,152.04,152.02,152.02,152.0,151.29,150.27,151.01,151.02,151.05,151.15,0,0.0,0,0.0,0.0,0.0,0.0,0.0
2019-10-25 01:00:00,151.22,151.25,151.21,151.23,152.04,152.02,152.02,152.0,151.29,151.01,151.02,151.05,151.08,151.15,0,0.0,0,0.0,0.0,0.0,0.0,0.0
2019-10-25 05:00:00,151.22,151.23,151.1,151.16,152.02,152.02,152.02,152.0,151.29,151.02,151.05,151.08,151.11,151.15,0,0.0,0,0.0,0.0,0.0,0.0,0.0
2019-10-25 09:00:00,151.16,151.28,151.09,151.23,152.02,152.02,152.02,152.0,151.29,151.02,151.05,151.08,151.11,151.15,0,0.0,0,0.0,0.0,0.0,0.0,0.0
2019-10-25 13:00:00,151.23,151.26,150.22,150.3,152.02,152.02,152.02,152.0,151.29,151.02,151.05,151.08,151.11,151.15,0,0.0,0,0.0,0.0,0.0,0.0,0.0
2019-10-25 17:00:00,150.3,151.03,150.26,151.01,151.29,151.11,151.08,151.05,151.01,150.23,150.23,150.27,150.27,150.27,0,0.0,0,0.0,0.0,0.0,0.0,0.0
2019-10-27 21:00:00,151.0,151.01,150.26,150.28,151.28,151.11,151.08,151.05,151.01,150.23,150.23,150.27,150.27,150.27,0,0.0,0,0.0,0.0,0.0,0.0,0.0
2019-10-28 01:00:00,150.28,150.29,150.19,150.21,151.26,151.11,151.08,151.05,151.01,150.23,150.23,150.27,150.27,150.27,0,0.0,0,0.0,0.0,0.0,0.0,0.0
2019-10-28 05:00:00,150.21,150.26,150.01,150.15,151.01,150.27,150.23,150.22,150.22,149.2,150.03,150.05,150.08,150.19,0,0.0,0,0.0,0.0,0.0,0.0,0.0
2019-10-28 09:00:00,150.15,150.15,150.0,150.03,150.27,150.23,150.22,150.22,150.19,149.15,149.2,150.03,150.05,150.08,0,0.0,0,0.0,0.0,0.0,0.0,0.0
2019-10-28 13:00:00,150.03,150.07,149.22,149.31,150.22,150.22,150.19,150.08,150.05,149.02,149.07,149.1,149.15,149.2,0,0.0,0,0.0,0.0,0.0,0.0,0.0
2019-10-28 17:00:00,149.31,150.03,149.24,150.02,150.22,150.19,150.08,150.05,150.03,149.02,149.07,149.1,149.15,149.2,0,0.0,0,0.0,0.0,0.0,0.0,0.0
2019-10-28 21:00:00,150.0,150.02,149.24,149.25,150.19,150.15,150.08,150.05,150.03,149.02,149.07,149.1,149.15,149.2,0,0.0,0,0.0,0.0,0.0,0.0,0.0
2019-10-29 01:00:00,149.26,149.3,149.24,149.26,150.15,150.08,150.07,150.05,150.03,149.07,149.1,149.15,149.2,149.22,0,0.0,0,0.0,0.0,0.0,0.0,0.0
2019-10-29 05:00:00,149.26,150.13,149.23,150.1,150.08,150.07,150.05,150.03,150.03,149.07,149.1,149.15,149.2,149.22,0,0.0,10/28/2019 17:00,150.40625,150.40625,151.40625,152.40625,0.0
2019-10-29 05:00:00,149.26,150.13,149.23,150.1,150.08,150.07,150.05,150.03,150.03,149.07,149.1,149.15,149.2,149.22,0,0.0,10/28/2019 17:00,150.40625,150.40625,151.40625,152.40625,0.0
2019-10-29 05:00:00,149.26,150.13,149.23,150.1,150.08,150.07,150.05,150.03,150.03,149.07,149.1,149.15,149.2,149.22,0,0.0,10/28/2019 17:00,150.40625,150.40625,151.40625,152.40625,0.0
2019-10-29 05:00:00,149.26,150.13,149.23,150.1,150.08,150.07,150.05,150.03,150.03,149.07,149.1,149.15,149.2,149.22,0,0.0,10/28/2019 17:00,150.40625,150.40625,151.40625,152.40625,0.0
2019-10-29 09:00:00,150.1,150.15,150.02,150.1,150.23,150.22,150.22,150.19,150.15,150.03,150.03,150.05,150.07,150.08,0,0.0,10/28/2019 17:00,150.40625,150.40625,151.40625,152.40625,0.0
2019-10-29 13:00:00,150.09,150.12,149.3,150.05,150.23,150.22,150.22,150.19,150.15,150.03,150.03,150.05,150.07,150.08,0,0.0,0,0.0,0.0,0.0,0.0,0.0
2019-10-29 17:00:00,150.04,150.09,150.02,150.02,150.22,150.19,150.15,150.07,150.05,149.2,149.22,149.23,150.03,150.03,0,0.0,0,0.0,0.0,0.0,0.0,0.0
2019-10-29 21:00:00,150.04,150.14,150.02,150.13,150.22,150.19,150.15,150.15,150.07,149.15,149.2,149.22,149.23,150.03,0,0.0,0,0.0,0.0,0.0,0.0,0.0
2019-10-30 01:00:00,150.13,150.14,150.1,150.12,150.22,150.22,150.19,150.15,150.15,149.15,149.2,149.22,149.23,149.3,0,0.0,0,0.0,0.0,0.0,0.0,0.0
2019-10-30 05:00:00,150.12,150.15,150.05,150.11,150.22,150.22,150.19,150.15,150.15,149.15,149.2,149.22,149.23,149.3,0,0.0,0,0.0,0.0,0.0,0.0,0.0
2019-10-30 09:00:00,150.11,150.17,149.29,150.15,150.22,150.22,150.19,150.15,150.15,149.2,149.22,149.23,149.3,150.02,0,0.0,0,0.0,0.0,0.0,0.0,0.0
2019-10-30 13:00:00,150.15,151.03,150.08,150.29,150.26,150.23,150.22,150.22,150.19,149.2,149.22,149.23,149.3,150.02,10/29/2019 17:00,150.15625,0,0.0,150.15625,149.15625,148.15625,0.0
2019-10-30 13:00:00,150.15,151.03,150.08,150.29,150.26,150.23,150.22,150.22,150.19,149.2,149.22,149.23,149.3,150.02,10/29/2019 17:00,150.15625,0,0.0,150.15625,149.15625,148.15625,0.0
2019-10-30 13:00:00,150.15,151.03,150.08,150.29,150.26,150.23,150.22,150.22,150.19,149.2,149.22,149.23,149.3,150.02,10/29/2019 17:00,150.15625,0,0.0,150.15625,149.15625,148.15625,0.0
2019-10-30 17:00:00,150.29,151.18,150.19,151.16,151.08,151.05,151.03,151.01,151.01,150.19,150.22,150.22,150.26,150.27,10/29/2019 17:00,150.15625,0,0.0,150.15625,149.15625,148.15625,0.0
2019-10-30 17:00:00,150.29,151.18,150.19,151.16,151.08,151.05,151.03,151.01,151.01,150.19,150.22,150.22,150.26,150.27,10/29/2019 17:00,150.15625,0,0.0,150.15625,149.15625,148.15625,0.0
2019-10-30 17:00:00,150.29,151.18,150.19,151.16,151.08,151.05,151.03,151.01,151.01,150.19,150.22,150.22,150.26,150.27,10/29/2019 17:00,150.15625,0,0.0,150.15625,149.15625,148.15625,0.0
2019-10-30 17:00:00,150.29,151.18,150.19,151.16,151.08,151.05,151.03,151.01,151.01,150.19,150.22,150.22,150.26,150.27,10/29/2019 17:00,150.15625,0,0.0,150.15625,149.15625,148.15625,0.0
2019-10-30 17:00:00,150.29,151.18,150.19,151.16,151.08,151.05,151.03,151.01,151.01,150.19,150.22,150.22,150.26,150.27,10/29/2019 17:00,150.15625,0,0.0,150.15625,149.15625,148.15625,0.0
2019-10-30 17:00:00,150.29,151.18,150.19,151.16,151.08,151.05,151.03,151.01,151.01,150.19,150.22,150.22,150.26,150.27,10/29/2019 17:00,150.15625,0,0.0,150.15625,149.15625,148.15625,0.0
2019-10-30 17:00:00,150.29,151.18,150.19,151.16,151.08,151.05,151.03,151.01,151.01,150.19,150.22,150.22,150.26,150.27,10/29/2019 17:00,150.15625,0,0.0,150.15625,149.15625,148.15625,0.0
2019-10-30 17:00:00,150.29,151.18,150.19,151.16,151.08,151.05,151.03,151.01,151.01,150.19,150.22,150.22,150.26,150.27,10/29/2019 17:00,150.15625,0,0.0,150.15625,149.15625,148.15625,0.0
2019-10-30 17:00:00,150.29,151.18,150.19,151.16,151.08,151.05,151.03,151.01,151.01,150.19,150.22,150.22,150.26,150.27,10/29/2019 17:00,150.15625,0,0.0,150.15625,149.15625,148.15625,0.0
2019-10-30 21:00:00,151.16,151.18,151.06,151.09,152.02,152.0,151.29,151.28,151.26,151.01,151.03,151.05,151.08,151.11,10/30/2019 17:00,150.84375,0,0.0,150.84375,149.84375,148.84375,0.0
2019-10-31 01:00:00,151.09,151.15,151.07,151.1,152.02,152.0,151.29,151.28,151.26,150.29,151.01,151.03,151.05,151.08,0,0.0,0,0.0,0.0,0.0,0.0,0.0
2019-10-31 05:00:00,151.11,151.25,151.08,151.21,152.02,152.0,151.29,151.28,151.26,150.29,151.01,151.03,151.05,151.08,0,0.0,0,0.0,0.0,0.0,0.0,0.0
2019-10-31 09:00:00,151.21,152.13,151.21,152.12,152.02,152.0,151.29,151.28,151.26,151.01,151.03,151.05,151.06,151.08,10/30/2019 17:00,150.84375,0,0.0,150.84375,149.84375,148.84375,0.0
2019-10-31 09:00:00,151.21,152.13,151.21,152.12,152.02,152.0,151.29,151.28,151.26,151.01,151.03,151.05,151.06,151.08,10/30/2019 17:00,150.84375,0,0.0,150.84375,149.84375,148.84375,0.0
2019-10-31 09:00:00,151.21,152.13,151.21,152.12,152.02,152.0,151.29,151.28,151.26,151.01,151.03,151.05,151.06,151.08,10/30/2019 17:00,150.84375,0,0.0,150.84375,149.84375,148.84375,0.0
2019-10-31 09:00:00,151.21,152.13,151.21,152.12,152.02,152.0,151.29,151.28,151.26,151.01,151.03,151.05,151.06,151.08,10/30/2019 17:00,150.84375,0,0.0,150.84375,149.84375,148.84375,0.0
2019-10-31 09:00:00,151.21,152.13,151.21,152.12,152.02,152.0,151.29,151.28,151.26,151.01,151.03,151.05,151.06,151.08,10/30/2019 17:00,150.84375,0,0.0,150.84375,149.84375,148.84375,0.0
2019-10-31 09:00:00,151.21,152.13,151.21,152.12,152.02,152.0,151.29,151.28,151.26,151.01,151.03,151.05,151.06,151.08,10/30/2019 17:00,150.84375,0,0.0,150.84375,149.84375,148.84375,0.0
2019-10-31 09:00:00,151.21,152.13,151.21,152.12,152.02,152.0,151.29,151.28,151.26,151.01,151.03,151.05,151.06,151.08,10/30/2019 17:00,150.84375,0,0.0,150.84375,149.84375,148.84375,0.0
2019-10-31 09:00:00,151.21,152.13,151.21,152.12,152.02,152.0,151.29,151.28,151.26,151.01,151.03,151.05,151.06,151.08,10/30/2019 17:00,150.84375,0,0.0,150.84375,149.84375,148.84375,0.0
2019-10-31 09:00:00,151.21,152.13,151.21,152.12,152.02,152.0,151.29,151.28,151.26,151.01,151.03,151.05,151.06,151.08,10/30/2019 17:00,150.84375,0,0.0,150.84375,149.84375,148.84375,0.0
2019-10-31 09:00:00,151.21,152.13,151.21,152.12,152.02,152.0,151.29,151.28,151.26,151.01,151.03,151.05,151.06,151.08,10/30/2019 17:00,150.84375,0,0.0,150.84375,149.84375,148.84375,0.0
2019-10-31 09:00:00,151.21,152.13,151.21,152.12,152.02,152.0,151.29,151.28,151.26,151.01,151.03,151.05,151.06,151.08,10/30/2019 17:00,150.84375,0,0.0,150.84375,149.84375,148.84375,0.0
2019-10-31 09:00:00,151.21,152.13,151.21,152.12,152.02,152.0,151.29,151.28,151.26,151.01,151.03,151.05,151.06,151.08,10/30/2019 17:00,150.84375,0,0.0,150.84375,149.84375,148.84375,0.0
2019-10-31 09:00:00,151.21,152.13,151.21,152.12,152.02,152.0,151.29,151.28,151.26,151.01,151.03,151.05,151.06,151.08,10/30/2019 17:00,150.84375,0,0.0,150.84375,149.84375,148.84375,0.0
2019-10-31 13:00:00,152.12,153.04,152.05,152.27,153.08,153.04,152.22,152.16,152.14,152.07,152.07,152.08,152.11,152.11,10/30/2019 17:00,150.84375,0,0.0,150.84375,149.84375,148.84375,0.0
2019-10-31 13:00:00,152.12,153.04,152.05,152.27,153.08,153.04,152.22,152.16,152.14,152.07,152.07,152.08,152.11,152.11,10/30/2019 17:00,150.84375,0,0.0,150.84375,149.84375,148.84375,0.0
2019-10-31 13:00:00,152.12,153.04,152.05,152.27,153.08,153.04,152.22,152.16,152.14,152.07,152.07,152.08,152.11,152.11,10/30/2019 17:00,150.84375,0,0.0,150.84375,149.84375,148.84375,0.0
2019-10-31 13:00:00,152.12,153.04,152.05,152.27,153.08,153.04,152.22,152.16,152.14,152.07,152.07,152.08,152.11,152.11,10/30/2019 17:00,150.84375,0,0.0,150.84375,149.84375,148.84375,0.0
2019-10-31 17:00:00,152.27,153.06,152.24,152.27,153.21,153.14,153.09,153.08,153.04,152.11,152.11,152.14,152.16,152.22,10/30/2019 17:00,150.84375,0,0.0,150.84375,149.84375,148.84375,0.0
2019-10-31 21:00:00,152.24,153.0,152.23,153.0,153.21,153.14,153.09,153.08,153.04,152.11,152.11,152.14,152.16,152.22,0,0.0,0,0.0,0.0,0.0,0.0,0.0
2019-11-01 01:00:00,153.01,153.03,152.21,152.24,153.21,153.14,153.09,153.08,153.04,152.11,152.11,152.14,152.16,152.22,0,0.0,0,0.0,0.0,0.0,0.0,0.0
2019-11-01 05:00:00,152.25,153.02,152.22,152.3,153.14,153.09,153.08,153.06,153.04,152.11,152.11,152.14,152.16,152.22,0,0.0,0,0.0,0.0,0.0,0.0,0.0
2019-11-01 09:00:00,152.3,153.07,152.12,152.23,153.14,153.09,153.08,153.06,153.04,152.11,152.11,152.14,152.16,152.22,0,0.0,0,0.0,0.0,0.0,0.0,0.0
2019-11-01 13:00:00,152.23,153.05,151.27,152.01,153.14,153.09,153.08,153.06,153.04,152.11,152.11,152.14,152.16,152.22,0,0.0,0,0.0,0.0,0.0,0.0,0.0
2019-11-01 17:00:00,152.02,152.17,151.27,152.17,152.07,152.07,152.05,152.05,152.04,151.08,151.08,151.21,151.26,151.28,10/31/2019 17:00,152.34375,0,0.0,152.34375,151.34375,150.34375,0.0
2019-11-03 21:00:00,152.05,152.11,152.03,152.04,153.08,153.07,153.06,153.04,152.22,151.08,151.08,151.21,151.26,151.28,0,0.0,0,0.0,0.0,0.0,0.0,0.0
2019-11-04 01:00:00,152.04,152.04,151.3,151.3,153.07,153.06,153.05,153.04,152.22,151.08,151.08,151.21,151.26,151.28,0,0.0,0,0.0,0.0,0.0,0.0,0.0
2019-11-04 05:00:00,151.3,152.0,151.12,151.23,153.06,153.05,153.04,152.22,152.17,151.08,151.21,151.26,151.27,151.28,0,0.0,0,0.0,0.0,0.0,0.0,0.0
2019-11-04 09:00:00,151.23,151.27,151.09,151.13,152.17,152.11,151.28,151.27,151.26,151.06,151.07,151.08,151.08,151.21,0,0.0,0,0.0,0.0,0.0,0.0,0.0
2019-11-04 13:00:00,151.13,151.15,150.26,151.02,152.04,151.28,151.27,151.26,151.21,151.05,151.06,151.07,151.08,151.08,0,0.0,0,0.0,0.0,0.0,0.0,0.0
2019-11-04 17:00:00,151.02,151.07,150.28,151.06,151.21,151.08,151.07,151.06,151.03,150.22,150.26,150.27,150.29,151.01,0,0.0,0,0.0,0.0,0.0,0.0,0.0
2019-11-04 21:00:00,151.05,151.05,150.25,150.29,151.26,151.21,151.08,151.07,151.06,150.22,150.26,150.27,150.29,151.01,0,0.0,0,0.0,0.0,0.0,0.0,0.0
2019-11-05 01:00:00,150.28,150.28,150.17,150.21,151.08,151.07,151.06,151.01,150.29,150.19,150.22,150.22,150.26,150.27,0,0.0,0,0.0,0.0,0.0,0.0,0.0
2019-11-05 05:00:00,150.21,150.25,150.03,150.07,151.07,151.06,151.01,150.29,150.26,150.08,150.15,150.15,150.19,150.19,0,0.0,0,0.0,0.0,0.0,0.0,0.0
2019-11-05 09:00:00,150.07,150.14,149.26,149.29,150.26,150.19,150.15,150.15,150.08,149.22,149.23,149.29,149.3,150.02,0,0.0,0,0.0,0.0,0.0,0.0,0.0
2019-11-05 13:00:00,149.29,149.31,149.1,149.16,150.15,150.15,150.08,150.02,149.3,149.1,149.15,149.2,149.22,149.23,0,0.0,0,0.0,0.0,0.0,0.0,0.0
2019-11-05 17:00:00,149.16,149.23,149.12,149.18,149.3,149.29,149.23,149.22,149.2,148.28,149.02,149.07,149.1,149.15,0,0.0,0,0.0,0.0,0.0,0.0,0.0
2019-11-05 21:00:00,149.16,149.29,149.16,149.26,149.3,149.29,149.23,149.22,149.2,148.28,149.02,149.07,149.1,149.15,0,0.0,11/05/2019 17:00,149.46875,149.46875,150.46875,151.46875,0.0
2019-11-05 21:00:00,149.16,149.29,149.16,149.26,149.3,149.29,149.23,149.22,149.2,148.28,149.02,149.07,149.1,149.15,0,0.0,11/05/2019 17:00,149.46875,149.46875,150.46875,151.46875,0.0
2019-11-05 21:00:00,149.16,149.29,149.16,149.26,149.3,149.29,149.23,149.22,149.2,148.28,149.02,149.07,149.1,149.15,0,0.0,11/05/2019 17:00,149.46875,149.46875,150.46875,151.46875,0.0
2019-11-06 01:00:00,149.25,149.28,149.18,149.21,150.08,150.02,149.31,149.3,149.29,149.1,149.15,149.2,149.22,149.23,0,0.0,0,0.0,0.0,0.0,0.0,0.0
2019-11-06 05:00:00,149.22,149.28,149.18,149.27,150.08,150.02,149.31,149.3,149.29,149.1,149.1,149.12,149.15,149.2,0,0.0,0,0.0,0.0,0.0,0.0,0.0
2019-11-06 09:00:00,149.26,150.1,149.21,150.07,150.02,149.31,149.3,149.29,149.29,149.1,149.12,149.15,149.16,149.2,0,0.0,11/05/2019 17:00,149.46875,149.46875,150.46875,151.46875,0.0
2019-11-06 09:00:00,149.26,150.1,149.21,150.07,150.02,149.31,149.3,149.29,149.29,149.1,149.12,149.15,149.16,149.2,0,0.0,11/05/2019 17:00,149.46875,149.46875,150.46875,151.46875,0.0
2019-11-06 09:00:00,149.26,150.1,149.21,150.07,150.02,149.31,149.3,149.29,149.29,149.1,149.12,149.15,149.16,149.2,0,0.0,11/05/2019 17:00,149.46875,149.46875,150.46875,151.46875,0.0
2019-11-06 13:00:00,150.07,150.13,149.22,150.09,150.19,150.15,150.15,150.14,150.08,149.29,149.29,149.3,149.31,150.02,0,0.0,11/05/2019 17:00,149.46875,149.46875,150.46875,151.46875,0.0
2019-11-06 13:00:00,150.07,150.13,149.22,150.09,150.19,150.15,150.15,150.14,150.08,149.29,149.29,149.3,149.31,150.02,0,0.0,11/05/2019 17:00,149.46875,149.46875,150.46875,151.46875,0.0
2019-11-06 13:00:00,150.07,150.13,149.22,150.09,150.19,150.15,150.15,150.14,150.08,149.29,149.29,149.3,149.31,150.02,0,0.0,11/05/2019 17:00,149.46875,149.46875,150.46875,151.46875,0.0
2019-11-06 17:00:00,150.1,150.22,150.05,150.06,150.25,150.19,150.15,150.15,150.14,149.29,149.3,149.31,150.02,150.08,0,0.0,0,0.0,0.0,0.0,0.0,0.0
2019-11-06 21:00:00,150.04,150.15,150.04,150.15,150.25,150.19,150.15,150.15,150.14,149.29,149.29,149.3,149.31,150.02,11/06/2019 17:00,149.46875,0,0.0,149.46875,148.46875,147.46875,0.0
2019-11-07 01:00:00,150.14,150.17,150.08,150.09,150.26,150.25,150.19,150.15,150.15,149.29,149.29,149.3,149.31,150.02,0,0.0,0,0.0,0.0,0.0,0.0,0.0
2019-11-07 05:00:00,150.1,150.14,149.14,149.17,150.22,150.19,150.15,150.15,150.14,149.29,149.29,149.3,149.31,150.02,0,0.0,0,0.0,0.0,0.0,0.0,0.0
2019-11-07 09:00:00,149.17,149.17,148.31,149.05,149.31,149.29,149.22,149.21,149.18,149.1,149.1,149.12,149.15,149.16,0,0.0,0,0.0,0.0,0.0,0.0,0.0
2019-11-07 13:00:00,149.05,149.05,147.11,147.24,149.16,149.15,149.12,149.1,149.07,147.24,148.01,148.08,148.28,149.02,0,0.0,0,0.0,0.0,0.0,0.0,0.0
2019-11-07 17:00:00,147.24,148.14,147.2,148.08,149.07,149.02,148.28,148.08,148.01,147.12,147.14,147.19,147.2,147.21,11/06/2019 17:00,149.46875,0,0.0,149.46875,148.46875,147.46875,0.0
2019-11-07 21:00:00,148.06,148.12,147.25,148.08,149.1,149.07,149.02,148.28,148.08,147.19,147.2,147.21,147.24,148.01,0,0.0,0,0.0,0.0,0.0,0.0,0.0
2019-11-08 01:00:00,148.08,148.17,148.08,148.15,149.1,149.07,149.05,149.02,148.28,147.19,147.2,147.21,147.24,148.01,0,0.0,11/07/2019 17:00,149.21875,149.21875,150.21875,151.21875,0.0
2019-11-08 05:00:00,148.16,148.24,148.11,148.14,149.1,149.07,149.05,149.02,148.28,147.2,147.21,147.24,148.01,148.08,0,0.0,0,0.0,0.0,0.0,0.0,0.0
2019-11-08 09:00:00,148.14,148.16,147.18,147.21,149.1,149.07,149.05,149.02,148.28,147.21,147.24,147.25,148.01,148.08,0,0.0,0,0.0,0.0,0.0,0.0,0.0
2019-11-08 13:00:00,147.21,148.22,147.19,148.04,149.05,149.02,148.28,147.25,147.24,147.12,147.14,147.19,147.2,147.2,0,0.0,11/07/2019 17:00,149.21875,149.21875,150.21875,151.21875,0.0
2019-11-08 17:00:00,148.04,148.04,147.22,147.23,149.07,149.05,149.02,148.28,148.24,147.19,147.2,147.2,147.21,147.25,0,0.0,0,0.0,0.0,0.0,0.0,0.0
2019-11-10 21:00:00,147.21,148.01,147.2,148.0,149.07,149.05,149.02,148.28,148.24,147.14,147.18,147.19,147.2,147.2,0,0.0,0,0.0,0.0,0.0,0.0,0.0
2019-11-11 01:00:00,148.0,148.04,147.31,148.03,149.05,149.02,148.28,148.24,148.22,147.19,147.19,147.2,147.2,147.21,0,0.0,0,0.0,0.0,0.0,0.0,0.0
2019-11-11 05:00:00,148.04,148.13,148.02,148.11,149.05,149.02,148.28,148.24,148.22,147.19,147.19,147.2,147.2,147.21,0,0.0,0,0.0,0.0,0.0,0.0,0.0
2019-11-11 09:00:00,148.1,148.12,148.05,148.12,149.05,149.02,148.28,148.24,148.22,147.19,147.2,147.2,147.2,147.21,0,0.0,0,0.0,0.0,0.0,0.0,0.0
2019-11-11 13:00:00,148.12,148.12,147.25,147.29,149.05,149.02,148.28,148.24,148.22,147.2,147.2,147.2,147.21,147.31,0,0.0,0,0.0,0.0,0.0,0.0,0.0
2019-11-11 17:00:00,147.29,148.07,147.28,148.06,148.28,148.24,148.22,148.13,147.31,147.19,147.2,147.2,147.2,147.21,0,0.0,11/08/2019 17:00,148.03125,148.03125,149.03125,150.03125,0.0
2019-11-11 21:00:00,148.02,148.14,147.31,148.07,149.02,148.28,148.24,148.22,148.13,147.2,147.2,147.2,147.21,147.31,0,0.0,0,0.0,0.0,0.0,0.0,0.0
2019-11-12 01:00:00,148.06,148.11,147.31,148.0,149.02,148.28,148.24,148.22,148.13,147.2,147.2,147.21,147.25,147.31,0,0.0,0,0.0,0.0,0.0,0.0,0.0
2019-11-12 05:00:00,148.0,148.05,147.17,148.01,149.02,148.28,148.24,148.22,148.13,147.2,147.21,147.25,147.28,147.31,0,0.0,0,0.0,0.0,0.0,0.0,0.0
2019-11-12 09:00:00,148.0,148.04,147.22,148.03,148.28,148.24,148.22,148.14,148.13,147.2,147.21,147.25,147.28,147.31,0,0.0,0,0.0,0.0,0.0,0.0,0.0
2019-11-12 13:00:00,148.03,148.1,147.22,148.08,148.24,148.22,148.14,148.13,148.11,147.2,147.21,147.25,147.28,147.31,0,0.0,0,0.0,0.0,0.0,0.0,0.0
2019-11-12 17:00:00,148.07,148.23,147.27,147.28,148.24,148.22,148.14,148.13,148.11,147.2,147.21,147.25,147.28,147.31,0,0.0,0,0.0,0.0,0.0,0.0,0.0
2019-11-12 21:00:00,147.28,148.11,147.28,148.06,148.24,148.22,148.14,148.13,148.11,147.2,147.2,147.2,147.21,147.25,0,0.0,0,0.0,0.0,0.0,0.0,0.0
2019-11-13 01:00:00,148.06,148.09,148.04,148.06,148.24,148.22,148.14,148.13,148.11,147.2,147.21,147.22,147.25,147.28,0,0.0,0,0.0,0.0,0.0,0.0,0.0
2019-11-13 05:00:00,148.07,149.02,148.06,149.01,148.23,148.22,148.14,148.13,148.11,147.21,147.22,147.25,147.27,147.28,11/12/2019 17:00,148.03125,0,0.0,148.03125,147.03125,146.03125,0.0
2019-11-13 05:00:00,148.07,149.02,148.06,149.01,148.23,148.22,148.14,148.13,148.11,147.21,147.22,147.25,147.27,147.28,11/12/2019 17:00,148.03125,0,0.0,148.03125,147.03125,146.03125,0.0
2019-11-13 05:00:00,148.07,149.02,148.06,149.01,148.23,148.22,148.14,148.13,148.11,147.21,147.22,147.25,147.27,147.28,11/12/2019 17:00,148.03125,0,0.0,148.03125,147.03125,146.03125,0.0
2019-11-13 05:00:00,148.07,149.02,148.06,149.01,148.23,148.22,148.14,148.13,148.11,147.21,147.22,147.25,147.27,147.28,11/12/2019 17:00,148.03125,0,0.0,148.03125,147.03125,146.03125,0.0
2019-11-13 05:00:00,148.07,149.02,148.06,149.01,148.23,148.22,148.14,148.13,148.11,147.21,147.22,147.25,147.27,147.28,11/12/2019 17:00,148.03125,0,0.0,148.03125,147.03125,146.03125,0.0
2019-11-13 05:00:00,148.07,149.02,148.06,149.01,148.23,148.22,148.14,148.13,148.11,147.21,147.22,147.25,147.27,147.28,11/12/2019 17:00,148.03125,0,0.0,148.03125,147.03125,146.03125,0.0
2019-11-13 05:00:00,148.07,149.02,148.06,149.01,148.23,148.22,148.14,148.13,148.11,147.21,147.22,147.25,147.27,147.28,11/12/2019 17:00,148.03125,0,0.0,148.03125,147.03125,146.03125,0.0
2019-11-13 09:00:00,149.01,149.11,148.26,149.0,149.12,149.1,149.07,149.05,149.02,148.14,148.22,148.23,148.24,148.28,0,0.0,0,0.0,0.0,0.0,0.0,0.0
2019-11-13 13:00:00,149.0,149.09,148.23,148.26,149.12,149.1,149.07,149.05,149.02,148.14,148.22,148.23,148.24,148.28,0,0.0,0,0.0,0.0,0.0,0.0,0.0
2019-11-13 17:00:00,148.26,149.07,148.22,148.27,149.12,149.1,149.07,149.05,149.02,148.13,148.14,148.22,148.23,148.24,0,0.0,0,0.0,0.0,0.0,0.0,0.0
2019-11-13 21:00:00,148.25,149.03,148.24,148.26,149.11,149.1,149.07,149.05,149.02,148.13,148.14,148.22,148.23,148.24,0,0.0,0,0.0,0.0,0.0,0.0,0.0
2019-11-14 01:00:00,148.27,149.06,148.27,149.04,149.1,149.09,149.07,149.05,149.02,148.13,148.14,148.22,148.23,148.24,11/13/2019 17:00,148.75,0,0.0,148.75,147.75,146.75,0.0
2019-11-14 05:00:00,149.05,149.27,149.03,149.25,149.11,149.1,149.09,149.07,149.07,148.22,148.22,148.23,148.24,149.02,11/13/2019 17:00,148.75,0,0.0,148.75,147.75,146.75,0.0
2019-11-14 05:00:00,149.05,149.27,149.03,149.25,149.11,149.1,149.09,149.07,149.07,148.22,148.22,148.23,148.24,149.02,11/13/2019 17:00,148.75,0,0.0,148.75,147.75,146.75,0.0
2019-11-14 05:00:00,149.05,149.27,149.03,149.25,149.11,149.1,149.09,149.07,149.07,148.22,148.22,148.23,148.24,149.02,11/13/2019 17:00,148.75,0,0.0,148.75,147.75,146.75,0.0
2019-11-14 05:00:00,149.05,149.27,149.03,149.25,149.11,149.1,149.09,149.07,149.07,148.22,148.22,148.23,148.24,149.02,11/13/2019 17:00,148.75,0,0.0,148.75,147.75,146.75,0.0
2019-11-14 05:00:00,149.05,149.27,149.03,149.25,149.11,149.1,149.09,149.07,149.07,148.22,148.22,148.23,148.24,149.02,11/13/2019 17:00,148.75,0,0.0,148.75,147.75,146.75,0.0
2019-11-14 05:00:00,149.05,149.27,149.03,149.25,149.11,149.1,149.09,149.07,149.07,148.22,148.22,148.23,148.24,149.02,11/13/2019 17:00,148.75,0,0.0,148.75,147.75,146.75,0.0
2019-11-14 05:00:00,149.05,149.27,149.03,149.25,149.11,149.1,149.09,149.07,149.07,148.22,148.22,148.23,148.24,149.02,11/13/2019 17:00,148.75,0,0.0,148.75,147.75,146.75,0.0
2019-11-14 05:00:00,149.05,149.27,149.03,149.25,149.11,149.1,149.09,149.07,149.07,148.22,148.22,148.23,148.24,149.02,11/13/2019 17:00,148.75,0,0.0,148.75,147.75,146.75,0.0
2019-11-14 05:00:00,149.05,149.27,149.03,149.25,149.11,149.1,149.09,149.07,149.07,148.22,148.22,148.23,148.24,149.02,11/13/2019 17:00,148.75,0,0.0,148.75,147.75,146.75,0.0
2019-11-14 05:00:00,149.05,149.27,149.03,149.25,149.11,149.1,149.09,149.07,149.07,148.22,148.22,148.23,148.24,149.02,11/13/2019 17:00,148.75,0,0.0,148.75,147.75,146.75,0.0
2019-11-14 05:00:00,149.05,149.27,149.03,149.25,149.11,149.1,149.09,149.07,149.07,148.22,148.22,148.23,148.24,149.02,11/13/2019 17:00,148.75,0,0.0,148.75,147.75,146.75,0.0
2019-11-14 05:00:00,149.05,149.27,149.03,149.25,149.11,149.1,149.09,149.07,149.07,148.22,148.22,148.23,148.24,149.02,11/13/2019 17:00,148.75,0,0.0,148.75,147.75,146.75,0.0
2019-11-14 09:00:00,149.25,150.0,149.15,149.29,150.15,150.14,150.14,149.31,149.29,149.16,149.17,149.18,149.21,149.22,11/13/2019 17:00,148.75,0,0.0,148.75,147.75,146.75,0.0
2019-11-14 13:00:00,149.29,150.13,149.24,150.1,150.15,150.15,150.14,150.14,149.31,149.16,149.17,149.18,149.21,149.22,0,0.0,0,0.0,0.0,0.0,0.0,0.0
2019-11-14 17:00:00,150.09,150.15,149.29,150.03,150.17,150.15,150.15,150.14,150.14,149.16,149.17,149.18,149.21,149.22,0,0.0,0,0.0,0.0,0.0,0.0,0.0
2019-11-14 21:00:00,150.0,150.02,149.18,149.23,150.17,150.15,150.15,150.14,150.14,149.16,149.17,149.18,149.21,149.22,0,0.0,0,0.0,0.0,0.0,0.0,0.0
2019-11-15 01:00:00,149.22,149.24,149.14,149.16,150.17,150.15,150.15,150.14,150.14,149.15,149.16,149.17,149.18,149.21,0,0.0,0,0.0,0.0,0.0,0.0,0.0
2019-11-15 05:00:00,149.16,150.0,149.14,149.18,150.15,150.15,150.14,150.14,149.17,149.1,149.11,149.12,149.15,149.15,0,0.0,0,0.0,0.0,0.0,0.0,0.0
2019-11-15 09:00:00,149.19,150.0,149.18,149.29,150.15,150.15,150.14,150.14,150.02,149.11,149.12,149.15,149.15,149.16,0,0.0,0,0.0,0.0,0.0,0.0,0.0
2019-11-15 13:00:00,149.3,150.06,149.19,149.31,150.15,150.15,150.14,150.14,150.02,149.11,149.12,149.15,149.15,149.16,0,0.0,0,0.0,0.0,0.0,0.0,0.0
2019-11-15 17:00:00,149.31,150.01,149.25,149.3,150.15,150.15,150.14,150.14,150.02,149.12,149.14,149.15,149.15,149.16,0,0.0,0,0.0,0.0,0.0,0.0,0.0
2019-11-17 21:00:00,149.28,150.04,149.28,149.29,150.15,150.15,150.14,150.14,150.02,149.14,149.15,149.15,149.16,149.18,0,0.0,0,0.0,0.0,0.0,0.0,0.0
2019-11-18 01:00:00,149.29,150.02,149.28,149.31,150.15,150.14,150.14,150.06,150.02,149.15,149.15,149.16,149.18,149.19,0,0.0,0,0.0,0.0,0.0,0.0,0.0
2019-11-18 05:00:00,149.3,150.01,149.13,149.17,150.15,150.14,150.14,150.06,150.02,149.15,149.16,149.18,149.19,149.25,0,0.0,0,0.0,0.0,0.0,0.0,0.0
2019-11-18 09:00:00,149.18,150.06,149.14,150.0,150.06,150.04,150.02,149.25,149.19,149.12,149.14,149.15,149.15,149.16,11/13/2019 17:00,148.75,0,0.0,148.75,147.75,146.75,0.0
2019-11-18 09:00:00,149.18,150.06,149.14,150.0,150.06,150.04,150.02,149.25,149.19,149.12,149.14,149.15,149.15,149.16,11/13/2019 17:00,148.75,0,0.0,148.75,147.75,146.75,0.0
2019-11-18 09:00:00,149.18,150.06,149.14,150.0,150.06,150.04,150.02,149.25,149.19,149.12,149.14,149.15,149.15,149.16,11/13/2019 17:00,148.75,0,0.0,148.75,147.75,146.75,0.0
2019-11-18 13:00:00,150.0,150.2,150.0,150.1,150.14,150.14,150.06,150.04,150.02,149.15,149.16,149.18,149.19,149.25,11/13/2019 17:00,148.75,0,0.0,148.75,147.75,146.75,0.0
2019-11-18 13:00:00,150.0,150.2,150.0,150.1,150.14,150.14,150.06,150.04,150.02,149.15,149.16,149.18,149.19,149.25,11/13/2019 17:00,148.75,0,0.0,148.75,147.75,146.75,0.0
2019-11-18 13:00:00,150.0,150.2,150.0,150.1,150.14,150.14,150.06,150.04,150.02,149.15,149.16,149.18,149.19,149.25,11/13/2019 17:00,148.75,0,0.0,148.75,147.75,146.75,0.0
2019-11-18 17:00:00,150.1,150.13,150.05,150.06,150.15,150.15,150.15,150.14,150.14,149.19,149.25,150.02,150.04,150.06,0,0.0,0,0.0,0.0,0.0,0.0,0.0
2019-11-18 21:00:00,150.06,150.17,150.05,150.1,150.15,150.15,150.15,150.14,150.14,149.18,149.19,149.25,150.02,150.04,0,0.0,0,0.0,0.0,0.0,0.0,0.0
2019-11-19 01:00:00,150.1,150.13,150.08,150.11,150.15,150.15,150.15,150.14,150.14,149.25,150.0,150.02,150.04,150.06,0,0.0,0,0.0,0.0,0.0,0.0,0.0
2019-11-19 05:00:00,150.12,150.12,150.0,150.03,150.15,150.15,150.15,150.14,150.14,149.25,150.0,150.02,150.04,150.06,0,0.0,0,0.0,0.0,0.0,0.0,0.0
2019-11-19 09:00:00,150.03,150.17,150.01,150.14,150.15,150.14,150.14,150.06,150.04,149.18,149.19,149.25,150.0,150.02,0,0.0,0,0.0,0.0,0.0,0.0,0.0
2019-11-19 13:00:00,150.13,150.31,150.11,150.29,150.15,150.15,150.15,150.14,150.14,149.18,149.19,149.25,150.0,150.02,11/13/2019 17:00,148.75,0,0.0,148.75,147.75,146.75,0.0
2019-11-19 13:00:00,150.13,150.31,150.11,150.29,150.15,150.15,150.15,150.14,150.14,149.18,149.19,149.25,150.0,150.02,11/13/2019 17:00,148.75,0,0.0,148.75,147.75,146.75,0.0
2019-11-19 13:00:00,150.13,150.31,150.11,150.29,150.15,150.15,150.15,150.14,150.14,149.18,149.19,149.25,150.0,150.02,11/13/2019 17:00,148.75,0,0.0,148.75,147.75,146.75,0.0
2019-11-19 13:00:00,150.13,150.31,150.11,150.29,150.15,150.15,150.15,150.14,150.14,149.18,149.19,149.25,150.0,150.02,11/13/2019 17:00,148.75,0,0.0,148.75,147.75,146.75,0.0
2019-11-19 13:00:00,150.13,150.31,150.11,150.29,150.15,150.15,150.15,150.14,150.14,149.18,149.19,149.25,150.0,150.02,11/13/2019 17:00,148.75,0,0.0,148.75,147.75,146.75,0.0
2019-11-19 13:00:00,150.13,150.31,150.11,150.29,150.15,150.15,150.15,150.14,150.14,149.18,149.19,149.25,150.0,150.02,11/13/2019 17:00,148.75,0,0.0,148.75,147.75,146.75,0.0
2019-11-19 13:00:00,150.13,150.31,150.11,150.29,150.15,150.15,150.15,150.14,150.14,149.18,149.19,149.25,150.0,150.02,11/13/2019 17:00,148.75,0,0.0,148.75,147.75,146.75,0.0
2019-11-19 13:00:00,150.13,150.31,150.11,150.29,150.15,150.15,150.15,150.14,150.14,149.18,149.19,149.25,150.0,150.02,11/13/2019 17:00,148.75,0,0.0,148.75,147.75,146.75,0.0
2019-11-19 17:00:00,150.29,151.0,150.25,150.29,151.07,151.07,151.06,151.05,151.01,150.19,150.2,150.22,150.25,150.28,11/13/2019 17:00,148.75,0,0.0,148.75,147.75,146.75,0.0
2019-11-19 21:00:00,150.29,151.19,150.29,151.17,151.07,151.07,151.06,151.05,151.01,150.19,150.2,150.22,150.25,150.28,11/19/2019 17:00,150.6875,0,0.0,150.6875,149.6875,148.6875,0.0
2019-11-19 21:00:00,150.29,151.19,150.29,151.17,151.07,151.07,151.06,151.05,151.01,150.19,150.2,150.22,150.25,150.28,11/19/2019 17:00,150.6875,0,0.0,150.6875,149.6875,148.6875,0.0
2019-11-19 21:00:00,150.29,151.19,150.29,151.17,151.07,151.07,151.06,151.05,151.01,150.19,150.2,150.22,150.25,150.28,11/19/2019 17:00,150.6875,0,0.0,150.6875,149.6875,148.6875,0.0
2019-11-19 21:00:00,150.29,151.19,150.29,151.17,151.07,151.07,151.06,151.05,151.01,150.19,150.2,150.22,150.25,150.28,11/19/2019 17:00,150.6875,0,0.0,150.6875,149.6875,148.6875,0.0
2019-11-19 21:00:00,150.29,151.19,150.29,151.17,151.07,151.07,151.06,151.05,151.01,150.19,150.2,150.22,150.25,150.28,11/19/2019 17:00,150.6875,0,0.0,150.6875,149.6875,148.6875,0.0
2019-11-20 01:00:00,151.17,151.21,151.13,151.19,151.28,151.27,151.27,151.26,151.21,151.06,151.07,151.07,151.08,151.15,11/19/2019 17:00,150.6875,0,0.0,150.6875,149.6875,148.6875,0.0
2019-11-20 05:00:00,151.2,152.02,151.1,151.28,151.28,151.27,151.27,151.26,151.21,151.06,151.07,151.07,151.08,151.15,11/19/2019 17:00,150.6875,0,0.0,150.6875,149.6875,148.6875,0.0
2019-11-20 05:00:00,151.2,152.02,151.1,151.28,151.28,151.27,151.27,151.26,151.21,151.06,151.07,151.07,151.08,151.15,11/19/2019 17:00,150.6875,0,0.0,150.6875,149.6875,148.6875,0.0
2019-11-20 09:00:00,151.28,151.29,151.17,151.24,152.22,152.17,152.11,152.04,152.0,151.08,151.15,151.21,151.27,151.27,11/19/2019 17:00,150.6875,0,0.0,150.6875,149.6875,148.6875,0.0
2019-11-20 13:00:00,151.24,151.28,151.11,151.22,152.11,152.04,152.0,151.28,151.27,151.07,151.07,151.08,151.15,151.21,0,0.0,0,0.0,0.0,0.0,0.0,0.0
2019-11-20 17:00:00,151.22,152.0,151.19,151.23,152.04,152.02,152.0,151.28,151.27,151.07,151.08,151.1,151.15,151.21,0,0.0,0,0.0,0.0,0.0,0.0,0.0
2019-11-20 21:00:00,152.01,152.14,151.27,152.13,152.22,152.17,152.11,152.04,152.02,151.15,151.21,151.27,151.28,152.0,11/20/2019 17:00,151.15625,0,0.0,151.15625,150.15625,149.15625,0.0
2019-11-20 21:00:00,152.01,152.14,151.27,152.13,152.22,152.17,152.11,152.04,152.02,151.15,151.21,151.27,151.28,152.0,11/20/2019 17:00,151.15625,0,0.0,151.15625,150.15625,149.15625,0.0
2019-11-20 21:00:00,152.01,152.14,151.27,152.13,152.22,152.17,152.11,152.04,152.02,151.15,151.21,151.27,151.28,152.0,11/20/2019 17:00,151.15625,0,0.0,151.15625,150.15625,149.15625,0.0
2019-11-20 21:00:00,152.01,152.14,151.27,152.13,152.22,152.17,152.11,152.04,152.02,151.15,151.21,151.27,151.28,152.0,11/20/2019 17:00,151.15625,0,0.0,151.15625,150.15625,149.15625,0.0
2019-11-21 01:00:00,152.13,152.14,151.28,151.29,153.06,153.05,153.04,152.22,152.17,151.21,152.0,152.02,152.04,152.11,0,0.0,0,0.0,0.0,0.0,0.0,0.0
2019-11-21 05:00:00,151.29,152.04,151.19,151.21,152.17,152.11,152.04,152.02,152.0,151.1,151.11,151.15,151.19,151.21,0,0.0,0,0.0,0.0,0.0,0.0,0.0
2019-11-21 09:00:00,151.21,151.21,151.09,151.15,152.17,152.11,152.04,152.02,152.0,151.08,151.1,151.11,151.15,151.19,0,0.0,0,0.0,0.0,0.0,0.0,0.0
2019-11-21 13:00:00,151.16,151.19,150.3,150.31,152.11,152.04,152.02,152.0,151.19,151.07,151.08,151.1,151.11,151.15,0,0.0,0,0.0,0.0,0.0,0.0,0.0
2019-11-21 17:00:00,150.31,151.11,150.29,151.07,151.15,151.11,151.1,151.07,151.05,150.22,150.25,150.25,150.28,150.29,0,0.0,0,0.0,0.0,0.0,0.0,0.0
2019-11-21 21:00:00,151.07,151.11,150.31,151.01,151.21,151.19,151.15,151.11,151.1,150.22,150.25,150.25,150.28,150.29,0,0.0,0,0.0,0.0,0.0,0.0,0.0
2019-11-22 01:00:00,151.01,151.07,151.01,151.06,151.19,151.15,151.11,151.1,151.07,150.22,150.25,150.25,150.28,150.29,0,0.0,0,0.0,0.0,0.0,0.0,0.0
2019-11-22 05:00:00,151.06,151.25,150.3,151.21,151.19,151.15,151.11,151.1,151.07,150.25,150.25,150.28,150.29,150.29,11/20/2019 17:00,151.15625,0,0.0,151.15625,150.15625,149.15625,0.0
2019-11-22 05:00:00,151.06,151.25,150.3,151.21,151.19,151.15,151.11,151.1,151.07,150.25,150.25,150.28,150.29,150.29,11/20/2019 17:00,151.15625,0,0.0,151.15625,150.15625,149.15625,0.0
2019-11-22 05:00:00,151.06,151.25,150.3,151.21,151.19,151.15,151.11,151.1,151.07,150.25,150.25,150.28,150.29,150.29,11/20/2019 17:00,151.15625,0,0.0,151.15625,150.15625,149.15625,0.0
2019-11-22 05:00:00,151.06,151.25,150.3,151.21,151.19,151.15,151.11,151.1,151.07,150.25,150.25,150.28,150.29,150.29,11/20/2019 17:00,151.15625,0,0.0,151.15625,150.15625,149.15625,0.0
2019-11-22 09:00:00,151.21,151.27,151.16,151.19,152.11,152.04,152.04,152.02,152.0,150.29,151.1,151.11,151.19,151.19,0,0.0,0,0.0,0.0,0.0,0.0,0.0
2019-11-22 13:00:00,151.19,151.21,151.06,151.17,152.04,152.04,152.02,152.0,151.21,150.28,150.29,150.29,151.1,151.11,0,0.0,0,0.0,0.0,0.0,0.0,0.0
2019-11-22 17:00:00,151.17,151.17,151.11,151.12,152.04,152.02,152.0,151.21,151.19,150.29,150.29,150.3,151.1,151.11,0,0.0,0,0.0,0.0,0.0,0.0,0.0
2019-11-24 21:00:00,151.11,151.13,151.06,151.09,152.02,152.0,151.27,151.21,151.19,150.28,150.29,150.29,150.3,151.1,0,0.0,0,0.0,0.0,0.0,0.0,0.0
2019-11-25 01:00:00,151.09,151.13,151.07,151.07,152.0,151.27,151.21,151.21,151.19,150.25,150.28,150.29,150.29,150.3,0,0.0,0,0.0,0.0,0.0,0.0,0.0
2019-11-25 05:00:00,151.07,151.08,151.02,151.03,151.27,151.21,151.21,151.19,151.17,150.25,150.28,150.29,150.29,150.3,0,0.0,0,0.0,0.0,0.0,0.0,0.0
2019-11-25 09:00:00,151.03,151.14,151.01,151.13,151.27,151.21,151.21,151.19,151.17,150.25,150.28,150.29,150.29,150.3,0,0.0,0,0.0,0.0,0.0,0.0,0.0
2019-11-25 13:00:00,151.13,151.26,151.12,151.21,151.27,151.21,151.21,151.19,151.17,150.25,150.28,150.29,150.29,150.3,11/20/2019 17:00,151.15625,0,0.0,151.15625,150.15625,149.15625,0.0
2019-11-25 17:00:00,151.22,151.27,151.17,151.24,152.04,152.04,152.02,152.0,151.27,150.29,150.3,151.17,151.21,151.21,11/20/2019 17:00,151.15625,0,0.0,151.15625,150.15625,149.15625,0.0
2019-11-25 21:00:00,151.25,151.26,151.11,151.18,152.04,152.04,152.02,152.0,151.27,150.3,151.01,151.17,151.21,151.21,0,0.0,0,0.0,0.0,0.0,0.0,0.0
2019-11-26 01:00:00,151.18,151.24,151.17,151.22,152.02,152.0,151.27,151.21,151.21,150.29,150.29,150.3,151.01,151.17,11/20/2019 17:00,151.15625,0,0.0,151.15625,150.15625,149.15625,0.0
2019-11-26 05:00:00,151.22,152.05,151.19,152.01,152.04,152.02,152.0,151.27,151.27,150.29,150.29,150.3,151.01,151.17,11/20/2019 17:00,151.15625,0,0.0,151.15625,150.15625,149.15625,0.0
2019-11-26 05:00:00,151.22,152.05,151.19,152.01,152.04,152.02,152.0,151.27,151.27,150.29,150.29,150.3,151.01,151.17,11/20/2019 17:00,151.15625,0,0.0,151.15625,150.15625,149.15625,0.0
2019-11-26 09:00:00,152.01,152.08,151.3,152.08,152.14,152.11,152.04,152.04,152.02,151.01,151.11,151.17,151.27,151.27,11/20/2019 17:00,151.15625,0,0.0,151.15625,150.15625,149.15625,0.0
2019-11-26 13:00:00,152.08,152.1,152.02,152.05,153.04,152.22,152.17,152.14,152.11,151.17,151.17,151.27,151.27,152.04,0,0.0,0,0.0,0.0,0.0,0.0,0.0
2019-11-26 17:00:00,152.05,152.07,152.0,152.01,153.04,152.22,152.17,152.14,152.11,151.17,151.19,151.27,151.27,152.04,0,0.0,0,0.0,0.0,0.0,0.0,0.0
2019-11-26 21:00:00,152.02,152.03,151.28,151.29,152.22,152.17,152.14,152.11,152.04,151.17,151.19,151.27,151.27,151.3,0,0.0,0,0.0,0.0,0.0,0.0,0.0
2019-11-27 01:00:00,151.29,152.03,151.28,152.03,152.14,152.11,152.1,152.04,151.3,151.17,151.17,151.19,151.27,151.27,11/26/2019 17:00,151.875,0,0.0,151.875,150.875,149.875,0.0
2019-11-27 05:00:00,152.04,152.05,151.3,152.03,152.17,152.14,152.11,152.1,152.07,151.17,151.19,151.27,151.27,151.3,0,0.0,0,0.0,0.0,0.0,0.0,0.0
2019-11-27 09:00:00,152.03,152.04,151.11,151.18,152.14,152.11,152.1,152.07,152.04,151.17,151.19,151.27,151.27,151.3,0,0.0,0,0.0,0.0,0.0,0.0,0.0
2019-11-27 13:00:00,151.18,151.28,151.16,151.26,152.07,152.04,151.27,151.27,151.19,150.3,151.01,151.11,151.17,151.17,11/26/2019 17:00,151.875,0,0.0,151.875,150.875,149.875,0.0
2019-11-27 17:00:00,151.26,151.26,151.17,151.2,152.07,152.05,152.04,151.27,151.27,151.01,151.11,151.17,151.17,151.19,0,0.0,0,0.0,0.0,0.0,0.0,0.0
2019-11-27 21:00:00,151.19,151.27,151.19,151.23,152.05,152.04,152.04,151.27,151.27,151.01,151.11,151.11,151.17,151.17,0,0.0,0,0.0,0.0,0.0,0.0,0.0
2019-11-28 01:00:00,151.23,151.24,151.19,151.21,152.04,152.04,151.28,151.27,151.27,151.11,151.16,151.17,151.17,151.19,0,0.0,0,0.0,0.0,0.0,0.0,0.0
2019-11-28 05:00:00,151.2,151.29,151.19,151.25,152.04,152.04,151.28,151.27,151.27,151.16,151.17,151.17,151.17,151.19,0,0.0,0,0.0,0.0,0.0,0.0,0.0
2019-11-28 09:00:00,151.24,151.25,151.12,151.14,152.04,152.04,151.28,151.27,151.27,151.16,151.17,151.17,151.17,151.19,0,0.0,0,0.0,0.0,0.0,0.0,0.0
2019-11-28 13:00:00,151.13,151.15,151.09,151.11,151.27,151.17,151.17,151.17,151.16,150.29,150.3,151.01,151.11,151.11,0,0.0,0,0.0,0.0,0.0,0.0,0.0
2019-11-28 21:00:00,151.13,151.16,151.09,151.15,151.27,151.17,151.17,151.17,151.16,150.29,150.3,151.01,151.11,151.11,0,0.0,0,0.0,0.0,0.0,0.0,0.0
2019-11-29 01:00:00,151.15,151.19,151.14,151.18,151.25,151.17,151.17,151.17,151.16,150.29,150.3,151.01,151.11,151.11,11/26/2019 17:00,151.875,0,0.0,151.875,150.875,149.875,0.0
2019-11-29 01:00:00,151.15,151.19,151.14,151.18,151.25,151.17,151.17,151.17,151.16,150.29,150.3,151.01,151.11,151.11,11/26/2019 17:00,151.875,0,0.0,151.875,150.875,149.875,0.0
2019-11-29 01:00:00,151.15,151.19,151.14,151.18,151.25,151.17,151.17,151.17,151.16,150.29,150.3,151.01,151.11,151.11,11/26/2019 17:00,151.875,0,0.0,151.875,150.875,149.875,0.0
2019-11-29 05:00:00,151.19,151.24,151.16,151.23,151.29,151.28,151.27,151.27,151.25,151.11,151.11,151.16,151.17,151.17,0,0.0,0,0.0,0.0,0.0,0.0,0.0
2019-11-29 09:00:00,151.22,151.24,151.12,151.12,151.29,151.28,151.27,151.27,151.25,151.11,151.11,151.16,151.17,151.17,0,0.0,0,0.0,0.0,0.0,0.0,0.0
2019-11-29 13:00:00,151.12,151.2,150.28,151.11,151.29,151.28,151.27,151.27,151.25,150.3,151.01,151.09,151.11,151.11,0,0.0,0,0.0,0.0,0.0,0.0,0.0
2019-12-01 21:45:00,151.1,151.15,150.18,150.2,151.27,151.27,151.25,151.11,151.11,150.29,150.29,150.3,151.01,151.09,0,0.0,0,0.0,0.0,0.0,0.0,0.0
2019-12-02 01:45:00,150.2,150.2,150.14,150.18,150.29,150.28,150.25,150.25,150.22,150.14,150.15,150.17,150.17,150.19,0,0.0,0,0.0,0.0,0.0,0.0,0.0
2019-12-02 05:45:00,150.19,150.19,149.16,149.23,150.28,150.25,150.25,150.22,150.2,150.11,150.14,150.15,150.17,150.17,0,0.0,0,0.0,0.0,0.0,0.0,0.0
2019-12-02 09:45:00,149.23,150.02,149.21,149.23,150.11,150.02,150.01,150.0,150.0,149.15,149.15,149.16,149.18,149.19,0,0.0,0,0.0,0.0,0.0,0.0,0.0
2019-12-02 13:45:00,149.22,150.08,149.2,149.31,150.11,150.02,150.01,150.0,150.0,149.15,149.15,149.16,149.18,149.19,0,0.0,0,0.0,0.0,0.0,0.0,0.0
2019-12-02 18:45:00,149.31,150.05,149.21,150.03,150.11,150.02,150.01,150.0,150.0,149.15,149.16,149.16,149.18,149.19,0,0.0,12/02/2019 17:00,151.15625,151.15625,152.15625,153.15625,0.0
2019-12-02 18:45:00,149.31,150.05,149.21,150.03,150.11,150.02,150.01,150.0,150.0,149.15,149.16,149.16,149.18,149.19,0,0.0,12/02/2019 17:00,151.15625,151.15625,152.15625,153.15625,0.0
2019-12-02 22:45:00,150.03,150.07,149.26,149.29,150.17,150.17,150.15,150.14,150.11,149.18,149.19,150.0,150.0,150.01,0,0.0,0,0.0,0.0,0.0,0.0,0.0
2019-12-03 02:45:00,149.29,149.3,149.18,149.27,150.17,150.15,150.14,150.11,150.08,149.16,149.16,149.18,149.19,149.2,0,0.0,0,0.0,0.0,0.0,0.0,0.0
2019-12-03 06:45:00,149.26,150.21,149.25,150.17,150.17,150.15,150.14,150.11,150.08,149.16,149.16,149.18,149.19,149.2,0,0.0,12/02/2019 17:00,151.15625,151.15625,152.15625,153.15625,0.0
2019-12-03 06:45:00,149.26,150.21,149.25,150.17,150.17,150.15,150.14,150.11,150.08,149.16,149.16,149.18,149.19,149.2,0,0.0,12/02/2019 17:00,151.15625,151.15625,152.15625,153.15625,0.0
2019-12-03 10:45:00,150.17,152.03,150.16,151.31,150.25,150.22,150.2,150.2,150.19,149.18,149.19,149.2,150.08,150.11,0,0.0,12/02/2019 17:00,151.15625,151.15625,152.15625,153.15625,0.0
2019-12-03 10:45:00,150.17,152.03,150.16,151.31,150.25,150.22,150.2,150.2,150.19,149.18,149.19,149.2,150.08,150.11,0,0.0,12/02/2019 17:00,151.15625,151.15625,152.15625,153.15625,0.0
2019-12-03 10:45:00,150.17,152.03,150.16,151.31,150.25,150.22,150.2,150.2,150.19,149.18,149.19,149.2,150.08,150.11,0,0.0,12/02/2019 17:00,151.15625,151.15625,152.15625,153.15625,0.0
2019-12-03 10:45:00,150.17,152.03,150.16,151.31,150.25,150.22,150.2,150.2,150.19,149.18,149.19,149.2,150.08,150.11,0,0.0,12/02/2019 17:00,151.15625,151.15625,152.15625,153.15625,0.0
2019-12-03 10:45:00,150.17,152.03,150.16,151.31,150.25,150.22,150.2,150.2,150.19,149.18,149.19,149.2,150.08,150.11,0,0.0,12/02/2019 17:00,151.15625,151.15625,152.15625,153.15625,0.0
2019-12-03 10:45:00,150.17,152.03,150.16,151.31,150.25,150.22,150.2,150.2,150.19,149.18,149.19,149.2,150.08,150.11,0,0.0,12/02/2019 17:00,151.15625,151.15625,152.15625,153.15625,0.0
2019-12-03 10:45:00,150.17,152.03,150.16,151.31,150.25,150.22,150.2,150.2,150.19,149.18,149.19,149.2,150.08,150.11,0,0.0,12/02/2019 17:00,151.15625,151.15625,152.15625,153.15625,0.0
2019-12-03 10:45:00,150.17,152.03,150.16,151.31,150.25,150.22,150.2,150.2,150.19,149.18,149.19,149.2,150.08,150.11,0,0.0,12/02/2019 17:00,151.15625,151.15625,152.15625,153.15625,0.0
2019-12-03 10:45:00,150.17,152.03,150.16,151.31,150.25,150.22,150.2,150.2,150.19,149.18,149.19,149.2,150.08,150.11,0,0.0,12/02/2019 17:00,151.15625,151.15625,152.15625,153.15625,0.0
2019-12-03 10:45:00,150.17,152.03,150.16,151.31,150.25,150.22,150.2,150.2,150.19,149.18,149.19,149.2,150.08,150.11,0,0.0,12/02/2019 17:00,151.15625,151.15625,152.15625,153.15625,0.0
2019-12-03 10:45:00,150.17,152.03,150.16,151.31,150.25,150.22,150.2,150.2,150.19,149.18,149.19,149.2,150.08,150.11,0,0.0,12/02/2019 17:00,151.15625,151.15625,152.15625,153.15625,0.0
2019-12-03 10:45:00,150.17,152.03,150.16,151.31,150.25,150.22,150.2,150.2,150.19,149.18,149.19,149.2,150.08,150.11,0,0.0,12/02/2019 17:00,151.15625,151.15625,152.15625,153.15625,0.0
2019-12-03 10:45:00,150.17,152.03,150.16,151.31,150.25,150.22,150.2,150.2,150.19,149.18,149.19,149.2,150.08,150.11,0,0.0,12/02/2019 17:00,151.15625,151.15625,152.15625,153.15625,0.0
2019-12-03 10:45:00,150.17,152.03,150.16,151.31,150.25,150.22,150.2,150.2,150.19,149.18,149.19,149.2,150.08,150.11,0,0.0,12/02/2019 17:00,151.15625,151.15625,152.15625,153.15625,0.0
2019-12-03 10:45:00,150.17,152.03,150.16,151.31,150.25,150.22,150.2,150.2,150.19,149.18,149.19,149.2,150.08,150.11,0,0.0,12/02/2019 17:00,151.15625,151.15625,152.15625,153.15625,0.0
2019-12-03 14:45:00,151.31,152.23,151.31,152.09,152.1,152.07,152.05,152.04,152.04,151.2,151.24,151.25,151.28,151.29,0,0.0,12/02/2019 17:00,151.15625,151.15625,152.15625,153.15625,0.0
2019-12-03 14:45:00,151.31,152.23,151.31,152.09,152.1,152.07,152.05,152.04,152.04,151.2,151.24,151.25,151.28,151.29,0,0.0,12/02/2019 17:00,151.15625,151.15625,152.15625,153.15625,0.0
2019-12-03 14:45:00,151.31,152.23,151.31,152.09,152.1,152.07,152.05,152.04,152.04,151.2,151.24,151.25,151.28,151.29,0,0.0,12/02/2019 17:00,151.15625,151.15625,152.15625,153.15625,0.0
2019-12-03 14:45:00,151.31,152.23,151.31,152.09,152.1,152.07,152.05,152.04,152.04,151.2,151.24,151.25,151.28,151.29,0,0.0,12/02/2019 17:00,151.15625,151.15625,152.15625,153.15625,0.0
2019-12-03 14:45:00,151.31,152.23,151.31,152.09,152.1,152.07,152.05,152.04,152.04,151.2,151.24,151.25,151.28,151.29,0,0.0,12/02/2019 17:00,151.15625,151.15625,152.15625,153.15625,0.0
2019-12-03 19:45:00,152.09,152.16,152.02,152.03,152.22,152.17,152.14,152.11,152.1,151.28,151.29,152.04,152.05,152.07,0,0.0,0,0.0,0.0,0.0,0.0,0.0
2019-12-03 23:45:00,152.02,152.09,151.3,152.05,152.11,152.1,152.07,152.05,152.04,151.2,151.24,151.25,151.28,151.29,0,0.0,0,0.0,0.0,0.0,0.0,0.0
2019-12-04 03:45:00,152.04,152.22,152.01,152.15,152.14,152.11,152.1,152.07,152.05,151.2,151.24,151.25,151.28,151.29,12/03/2019 17:00,152.34375,0,0.0,152.34375,151.34375,150.34375,0.0
2019-12-04 03:45:00,152.04,152.22,152.01,152.15,152.14,152.11,152.1,152.07,152.05,151.2,151.24,151.25,151.28,151.29,12/03/2019 17:00,152.34375,0,0.0,152.34375,151.34375,150.34375,0.0
2019-12-04 07:45:00,152.15,152.15,151.18,151.22,153.05,153.04,152.23,152.22,152.17,151.25,151.28,151.29,152.1,152.14,0,0.0,0,0.0,0.0,0.0,0.0,0.0
2019-12-04 11:45:00,151.22,152.01,150.24,150.27,152.1,151.29,151.28,151.25,151.24,151.09,151.11,151.11,151.15,151.2,0,0.0,0,0.0,0.0,0.0,0.0,0.0
2019-12-04 15:45:00,150.27,151.07,150.26,151.06,151.28,151.25,151.24,151.2,151.15,150.11,150.16,150.19,150.2,150.25,0,0.0,0,0.0,0.0,0.0,0.0,0.0
2019-12-04 20:45:00,151.06,151.1,151.01,151.09,151.28,151.25,151.24,151.2,151.15,150.11,150.16,150.19,150.2,150.25,0,0.0,0,0.0,0.0,0.0,0.0,0.0
2019-12-05 00:45:00,151.09,151.15,151.07,151.13,151.28,151.25,151.24,151.2,151.15,150.16,150.19,150.2,150.24,150.25,0,0.0,0,0.0,0.0,0.0,0.0,0.0
2019-12-05 04:45:00,151.13,151.14,150.31,150.31,151.28,151.25,151.24,151.2,151.15,150.19,150.2,150.24,150.25,150.26,0,0.0,0,0.0,0.0,0.0,0.0,0.0
2019-12-05 08:45:00,150.31,151.05,150.11,150.12,151.28,151.25,151.24,151.2,151.15,150.19,150.2,150.24,150.25,150.26,0,0.0,0,0.0,0.0,0.0,0.0,0.0
2019-12-05 12:45:00,150.12,150.23,150.04,150.23,150.26,150.24,150.2,150.19,150.16,149.19,149.2,149.25,150.08,150.11,0,0.0,12/04/2019 17:00,152.34375,152.34375,153.34375,154.34375,0.0
2019-12-05 16:45:00,150.23,150.27,150.13,150.15,151.15,151.15,151.14,150.26,150.24,149.2,149.25,150.08,150.11,150.16,0,0.0,0,0.0,0.0,0.0,0.0,0.0
2019-12-05 21:45:00,150.15,150.21,150.12,150.2,151.15,151.14,151.05,150.26,150.24,149.19,149.2,149.25,150.08,150.11,0,0.0,0,0.0,0.0,0.0,0.0,0.0
2019-12-06 01:45:00,150.2,150.23,150.11,150.11,151.15,151.14,151.05,150.26,150.24,149.2,149.25,150.04,150.08,150.11,0,0.0,0,0.0,0.0,0.0,0.0,0.0
2019-12-06 05:45:00,150.11,150.24,150.11,150.24,151.14,151.05,150.27,150.26,150.24,149.19,149.2,149.25,150.04,150.08,0,0.0,0,0.0,0.0,0.0,0.0,0.0
2019-12-06 09:45:00,150.24,151.0,149.15,149.23,151.15,151.14,151.05,150.27,150.26,149.2,149.25,150.04,150.08,150.11,0,0.0,0,0.0,0.0,0.0,0.0,0.0
2019-12-06 13:45:00,149.23,150.15,149.21,149.3,150.26,150.24,150.08,150.04,149.25,149.16,149.18,149.18,149.19,149.2,0,0.0,12/05/2019 17:00,150.90625,150.90625,151.90625,152.90625,0.0
2019-12-08 18:45:00,149.3,150.01,149.28,149.28,150.27,150.26,150.24,150.08,150.04,149.18,149.18,149.19,149.2,149.25,0,0.0,0,0.0,0.0,0.0,0.0,0.0
2019-12-08 22:45:00,149.28,150.01,149.28,149.29,150.27,150.26,150.24,150.08,150.04,149.18,149.18,149.19,149.2,149.25,0,0.0,0,0.0,0.0,0.0,0.0,0.0
2019-12-09 02:45:00,149.29,150.09,149.29,150.09,150.26,150.24,150.15,150.08,150.04,149.18,149.19,149.2,149.21,149.25,0,0.0,12/06/2019 17:00,150.0,150.0,151.0,152.0,147.25
2019-12-09 06:45:00,150.08,150.14,150.05,150.09,151.0,150.27,150.26,150.24,150.15,149.19,149.2,149.21,149.25,150.04,0,0.0,0,0.0,0.0,0.0,0.0,0.0
2019-12-09 10:45:00,150.09,150.23,150.05,150.1,151.0,150.27,150.26,150.24,150.15,149.2,149.21,149.25,149.28,150.04,0,0.0,0,0.0,0.0,0.0,0.0,0.0
2019-12-09 14:45:00,150.09,150.16,150.06,150.07,151.0,150.27,150.26,150.24,150.15,149.21,149.25,149.28,149.29,150.04,0,0.0,0,0.0,0.0,0.0,0.0,0.0
2019-12-09 19:45:00,150.07,150.17,150.05,150.13,151.0,150.27,150.26,150.24,150.15,149.21,149.25,149.28,149.29,150.04,0,0.0,0,0.0,0.0,0.0,0.0,0.0
2019-12-09 23:45:00,150.13,150.14,150.09,150.12,150.27,150.26,150.24,150.23,150.15,149.21,149.25,149.28,149.29,150.04,0,0.0,0,0.0,0.0,0.0,0.0,0.0
2019-12-10 03:45:00,150.12,150.19,150.1,150.14,150.27,150.26,150.24,150.23,150.15,149.21,149.25,149.28,149.29,150.04,0,0.0,0,0.0,0.0,0.0,0.0,0.0
2019-12-10 07:45:00,150.14,150.27,150.12,150.24,150.27,150.26,150.24,150.23,150.15,149.25,149.28,149.29,150.04,150.05,0,0.0,12/06/2019 17:00,150.0,150.0,151.0,152.0,147.25
2019-12-10 07:45:00,150.14,150.27,150.12,150.24,150.27,150.26,150.24,150.23,150.15,149.25,149.28,149.29,150.04,150.05,0,0.0,12/06/2019 17:00,150.0,150.0,151.0,152.0,147.25
2019-12-10 11:45:00,150.24,150.27,149.29,150.02,151.14,151.05,151.0,150.27,150.26,150.04,150.05,150.09,150.15,150.23,0,0.0,0,0.0,0.0,0.0,0.0,0.0
2019-12-10 15:45:00,150.02,150.14,149.31,150.06,150.24,150.23,150.15,150.09,150.05,149.2,149.21,149.25,149.28,149.29,0,0.0,12/06/2019 17:00,150.0,150.0,151.0,152.0,147.25
2019-12-10 20:45:00,150.06,150.13,150.03,150.09,150.26,150.24,150.23,150.15,150.09,149.21,149.25,149.28,149.29,150.05,0,0.0,0,0.0,0.0,0.0,0.0,0.0
2019-12-11 00:45:00,150.09,150.12,150.04,150.07,150.27,150.26,150.24,150.23,150.15,149.25,149.28,149.29,149.29,150.05,0,0.0,0,0.0,0.0,0.0,0.0,0.0
2019-12-11 04:45:00,150.07,150.23,150.05,150.18,150.24,150.23,150.15,150.14,150.09,149.28,149.29,149.29,149.31,150.05,0,0.0,12/06/2019 17:00,150.0,150.0,151.0,152.0,147.25
2019-12-11 04:45:00,150.07,150.23,150.05,150.18,150.24,150.23,150.15,150.14,150.09,149.28,149.29,149.29,149.31,150.05,0,0.0,12/06/2019 17:00,150.0,150.0,151.0,152.0,147.25
2019-12-11 08:45:00,150.18,150.24,150.1,150.16,150.27,150.27,150.26,150.24,150.23,149.31,150.03,150.05,150.09,150.14,0,0.0,0,0.0,0.0,0.0,0.0,0.0
2019-12-11 12:45:00,150.16,150.3,150.13,150.29,150.27,150.27,150.26,150.24,150.23,150.03,150.04,150.05,150.09,150.14,0,0.0,12/06/2019 17:00,150.0,150.0,151.0,152.0,147.25
2019-12-11 12:45:00,150.16,150.3,150.13,150.29,150.27,150.27,150.26,150.24,150.23,150.03,150.04,150.05,150.09,150.14,0,0.0,12/06/2019 17:00,150.0,150.0,151.0,152.0,147.25
2019-12-11 16:45:00,150.29,151.12,150.24,151.03,151.15,151.15,151.14,151.05,151.0,150.14,150.24,150.26,150.27,150.27,0,0.0,12/06/2019 17:00,150.0,150.0,151.0,152.0,147.25
2019-12-11 16:45:00,150.29,151.12,150.24,151.03,151.15,151.15,151.14,151.05,151.0,150.14,150.24,150.26,150.27,150.27,0,0.0,12/06/2019 17:00,150.0,150.0,151.0,152.0,147.25
2019-12-11 16:45:00,150.29,151.12,150.24,151.03,151.15,151.15,151.14,151.05,151.0,150.14,150.24,150.26,150.27,150.27,0,0.0,12/06/2019 17:00,150.0,150.0,151.0,152.0,147.25
2019-12-11 21:45:00,151.02,151.06,150.29,150.3,151.2,151.15,151.15,151.14,151.05,150.24,150.26,150.27,150.27,151.0,0,0.0,0,0.0,0.0,0.0,0.0,0.0
2019-12-12 01:45:00,150.3,151.01,150.29,150.3,151.15,151.15,151.14,151.05,151.0,150.14,150.24,150.26,150.27,150.27,0,0.0,0,0.0,0.0,0.0,0.0,0.0
2019-12-12 05:45:00,150.3,150.3,150.18,150.27,151.15,151.14,151.12,151.05,151.0,150.24,150.24,150.26,150.27,150.27,0,0.0,0,0.0,0.0,0.0,0.0,0.0
2019-12-12 09:45:00,150.28,151.1,150.01,150.05,151.14,151.12,151.06,151.05,151.0,150.24,150.24,150.26,150.27,150.27,0,0.0,0,0.0,0.0,0.0,0.0,0.0
2019-12-12 13:45:00,150.04,150.06,148.24,149.04,150.14,150.13,150.1,150.05,150.05,149.28,149.29,149.29,149.31,150.03,0,0.0,0,0.0,0.0,0.0,0.0,0.0
2019-12-12 18:45:00,149.04,149.08,148.01,148.06,149.13,149.11,149.09,149.07,149.05,148.24,148.24,148.27,149.02,149.03,0,0.0,0,0.0,0.0,0.0,0.0,0.0
2019-12-12 22:45:00,148.06,148.28,148.03,148.21,148.22,148.22,148.14,148.13,148.11,147.25,147.27,147.28,147.28,148.04,0,0.0,0,0.0,0.0,0.0,0.0,0.0
2019-12-13 02:45:00,148.22,148.26,148.19,148.24,149.03,148.27,148.24,148.24,148.23,147.27,147.28,147.28,148.04,148.06,0,0.0,12/12/2019 17:00,151.0,151.0,152.0,153.0,147.25
2019-12-13 06:45:00,148.24,149.05,148.21,149.02,149.08,149.07,149.05,149.03,148.27,147.28,148.01,148.04,148.06,148.22,0,0.0,12/12/2019 17:00,151.0,151.0,152.0,153.0,147.25
2019-12-13 10:45:00,149.03,149.29,148.27,149.22,149.11,149.09,149.08,149.07,149.05,148.04,148.06,148.22,148.24,148.27,0,0.0,12/12/2019 17:00,151.0,151.0,152.0,153.0,147.25
2019-12-13 10:45:00,149.03,149.29,148.27,149.22,149.11,149.09,149.08,149.07,149.05,148.04,148.06,148.22,148.24,148.27,0,0.0,12/12/2019 17:00,151.0,151.0,152.0,153.0,147.25
2019-12-13 10:45:00,149.03,149.29,148.27,149.22,149.11,149.09,149.08,149.07,149.05,148.04,148.06,148.22,148.24,148.27,0,0.0,12/12/2019 17:00,151.0,151.0,152.0,153.0,147.25
2019-12-13 10:45:00,149.03,149.29,148.27,149.22,149.11,149.09,149.08,149.07,149.05,148.04,148.06,148.22,148.24,148.27,0,0.0,12/12/2019 17:00,151.0,151.0,152.0,153.0,147.25
2019-12-13 10:45:00,149.03,149.29,148.27,149.22,149.11,149.09,149.08,149.07,149.05,148.04,148.06,148.22,148.24,148.27,0,0.0,12/12/2019 17:00,151.0,151.0,152.0,153.0,147.25
2019-12-13 10:45:00,149.03,149.29,148.27,149.22,149.11,149.09,149.08,149.07,149.05,148.04,148.06,148.22,148.24,148.27,0,0.0,12/12/2019 17:00,151.0,151.0,152.0,153.0,147.25
2019-12-13 10:45:00,149.03,149.29,148.27,149.22,149.11,149.09,149.08,149.07,149.05,148.04,148.06,148.22,148.24,148.27,0,0.0,12/12/2019 17:00,151.0,151.0,152.0,153.0,147.25
2019-12-13 10:45:00,149.03,149.29,148.27,149.22,149.11,149.09,149.08,149.07,149.05,148.04,148.06,148.22,148.24,148.27,0,0.0,12/12/2019 17:00,151.0,151.0,152.0,153.0,147.25
2019-12-13 10:45:00,149.03,149.29,148.27,149.22,149.11,149.09,149.08,149.07,149.05,148.04,148.06,148.22,148.24,148.27,0,0.0,12/12/2019 17:00,151.0,151.0,152.0,153.0,147.25
2019-12-13 14:45:00,149.22,150.21,149.2,150.15,150.03,149.31,149.29,149.29,149.28,149.15,149.16,149.18,149.2,149.21,0,0.0,12/12/2019 17:00,151.0,151.0,152.0,153.0,147.25
2019-12-13 14:45:00,149.22,150.21,149.2,150.15,150.03,149.31,149.29,149.29,149.28,149.15,149.16,149.18,149.2,149.21,0,0.0,12/12/2019 17:00,151.0,151.0,152.0,153.0,147.25
2019-12-13 14:45:00,149.22,150.21,149.2,150.15,150.03,149.31,149.29,149.29,149.28,149.15,149.16,149.18,149.2,149.21,0,0.0,12/12/2019 17:00,151.0,151.0,152.0,153.0,147.25
2019-12-13 14:45:00,149.22,150.21,149.2,150.15,150.03,149.31,149.29,149.29,149.28,149.15,149.16,149.18,149.2,149.21,0,0.0,12/12/2019 17:00,151.0,151.0,152.0,153.0,147.25
2019-12-13 14:45:00,149.22,150.21,149.2,150.15,150.03,149.31,149.29,149.29,149.28,149.15,149.16,149.18,149.2,149.21,0,0.0,12/12/2019 17:00,151.0,151.0,152.0,153.0,147.25
2019-12-13 14:45:00,149.22,150.21,149.2,150.15,150.03,149.31,149.29,149.29,149.28,149.15,149.16,149.18,149.2,149.21,0,0.0,12/12/2019 17:00,151.0,151.0,152.0,153.0,147.25
2019-12-13 14:45:00,149.22,150.21,149.2,150.15,150.03,149.31,149.29,149.29,149.28,149.15,149.16,149.18,149.2,149.21,0,0.0,12/12/2019 17:00,151.0,151.0,152.0,153.0,147.25
2019-12-13 14:45:00,149.22,150.21,149.2,150.15,150.03,149.31,149.29,149.29,149.28,149.15,149.16,149.18,149.2,149.21,0,0.0,12/12/2019 17:00,151.0,151.0,152.0,153.0,147.25
2019-12-13 14:45:00,149.22,150.21,149.2,150.15,150.03,149.31,149.29,149.29,149.28,149.15,149.16,149.18,149.2,149.21,0,0.0,12/12/2019 17:00,151.0,151.0,152.0,153.0,147.25
2019-12-13 14:45:00,149.22,150.21,149.2,150.15,150.03,149.31,149.29,149.29,149.28,149.15,149.16,149.18,149.2,149.21,0,0.0,12/12/2019 17:00,151.0,151.0,152.0,153.0,147.25
2019-12-13 14:45:00,149.22,150.21,149.2,150.15,150.03,149.31,149.29,149.29,149.28,149.15,149.16,149.18,149.2,149.21,0,0.0,12/12/2019 17:00,151.0,151.0,152.0,153.0,147.25
2019-12-15 19:45:00,150.15,150.19,150.06,150.07,151.05,151.0,150.27,150.27,150.24,150.04,150.05,150.06,150.1,150.13,12/13/2019 17:00,149.40625,0,0.0,149.40625,148.40625,147.40625,0.0
2019-12-15 23:45:00,150.07,150.08,150.02,150.07,151.05,151.0,150.27,150.27,150.24,149.31,150.03,150.04,150.05,150.06,0,0.0,0,0.0,0.0,0.0,0.0,0.0
2019-12-16 03:45:00,150.08,150.12,149.31,150.06,151.0,150.27,150.27,150.24,150.21,149.31,150.03,150.04,150.05,150.06,0,0.0,0,0.0,0.0,0.0,0.0,0.0
2019-12-16 07:45:00,150.06,150.12,150.0,150.03,150.27,150.27,150.24,150.21,150.19,149.29,149.31,150.03,150.04,150.05,0,0.0,0,0.0,0.0,0.0,0.0,0.0
2019-12-16 11:45:00,150.03,150.05,149.06,149.09,150.27,150.24,150.21,150.19,150.06,149.21,149.28,149.29,149.29,149.31,0,0.0,0,0.0,0.0,0.0,0.0,0.0
2019-12-16 15:45:00,149.1,149.12,149.02,149.08,150.24,150.21,150.19,150.06,149.2,148.24,148.27,148.27,149.03,149.08,0,0.0,0,0.0,0.0,0.0,0.0,0.0
2019-12-16 20:45:00,149.09,149.2,149.08,149.16,150.21,150.19,150.12,150.06,149.2,148.24,148.27,148.27,149.03,149.08,0,0.0,0,0.0,0.0,0.0,0.0,0.0
2019-12-17 00:45:00,149.16,149.22,149.16,149.2,150.19,150.12,150.06,150.05,149.2,148.24,148.27,148.27,149.03,149.08,0,0.0,0,0.0,0.0,0.0,0.0,0.0
2019-12-17 04:45:00,149.21,149.28,149.18,149.22,150.21,150.19,150.12,150.06,150.05,148.27,149.02,149.03,149.08,149.2,0,0.0,12/16/2019 17:00,149.40625,149.40625,150.40625,151.40625,0.0
2019-12-17 08:45:00,149.22,149.27,149.19,149.23,150.21,150.19,150.12,150.06,150.05,149.02,149.03,149.08,149.08,149.2,0,0.0,0,0.0,0.0,0.0,0.0,0.0
2019-12-17 12:45:00,149.22,149.22,149.06,149.12,150.21,150.19,150.12,150.06,150.05,149.03,149.08,149.08,149.16,149.2,0,0.0,0,0.0,0.0,0.0,0.0,0.0
2019-12-17 16:45:00,149.12,149.15,148.31,149.14,150.12,150.06,150.05,149.28,149.16,148.27,149.02,149.03,149.08,149.08,0,0.0,0,0.0,0.0,0.0,0.0,0.0
2019-12-17 21:45:00,149.14,149.14,149.05,149.08,150.06,150.05,149.28,149.27,149.16,148.27,149.02,149.03,149.08,149.08,0,0.0,0,0.0,0.0,0.0,0.0,0.0
2019-12-18 01:45:00,149.08,149.13,149.08,149.11,150.05,149.28,149.27,149.22,149.16,148.24,148.27,148.27,149.02,149.03,0,0.0,0,0.0,0.0,0.0,0.0,0.0
2019-12-18 05:45:00,149.11,149.19,149.08,149.16,149.28,149.27,149.22,149.16,149.15,148.31,149.02,149.03,149.08,149.08,0,0.0,12/16/2019 17:00,149.40625,149.40625,150.40625,151.40625,0.0
2019-12-18 09:45:00,149.16,149.18,148.27,148.27,150.06,150.05,149.28,149.27,149.22,149.03,149.05,149.08,149.08,149.15,0,0.0,0,0.0,0.0,0.0,0.0,0.0
2019-12-18 13:45:00,148.27,148.29,148.04,148.08,149.08,149.08,149.05,149.02,148.31,148.06,148.19,148.21,148.22,148.24,0,0.0,0,0.0,0.0,0.0,0.0,0.0
2019-12-18 18:45:00,148.08,148.17,148.06,148.14,149.02,148.31,148.27,148.21,148.19,147.28,148.01,148.03,148.04,148.06,0,0.0,0,0.0,0.0,0.0,0.0,0.0
2019-12-18 22:45:00,148.14,148.22,148.11,148.2,149.02,148.31,148.27,148.21,148.19,147.28,148.01,148.03,148.04,148.06,0,0.0,12/18/2019 17:00,148.75,148.75,149.75,150.75,0.0
2019-12-19 02:45:00,148.2,148.21,148.07,148.08,149.02,148.31,148.29,148.27,148.21,148.03,148.04,148.04,148.06,148.19,0,0.0,0,0.0,0.0,0.0,0.0,0.0
2019-12-19 06:45:00,148.07,148.11,147.24,147.27,149.02,148.31,148.29,148.27,148.21,148.03,148.04,148.04,148.06,148.06,0,0.0,0,0.0,0.0,0.0,0.0,0.0
2019-12-19 10:45:00,147.28,148.1,147.24,148.02,148.06,148.04,148.04,148.03,148.01,147.2,147.21,147.22,147.25,147.27,0,0.0,12/18/2019 17:00,148.75,148.75,149.75,150.75,0.0
2019-12-19 10:45:00,147.28,148.1,147.24,148.02,148.06,148.04,148.04,148.03,148.01,147.2,147.21,147.22,147.25,147.27,0,0.0,12/18/2019 17:00,148.75,148.75,149.75,150.75,0.0
2019-12-19 14:45:00,148.02,148.25,147.31,148.2,148.06,148.06,148.04,148.04,148.03,147.25,147.27,147.28,147.28,148.01,0,0.0,12/18/2019 17:00,148.75,148.75,149.75,150.75,0.0
2019-12-19 14:45:00,148.02,148.25,147.31,148.2,148.06,148.06,148.04,148.04,148.03,147.25,147.27,147.28,147.28,148.01,0,0.0,12/18/2019 17:00,148.75,148.75,149.75,150.75,0.0
2019-12-19 14:45:00,148.02,148.25,147.31,148.2,148.06,148.06,148.04,148.04,148.03,147.25,147.27,147.28,147.28,148.01,0,0.0,12/18/2019 17:00,148.75,148.75,149.75,150.75,0.0
2019-12-19 14:45:00,148.02,148.25,147.31,148.2,148.06,148.06,148.04,148.04,148.03,147.25,147.27,147.28,147.28,148.01,0,0.0,12/18/2019 17:00,148.75,148.75,149.75,150.75,0.0
2019-12-19 19:45:00,148.2,148.2,148.08,148.14,148.29,148.27,148.22,148.21,148.21,148.03,148.04,148.04,148.06,148.06,0,0.0,12/18/2019 17:00,148.75,148.75,149.75,150.75,0.0
2019-12-19 19:45:00,148.2,148.2,148.08,148.14,148.29,148.27,148.22,148.21,148.21,148.03,148.04,148.04,148.06,148.06,0,0.0,12/18/2019 17:00,148.75,148.75,149.75,150.75,0.0
2019-12-19 23:45:00,148.13,148.16,148.04,148.05,148.29,148.27,148.22,148.21,148.21,148.03,148.04,148.04,148.06,148.06,0,0.0,0,0.0,0.0,0.0,0.0,0.0
2019-12-20 03:45:00,148.05,148.12,147.31,148.01,148.27,148.25,148.22,148.21,148.21,147.31,148.01,148.03,148.04,148.04,0,0.0,0,0.0,0.0,0.0,0.0,0.0
2019-12-20 07:45:00,148.01,148.04,147.29,148.03,148.25,148.22,148.21,148.21,148.2,147.25,147.27,147.28,147.28,147.31,0,0.0,0,0.0,0.0,0.0,0.0,0.0
2019-12-20 11:45:00,148.04,148.15,148.0,148.14,148.22,148.21,148.21,148.2,148.16,147.27,147.28,147.28,147.31,148.01,0,0.0,0,0.0,0.0,0.0,0.0,0.0
2019-12-20 15:45:00,148.15,148.2,148.14,148.2,148.22,148.21,148.21,148.2,148.16,147.27,147.28,147.28,147.31,148.01,0,0.0,12/18/2019 17:00,148.75,148.75,149.75,150.75,0.0
2019-12-22 20:45:00,148.2,148.24,148.14,148.23,148.27,148.25,148.22,148.21,148.21,147.28,147.29,147.31,148.01,148.16,0,0.0,12/18/2019 17:00,148.75,148.75,149.75,150.75,0.0
2019-12-22 20:45:00,148.2,148.24,148.14,148.23,148.27,148.25,148.22,148.21,148.21,147.28,147.29,147.31,148.01,148.16,0,0.0,12/18/2019 17:00,148.75,148.75,149.75,150.75,0.0
2019-12-22 20:45:00,148.2,148.24,148.14,148.23,148.27,148.25,148.22,148.21,148.21,147.28,147.29,147.31,148.01,148.16,0,0.0,12/18/2019 17:00,148.75,148.75,149.75,150.75,0.0
2019-12-22 20:45:00,148.2,148.24,148.14,148.23,148.27,148.25,148.22,148.21,148.21,147.28,147.29,147.31,148.01,148.16,0,0.0,12/18/2019 17:00,148.75,148.75,149.75,150.75,0.0
2019-12-23 00:45:00,148.23,148.25,148.22,148.25,149.02,148.31,148.29,148.27,148.25,148.16,148.2,148.21,148.21,148.22,0,0.0,0,0.0,0.0,0.0,0.0,0.0
2019-12-23 04:45:00,148.25,149.02,148.25,148.28,149.05,149.02,148.31,148.29,148.27,148.16,148.2,148.21,148.21,148.22,0,0.0,12/18/2019 17:00,148.75,148.75,149.75,150.75,0.0
2019-12-23 04:45:00,148.25,149.02,148.25,148.28,149.05,149.02,148.31,148.29,148.27,148.16,148.2,148.21,148.21,148.22,0,0.0,12/18/2019 17:00,148.75,148.75,149.75,150.75,0.0
2019-12-23 08:45:00,148.28,148.3,148.16,148.29,149.08,149.05,149.02,148.31,148.29,148.21,148.21,148.22,148.25,148.27,0,0.0,0,0.0,0.0,0.0,0.0,0.0
2019-12-23 12:45:00,148.3,149.0,148.1,148.1,149.08,149.08,149.05,149.02,148.31,148.21,148.22,148.25,148.27,148.29,0,0.0,0,0.0,0.0,0.0,0.0,0.0
2019-12-23 16:45:00,148.11,148.12,148.01,148.11,148.22,148.21,148.2,148.16,148.14,147.28,147.29,147.31,148.0,148.01,0,0.0,0,0.0,0.0,0.0,0.0,0.0
2019-12-23 21:45:00,148.11,148.15,148.08,148.12,148.22,148.21,148.2,148.16,148.14,147.28,147.29,147.31,148.0,148.01,0,0.0,0,0.0,0.0,0.0,0.0,0.0
2019-12-24 01:45:00,148.12,148.17,148.12,148.14,148.22,148.21,148.2,148.16,148.14,147.28,147.29,147.31,148.0,148.01,0,0.0,0,0.0,0.0,0.0,0.0,0.0
2019-12-24 05:45:00,148.14,148.17,148.1,148.12,148.25,148.22,148.21,148.2,148.16,147.29,147.31,148.0,148.01,148.01,0,0.0,0,0.0,0.0,0.0,0.0,0.0
2019-12-24 09:45:00,148.11,148.13,147.28,148.03,148.22,148.21,148.2,148.16,148.14,147.31,148.0,148.01,148.01,148.08,0,0.0,0,0.0,0.0,0.0,0.0,0.0
2019-12-25 18:30:00,148.02,148.28,148.01,148.24,148.21,148.2,148.16,148.14,148.08,147.29,147.31,148.0,148.01,148.01,0,0.0,12/18/2019 17:00,148.75,148.75,149.75,150.75,0.0
2019-12-25 18:30:00,148.02,148.28,148.01,148.24,148.21,148.2,148.16,148.14,148.08,147.29,147.31,148.0,148.01,148.01,0,0.0,12/18/2019 17:00,148.75,148.75,149.75,150.75,0.0
2019-12-25 22:30:00,148.24,148.25,148.17,148.2,149.02,149.0,148.31,148.29,148.25,148.0,148.01,148.01,148.08,148.14,0,0.0,0,0.0,0.0,0.0,0.0,0.0
2019-12-26 02:30:00,148.2,148.22,148.19,148.21,149.02,149.0,148.31,148.29,148.25,148.0,148.01,148.01,148.08,148.14,0,0.0,0,0.0,0.0,0.0,0.0,0.0
2019-12-26 06:30:00,148.21,148.27,148.19,148.22,149.0,148.31,148.29,148.28,148.25,148.01,148.01,148.01,148.08,148.14,0,0.0,0,0.0,0.0,0.0,0.0,0.0
2019-12-26 10:30:00,148.22,148.29,148.19,148.24,149.0,148.31,148.29,148.28,148.25,148.01,148.01,148.08,148.14,148.17,0,0.0,0,0.0,0.0,0.0,0.0,0.0
2019-12-26 14:30:00,148.25,148.31,148.16,148.27,149.02,149.0,148.31,148.29,148.28,148.01,148.01,148.08,148.14,148.17,0,0.0,0,0.0,0.0,0.0,0.0,0.0
2019-12-26 19:30:00,148.27,149.03,148.24,148.31,149.02,149.0,148.31,148.29,148.28,148.01,148.01,148.08,148.14,148.17,12/26/2019 17:00,148.75,0,0.0,148.75,147.75,146.75,0.0
2019-12-26 19:30:00,148.27,149.03,148.24,148.31,149.02,149.0,148.31,148.29,148.28,148.01,148.01,148.08,148.14,148.17,12/26/2019 17:00,148.75,0,0.0,148.75,147.75,146.75,0.0
2019-12-26 23:30:00,149.0,149.02,148.27,148.3,149.08,149.08,149.05,149.02,149.02,148.14,148.17,148.28,148.29,148.31,0,0.0,0,0.0,0.0,0.0,0.0,0.0
2019-12-27 03:30:00,148.29,148.3,148.25,148.26,149.05,149.02,149.02,149.0,148.31,148.08,148.14,148.16,148.17,148.28,0,0.0,0,0.0,0.0,0.0,0.0,0.0
2019-12-27 07:30:00,148.26,149.07,148.26,149.02,149.02,149.0,148.31,148.29,148.28,148.08,148.14,148.16,148.17,148.24,12/26/2019 17:00,148.75,0,0.0,148.75,147.75,146.75,0.0
2019-12-27 07:30:00,148.26,149.07,148.26,149.02,149.02,149.0,148.31,148.29,148.28,148.08,148.14,148.16,148.17,148.24,12/26/2019 17:00,148.75,0,0.0,148.75,147.75,146.75,0.0
2019-12-27 11:30:00,149.03,149.11,148.31,149.08,149.16,149.15,149.08,149.08,149.05,148.24,148.31,149.0,149.02,149.02,12/26/2019 17:00,148.75,0,0.0,148.75,147.75,146.75,0.0
2019-12-27 11:30:00,149.03,149.11,148.31,149.08,149.16,149.15,149.08,149.08,149.05,148.24,148.31,149.0,149.02,149.02,12/26/2019 17:00,148.75,0,0.0,148.75,147.75,146.75,0.0
2019-12-27 11:30:00,149.03,149.11,148.31,149.08,149.16,149.15,149.08,149.08,149.05,148.24,148.31,149.0,149.02,149.02,12/26/2019 17:00,148.75,0,0.0,148.75,147.75,146.75,0.0
2019-12-27 11:30:00,149.03,149.11,148.31,149.08,149.16,149.15,149.08,149.08,149.05,148.24,148.31,149.0,149.02,149.02,12/26/2019 17:00,148.75,0,0.0,148.75,147.75,146.75,0.0
2019-12-27 15:30:00,149.09,149.1,149.05,149.05,149.22,149.19,149.18,149.16,149.15,149.02,149.03,149.05,149.08,149.08,0,0.0,0,0.0,0.0,0.0,0.0,0.0
2019-12-29 20:30:00,149.05,149.07,148.29,149.02,149.18,149.16,149.15,149.08,149.08,148.31,149.0,149.02,149.02,149.03,0,0.0,0,0.0,0.0,0.0,0.0,0.0
2019-12-30 00:30:00,149.01,149.05,149.01,149.02,149.08,149.08,149.03,149.02,149.02,148.24,148.25,148.26,148.31,149.0,0,0.0,0,0.0,0.0,0.0,0.0,0.0
2019-12-30 04:30:00,149.02,149.04,148.12,148.13,149.11,149.1,149.08,149.08,149.03,148.24,148.25,148.26,148.31,149.0,0,0.0,0,0.0,0.0,0.0,0.0,0.0
2019-12-30 08:30:00,148.13,148.13,147.22,147.25,148.26,148.25,148.24,148.17,148.16,148.0,148.01,148.01,148.01,148.08,0,0.0,0,0.0,0.0,0.0,0.0,0.0
2019-12-30 12:30:00,147.25,148.06,147.2,148.0,148.0,147.31,147.29,147.28,147.27,147.2,147.2,147.21,147.22,147.24,12/26/2019 17:00,148.75,0,0.0,148.75,147.75,146.75,0.0
2019-12-30 12:30:00,147.25,148.06,147.2,148.0,148.0,147.31,147.29,147.28,147.27,147.2,147.2,147.21,147.22,147.24,12/26/2019 17:00,148.75,0,0.0,148.75,147.75,146.75,0.0
2019-12-30 12:30:00,147.25,148.06,147.2,148.0,148.0,147.31,147.29,147.28,147.27,147.2,147.2,147.21,147.22,147.24,12/26/2019 17:00,148.75,0,0.0,148.75,147.75,146.75,0.0
2019-12-30 12:30:00,147.25,148.06,147.2,148.0,148.0,147.31,147.29,147.28,147.27,147.2,147.2,147.21,147.22,147.24,12/26/2019 17:00,148.75,0,0.0,148.75,147.75,146.75,0.0
2019-12-30 16:30:00,148.0,148.24,148.0,148.23,148.24,148.17,148.16,148.01,148.01,147.25,147.27,147.28,147.29,147.31,12/26/2019 17:00,148.75,0,0.0,148.75,147.75,146.75,0.0
2019-12-30 16:30:00,148.0,148.24,148.0,148.23,148.24,148.17,148.16,148.01,148.01,147.25,147.27,147.28,147.29,147.31,12/26/2019 17:00,148.75,0,0.0,148.75,147.75,146.75,0.0
2019-12-30 16:30:00,148.0,148.24,148.0,148.23,148.24,148.17,148.16,148.01,148.01,147.25,147.27,147.28,147.29,147.31,12/26/2019 17:00,148.75,0,0.0,148.75,147.75,146.75,0.0
2019-12-30 16:30:00,148.0,148.24,148.0,148.23,148.24,148.17,148.16,148.01,148.01,147.25,147.27,147.28,147.29,147.31,12/26/2019 17:00,148.75,0,0.0,148.75,147.75,146.75,0.0
2019-12-30 21:30:00,148.22,148.26,148.15,148.2,149.02,149.0,148.26,148.25,148.24,148.0,148.01,148.01,148.16,148.17,0,0.0,12/30/2019 17:00,148.75,148.75,149.75,150.75,0.0
2019-12-31 01:30:00,148.19,148.2,148.17,148.19,149.02,149.0,148.26,148.25,148.24,148.0,148.01,148.01,148.16,148.17,0,0.0,0,0.0,0.0,0.0,0.0,0.0
2019-12-31 05:30:00,148.19,148.23,148.08,148.1,149.02,149.0,148.26,148.25,148.24,148.0,148.01,148.01,148.16,148.17,0,0.0,0,0.0,0.0,0.0,0.0,0.0
2019-12-31 09:30:00,148.11,148.21,148.04,148.06,149.0,148.26,148.26,148.25,148.24,147.31,148.0,148.0,148.01,148.01,0,0.0,0,0.0,0.0,0.0,0.0,0.0
2019-12-31 13:30:00,148.06,148.14,147.23,148.01,149.0,148.26,148.26,148.25,148.24,147.31,148.0,148.0,148.01,148.01,0,0.0,0,0.0,0.0,0.0,0.0,0.0
2020-01-01 18:30:00,148.01,148.03,147.24,147.25,148.26,148.26,148.25,148.24,148.23,147.28,147.29,147.31,148.0,148.0,0,0.0,0,0.0,0.0,0.0,0.0,0.0
2020-01-01 22:30:00,147.25,148.02,147.25,147.3,148.25,148.24,148.23,148.21,148.0,147.2,147.2,147.21,147.22,147.24,0,0.0,0,0.0,0.0,0.0,0.0,0.0
2020-01-02 02:30:00,147.3,148.06,147.3,148.01,148.24,148.23,148.21,148.14,148.0,147.21,147.22,147.23,147.24,147.25,0,0.0,12/30/2019 17:00,148.75,148.75,149.75,150.75,0.0
2020-01-02 06:30:00,148.0,148.06,147.15,148.06,148.25,148.24,148.23,148.21,148.14,147.22,147.23,147.24,147.24,147.25,0,0.0,0,0.0,0.0,0.0,0.0,0.0
2020-01-02 10:30:00,148.06,149.1,148.04,149.09,148.25,148.24,148.23,148.21,148.14,147.23,147.24,147.24,147.25,148.0,0,0.0,12/30/2019 17:00,148.75,148.75,149.75,150.75,0.0
2020-01-02 10:30:00,148.06,149.1,148.04,149.09,148.25,148.24,148.23,148.21,148.14,147.23,147.24,147.24,147.25,148.0,0,0.0,12/30/2019 17:00,148.75,148.75,149.75,150.75,0.0
2020-01-02 10:30:00,148.06,149.1,148.04,149.09,148.25,148.24,148.23,148.21,148.14,147.23,147.24,147.24,147.25,148.0,0,0.0,12/30/2019 17:00,148.75,148.75,149.75,150.75,0.0
2020-01-02 10:30:00,148.06,149.1,148.04,149.09,148.25,148.24,148.23,148.21,148.14,147.23,147.24,147.24,147.25,148.0,0,0.0,12/30/2019 17:00,148.75,148.75,149.75,150.75,0.0
2020-01-02 10:30:00,148.06,149.1,148.04,149.09,148.25,148.24,148.23,148.21,148.14,147.23,147.24,147.24,147.25,148.0,0,0.0,12/30/2019 17:00,148.75,148.75,149.75,150.75,0.0
2020-01-02 10:30:00,148.06,149.1,148.04,149.09,148.25,148.24,148.23,148.21,148.14,147.23,147.24,147.24,147.25,148.0,0,0.0,12/30/2019 17:00,148.75,148.75,149.75,150.75,0.0
2020-01-02 10:30:00,148.06,149.1,148.04,149.09,148.25,148.24,148.23,148.21,148.14,147.23,147.24,147.24,147.25,148.0,0,0.0,12/30/2019 17:00,148.75,148.75,149.75,150.75,0.0
2020-01-02 10:30:00,148.06,149.1,148.04,149.09,148.25,148.24,148.23,148.21,148.14,147.23,147.24,147.24,147.25,148.0,0,0.0,12/30/2019 17:00,148.75,148.75,149.75,150.75,0.0
2020-01-02 10:30:00,148.06,149.1,148.04,149.09,148.25,148.24,148.23,148.21,148.14,147.23,147.24,147.24,147.25,148.0,0,0.0,12/30/2019 17:00,148.75,148.75,149.75,150.75,0.0
2020-01-02 10:30:00,148.06,149.1,148.04,149.09,148.25,148.24,148.23,148.21,148.14,147.23,147.24,147.24,147.25,148.0,0,0.0,12/30/2019 17:00,148.75,148.75,149.75,150.75,0.0
2020-01-02 14:30:00,149.09,149.14,148.25,148.26,149.18,149.16,149.15,149.11,149.1,148.26,149.04,149.05,149.07,149.08,0,0.0,0,0.0,0.0,0.0,0.0,0.0
2020-01-02 19:30:00,148.27,149.02,148.26,149.0,149.11,149.1,149.07,149.05,149.04,148.23,148.24,148.25,148.26,148.26,0,0.0,12/30/2019 17:00,148.75,148.75,149.75,150.75,0.0
2020-01-02 23:30:00,149.0,150.02,149.0,149.26,149.11,149.1,149.07,149.05,149.04,148.23,148.24,148.25,148.26,148.26,0,0.0,12/30/2019 17:00,148.75,148.75,149.75,150.75,0.0
2020-01-02 23:30:00,149.0,150.02,149.0,149.26,149.11,149.1,149.07,149.05,149.04,148.23,148.24,148.25,148.26,148.26,0,0.0,12/30/2019 17:00,148.75,148.75,149.75,150.75,0.0
2020-01-02 23:30:00,149.0,150.02,149.0,149.26,149.11,149.1,149.07,149.05,149.04,148.23,148.24,148.25,148.26,148.26,0,0.0,12/30/2019 17:00,148.75,148.75,149.75,150.75,0.0
2020-01-02 23:30:00,149.0,150.02,149.0,149.26,149.11,149.1,149.07,149.05,149.04,148.23,148.24,148.25,148.26,148.26,0,0.0,12/30/2019 17:00,148.75,148.75,149.75,150.75,0.0
2020-01-02 23:30:00,149.0,150.02,149.0,149.26,149.11,149.1,149.07,149.05,149.04,148.23,148.24,148.25,148.26,148.26,0,0.0,12/30/2019 17:00,148.75,148.75,149.75,150.75,0.0
2020-01-02 23:30:00,149.0,150.02,149.0,149.26,149.11,149.1,149.07,149.05,149.04,148.23,148.24,148.25,148.26,148.26,0,0.0,12/30/2019 17:00,148.75,148.75,149.75,150.75,0.0
2020-01-03 03:30:00,149.26,150.07,149.23,149.31,150.12,150.06,150.05,149.28,149.27,149.11,149.16,149.18,149.19,149.22,0,0.0,12/30/2019 17:00,148.75,148.75,149.75,150.75,0.0
2020-01-03 03:30:00,149.26,150.07,149.23,149.31,150.12,150.06,150.05,149.28,149.27,149.11,149.16,149.18,149.19,149.22,0,0.0,12/30/2019 17:00,148.75,148.75,149.75,150.75,0.0
2020-01-03 07:30:00,150.0,150.18,149.3,150.05,150.21,150.19,150.12,150.06,150.05,149.18,149.19,149.22,149.27,149.28,0,0.0,0,0.0,0.0,0.0,0.0,0.0
2020-01-03 11:30:00,150.04,150.15,149.2,150.07,150.21,150.19,150.12,150.06,150.05,149.18,149.19,149.22,149.27,149.28,0,0.0,12/30/2019 17:00,148.75,148.75,149.75,150.75,0.0
2020-01-03 15:30:00,150.07,150.2,150.01,150.15,150.27,150.24,150.21,150.19,150.12,149.19,149.22,149.27,149.28,150.05,0,0.0,12/30/2019 17:00,148.75,148.75,149.75,150.75,0.0
2020-01-03 15:30:00,150.07,150.2,150.01,150.15,150.27,150.24,150.21,150.19,150.12,149.19,149.22,149.27,149.28,150.05,0,0.0,12/30/2019 17:00,148.75,148.75,149.75,150.75,0.0
2020-01-05 20:30:00,150.15,151.02,150.14,150.28,150.27,150.27,150.24,150.21,150.19,149.22,149.27,149.28,150.05,150.12,01/03/2020 17:00,150.375,0,0.0,150.375,149.375,148.375,0.0
2020-01-05 20:30:00,150.15,151.02,150.14,150.28,150.27,150.27,150.24,150.21,150.19,149.22,149.27,149.28,150.05,150.12,01/03/2020 17:00,150.375,0,0.0,150.375,149.375,148.375,0.0
2020-01-05 20:30:00,150.15,151.02,150.14,150.28,150.27,150.27,150.24,150.21,150.19,149.22,149.27,149.28,150.05,150.12,01/03/2020 17:00,150.375,0,0.0,150.375,149.375,148.375,0.0
2020-01-06 00:30:00,150.29,151.03,150.25,150.28,151.12,151.1,151.06,151.05,151.0,150.05,150.12,150.19,150.21,150.24,0,0.0,0,0.0,0.0,0.0,0.0,0.0
2020-01-06 04:30:00,150.28,151.0,150.16,150.26,151.12,151.1,151.06,151.05,151.0,150.05,150.12,150.19,150.21,150.24,0,0.0,0,0.0,0.0,0.0,0.0,0.0
2020-01-06 08:30:00,150.26,150.27,150.15,150.22,151.12,151.1,151.06,151.05,151.0,150.12,150.14,150.19,150.21,150.24,0,0.0,0,0.0,0.0,0.0,0.0,0.0
2020-01-06 12:30:00,150.22,151.02,150.0,150.09,151.1,151.06,151.05,151.03,151.0,150.05,150.12,150.14,150.19,150.21,0,0.0,0,0.0,0.0,0.0,0.0,0.0
2020-01-06 16:30:00,150.08,150.17,150.0,150.07,151.0,150.21,150.19,150.14,150.12,149.22,149.27,149.28,150.01,150.05,0,0.0,0,0.0,0.0,0.0,0.0,0.0
2020-01-06 21:30:00,150.08,150.1,150.0,150.02,151.0,150.21,150.19,150.14,150.12,149.22,149.27,149.28,150.01,150.05,0,0.0,0,0.0,0.0,0.0,0.0,0.0
2020-01-07 01:30:00,150.01,150.06,149.31,150.04,150.21,150.19,150.14,150.12,150.05,149.19,149.2,149.22,149.27,149.28,0,0.0,0,0.0,0.0,0.0,0.0,0.0
2020-01-07 05:30:00,150.04,150.11,149.28,150.03,150.19,150.17,150.14,150.12,150.05,149.2,149.22,149.27,149.28,150.01,0,0.0,0,0.0,0.0,0.0,0.0,0.0
2020-01-07 09:30:00,150.04,150.13,150.0,150.03,150.19,150.17,150.14,150.12,150.05,149.2,149.22,149.27,149.28,150.01,0,0.0,0,0.0,0.0,0.0,0.0,0.0
2020-01-07 13:30:00,150.03,150.1,149.25,149.27,150.19,150.17,150.14,150.12,150.05,149.2,149.22,149.27,149.28,150.01,0,0.0,0,0.0,0.0,0.0,0.0,0.0
2020-01-07 18:30:00,149.27,150.23,149.21,150.17,150.14,150.12,150.05,150.01,149.28,149.16,149.18,149.19,149.2,149.22,0,0.0,01/07/2020 17:00,149.875,149.875,150.875,151.875,0.0
2020-01-07 18:30:00,149.27,150.23,149.21,150.17,150.14,150.12,150.05,150.01,149.28,149.16,149.18,149.19,149.2,149.22,0,0.0,01/07/2020 17:00,149.875,149.875,150.875,151.875,0.0
2020-01-07 22:30:00,150.17,151.29,150.05,150.12,151.03,151.02,151.0,150.21,150.19,149.2,149.22,149.27,150.01,150.14,0,0.0,0,0.0,0.0,0.0,0.0,0.0
2020-01-08 02:30:00,150.11,150.22,150.08,150.1,151.02,151.0,150.21,150.19,150.17,149.19,149.2,149.22,149.27,150.01,0,0.0,0,0.0,0.0,0.0,0.0,0.0
2020-01-08 06:30:00,150.1,150.17,149.28,149.29,151.02,151.0,150.21,150.19,150.17,149.2,149.21,149.22,149.27,150.01,0,0.0,0,0.0,0.0,0.0,0.0,0.0
2020-01-08 10:30:00,149.29,150.03,149.16,149.3,151.02,151.0,150.21,150.19,150.17,149.19,149.2,149.21,149.22,149.27,0,0.0,0,0.0,0.0,0.0,0.0,0.0
2020-01-08 14:30:00,149.3,150.05,148.2,148.23,151.0,150.22,150.21,150.19,150.17,149.19,149.2,149.21,149.22,149.27,0,0.0,0,0.0,0.0,0.0,0.0,0.0
2020-01-08 19:30:00,148.23,149.02,148.18,148.27,149.1,149.0,148.26,148.26,148.25,147.25,148.0,148.04,148.14,148.21,0,0.0,01/08/2020 17:00,149.59375,149.59375,150.59375,151.59375,0.0
2020-01-08 19:30:00,148.23,149.02,148.18,148.27,149.1,149.0,148.26,148.26,148.25,147.25,148.0,148.04,148.14,148.21,0,0.0,01/08/2020 17:00,149.59375,149.59375,150.59375,151.59375,0.0
2020-01-08 23:30:00,148.26,149.0,148.24,148.29,149.19,149.18,149.11,149.1,149.0,148.04,148.14,148.21,148.23,148.25,0,0.0,0,0.0,0.0,0.0,0.0,0.0
2020-01-09 03:30:00,148.29,148.31,148.18,148.25,149.19,149.18,149.11,149.1,149.0,148.14,148.21,148.23,148.25,148.26,0,0.0,0,0.0,0.0,0.0,0.0,0.0
2020-01-09 07:30:00,148.25,148.3,148.17,148.24,149.18,149.11,149.1,149.02,149.0,148.0,148.04,148.14,148.21,148.23,0,0.0,0,0.0,0.0,0.0,0.0,0.0
2020-01-09 11:30:00,148.25,149.0,148.07,148.14,149.11,149.1,149.02,149.0,149.0,148.0,148.04,148.14,148.21,148.23,0,0.0,0,0.0,0.0,0.0,0.0,0.0
2020-01-09 15:30:00,148.14,149.11,148.11,149.09,149.02,149.0,149.0,148.23,148.21,147.24,147.24,147.25,148.0,148.04,0,0.0,01/08/2020 17:00,149.59375,149.59375,150.59375,151.59375,0.0
2020-01-09 15:30:00,148.14,149.11,148.11,149.09,149.02,149.0,149.0,148.23,148.21,147.24,147.24,147.25,148.0,148.04,0,0.0,01/08/2020 17:00,149.59375,149.59375,150.59375,151.59375,0.0
2020-01-09 15:30:00,148.14,149.11,148.11,149.09,149.02,149.0,149.0,148.23,148.21,147.24,147.24,147.25,148.0,148.04,0,0.0,01/08/2020 17:00,149.59375,149.59375,150.59375,151.59375,0.0
2020-01-09 20:30:00,149.09,149.1,148.31,149.0,149.2,149.19,149.18,149.11,149.1,148.04,148.14,149.0,149.0,149.02,0,0.0,0,0.0,0.0,0.0,0.0,0.0
2020-01-10 00:30:00,149.0,149.02,148.3,148.3,149.19,149.18,149.11,149.1,149.02,147.25,148.0,148.04,148.07,148.14,0,0.0,0,0.0,0.0,0.0,0.0,0.0
2020-01-10 04:30:00,148.31,149.13,148.3,149.08,149.11,149.11,149.1,149.02,149.0,148.0,148.04,148.07,148.11,148.14,0,0.0,0,0.0,0.0,0.0,0.0,0.0
2020-01-10 08:30:00,149.08,149.12,149.04,149.08,149.19,149.18,149.11,149.11,149.1,148.0,148.04,148.07,148.11,148.14,0,0.0,0,0.0,0.0,0.0,0.0,0.0
2020-01-10 12:30:00,149.08,150.04,149.0,150.0,149.19,149.18,149.11,149.11,149.1,148.0,148.04,148.07,148.11,148.14,01/09/2020 17:00,148.96875,0,0.0,148.96875,147.96875,146.96875,0.0
2020-01-10 12:30:00,149.08,150.04,149.0,150.0,149.19,149.18,149.11,149.11,149.1,148.0,148.04,148.07,148.11,148.14,01/09/2020 17:00,148.96875,0,0.0,148.96875,147.96875,146.96875,0.0
2020-01-10 16:30:00,150.0,150.03,149.27,150.02,150.21,150.19,150.17,150.17,150.05,148.14,148.3,149.11,149.2,149.21,01/09/2020 17:00,148.96875,0,0.0,148.96875,147.96875,146.96875,0.0
2020-01-12 21:30:00,150.01,150.02,149.28,149.31,150.21,150.19,150.17,150.17,150.05,148.14,148.3,149.11,149.2,149.21,0,0.0,0,0.0,0.0,0.0,0.0,0.0
2020-01-13 01:30:00,150.0,150.0,149.28,149.29,150.19,150.17,150.17,150.05,150.04,148.3,149.0,149.11,149.2,149.21,0,0.0,0,0.0,0.0,0.0,0.0,0.0
2020-01-13 05:30:00,149.29,149.3,149.14,149.18,150.17,150.17,150.05,150.04,150.03,149.0,149.11,149.2,149.21,149.27,0,0.0,0,0.0,0.0,0.0,0.0,0.0
2020-01-13 09:30:00,149.19,149.25,149.12,149.19,150.05,150.04,150.03,150.02,149.27,148.11,148.14,148.3,149.0,149.11,0,0.0,0,0.0,0.0,0.0,0.0,0.0
2020-01-13 13:30:00,149.18,149.24,149.06,149.21,150.04,150.03,150.02,150.0,149.27,148.11,148.14,148.3,149.0,149.11,0,0.0,0,0.0,0.0,0.0,0.0,0.0
2020-01-13 18:30:00,149.21,149.23,149.16,149.2,150.03,150.02,150.0,149.3,149.27,148.11,148.14,148.3,149.0,149.11,0,0.0,0,0.0,0.0,0.0,0.0,0.0
2020-01-13 22:30:00,149.19,149.2,149.08,149.13,150.02,150.0,149.3,149.27,149.25,148.11,148.14,148.3,149.0,149.11,0,0.0,0,0.0,0.0,0.0,0.0,0.0
2020-01-14 02:30:00,149.13,149.16,149.09,149.16,150.0,149.3,149.27,149.25,149.24,148.14,148.3,149.0,149.06,149.11,0,0.0,0,0.0,0.0,0.0,0.0,0.0
2020-01-14 06:30:00,149.15,149.28,149.15,149.25,149.3,149.27,149.25,149.24,149.23,148.14,148.3,149.0,149.06,149.11,01/10/2020 17:00,149.875,0,0.0,149.875,148.875,147.875,0.0
2020-01-14 06:30:00,149.15,149.28,149.15,149.25,149.3,149.27,149.25,149.24,149.23,148.14,148.3,149.0,149.06,149.11,01/10/2020 17:00,149.875,0,0.0,149.875,148.875,147.875,0.0
2020-01-14 10:30:00,149.25,150.04,149.13,149.31,150.03,150.02,150.0,149.3,149.27,149.06,149.08,149.11,149.23,149.24,01/10/2020 17:00,149.875,0,0.0,149.875,148.875,147.875,0.0
2020-01-14 10:30:00,149.25,150.04,149.13,149.31,150.03,150.02,150.0,149.3,149.27,149.06,149.08,149.11,149.23,149.24,01/10/2020 17:00,149.875,0,0.0,149.875,148.875,147.875,0.0
2020-01-14 10:30:00,149.25,150.04,149.13,149.31,150.03,150.02,150.0,149.3,149.27,149.06,149.08,149.11,149.23,149.24,01/10/2020 17:00,149.875,0,0.0,149.875,148.875,147.875,0.0
2020-01-14 14:30:00,149.3,150.09,149.3,150.05,150.05,150.04,150.03,150.02,150.0,149.11,149.23,149.24,149.25,149.27,01/10/2020 17:00,149.875,0,0.0,149.875,148.875,147.875,0.0
2020-01-14 14:30:00,149.3,150.09,149.3,150.05,150.05,150.04,150.03,150.02,150.0,149.11,149.23,149.24,149.25,149.27,01/10/2020 17:00,149.875,0,0.0,149.875,148.875,147.875,0.0
2020-01-14 14:30:00,149.3,150.09,149.3,150.05,150.05,150.04,150.03,150.02,150.0,149.11,149.23,149.24,149.25,149.27,01/10/2020 17:00,149.875,0,0.0,149.875,148.875,147.875,0.0
2020-01-14 14:30:00,149.3,150.09,149.3,150.05,150.05,150.04,150.03,150.02,150.0,149.11,149.23,149.24,149.25,149.27,01/10/2020 17:00,149.875,0,0.0,149.875,148.875,147.875,0.0
2020-01-14 19:30:00,150.05,150.12,150.02,150.09,150.22,150.21,150.19,150.17,150.17,149.3,150.0,150.02,150.03,150.04,01/10/2020 17:00,149.875,0,0.0,149.875,148.875,147.875,0.0
2020-01-14 23:30:00,150.09,150.13,150.05,150.13,150.22,150.21,150.19,150.17,150.17,150.0,150.02,150.03,150.04,150.05,0,0.0,0,0.0,0.0,0.0,0.0,0.0
2020-01-15 03:30:00,150.14,150.22,150.1,150.18,150.22,150.21,150.19,150.17,150.17,150.0,150.02,150.03,150.04,150.05,01/10/2020 17:00,149.875,0,0.0,149.875,148.875,147.875,0.0
2020-01-15 07:30:00,150.18,150.28,150.18,150.22,151.02,151.0,150.22,150.21,150.19,150.03,150.04,150.05,150.17,150.17,01/10/2020 17:00,149.875,0,0.0,149.875,148.875,147.875,0.0
2020-01-15 11:30:00,150.23,151.01,150.16,150.27,151.06,151.05,151.03,151.02,151.0,150.05,150.05,150.17,150.17,150.22,01/10/2020 17:00,149.875,0,0.0,149.875,148.875,147.875,0.0
2020-01-15 15:30:00,150.26,151.0,150.17,150.3,151.06,151.05,151.03,151.02,151.0,150.05,150.1,150.17,150.17,150.22,0,0.0,0,0.0,0.0,0.0,0.0,0.0
2020-01-15 20:30:00,150.3,151.0,150.2,150.22,151.06,151.05,151.03,151.02,151.0,150.05,150.1,150.17,150.17,150.22,0,0.0,0,0.0,0.0,0.0,0.0,0.0
2020-01-16 00:30:00,150.23,150.25,150.21,150.23,151.05,151.03,151.02,151.01,151.0,150.1,150.16,150.17,150.17,150.22,0,0.0,0,0.0,0.0,0.0,0.0,0.0
2020-01-16 04:30:00,150.23,150.27,150.17,150.26,151.05,151.03,151.02,151.01,151.0,150.16,150.17,150.17,150.17,150.22,0,0.0,0,0.0,0.0,0.0,0.0,0.0
2020-01-16 08:30:00,150.26,151.03,150.23,150.31,151.03,151.02,151.01,151.0,151.0,150.16,150.17,150.17,150.17,150.22,0,0.0,0,0.0,0.0,0.0,0.0,0.0
2020-01-16 12:30:00,150.31,150.31,150.06,150.12,151.03,151.02,151.01,151.0,151.0,150.16,150.17,150.17,150.17,150.22,0,0.0,0,0.0,0.0,0.0,0.0,0.0
2020-01-16 16:30:00,150.11,150.18,150.09,150.16,150.22,150.17,150.17,150.17,150.16,150.03,150.04,150.05,150.05,150.1,0,0.0,0,0.0,0.0,0.0,0.0,0.0
2020-01-16 21:30:00,150.16,150.16,149.19,149.22,151.0,150.22,150.17,150.17,150.17,150.03,150.04,150.05,150.05,150.1,0,0.0,0,0.0,0.0,0.0,0.0,0.0
2020-01-17 01:30:00,149.22,149.25,149.16,149.17,149.3,149.3,149.25,149.24,149.23,149.06,149.08,149.09,149.11,149.13,0,0.0,0,0.0,0.0,0.0,0.0,0.0
2020-01-17 05:30:00,149.17,149.26,149.15,149.25,149.3,149.3,149.25,149.24,149.23,149.06,149.08,149.09,149.11,149.13,0,0.0,0,0.0,0.0,0.0,0.0,0.0
2020-01-17 09:30:00,149.25,149.3,149.07,149.11,150.02,150.02,150.0,149.3,149.3,149.06,149.08,149.09,149.11,149.13,0,0.0,0,0.0,0.0,0.0,0.0,0.0
2020-01-17 13:30:00,149.11,149.26,149.06,149.22,150.0,149.3,149.3,149.25,149.13,148.3,149.0,149.06,149.08,149.09,0,0.0,01/16/2020 17:00,150.65625,150.65625,151.65625,152.65625,0.0
2020-01-19 18:30:00,149.22,149.28,149.17,149.24,150.02,150.0,149.3,149.3,149.25,149.06,149.08,149.09,149.11,149.13,0,0.0,0,0.0,0.0,0.0,0.0,0.0
2020-01-19 22:30:00,149.24,149.27,149.23,149.25,150.0,149.3,149.3,149.3,149.25,149.06,149.08,149.09,149.11,149.13,0,0.0,0,0.0,0.0,0.0,0.0,0.0
2020-01-20 02:30:00,149.25,149.26,149.19,149.21,150.02,150.0,149.3,149.3,149.3,149.06,149.08,149.09,149.11,149.13,0,0.0,0,0.0,0.0,0.0,0.0,0.0
2020-01-20 06:30:00,149.21,149.27,149.21,149.22,149.3,149.3,149.3,149.28,149.25,149.08,149.09,149.11,149.13,149.17,0,0.0,0,0.0,0.0,0.0,0.0,0.0
2020-01-20 10:30:00,149.22,149.28,149.21,149.27,149.3,149.3,149.3,149.28,149.25,149.08,149.09,149.11,149.13,149.17,0,0.0,0,0.0,0.0,0.0,0.0,0.0
2020-01-20 19:30:00,149.27,149.27,149.24,149.26,150.0,149.3,149.3,149.3,149.28,149.09,149.11,149.13,149.17,149.19,0,0.0,0,0.0,0.0,0.0,0.0,0.0
2020-01-20 23:30:00,149.25,150.22,149.25,150.14,150.0,149.3,149.3,149.3,149.28,149.09,149.11,149.13,149.17,149.19,0,0.0,01/16/2020 17:00,150.65625,150.65625,151.65625,152.65625,0.0
2020-01-20 23:30:00,149.25,150.22,149.25,150.14,150.0,149.3,149.3,149.3,149.28,149.09,149.11,149.13,149.17,149.19,0,0.0,01/16/2020 17:00,150.65625,150.65625,151.65625,152.65625,0.0
2020-01-20 23:30:00,149.25,150.22,149.25,150.14,150.0,149.3,149.3,149.3,149.28,149.09,149.11,149.13,149.17,149.19,0,0.0,01/16/2020 17:00,150.65625,150.65625,151.65625,152.65625,0.0
2020-01-21 03:30:00,150.14,150.2,150.05,150.12,150.17,150.17,150.17,150.16,150.16,149.3,149.3,150.02,150.05,150.1,0,0.0,01/16/2020 17:00,150.65625,150.65625,151.65625,152.65625,0.0
2020-01-21 03:30:00,150.14,150.2,150.05,150.12,150.17,150.17,150.17,150.16,150.16,149.3,149.3,150.02,150.05,150.1,0,0.0,01/16/2020 17:00,150.65625,150.65625,151.65625,152.65625,0.0
2020-01-21 07:30:00,150.12,150.15,150.01,150.08,150.17,150.17,150.17,150.16,150.16,149.3,149.3,150.02,150.05,150.1,0,0.0,01/16/2020 17:00,150.65625,150.65625,151.65625,152.65625,0.0
2020-01-21 11:30:00,150.09,151.01,150.05,150.26,150.17,150.17,150.17,150.16,150.16,149.28,149.3,149.3,150.02,150.05,0,0.0,01/16/2020 17:00,150.65625,150.65625,151.65625,152.65625,0.0
2020-01-21 11:30:00,150.09,151.01,150.05,150.26,150.17,150.17,150.17,150.16,150.16,149.28,149.3,149.3,150.02,150.05,0,0.0,01/16/2020 17:00,150.65625,150.65625,151.65625,152.65625,0.0
2020-01-21 11:30:00,150.09,151.01,150.05,150.26,150.17,150.17,150.17,150.16,150.16,149.28,149.3,149.3,150.02,150.05,0,0.0,01/16/2020 17:00,150.65625,150.65625,151.65625,152.65625,0.0
2020-01-21 11:30:00,150.09,151.01,150.05,150.26,150.17,150.17,150.17,150.16,150.16,149.28,149.3,149.3,150.02,150.05,0,0.0,01/16/2020 17:00,150.65625,150.65625,151.65625,152.65625,0.0
2020-01-21 15:30:00,150.26,151.0,150.21,150.29,151.02,151.01,151.0,151.0,150.31,150.16,150.16,150.17,150.18,150.22,0,0.0,01/16/2020 17:00,150.65625,150.65625,151.65625,152.65625,0.0
2020-01-21 20:30:00,150.28,151.01,150.19,150.2,151.02,151.01,151.0,151.0,150.31,150.16,150.16,150.17,150.18,150.22,0,0.0,0,0.0,0.0,0.0,0.0,0.0
2020-01-22 00:30:00,150.2,150.26,150.15,150.19,151.01,151.0,151.0,150.31,150.22,150.05,150.16,150.16,150.17,150.18,0,0.0,0,0.0,0.0,0.0,0.0,0.0
2020-01-22 04:30:00,150.19,150.28,150.17,150.28,151.01,151.0,151.0,150.31,150.22,150.05,150.16,150.16,150.17,150.18,0,0.0,0,0.0,0.0,0.0,0.0,0.0
2020-01-22 08:30:00,150.27,151.03,150.22,150.3,151.01,151.01,151.0,151.0,150.31,150.05,150.16,150.16,150.17,150.18,0,0.0,0,0.0,0.0,0.0,0.0,0.0
2020-01-22 12:30:00,150.3,151.11,150.26,151.04,151.01,151.01,151.0,151.0,150.31,150.15,150.16,150.16,150.17,150.18,01/21/2020 17:00,150.65625,0,0.0,150.65625,149.65625,148.65625,0.0
2020-01-22 12:30:00,150.3,151.11,150.26,151.04,151.01,151.01,151.0,151.0,150.31,150.15,150.16,150.16,150.17,150.18,01/21/2020 17:00,150.65625,0,0.0,150.65625,149.65625,148.65625,0.0
2020-01-22 12:30:00,150.3,151.11,150.26,151.04,151.01,151.01,151.0,151.0,150.31,150.15,150.16,150.16,150.17,150.18,01/21/2020 17:00,150.65625,0,0.0,150.65625,149.65625,148.65625,0.0
2020-01-22 12:30:00,150.3,151.11,150.26,151.04,151.01,151.01,151.0,151.0,150.31,150.15,150.16,150.16,150.17,150.18,01/21/2020 17:00,150.65625,0,0.0,150.65625,149.65625,148.65625,0.0
2020-01-22 12:30:00,150.3,151.11,150.26,151.04,151.01,151.01,151.0,151.0,150.31,150.15,150.16,150.16,150.17,150.18,01/21/2020 17:00,150.65625,0,0.0,150.65625,149.65625,148.65625,0.0
2020-01-22 12:30:00,150.3,151.11,150.26,151.04,151.01,151.01,151.0,151.0,150.31,150.15,150.16,150.16,150.17,150.18,01/21/2020 17:00,150.65625,0,0.0,150.65625,149.65625,148.65625,0.0
2020-01-22 16:30:00,151.05,151.07,151.02,151.06,151.15,151.14,151.12,151.1,151.06,151.01,151.01,151.02,151.03,151.03,01/21/2020 17:00,150.65625,0,0.0,150.65625,149.65625,148.65625,0.0
2020-01-22 16:30:00,151.05,151.07,151.02,151.06,151.15,151.14,151.12,151.1,151.06,151.01,151.01,151.02,151.03,151.03,01/21/2020 17:00,150.65625,0,0.0,150.65625,149.65625,148.65625,0.0
2020-01-22 21:30:00,151.06,151.15,151.02,151.11,151.15,151.15,151.14,151.12,151.1,151.01,151.02,151.03,151.03,151.05,01/22/2020 17:00,151.0,0,0.0,151.0,150.0,149.0,180.06
2020-01-22 21:30:00,151.06,151.15,151.02,151.11,151.15,151.15,151.14,151.12,151.1,151.01,151.02,151.03,151.03,151.05,01/22/2020 17:00,151.0,0,0.0,151.0,150.0,149.0,180.06
2020-01-23 01:30:00,151.12,151.2,151.11,151.18,151.24,151.2,151.15,151.15,151.14,151.03,151.03,151.05,151.06,151.1,01/22/2020 17:00,151.0,0,0.0,151.0,150.0,149.0,180.06
2020-01-23 01:30:00,151.12,151.2,151.11,151.18,151.24,151.2,151.15,151.15,151.14,151.03,151.03,151.05,151.06,151.1,01/22/2020 17:00,151.0,0,0.0,151.0,150.0,149.0,180.06
2020-01-23 01:30:00,151.12,151.2,151.11,151.18,151.24,151.2,151.15,151.15,151.14,151.03,151.03,151.05,151.06,151.1,01/22/2020 17:00,151.0,0,0.0,151.0,150.0,149.0,180.06
2020-01-23 05:30:00,151.17,151.28,151.13,151.23,151.29,151.28,151.25,151.24,151.2,151.06,151.1,151.12,151.14,151.15,0,0.0,0,0.0,0.0,0.0,0.0,0.0
2020-01-23 09:30:00,151.24,151.31,151.16,151.27,152.01,151.29,151.29,151.28,151.25,151.06,151.1,151.12,151.14,151.15,0,0.0,0,0.0,0.0,0.0,0.0,0.0
2020-01-23 13:30:00,151.27,152.09,151.26,152.04,152.1,152.01,151.29,151.29,151.28,151.1,151.11,151.12,151.14,151.15,01/22/2020 17:00,151.0,0,0.0,151.0,150.0,149.0,180.06
2020-01-23 13:30:00,151.27,152.09,151.26,152.04,152.1,152.01,151.29,151.29,151.28,151.1,151.11,151.12,151.14,151.15,01/22/2020 17:00,151.0,0,0.0,151.0,150.0,149.0,180.06
2020-01-23 18:30:00,152.05,152.05,151.24,151.3,152.22,152.17,152.15,152.14,152.1,151.13,151.14,151.15,151.29,152.01,0,0.0,0,0.0,0.0,0.0,0.0,0.0
2020-01-23 22:30:00,151.3,151.31,151.22,151.3,152.17,152.15,152.14,152.1,152.01,151.13,151.14,151.15,151.16,151.29,0,0.0,0,0.0,0.0,0.0,0.0,0.0
2020-01-24 02:30:00,151.31,151.31,151.21,151.24,152.15,152.14,152.1,152.09,152.01,151.13,151.14,151.15,151.16,151.29,0,0.0,0,0.0,0.0,0.0,0.0,0.0
2020-01-24 06:30:00,151.23,152.02,151.11,151.23,152.1,152.09,152.05,152.01,151.29,151.12,151.13,151.14,151.15,151.16,0,0.0,0,0.0,0.0,0.0,0.0,0.0
2020-01-24 10:30:00,151.23,152.2,151.2,152.2,152.1,152.09,152.05,152.01,151.29,151.12,151.13,151.14,151.15,151.16,01/23/2020 17:00,151.46875,0,0.0,151.46875,150.46875,149.46875,0.0
2020-01-24 10:30:00,151.23,152.2,151.2,152.2,152.1,152.09,152.05,152.01,151.29,151.12,151.13,151.14,151.15,151.16,01/23/2020 17:00,151.46875,0,0.0,151.46875,150.46875,149.46875,0.0
2020-01-24 10:30:00,151.23,152.2,151.2,152.2,152.1,152.09,152.05,152.01,151.29,151.12,151.13,151.14,151.15,151.16,01/23/2020 17:00,151.46875,0,0.0,151.46875,150.46875,149.46875,0.0
2020-01-24 10:30:00,151.23,152.2,151.2,152.2,152.1,152.09,152.05,152.01,151.29,151.12,151.13,151.14,151.15,151.16,01/23/2020 17:00,151.46875,0,0.0,151.46875,150.46875,149.46875,0.0
2020-01-24 14:30:00,152.19,153.06,152.14,153.05,153.05,153.04,152.23,152.22,152.22,151.16,152.05,152.09,152.15,152.17,01/23/2020 17:00,151.46875,0,0.0,151.46875,150.46875,149.46875,0.0
2020-01-24 14:30:00,152.19,153.06,152.14,153.05,153.05,153.04,152.23,152.22,152.22,151.16,152.05,152.09,152.15,152.17,01/23/2020 17:00,151.46875,0,0.0,151.46875,150.46875,149.46875,0.0
2020-01-24 14:30:00,152.19,153.06,152.14,153.05,153.05,153.04,152.23,152.22,152.22,151.16,152.05,152.09,152.15,152.17,01/23/2020 17:00,151.46875,0,0.0,151.46875,150.46875,149.46875,0.0
2020-01-26 19:30:00,153.05,154.12,152.19,153.22,153.14,153.09,153.08,153.07,153.06,152.15,152.17,152.22,152.23,153.04,01/24/2020 17:00,152.34375,0,0.0,152.34375,151.34375,150.34375,0.0
2020-01-26 19:30:00,153.05,154.12,152.19,153.22,153.14,153.09,153.08,153.07,153.06,152.15,152.17,152.22,152.23,153.04,01/24/2020 17:00,152.34375,0,0.0,152.34375,151.34375,150.34375,0.0
2020-01-26 19:30:00,153.05,154.12,152.19,153.22,153.14,153.09,153.08,153.07,153.06,152.15,152.17,152.22,152.23,153.04,01/24/2020 17:00,152.34375,0,0.0,152.34375,151.34375,150.34375,0.0
2020-01-26 19:30:00,153.05,154.12,152.19,153.22,153.14,153.09,153.08,153.07,153.06,152.15,152.17,152.22,152.23,153.04,01/24/2020 17:00,152.34375,0,0.0,152.34375,151.34375,150.34375,0.0
2020-01-26 19:30:00,153.05,154.12,152.19,153.22,153.14,153.09,153.08,153.07,153.06,152.15,152.17,152.22,152.23,153.04,01/24/2020 17:00,152.34375,0,0.0,152.34375,151.34375,150.34375,0.0
2020-01-26 19:30:00,153.05,154.12,152.19,153.22,153.14,153.09,153.08,153.07,153.06,152.15,152.17,152.22,152.23,153.04,01/24/2020 17:00,152.34375,0,0.0,152.34375,151.34375,150.34375,0.0
2020-01-26 19:30:00,153.05,154.12,152.19,153.22,153.14,153.09,153.08,153.07,153.06,152.15,152.17,152.22,152.23,153.04,01/24/2020 17:00,152.34375,0,0.0,152.34375,151.34375,150.34375,0.0
2020-01-26 23:30:00,153.22,153.28,153.16,153.18,154.08,154.04,154.04,154.03,153.25,153.08,153.09,153.14,153.21,153.21,01/24/2020 17:00,152.34375,0,0.0,152.34375,151.34375,150.34375,0.0
2020-01-27 03:30:00,153.18,153.2,153.1,153.11,154.04,154.04,154.03,153.25,153.21,153.06,153.07,153.08,153.09,153.14,0,0.0,0,0.0,0.0,0.0,0.0,0.0
2020-01-27 07:30:00,153.11,154.11,153.11,153.28,154.04,154.04,154.03,153.25,153.21,153.05,153.06,153.07,153.08,153.09,0,0.0,0,0.0,0.0,0.0,0.0,0.0
2020-01-27 11:30:00,153.29,154.12,153.26,154.06,154.12,154.08,154.04,154.04,154.03,153.05,153.06,153.07,153.08,153.09,01/24/2020 17:00,152.34375,0,0.0,152.34375,151.34375,150.34375,0.0
2020-01-27 11:30:00,153.29,154.12,153.26,154.06,154.12,154.08,154.04,154.04,154.03,153.05,153.06,153.07,153.08,153.09,01/24/2020 17:00,152.34375,0,0.0,152.34375,151.34375,150.34375,0.0
2020-01-27 11:30:00,153.29,154.12,153.26,154.06,154.12,154.08,154.04,154.04,154.03,153.05,153.06,153.07,153.08,153.09,01/24/2020 17:00,152.34375,0,0.0,152.34375,151.34375,150.34375,0.0
2020-01-27 15:30:00,154.06,154.14,154.04,154.12,154.19,154.16,154.15,154.12,154.08,153.09,153.1,154.03,154.04,154.04,01/24/2020 17:00,152.34375,0,0.0,152.34375,151.34375,150.34375,0.0
2020-01-27 20:30:00,154.12,154.17,154.05,154.14,154.23,154.21,154.19,154.16,154.15,153.11,154.03,154.04,154.04,154.08,01/27/2020 17:00,154.125,0,0.0,154.125,153.125,152.125,0.0
2020-01-28 00:30:00,154.13,154.16,154.05,154.1,154.23,154.21,154.19,154.16,154.15,154.03,154.04,154.04,154.08,154.12,0,0.0,0,0.0,0.0,0.0,0.0,0.0
2020-01-28 04:30:00,154.09,155.03,154.03,155.0,154.21,154.19,154.16,154.15,154.12,154.03,154.04,154.04,154.04,154.08,01/27/2020 17:00,154.125,0,0.0,154.125,153.125,152.125,0.0
2020-01-28 04:30:00,154.09,155.03,154.03,155.0,154.21,154.19,154.16,154.15,154.12,154.03,154.04,154.04,154.04,154.08,01/27/2020 17:00,154.125,0,0.0,154.125,153.125,152.125,0.0
2020-01-28 04:30:00,154.09,155.03,154.03,155.0,154.21,154.19,154.16,154.15,154.12,154.03,154.04,154.04,154.04,154.08,01/27/2020 17:00,154.125,0,0.0,154.125,153.125,152.125,0.0
2020-01-28 08:30:00,155.01,155.01,153.27,154.05,155.28,155.24,155.22,155.16,155.09,154.21,154.24,154.26,154.29,154.3,0,0.0,0,0.0,0.0,0.0,0.0,0.0
2020-01-28 12:30:00,154.05,154.09,153.13,153.17,155.24,155.22,155.16,155.09,154.26,153.26,154.03,154.04,154.04,154.04,0,0.0,0,0.0,0.0,0.0,0.0,0.0
2020-01-28 16:30:00,153.17,153.24,153.12,153.13,154.26,154.04,154.04,154.03,153.26,153.07,153.08,153.09,153.1,153.11,0,0.0,0,0.0,0.0,0.0,0.0,0.0
2020-01-28 21:30:00,153.12,153.19,153.05,153.12,154.26,154.04,154.04,154.03,153.26,153.07,153.08,153.09,153.1,153.11,0,0.0,0,0.0,0.0,0.0,0.0,0.0
2020-01-29 01:30:00,153.12,153.17,153.07,153.17,154.09,154.04,154.04,154.03,153.26,153.07,153.08,153.09,153.1,153.11,0,0.0,0,0.0,0.0,0.0,0.0,0.0
2020-01-29 05:30:00,153.17,154.08,153.16,154.02,154.04,154.04,154.03,153.26,153.24,153.07,153.08,153.09,153.1,153.11,0,0.0,01/28/2020 17:00,154.125,154.125,155.125,156.125,0.0
2020-01-29 05:30:00,153.17,154.08,153.16,154.02,154.04,154.04,154.03,153.26,153.24,153.07,153.08,153.09,153.1,153.11,0,0.0,01/28/2020 17:00,154.125,154.125,155.125,156.125,0.0
2020-01-29 09:30:00,154.02,154.07,153.25,153.28,154.26,154.09,154.04,154.04,154.03,153.09,153.1,153.11,153.24,153.26,0,0.0,0,0.0,0.0,0.0,0.0,0.0
2020-01-29 13:30:00,153.28,154.12,153.27,154.07,154.26,154.09,154.04,154.04,154.03,153.09,153.1,153.11,153.24,153.26,0,0.0,01/28/2020 17:00,154.125,154.125,155.125,156.125,0.0
2020-01-29 18:30:00,154.07,154.31,154.04,154.22,155.09,155.03,155.01,154.26,154.09,153.11,153.16,153.24,153.26,154.04,01/29/2020 17:00,154.125,0,0.0,154.125,153.125,152.125,0.0
2020-01-29 22:30:00,154.22,155.04,154.21,155.0,155.16,155.09,155.03,155.01,154.26,153.24,153.25,153.26,154.04,154.09,01/29/2020 17:00,154.125,0,0.0,154.125,153.125,152.125,0.0
2020-01-30 02:30:00,155.0,155.12,154.3,155.09,155.22,155.16,155.09,155.03,155.01,153.25,153.26,153.27,154.04,154.09,01/29/2020 17:00,154.125,0,0.0,154.125,153.125,152.125,0.0
2020-01-30 02:30:00,155.0,155.12,154.3,155.09,155.22,155.16,155.09,155.03,155.01,153.25,153.26,153.27,154.04,154.09,01/29/2020 17:00,154.125,0,0.0,154.125,153.125,152.125,0.0
2020-01-30 02:30:00,155.0,155.12,154.3,155.09,155.22,155.16,155.09,155.03,155.01,153.25,153.26,153.27,154.04,154.09,01/29/2020 17:00,154.125,0,0.0,154.125,153.125,152.125,0.0
2020-01-30 06:30:00,155.09,155.15,154.29,155.12,156.02,155.28,155.24,155.22,155.16,154.04,154.04,154.09,155.01,155.03,01/29/2020 17:00,154.125,0,0.0,154.125,153.125,152.125,0.0
2020-01-30 10:30:00,155.13,155.14,154.21,155.01,156.02,155.28,155.24,155.22,155.16,154.09,154.21,155.01,155.03,155.09,0,0.0,0,0.0,0.0,0.0,0.0,0.0
2020-01-30 14:30:00,155.02,155.22,155.02,155.14,155.24,155.22,155.16,155.09,155.03,154.04,154.04,154.09,154.21,155.01,0,0.0,0,0.0,0.0,0.0,0.0,0.0
2020-01-30 19:30:00,155.14,155.22,154.17,154.26,156.02,155.28,155.24,155.22,155.16,154.04,154.04,154.09,154.21,155.01,0,0.0,0,0.0,0.0,0.0,0.0,0.0
2020-01-30 23:30:00,154.26,154.27,154.14,154.22,155.28,155.24,155.22,155.16,155.01,153.27,154.04,154.04,154.09,154.21,0,0.0,0,0.0,0.0,0.0,0.0,0.0
2020-01-31 03:30:00,154.21,155.01,154.17,154.3,155.28,155.24,155.22,155.16,155.01,153.26,153.27,154.04,154.04,154.09,0,0.0,0,0.0,0.0,0.0,0.0,0.0
2020-01-31 07:30:00,154.3,155.11,154.3,155.07,155.24,155.22,155.22,155.16,155.01,153.27,154.04,154.04,154.09,154.21,0,0.0,0,0.0,0.0,0.0,0.0,0.0
2020-01-31 11:30:00,155.07,155.29,155.04,155.29,155.28,155.24,155.22,155.22,155.16,154.04,154.04,154.09,154.14,154.21,01/30/2020 17:00,154.84375,0,0.0,154.84375,153.84375,152.84375,0.0
2020-01-31 11:30:00,155.07,155.29,155.04,155.29,155.28,155.24,155.22,155.22,155.16,154.04,154.04,154.09,154.14,154.21,01/30/2020 17:00,154.84375,0,0.0,154.84375,153.84375,152.84375,0.0
2020-01-31 11:30:00,155.07,155.29,155.04,155.29,155.28,155.24,155.22,155.22,155.16,154.04,154.04,154.09,154.14,154.21,01/30/2020 17:00,154.84375,0,0.0,154.84375,153.84375,152.84375,0.0
2020-01-31 11:30:00,155.07,155.29,155.04,155.29,155.28,155.24,155.22,155.22,155.16,154.04,154.04,154.09,154.14,154.21,01/30/2020 17:00,154.84375,0,0.0,154.84375,153.84375,152.84375,0.0
2020-01-31 15:30:00,155.29,156.06,155.16,156.04,156.13,156.09,156.09,156.05,156.02,155.16,155.22,155.22,155.24,155.28,01/30/2020 17:00,154.84375,0,0.0,154.84375,153.84375,152.84375,0.0
2020-01-31 15:30:00,155.29,156.06,155.16,156.04,156.13,156.09,156.09,156.05,156.02,155.16,155.22,155.22,155.24,155.28,01/30/2020 17:00,154.84375,0,0.0,154.84375,153.84375,152.84375,0.0
2020-02-02 20:30:00,156.05,156.15,155.2,155.29,156.18,156.16,156.13,156.09,156.09,155.22,155.22,155.24,155.28,156.02,0,0.0,0,0.0,0.0,0.0,0.0,0.0
2020-02-03 00:30:00,155.29,155.3,155.18,155.21,156.13,156.09,156.09,156.05,156.02,155.16,155.22,155.22,155.24,155.28,0,0.0,0,0.0,0.0,0.0,0.0,0.0
2020-02-03 04:30:00,155.21,156.03,155.11,155.17,156.05,156.02,155.28,155.22,155.22,154.21,154.3,155.04,155.16,155.16,0,0.0,0,0.0,0.0,0.0,0.0,0.0
2020-02-03 08:30:00,155.16,155.25,155.08,155.11,156.05,156.02,155.28,155.22,155.22,154.14,154.17,154.21,154.3,155.04,0,0.0,0,0.0,0.0,0.0,0.0,0.0
2020-02-03 12:30:00,155.11,156.07,154.29,155.28,155.28,155.22,155.22,155.16,155.16,154.14,154.17,154.21,154.3,155.04,01/30/2020 17:00,154.84375,0,0.0,154.84375,153.84375,152.84375,0.0
2020-02-03 16:30:00,155.28,156.05,155.25,156.01,156.13,156.09,156.09,156.05,156.02,154.17,154.21,154.3,155.04,155.16,0,0.0,0,0.0,0.0,0.0,0.0,0.0
2020-02-03 21:30:00,156.0,156.08,155.19,155.25,156.13,156.09,156.09,156.05,156.02,154.17,154.21,154.3,155.04,155.16,0,0.0,0,0.0,0.0,0.0,0.0,0.0
2020-02-04 01:30:00,155.24,155.27,155.13,155.15,156.13,156.09,156.09,156.05,156.02,154.21,154.29,154.3,155.04,155.16,0,0.0,0,0.0,0.0,0.0,0.0,0.0
2020-02-04 05:30:00,155.15,155.18,154.24,155.0,156.13,156.09,156.09,156.05,156.02,154.17,154.21,154.29,154.3,155.04,0,0.0,0,0.0,0.0,0.0,0.0,0.0
2020-02-04 09:30:00,155.0,155.06,154.17,154.27,156.09,156.08,156.05,156.02,155.04,154.14,154.17,154.21,154.29,154.3,0,0.0,0,0.0,0.0,0.0,0.0,0.0
2020-02-04 13:30:00,154.27,154.29,154.04,154.12,156.02,155.27,155.04,154.3,154.29,154.04,154.09,154.14,154.17,154.21,0,0.0,0,0.0,0.0,0.0,0.0,0.0
2020-02-04 18:30:00,154.12,154.19,154.08,154.13,154.3,154.29,154.21,154.17,154.14,153.26,153.27,154.04,154.04,154.09,0,0.0,0,0.0,0.0,0.0,0.0,0.0
2020-02-04 22:30:00,154.12,154.2,154.09,154.19,154.3,154.29,154.21,154.17,154.14,153.26,153.27,154.04,154.04,154.09,0,0.0,02/04/2020 17:00,155.875,155.875,156.875,157.875,0.0
2020-02-04 22:30:00,154.12,154.2,154.09,154.19,154.3,154.29,154.21,154.17,154.14,153.26,153.27,154.04,154.04,154.09,0,0.0,02/04/2020 17:00,155.875,155.875,156.875,157.875,0.0
2020-02-05 02:30:00,154.18,154.29,154.17,154.28,155.04,154.3,154.29,154.29,154.21,154.04,154.04,154.09,154.14,154.17,0,0.0,02/04/2020 17:00,155.875,155.875,156.875,157.875,0.0
2020-02-05 06:30:00,154.29,154.3,153.18,153.23,155.27,155.18,155.06,155.04,154.3,154.08,154.09,154.14,154.17,154.21,0,0.0,0,0.0,0.0,0.0,0.0,0.0
2020-02-05 10:30:00,153.23,154.02,153.09,153.21,154.04,154.04,153.27,153.25,153.24,153.08,153.09,153.1,153.11,153.16,0,0.0,0,0.0,0.0,0.0,0.0,0.0
2020-02-05 14:30:00,153.21,153.28,153.13,153.18,154.04,154.04,153.27,153.25,153.24,153.08,153.09,153.1,153.11,153.16,0,0.0,0,0.0,0.0,0.0,0.0,0.0
2020-02-05 19:30:00,153.19,153.2,153.08,153.14,154.04,154.04,153.27,153.25,153.24,153.08,153.09,153.1,153.11,153.16,0,0.0,0,0.0,0.0,0.0,0.0,0.0
2020-02-05 23:30:00,153.14,153.16,153.01,153.02,154.02,153.27,153.25,153.24,153.16,153.07,153.08,153.09,153.1,153.11,0,0.0,0,0.0,0.0,0.0,0.0,0.0
2020-02-06 03:30:00,153.02,153.13,152.25,153.05,153.07,153.06,153.05,153.05,153.04,152.15,152.17,152.19,152.22,152.23,0,0.0,0,0.0,0.0,0.0,0.0,0.0
2020-02-06 07:30:00,153.04,153.26,153.0,153.2,153.07,153.07,153.06,153.05,153.05,152.15,152.17,152.19,152.22,152.23,0,0.0,02/04/2020 17:00,155.875,155.875,156.875,157.875,0.0
2020-02-06 07:30:00,153.04,153.26,153.0,153.2,153.07,153.07,153.06,153.05,153.05,152.15,152.17,152.19,152.22,152.23,0,0.0,02/04/2020 17:00,155.875,155.875,156.875,157.875,0.0
2020-02-06 07:30:00,153.04,153.26,153.0,153.2,153.07,153.07,153.06,153.05,153.05,152.15,152.17,152.19,152.22,152.23,0,0.0,02/04/2020 17:00,155.875,155.875,156.875,157.875,0.0
2020-02-06 07:30:00,153.04,153.26,153.0,153.2,153.07,153.07,153.06,153.05,153.05,152.15,152.17,152.19,152.22,152.23,0,0.0,02/04/2020 17:00,155.875,155.875,156.875,157.875,0.0
2020-02-06 07:30:00,153.04,153.26,153.0,153.2,153.07,153.07,153.06,153.05,153.05,152.15,152.17,152.19,152.22,152.23,0,0.0,02/04/2020 17:00,155.875,155.875,156.875,157.875,0.0
2020-02-06 11:30:00,153.2,153.25,153.04,153.19,154.02,153.28,153.27,153.25,153.24,153.05,153.07,153.1,153.11,153.16,0,0.0,0,0.0,0.0,0.0,0.0,0.0
2020-02-06 15:30:00,153.19,153.27,153.16,153.26,153.28,153.27,153.25,153.24,153.2,153.05,153.07,153.1,153.11,153.16,0,0.0,02/04/2020 17:00,155.875,155.875,156.875,157.875,0.0
2020-02-06 15:30:00,153.19,153.27,153.16,153.26,153.28,153.27,153.25,153.24,153.2,153.05,153.07,153.1,153.11,153.16,0,0.0,02/04/2020 17:00,155.875,155.875,156.875,157.875,0.0
2020-02-06 20:30:00,153.26,154.01,153.2,153.3,154.04,154.04,154.02,153.28,153.27,153.1,153.11,153.16,153.2,153.25,0,0.0,02/04/2020 17:00,155.875,155.875,156.875,157.875,0.0
2020-02-06 20:30:00,153.26,154.01,153.2,153.3,154.04,154.04,154.02,153.28,153.27,153.1,153.11,153.16,153.2,153.25,0,0.0,02/04/2020 17:00,155.875,155.875,156.875,157.875,0.0
2020-02-07 00:30:00,153.3,154.01,153.26,153.31,154.09,154.08,154.04,154.04,154.02,153.16,153.2,153.25,153.27,153.28,0,0.0,0,0.0,0.0,0.0,0.0,0.0
2020-02-07 04:30:00,153.31,154.15,153.26,154.11,154.09,154.08,154.04,154.04,154.02,153.16,153.2,153.25,153.27,153.28,0,0.0,02/04/2020 17:00,155.875,155.875,156.875,157.875,0.0
2020-02-07 04:30:00,153.31,154.15,153.26,154.11,154.09,154.08,154.04,154.04,154.02,153.16,153.2,153.25,153.27,153.28,0,0.0,02/04/2020 17:00,155.875,155.875,156.875,157.875,0.0
2020-02-07 08:30:00,154.11,154.23,154.06,154.08,155.04,154.3,154.3,154.29,154.29,153.28,154.02,154.04,154.04,154.08,0,0.0,02/04/2020 17:00,155.875,155.875,156.875,157.875,0.0
2020-02-07 12:30:00,154.08,155.03,153.27,154.21,155.04,154.3,154.3,154.29,154.29,153.27,153.28,154.02,154.04,154.04,0,0.0,02/04/2020 17:00,155.875,155.875,156.875,157.875,0.0
2020-02-07 16:30:00,154.21,155.02,154.21,154.27,155.04,154.3,154.3,154.29,154.29,153.28,154.02,154.04,154.04,154.08,0,0.0,0,0.0,0.0,0.0,0.0,0.0
2020-02-09 21:30:00,154.27,155.16,154.18,154.21,155.04,154.3,154.3,154.29,154.29,153.28,154.02,154.04,154.04,154.08,0,0.0,0,0.0,0.0,0.0,0.0,0.0
2020-02-10 01:30:00,154.21,154.27,154.17,154.23,155.04,154.3,154.3,154.29,154.29,153.28,154.02,154.04,154.04,154.08,0,0.0,0,0.0,0.0,0.0,0.0,0.0
2020-02-10 05:30:00,154.22,155.09,154.17,155.04,155.04,154.3,154.3,154.29,154.29,153.28,154.02,154.04,154.04,154.08,0,0.0,02/04/2020 17:00,155.875,155.875,156.875,157.875,0.0
2020-02-10 05:30:00,154.22,155.09,154.17,155.04,155.04,154.3,154.3,154.29,154.29,153.28,154.02,154.04,154.04,154.08,0,0.0,02/04/2020 17:00,155.875,155.875,156.875,157.875,0.0
2020-02-10 05:30:00,154.22,155.09,154.17,155.04,155.04,154.3,154.3,154.29,154.29,153.28,154.02,154.04,154.04,154.08,0,0.0,02/04/2020 17:00,155.875,155.875,156.875,157.875,0.0
2020-02-10 09:30:00,155.05,155.14,154.28,155.1,156.02,155.27,155.18,155.16,155.06,154.29,154.29,154.3,154.3,155.04,0,0.0,02/04/2020 17:00,155.875,155.875,156.875,157.875,0.0
2020-02-10 09:30:00,155.05,155.14,154.28,155.1,156.02,155.27,155.18,155.16,155.06,154.29,154.29,154.3,154.3,155.04,0,0.0,02/04/2020 17:00,155.875,155.875,156.875,157.875,0.0
2020-02-10 09:30:00,155.05,155.14,154.28,155.1,156.02,155.27,155.18,155.16,155.06,154.29,154.29,154.3,154.3,155.04,0,0.0,02/04/2020 17:00,155.875,155.875,156.875,157.875,0.0
2020-02-10 13:30:00,155.11,155.19,155.01,155.17,156.05,156.02,155.27,155.18,155.16,154.29,154.3,154.3,155.04,155.06,0,0.0,02/04/2020 17:00,155.875,155.875,156.875,157.875,0.0
2020-02-10 18:30:00,155.16,155.17,154.29,154.31,156.08,156.05,156.02,155.27,155.18,154.29,154.3,154.3,155.04,155.06,0,0.0,0,0.0,0.0,0.0,0.0,0.0
2020-02-10 22:30:00,154.31,155.02,154.23,154.27,156.02,155.27,155.18,155.16,155.06,154.28,154.29,154.29,154.3,154.3,0,0.0,0,0.0,0.0,0.0,0.0,0.0
2020-02-11 02:30:00,154.27,154.31,154.23,154.27,155.16,155.06,154.3,154.29,154.28,154.02,154.04,154.04,154.08,154.17,0,0.0,0,0.0,0.0,0.0,0.0,0.0
2020-02-11 06:30:00,154.27,154.3,154.15,154.26,155.16,155.06,154.3,154.29,154.28,154.02,154.04,154.04,154.08,154.17,0,0.0,0,0.0,0.0,0.0,0.0,0.0
2020-02-11 10:30:00,154.25,155.03,154.17,154.2,155.06,155.02,154.3,154.29,154.28,154.02,154.04,154.04,154.08,154.17,0,0.0,0,0.0,0.0,0.0,0.0,0.0
2020-02-11 14:30:00,154.2,154.3,154.17,154.24,155.06,155.02,154.3,154.29,154.28,154.02,154.04,154.04,154.08,154.17,0,0.0,0,0.0,0.0,0.0,0.0,0.0
2020-02-11 19:30:00,154.24,154.3,154.12,154.17,155.06,155.02,154.3,154.29,154.28,154.04,154.04,154.08,154.15,154.17,0,0.0,0,0.0,0.0,0.0,0.0,0.0
2020-02-11 23:30:00,154.17,154.19,154.06,154.07,155.03,155.02,154.3,154.29,154.28,154.02,154.04,154.04,154.08,154.15,0,0.0,0,0.0,0.0,0.0,0.0,0.0
2020-02-12 03:30:00,154.07,154.1,153.29,154.0,154.3,154.29,154.28,154.17,154.15,153.27,153.28,154.02,154.04,154.04,0,0.0,0,0.0,0.0,0.0,0.0,0.0
2020-02-12 07:30:00,154.0,154.14,153.27,154.06,154.29,154.28,154.17,154.15,154.02,153.25,153.26,153.27,153.27,153.28,0,0.0,0,0.0,0.0,0.0,0.0,0.0
2020-02-12 11:30:00,154.06,154.07,153.25,153.3,154.29,154.28,154.19,154.17,154.15,153.25,153.26,153.27,153.27,153.28,0,0.0,0,0.0,0.0,0.0,0.0,0.0
2020-02-12 15:30:00,153.3,154.07,153.29,153.31,154.29,154.28,154.19,154.17,154.15,153.25,153.26,153.27,153.27,153.28,0,0.0,0,0.0,0.0,0.0,0.0,0.0
2020-02-12 20:30:00,153.31,154.18,153.27,154.08,154.28,154.19,154.17,154.15,154.14,153.25,153.26,153.27,153.27,153.28,0,0.0,0,0.0,0.0,0.0,0.0,0.0
2020-02-13 00:30:00,154.09,154.16,154.06,154.15,154.28,154.19,154.17,154.15,154.14,153.25,153.26,153.27,153.27,153.28,0,0.0,02/04/2020 17:00,155.875,155.875,156.875,157.875,0.0
2020-02-13 04:30:00,154.15,154.31,154.15,154.28,154.3,154.29,154.28,154.19,154.17,153.26,153.27,153.27,153.28,154.14,0,0.0,02/04/2020 17:00,155.875,155.875,156.875,157.875,0.0
2020-02-13 04:30:00,154.15,154.31,154.15,154.28,154.3,154.29,154.28,154.19,154.17,153.26,153.27,153.27,153.28,154.14,0,0.0,02/04/2020 17:00,155.875,155.875,156.875,157.875,0.0
2020-02-13 04:30:00,154.15,154.31,154.15,154.28,154.3,154.29,154.28,154.19,154.17,153.26,153.27,153.27,153.28,154.14,0,0.0,02/04/2020 17:00,155.875,155.875,156.875,157.875,0.0
2020-02-13 08:30:00,154.28,155.04,154.14,154.16,155.03,155.02,154.3,154.3,154.29,153.28,154.14,154.15,154.17,154.19,0,0.0,0,0.0,0.0,0.0,0.0,0.0
2020-02-13 12:30:00,154.15,154.17,153.31,154.09,154.3,154.3,154.29,154.28,154.19,153.27,153.27,153.28,154.06,154.14,0,0.0,0,0.0,0.0,0.0,0.0,0.0
2020-02-13 16:30:00,154.09,154.19,154.04,154.07,154.3,154.29,154.28,154.19,154.14,153.27,153.27,153.27,153.28,154.06,0,0.0,0,0.0,0.0,0.0,0.0,0.0
2020-02-13 21:30:00,154.06,154.17,154.02,154.12,154.3,154.29,154.28,154.19,154.14,153.26,153.27,153.27,153.27,153.28,0,0.0,0,0.0,0.0,0.0,0.0,0.0
2020-02-14 01:30:00,154.13,154.18,154.07,154.16,154.3,154.29,154.28,154.19,154.14,153.27,153.27,153.28,153.31,154.06,0,0.0,0,0.0,0.0,0.0,0.0,0.0
2020-02-14 05:30:00,154.16,154.25,154.07,154.21,154.3,154.29,154.28,154.19,154.19,153.27,153.27,153.28,153.31,154.06,0,0.0,02/04/2020 17:00,155.875,155.875,156.875,157.875,0.0
2020-02-14 09:30:00,154.21,155.02,154.15,154.27,155.02,154.3,154.3,154.29,154.28,153.28,153.31,154.02,154.06,154.19,0,0.0,0,0.0,0.0,0.0,0.0,0.0
2020-02-14 13:30:00,154.27,155.04,154.24,154.27,155.02,154.3,154.3,154.29,154.28,153.28,153.31,154.02,154.06,154.19,0,0.0,0,0.0,0.0,0.0,0.0,0.0
2020-02-16 18:30:00,154.27,154.29,154.14,154.17,155.02,154.3,154.3,154.29,154.28,153.31,154.02,154.06,154.07,154.19,0,0.0,0,0.0,0.0,0.0,0.0,0.0
2020-02-16 22:30:00,154.18,154.25,154.16,154.18,154.3,154.3,154.29,154.28,154.19,153.28,153.31,154.02,154.06,154.07,0,0.0,0,0.0,0.0,0.0,0.0,0.0
2020-02-17 02:30:00,154.18,154.2,154.16,154.19,154.3,154.3,154.29,154.28,154.19,153.28,153.31,154.02,154.06,154.07,0,0.0,0,0.0,0.0,0.0,0.0,0.0
2020-02-17 06:30:00,154.18,154.29,154.12,154.27,154.3,154.29,154.29,154.28,154.19,153.31,154.02,154.06,154.07,154.14,0,0.0,0,0.0,0.0,0.0,0.0,0.0
2020-02-17 10:30:00,154.28,154.29,154.23,154.27,155.02,154.3,154.3,154.29,154.29,153.31,154.02,154.06,154.07,154.14,0,0.0,0,0.0,0.0,0.0,0.0,0.0
2020-02-17 19:30:00,154.27,155.04,154.24,155.03,154.3,154.3,154.29,154.29,154.28,153.31,154.02,154.06,154.07,154.14,0,0.0,02/04/2020 17:00,155.875,155.875,156.875,157.875,0.0
2020-02-17 19:30:00,154.27,155.04,154.24,155.03,154.3,154.3,154.29,154.29,154.28,153.31,154.02,154.06,154.07,154.14,0,0.0,02/04/2020 17:00,155.875,155.875,156.875,157.875,0.0
2020-02-17 19:30:00,154.27,155.04,154.24,155.03,154.3,154.3,154.29,154.29,154.28,153.31,154.02,154.06,154.07,154.14,0,0.0,02/04/2020 17:00,155.875,155.875,156.875,157.875,0.0
2020-02-17 19:30:00,154.27,155.04,154.24,155.03,154.3,154.3,154.29,154.29,154.28,153.31,154.02,154.06,154.07,154.14,0,0.0,02/04/2020 17:00,155.875,155.875,156.875,157.875,0.0
2020-02-17 23:30:00,155.04,155.2,155.03,155.17,155.19,155.18,155.17,155.16,155.06,154.28,154.29,154.3,155.02,155.03,0,0.0,02/04/2020 17:00,155.875,155.875,156.875,157.875,0.0
2020-02-17 23:30:00,155.04,155.2,155.03,155.17,155.19,155.18,155.17,155.16,155.06,154.28,154.29,154.3,155.02,155.03,0,0.0,02/04/2020 17:00,155.875,155.875,156.875,157.875,0.0
2020-02-18 03:30:00,155.17,155.25,155.11,155.22,156.05,156.02,155.27,155.19,155.18,154.3,155.02,155.03,155.04,155.04,0,0.0,02/04/2020 17:00,155.875,155.875,156.875,157.875,0.0
2020-02-18 03:30:00,155.17,155.25,155.11,155.22,156.05,156.02,155.27,155.19,155.18,154.3,155.02,155.03,155.04,155.04,0,0.0,02/04/2020 17:00,155.875,155.875,156.875,157.875,0.0
2020-02-18 03:30:00,155.17,155.25,155.11,155.22,156.05,156.02,155.27,155.19,155.18,154.3,155.02,155.03,155.04,155.04,0,0.0,02/04/2020 17:00,155.875,155.875,156.875,157.875,0.0
2020-02-18 03:30:00,155.17,155.25,155.11,155.22,156.05,156.02,155.27,155.19,155.18,154.3,155.02,155.03,155.04,155.04,0,0.0,02/04/2020 17:00,155.875,155.875,156.875,157.875,0.0
2020-02-18 07:30:00,155.22,155.26,155.17,155.22,156.09,156.08,156.05,156.02,155.27,155.04,155.04,155.17,155.18,155.19,0,0.0,0,0.0,0.0,0.0,0.0,0.0
2020-02-18 11:30:00,155.22,155.26,154.3,155.24,156.09,156.08,156.05,156.02,155.27,155.04,155.04,155.17,155.18,155.19,0,0.0,0,0.0,0.0,0.0,0.0,0.0
2020-02-18 15:30:00,155.24,155.25,155.13,155.17,156.09,156.08,156.05,156.02,155.27,155.04,155.04,155.17,155.18,155.19,0,0.0,0,0.0,0.0,0.0,0.0,0.0
2020-02-18 20:30:00,155.16,155.17,155.05,155.12,156.02,155.27,155.19,155.18,155.17,155.02,155.03,155.03,155.04,155.04,0,0.0,0,0.0,0.0,0.0,0.0,0.0
2020-02-19 00:30:00,155.11,155.13,155.07,155.1,155.27,155.26,155.19,155.18,155.17,155.02,155.03,155.03,155.04,155.04,0,0.0,0,0.0,0.0,0.0,0.0,0.0
2020-02-19 04:30:00,155.1,155.18,155.04,155.13,155.26,155.25,155.19,155.18,155.17,155.02,155.03,155.03,155.04,155.04,0,0.0,0,0.0,0.0,0.0,0.0,0.0
2020-02-19 08:30:00,155.13,155.23,155.08,155.11,155.26,155.25,155.19,155.18,155.17,155.02,155.03,155.03,155.04,155.04,0,0.0,0,0.0,0.0,0.0,0.0,0.0
2020-02-19 12:30:00,155.11,155.16,154.28,155.11,155.26,155.25,155.19,155.18,155.17,155.02,155.03,155.03,155.04,155.04,0,0.0,0,0.0,0.0,0.0,0.0,0.0
2020-02-19 16:30:00,155.11,155.17,155.07,155.11,155.26,155.25,155.19,155.18,155.17,155.02,155.03,155.03,155.04,155.04,0,0.0,0,0.0,0.0,0.0,0.0,0.0
2020-02-19 21:30:00,155.11,155.12,154.3,155.1,155.25,155.23,155.19,155.18,155.17,155.02,155.03,155.03,155.04,155.04,0,0.0,0,0.0,0.0,0.0,0.0,0.0
2020-02-20 01:30:00,155.1,155.21,155.1,155.16,155.25,155.23,155.19,155.18,155.17,155.02,155.03,155.03,155.04,155.04,0,0.0,0,0.0,0.0,0.0,0.0,0.0
2020-02-20 05:30:00,155.15,155.25,155.06,155.22,155.25,155.23,155.19,155.18,155.17,155.02,155.03,155.03,155.04,155.04,0,0.0,0,0.0,0.0,0.0,0.0,0.0
2020-02-20 09:30:00,155.23,156.03,155.2,155.27,156.05,156.02,155.27,155.26,155.25,155.02,155.03,155.03,155.04,155.04,0,0.0,02/04/2020 17:00,155.875,155.875,156.875,157.875,0.0
2020-02-20 09:30:00,155.23,156.03,155.2,155.27,156.05,156.02,155.27,155.26,155.25,155.02,155.03,155.03,155.04,155.04,0,0.0,02/04/2020 17:00,155.875,155.875,156.875,157.875,0.0
2020-02-20 09:30:00,155.23,156.03,155.2,155.27,156.05,156.02,155.27,155.26,155.25,155.02,155.03,155.03,155.04,155.04,0,0.0,02/04/2020 17:00,155.875,155.875,156.875,157.875,0.0
2020-02-20 13:30:00,155.26,156.18,155.25,156.07,156.09,156.08,156.05,156.02,155.27,155.03,155.04,155.04,155.23,155.25,0,0.0,02/04/2020 17:00,155.875,155.875,156.875,157.875,0.0
2020-02-20 18:30:00,156.07,156.16,156.03,156.15,156.15,156.13,156.09,156.09,156.08,155.06,155.23,155.25,155.26,155.27,02/20/2020 17:00,155.875,0,0.0,155.875,154.875,153.875,0.0
2020-02-20 18:30:00,156.07,156.16,156.03,156.15,156.15,156.13,156.09,156.09,156.08,155.06,155.23,155.25,155.26,155.27,02/20/2020 17:00,155.875,0,0.0,155.875,154.875,153.875,0.0
2020-02-20 18:30:00,156.07,156.16,156.03,156.15,156.15,156.13,156.09,156.09,156.08,155.06,155.23,155.25,155.26,155.27,02/20/2020 17:00,155.875,0,0.0,155.875,154.875,153.875,0.0
2020-02-20 22:30:00,156.15,156.28,156.1,156.25,156.2,156.19,156.19,156.18,156.16,155.26,155.27,156.08,156.09,156.13,02/20/2020 17:00,155.875,0,0.0,155.875,154.875,153.875,0.0
2020-02-20 22:30:00,156.15,156.28,156.1,156.25,156.2,156.19,156.19,156.18,156.16,155.26,155.27,156.08,156.09,156.13,02/20/2020 17:00,155.875,0,0.0,155.875,154.875,153.875,0.0
2020-02-20 22:30:00,156.15,156.28,156.1,156.25,156.2,156.19,156.19,156.18,156.16,155.26,155.27,156.08,156.09,156.13,02/20/2020 17:00,155.875,0,0.0,155.875,154.875,153.875,0.0
2020-02-20 22:30:00,156.15,156.28,156.1,156.25,156.2,156.19,156.19,156.18,156.16,155.26,155.27,156.08,156.09,156.13,02/20/2020 17:00,155.875,0,0.0,155.875,154.875,153.875,0.0
2020-02-21 02:30:00,156.25,157.03,156.25,157.0,157.19,157.14,157.12,157.1,157.06,156.19,156.19,156.2,156.24,156.24,02/20/2020 17:00,155.875,0,0.0,155.875,154.875,153.875,0.0
2020-02-21 02:30:00,156.25,157.03,156.25,157.0,157.19,157.14,157.12,157.1,157.06,156.19,156.19,156.2,156.24,156.24,02/20/2020 17:00,155.875,0,0.0,155.875,154.875,153.875,0.0
2020-02-21 02:30:00,156.25,157.03,156.25,157.0,157.19,157.14,157.12,157.1,157.06,156.19,156.19,156.2,156.24,156.24,02/20/2020 17:00,155.875,0,0.0,155.875,154.875,153.875,0.0
2020-02-21 02:30:00,156.25,157.03,156.25,157.0,157.19,157.14,157.12,157.1,157.06,156.19,156.19,156.2,156.24,156.24,02/20/2020 17:00,155.875,0,0.0,155.875,154.875,153.875,0.0
2020-02-21 06:30:00,157.0,157.12,156.31,157.04,157.19,157.14,157.12,157.1,157.06,156.19,156.2,156.24,156.24,156.25,0,0.0,0,0.0,0.0,0.0,0.0,0.0
2020-02-21 10:30:00,157.04,157.25,156.29,157.2,157.19,157.14,157.12,157.1,157.06,156.19,156.2,156.24,156.24,156.25,02/20/2020 17:00,155.875,0,0.0,155.875,154.875,153.875,0.0
2020-02-21 10:30:00,157.04,157.25,156.29,157.2,157.19,157.14,157.12,157.1,157.06,156.19,156.2,156.24,156.24,156.25,02/20/2020 17:00,155.875,0,0.0,155.875,154.875,153.875,0.0
2020-02-21 14:30:00,157.2,158.0,157.01,157.09,158.01,158.0,157.29,157.26,157.21,156.24,156.25,156.25,157.06,157.1,0,0.0,0,0.0,0.0,0.0,0.0,0.0
2020-02-23 19:30:00,157.09,158.16,157.05,157.27,157.29,157.26,157.21,157.2,157.1,156.24,156.24,156.25,156.25,157.06,02/21/2020 17:00,156.25,0,0.0,156.25,155.25,154.25,180.06
2020-02-23 19:30:00,157.09,158.16,157.05,157.27,157.29,157.26,157.21,157.2,157.1,156.24,156.24,156.25,156.25,157.06,02/21/2020 17:00,156.25,0,0.0,156.25,155.25,154.25,180.06
2020-02-23 19:30:00,157.09,158.16,157.05,157.27,157.29,157.26,157.21,157.2,157.1,156.24,156.24,156.25,156.25,157.06,02/21/2020 17:00,156.25,0,0.0,156.25,155.25,154.25,180.06
2020-02-23 23:30:00,157.27,158.07,157.25,158.03,158.08,158.05,158.01,158.0,157.29,156.29,157.06,157.2,157.21,157.26,02/21/2020 17:00,156.25,0,0.0,156.25,155.25,154.25,180.06
2020-02-23 23:30:00,157.27,158.07,157.25,158.03,158.08,158.05,158.01,158.0,157.29,156.29,157.06,157.2,157.21,157.26,02/21/2020 17:00,156.25,0,0.0,156.25,155.25,154.25,180.06
2020-02-23 23:30:00,157.27,158.07,157.25,158.03,158.08,158.05,158.01,158.0,157.29,156.29,157.06,157.2,157.21,157.26,02/21/2020 17:00,156.25,0,0.0,156.25,155.25,154.25,180.06
2020-02-24 03:30:00,158.03,158.29,157.3,158.29,0.0,0.0,158.08,158.08,158.05,157.21,157.26,157.29,158.0,158.01,02/21/2020 17:00,156.25,0,0.0,156.25,155.25,154.25,180.06
2020-02-24 07:30:00,158.3,159.05,158.19,158.27,0.0,0.0,0.0,0.0,0.0,158.0,158.01,158.05,158.08,158.08,0,0.0,0,0.0,0.0,0.0,0.0,0.0
2020-02-24 11:30:00,158.26,159.15,158.2,159.1,0.0,0.0,0.0,0.0,0.0,158.0,158.01,158.05,158.08,158.08,0,0.0,0,0.0,0.0,0.0,0.0,0.0
2020-02-24 15:30:00,159.1,159.21,158.28,159.0,0.0,0.0,0.0,0.0,0.0,158.0,158.01,158.05,158.08,158.08,0,0.0,0,0.0,0.0,0.0,0.0,0.0
2020-02-24 20:30:00,159.0,159.11,158.09,158.12,0.0,0.0,0.0,0.0,0.0,158.01,158.05,158.08,158.08,158.19,0,0.0,0,0.0,0.0,0.0,0.0,0.0
2020-02-25 00:30:00,158.12,158.25,158.1,158.21,0.0,0.0,0.0,0.0,158.19,158.0,158.01,158.05,158.08,158.08,0,0.0,0,0.0,0.0,0.0,0.0,0.0
2020-02-25 04:30:00,158.21,159.11,158.14,159.1,0.0,0.0,0.0,0.0,159.21,158.01,158.05,158.08,158.08,158.19,0,0.0,0,0.0,0.0,0.0,0.0,0.0
2020-02-25 08:30:00,159.09,159.23,158.3,159.08,0.0,0.0,0.0,0.0,159.21,158.05,158.08,158.08,158.09,158.19,0,0.0,0,0.0,0.0,0.0,0.0,0.0
2020-02-25 12:30:00,159.08,160.07,159.03,159.31,0.0,0.0,0.0,0.0,159.21,158.08,158.08,158.09,158.1,158.19,0,0.0,0,0.0,0.0,0.0,0.0,0.0
2020-02-25 16:30:00,159.31,160.15,159.22,159.25,0.0,0.0,0.0,0.0,0.0,158.09,158.1,158.14,158.19,159.21,0,0.0,0,0.0,0.0,0.0,0.0,0.0
2020-02-25 21:30:00,159.24,160.0,159.09,159.2,0.0,0.0,0.0,0.0,0.0,158.1,158.14,158.19,158.3,159.21,0,0.0,0,0.0,0.0,0.0,0.0,0.0
2020-02-26 01:30:00,159.19,159.21,159.0,159.17,0.0,0.0,0.0,0.0,159.21,158.1,158.14,158.19,158.3,159.03,0,0.0,0,0.0,0.0,0.0,0.0,0.0
2020-02-26 05:30:00,159.17,160.12,159.12,159.16,0.0,0.0,0.0,160.15,159.21,158.1,158.14,158.19,158.3,159.03,0,0.0,0,0.0,0.0,0.0,0.0,0.0
2020-02-26 09:30:00,159.16,159.19,158.27,159.07,0.0,0.0,0.0,160.15,159.21,158.1,158.14,158.19,158.3,159.03,0,0.0,0,0.0,0.0,0.0,0.0,0.0
2020-02-26 13:30:00,159.07,160.06,158.3,159.28,0.0,0.0,0.0,160.15,159.21,158.1,158.14,158.19,158.3,159.03,0,0.0,0,0.0,0.0,0.0,0.0,0.0
2020-02-26 18:30:00,159.28,160.19,159.17,159.27,0.0,0.0,0.0,160.15,160.12,158.1,158.14,158.19,158.3,159.03,0,0.0,0,0.0,0.0,0.0,0.0,0.0
2020-02-26 22:30:00,159.27,160.16,159.26,160.09,0.0,0.0,0.0,160.15,160.12,158.14,158.19,158.27,158.3,159.03,0,0.0,0,0.0,0.0,0.0,0.0,0.0
2020-02-27 02:30:00,160.09,160.22,160.07,160.09,0.0,0.0,0.0,160.15,160.12,158.19,158.27,158.3,158.3,159.03,0,0.0,0,0.0,0.0,0.0,0.0,0.0
2020-02-27 06:30:00,160.09,160.26,160.02,160.22,0.0,0.0,0.0,160.15,160.12,158.27,158.3,158.3,159.03,159.17,02/24/2020 17:00,157.625,0,0.0,157.625,156.625,155.625,0.0
2020-02-27 10:30:00,160.22,161.22,160.21,161.17,0.0,0.0,0.0,0.0,0.0,159.03,159.17,159.26,160.12,160.15,0,0.0,0,0.0,0.0,0.0,0.0,0.0
2020-02-27 14:30:00,161.18,161.28,160.03,160.27,0.0,0.0,0.0,0.0,0.0,159.03,159.17,159.26,160.12,160.15,0,0.0,0,0.0,0.0,0.0,0.0,0.0
2020-02-27 19:30:00,160.27,161.13,160.14,161.03,0.0,0.0,0.0,0.0,0.0,159.17,159.26,160.02,160.12,160.15,0,0.0,0,0.0,0.0,0.0,0.0,0.0
2020-02-27 23:30:00,161.03,161.23,160.3,161.15,0.0,0.0,0.0,0.0,0.0,159.17,159.26,160.02,160.12,160.15,0,0.0,0,0.0,0.0,0.0,0.0,0.0
2020-02-28 03:30:00,161.15,162.27,161.14,162.15,0.0,0.0,0.0,0.0,161.28,159.26,160.02,160.03,160.12,160.15,0,0.0,0,0.0,0.0,0.0,0.0,0.0
2020-02-28 07:30:00,162.14,163.16,162.02,162.05,0.0,0.0,0.0,0.0,0.0,160.03,160.12,160.14,160.15,161.28,0,0.0,0,0.0,0.0,0.0,0.0,0.0
2020-02-28 11:30:00,162.06,163.25,162.01,163.23,0.0,0.0,0.0,0.0,0.0,160.12,160.14,160.15,160.3,161.28,0,0.0,0,0.0,0.0,0.0,0.0,0.0
2020-02-28 15:30:00,163.23,163.31,163.0,163.31,0.0,0.0,0.0,0.0,0.0,160.14,160.15,160.3,161.14,161.28,0,0.0,0,0.0,0.0,0.0,0.0,0.0
2020-03-01 20:30:00,163.3,165.19,162.17,165.04,0.0,0.0,0.0,0.0,0.0,160.14,160.15,160.3,161.14,161.28,0,0.0,0,0.0,0.0,0.0,0.0,0.0
2020-03-02 00:30:00,165.04,165.05,163.18,164.05,0.0,0.0,0.0,0.0,0.0,160.15,160.3,161.14,161.28,162.01,0,0.0,0,0.0,0.0,0.0,0.0,0.0
2020-03-02 04:30:00,164.04,164.15,162.28,164.08,0.0,0.0,0.0,0.0,0.0,160.15,160.3,161.14,161.28,162.01,0,0.0,0,0.0,0.0,0.0,0.0,0.0
2020-03-02 08:30:00,164.08,165.11,164.06,164.21,0.0,0.0,0.0,0.0,165.19,160.3,161.14,161.28,162.01,162.17,0,0.0,0,0.0,0.0,0.0,0.0,0.0
2020-03-02 12:30:00,164.21,165.04,164.02,164.17,0.0,0.0,0.0,0.0,165.19,160.3,161.14,161.28,162.01,162.17,0,0.0,0,0.0,0.0,0.0,0.0,0.0
2020-03-02 16:30:00,164.17,164.3,162.3,163.09,0.0,0.0,0.0,0.0,165.19,161.14,161.28,162.01,162.17,162.28,0,0.0,0,0.0,0.0,0.0,0.0,0.0
2020-03-02 21:30:00,163.08,163.19,162.17,163.16,0.0,0.0,0.0,165.19,165.11,161.14,161.28,162.01,162.17,162.28,0,0.0,0,0.0,0.0,0.0,0.0,0.0
2020-03-03 01:30:00,163.15,163.29,163.06,163.2,0.0,0.0,165.19,165.11,165.04,161.14,161.28,162.01,162.17,162.28,0,0.0,0,0.0,0.0,0.0,0.0,0.0
2020-03-03 05:30:00,163.19,163.25,162.12,162.15,0.0,165.19,165.11,165.04,164.3,161.14,161.28,162.01,162.17,162.28,0,0.0,0,0.0,0.0,0.0,0.0,0.0
2020-03-03 09:30:00,162.15,163.19,162.15,163.07,165.11,165.04,164.3,162.28,162.17,160.15,160.3,161.14,161.28,162.01,02/24/2020 17:00,157.625,0,0.0,157.625,156.625,155.625,0.0
2020-03-03 09:30:00,162.15,163.19,162.15,163.07,165.11,165.04,164.3,162.28,162.17,160.15,160.3,161.14,161.28,162.01,02/24/2020 17:00,157.625,0,0.0,157.625,156.625,155.625,0.0
2020-03-03 13:30:00,163.07,165.1,162.1,165.05,165.19,165.11,165.04,164.3,163.29,161.14,161.28,162.01,162.17,162.28,02/24/2020 17:00,157.625,0,0.0,157.625,156.625,155.625,0.0
2020-03-03 13:30:00,163.07,165.1,162.1,165.05,165.19,165.11,165.04,164.3,163.29,161.14,161.28,162.01,162.17,162.28,02/24/2020 17:00,157.625,0,0.0,157.625,156.625,155.625,0.0
2020-03-03 13:30:00,163.07,165.1,162.1,165.05,165.19,165.11,165.04,164.3,163.29,161.14,161.28,162.01,162.17,162.28,02/24/2020 17:00,157.625,0,0.0,157.625,156.625,155.625,0.0
2020-03-03 18:30:00,165.05,167.26,164.3,165.31,0.0,0.0,0.0,165.19,165.11,162.17,162.28,163.29,164.3,165.04,02/24/2020 17:00,157.625,0,0.0,157.625,156.625,155.625,0.0
2020-03-03 22:30:00,166.0,166.15,165.17,165.28,0.0,0.0,0.0,0.0,0.0,163.29,164.3,165.04,165.11,165.19,0,0.0,0,0.0,0.0,0.0,0.0,0.0
2020-03-04 02:30:00,165.28,166.07,165.23,166.02,0.0,0.0,0.0,0.0,0.0,163.29,164.3,165.04,165.11,165.19,0,0.0,0,0.0,0.0,0.0,0.0,0.0
2020-03-04 06:30:00,166.02,166.26,165.26,166.08,0.0,0.0,0.0,0.0,167.26,164.3,164.3,165.04,165.11,165.19,0,0.0,0,0.0,0.0,0.0,0.0,0.0
2020-03-04 10:30:00,166.08,166.11,165.04,165.22,0.0,0.0,0.0,0.0,167.26,164.3,165.04,165.11,165.17,165.19,0,0.0,0,0.0,0.0,0.0,0.0,0.0
2020-03-04 14:30:00,165.21,166.13,165.11,165.16,0.0,0.0,0.0,0.0,167.26,164.3,165.04,165.11,165.17,165.19,0,0.0,0,0.0,0.0,0.0,0.0,0.0
2020-03-04 19:30:00,165.16,165.23,163.28,164.19,0.0,167.26,166.26,165.19,165.17,163.29,164.3,164.3,165.04,165.11,0,0.0,0,0.0,0.0,0.0,0.0,0.0
2020-03-04 23:30:00,164.2,165.06,164.18,165.05,165.17,165.11,165.04,164.3,164.3,162.01,162.1,162.17,162.28,163.29,02/24/2020 17:00,157.625,0,0.0,157.625,156.625,155.625,0.0
2020-03-05 03:30:00,165.05,165.06,164.2,165.0,166.26,166.13,165.19,165.17,165.11,162.1,162.17,162.28,163.29,164.3,0,0.0,0,0.0,0.0,0.0,0.0,0.0
2020-03-05 07:30:00,164.31,166.02,164.3,165.29,166.13,165.23,165.19,165.17,165.11,162.17,162.28,163.28,163.29,164.3,02/24/2020 17:00,157.625,0,0.0,157.625,156.625,155.625,0.0
2020-03-05 07:30:00,164.31,166.02,164.3,165.29,166.13,165.23,165.19,165.17,165.11,162.17,162.28,163.28,163.29,164.3,02/24/2020 17:00,157.625,0,0.0,157.625,156.625,155.625,0.0
2020-03-05 11:30:00,165.28,166.29,165.28,166.15,0.0,0.0,167.26,166.26,166.13,163.29,164.18,164.3,165.17,165.23,02/24/2020 17:00,157.625,0,0.0,157.625,156.625,155.625,0.0
2020-03-05 15:30:00,166.15,167.18,166.15,167.03,0.0,0.0,0.0,167.26,166.26,164.2,164.3,165.17,165.23,166.13,02/24/2020 17:00,157.625,0,0.0,157.625,156.625,155.625,0.0
2020-03-05 20:30:00,167.04,168.12,166.29,168.1,0.0,0.0,0.0,0.0,167.26,164.3,165.17,165.23,166.13,166.26,0,0.0,0,0.0,0.0,0.0,0.0,0.0
2020-03-06 00:30:00,168.11,169.25,168.1,169.23,0.0,0.0,0.0,0.0,0.0,165.23,165.28,166.13,166.26,167.26,0,0.0,0,0.0,0.0,0.0,0.0,0.0
2020-03-06 04:30:00,169.23,171.02,169.03,171.01,0.0,0.0,0.0,0.0,0.0,165.28,166.13,166.15,166.26,167.26,0,0.0,0,0.0,0.0,0.0,0.0,0.0
2020-03-06 08:30:00,171.01,172.31,170.15,171.28,0.0,0.0,0.0,0.0,0.0,166.13,166.15,166.26,166.29,167.26,0,0.0,0,0.0,0.0,0.0,0.0,0.0
2020-03-06 12:30:00,171.28,173.29,170.25,172.15,0.0,0.0,0.0,0.0,0.0,166.15,166.26,166.29,167.26,168.1,0,0.0,0,0.0,0.0,0.0,0.0,0.0
2020-03-06 16:30:00,172.14,173.19,170.29,171.0,0.0,0.0,0.0,0.0,0.0,166.26,166.29,167.26,168.1,169.03,0,0.0,0,0.0,0.0,0.0,0.0,0.0
2020-03-08 21:30:00,170.31,178.22,170.31,177.22,0.0,0.0,0.0,0.0,0.0,166.29,167.26,168.1,169.03,170.15,0,0.0,0,0.0,0.0,0.0,0.0,0.0
2020-03-09 01:30:00,177.22,179.07,177.15,178.09,0.0,0.0,0.0,0.0,0.0,167.26,168.1,169.03,170.15,170.25,0,0.0,0,0.0,0.0,0.0,0.0,0.0
2020-03-09 05:30:00,178.09,185.0,177.18,179.25,0.0,0.0,0.0,0.0,0.0,168.1,169.03,170.15,170.25,170.29,0,0.0,0,0.0,0.0,0.0,0.0,0.0
2020-03-09 09:30:00,179.26,182.06,179.0,180.06,0.0,0.0,0.0,0.0,0.0,169.03,170.15,170.25,170.29,170.31,0,0.0,0,0.0,0.0,0.0,0.0,0.0
2020-03-09 13:30:00,180.06,180.24,176.2,179.06,0.0,0.0,0.0,0.0,0.0,170.15,170.25,170.29,170.31,177.15,0,0.0,0,0.0,0.0,0.0,0.0,0.0
2020-03-09 18:30:00,179.06,179.25,176.01,178.31,0.0,0.0,0.0,0.0,185.0,170.15,170.25,170.29,170.31,177.15,0,0.0,0,0.0,0.0,0.0,0.0,0.0
2020-03-09 22:30:00,178.3,179.08,175.0,176.09,0.0,0.0,0.0,185.0,182.06,170.15,170.25,170.29,170.31,177.15,0,0.0,0,0.0,0.0,0.0,0.0,0.0
2020-03-10 02:30:00,176.09,176.24,175.14,175.29,0.0,185.0,182.06,180.24,177.15,169.03,170.15,170.25,170.29,170.31,0,0.0,0,0.0,0.0,0.0,0.0,0.0
2020-03-10 06:30:00,175.28,176.18,173.18,173.19,185.0,182.06,180.24,179.25,177.15,169.03,170.15,170.25,170.29,170.31,0,0.0,0,0.0,0.0,0.0,0.0,0.0
2020-03-10 10:30:00,173.19,176.31,173.07,176.08,182.06,180.24,179.25,179.08,177.15,169.03,170.15,170.25,170.29,170.31,0,0.0,0,0.0,0.0,0.0,0.0,0.0
2020-03-10 14:30:00,176.08,178.05,173.31,174.05,182.06,180.24,179.25,179.08,177.15,169.03,170.15,170.25,170.29,170.31,0,0.0,0,0.0,0.0,0.0,0.0,0.0
2020-03-10 19:30:00,174.04,174.14,171.03,172.14,182.06,180.24,179.25,179.08,177.15,169.03,170.15,170.25,170.29,170.31,0,0.0,0,0.0,0.0,0.0,0.0,0.0
2020-03-10 23:30:00,172.14,174.18,172.01,174.11,182.06,180.24,179.25,179.08,177.15,169.03,170.15,170.25,170.29,170.31,0,0.0,0,0.0,0.0,0.0,0.0,0.0
2020-03-11 03:30:00,174.11,175.29,174.06,175.05,180.24,179.25,179.08,178.05,177.15,169.03,170.15,170.25,170.29,170.31,0,0.0,0,0.0,0.0,0.0,0.0,0.0
2020-03-11 07:30:00,175.05,175.05,172.22,174.11,180.24,179.25,179.08,178.05,177.15,170.15,170.25,170.29,170.31,171.03,0,0.0,0,0.0,0.0,0.0,0.0,0.0
2020-03-11 11:30:00,174.12,175.06,173.09,174.04,180.24,179.25,179.08,178.05,177.15,170.25,170.29,170.31,171.03,172.01,0,0.0,0,0.0,0.0,0.0,0.0,0.0
2020-03-11 15:30:00,174.04,175.0,173.04,173.21,179.25,179.08,178.05,177.15,175.29,170.25,170.29,170.31,171.03,172.01,0,0.0,0,0.0,0.0,0.0,0.0,0.0
2020-03-11 20:30:00,173.21,173.23,170.3,172.18,179.25,179.08,178.05,177.15,175.29,170.29,170.31,171.03,172.01,172.22,0,0.0,0,0.0,0.0,0.0,0.0,0.0
2020-03-12 00:30:00,172.18,174.28,172.16,174.03,178.05,177.15,175.29,175.06,172.22,170.25,170.29,170.31,171.03,172.01,03/06/2020 17:00,167.8125,0,0.0,167.8125,166.8125,165.8125,0.0
2020-03-12 04:30:00,174.03,175.07,173.13,175.03,178.05,177.15,175.29,175.06,175.0,170.29,170.31,171.03,172.01,172.22,03/06/2020 17:00,167.8125,0,0.0,167.8125,166.8125,165.8125,0.0
2020-03-12 08:30:00,175.03,177.17,174.23,176.07,179.08,178.05,177.15,175.29,175.06,170.31,171.03,172.01,172.22,175.0,03/06/2020 17:00,167.8125,0,0.0,167.8125,166.8125,165.8125,0.0
2020-03-12 08:30:00,175.03,177.17,174.23,176.07,179.08,178.05,177.15,175.29,175.06,170.31,171.03,172.01,172.22,175.0,03/06/2020 17:00,167.8125,0,0.0,167.8125,166.8125,165.8125,0.0
2020-03-12 12:30:00,176.08,177.03,172.3,173.04,180.24,179.25,179.08,178.05,177.15,172.16,172.22,175.0,175.06,175.29,0,0.0,0,0.0,0.0,0.0,0.0,0.0
2020-03-12 16:30:00,173.05,175.23,170.04,172.11,178.05,177.15,175.29,175.06,175.0,170.31,171.03,172.01,172.16,172.22,0,0.0,0,0.0,0.0,0.0,0.0,0.0
2020-03-12 21:30:00,172.11,174.01,172.07,173.13,177.15,175.29,175.06,175.0,172.16,170.29,170.3,170.31,171.03,172.01,03/06/2020 17:00,167.8125,0,0.0,167.8125,166.8125,165.8125,0.0
2020-03-13 01:30:00,173.13,173.13,170.11,170.22,177.15,177.03,175.29,175.06,175.0,170.3,170.31,171.03,172.01,172.16,0,0.0,0,0.0,0.0,0.0,0.0,0.0
2020-03-13 05:30:00,170.22,170.29,165.15,169.31,171.03,170.31,170.3,170.29,170.25,167.26,168.1,169.03,170.04,170.15,0,0.0,0,0.0,0.0,0.0,0.0,0.0
2020-03-13 09:30:00,169.3,171.13,168.15,170.07,170.3,170.29,170.25,170.15,170.04,166.26,166.29,167.26,168.1,169.03,03/06/2020 17:00,167.8125,0,0.0,167.8125,166.8125,165.8125,0.0
2020-03-13 13:30:00,170.07,171.31,168.17,169.09,170.31,170.3,170.29,170.25,170.15,166.29,167.26,168.1,169.03,170.04,0,0.0,0,0.0,0.0,0.0,0.0,0.0
2020-03-15 18:30:00,169.09,173.25,168.12,172.23,170.31,170.3,170.29,170.25,170.15,166.26,166.29,167.26,168.1,169.03,03/06/2020 17:00,167.8125,0,0.0,167.8125,166.8125,165.8125,0.0
2020-03-15 18:30:00,169.09,173.25,168.12,172.23,170.31,170.3,170.29,170.25,170.15,166.26,166.29,167.26,168.1,169.03,03/06/2020 17:00,167.8125,0,0.0,167.8125,166.8125,165.8125,0.0
2020-03-15 18:30:00,169.09,173.25,168.12,172.23,170.31,170.3,170.29,170.25,170.15,166.26,166.29,167.26,168.1,169.03,03/06/2020 17:00,167.8125,0,0.0,167.8125,166.8125,165.8125,0.0
2020-03-15 18:30:00,169.09,173.25,168.12,172.23,170.31,170.3,170.29,170.25,170.15,166.26,166.29,167.26,168.1,169.03,03/06/2020 17:00,167.8125,0,0.0,167.8125,166.8125,165.8125,0.0
2020-03-15 18:30:00,169.09,173.25,168.12,172.23,170.31,170.3,170.29,170.25,170.15,166.26,166.29,167.26,168.1,169.03,03/06/2020 17:00,167.8125,0,0.0,167.8125,166.8125,165.8125,0.0
2020-03-15 18:30:00,169.09,173.25,168.12,172.23,170.31,170.3,170.29,170.25,170.15,166.26,166.29,167.26,168.1,169.03,03/06/2020 17:00,167.8125,0,0.0,167.8125,166.8125,165.8125,0.0
2020-03-15 22:30:00,172.24,175.31,171.29,175.07,175.23,175.06,175.0,174.01,173.13,170.29,170.3,170.31,171.03,172.01,03/06/2020 17:00,167.8125,0,0.0,167.8125,166.8125,165.8125,0.0
2020-03-15 22:30:00,172.24,175.31,171.29,175.07,175.23,175.06,175.0,174.01,173.13,170.29,170.3,170.31,171.03,172.01,03/06/2020 17:00,167.8125,0,0.0,167.8125,166.8125,165.8125,0.0
2020-03-15 22:30:00,172.24,175.31,171.29,175.07,175.23,175.06,175.0,174.01,173.13,170.29,170.3,170.31,171.03,172.01,03/06/2020 17:00,167.8125,0,0.0,167.8125,166.8125,165.8125,0.0
2020-03-16 02:30:00,175.08,175.18,174.23,175.01,177.17,177.15,177.03,175.29,175.23,170.31,171.03,172.01,173.13,174.01,0,0.0,0,0.0,0.0,0.0,0.0,0.0
2020-03-16 06:30:00,175.01,175.11,172.07,173.21,177.17,177.15,177.03,175.29,175.23,170.31,171.03,172.01,173.13,174.01,0,0.0,0,0.0,0.0,0.0,0.0,0.0
2020-03-16 10:30:00,173.21,174.28,173.04,173.14,177.03,175.31,175.29,175.23,174.01,170.31,171.03,171.29,172.01,173.13,0,0.0,0,0.0,0.0,0.0,0.0,0.0
2020-03-16 14:30:00,173.13,175.05,171.06,174.06,175.31,175.29,175.23,175.18,174.01,170.3,170.31,171.03,171.29,172.01,0,0.0,0,0.0,0.0,0.0,0.0,0.0
2020-03-16 19:30:00,174.06,174.29,173.16,174.11,175.31,175.29,175.23,175.18,175.11,170.31,171.03,171.29,172.01,173.13,0,0.0,0,0.0,0.0,0.0,0.0,0.0
2020-03-16 23:30:00,174.1,174.12,172.14,173.06,175.31,175.29,175.23,175.18,175.11,170.31,171.03,171.29,172.01,173.13,0,0.0,0,0.0,0.0,0.0,0.0,0.0
2020-03-17 03:30:00,173.07,173.18,172.21,172.28,175.23,175.18,175.11,175.05,173.13,170.31,171.03,171.06,171.29,172.01,0,0.0,0,0.0,0.0,0.0,0.0,0.0
2020-03-17 07:30:00,172.27,173.01,171.11,172.07,175.18,175.11,175.05,174.29,173.13,170.31,171.03,171.06,171.29,172.01,0,0.0,0,0.0,0.0,0.0,0.0,0.0
2020-03-17 11:30:00,172.07,173.07,170.31,171.03,175.11,175.05,174.29,174.12,173.13,170.31,171.03,171.06,171.29,172.01,0,0.0,0,0.0,0.0,0.0,0.0,0.0
2020-03-17 15:30:00,171.02,171.12,165.21,166.06,173.18,173.13,171.29,171.06,171.03,170.15,170.25,170.29,170.3,170.31,0,0.0,0,0.0,0.0,0.0,0.0,0.0
2020-03-17 20:30:00,166.07,167.1,164.11,166.02,167.26,166.29,166.26,166.15,166.13,164.3,165.15,165.17,165.23,165.28,0,0.0,0,0.0,0.0,0.0,0.0,0.0
2020-03-18 00:30:00,166.01,166.15,165.27,166.04,167.26,166.29,166.26,166.15,166.13,164.3,165.15,165.17,165.23,165.28,0,0.0,0,0.0,0.0,0.0,0.0,0.0
2020-03-18 04:30:00,166.05,166.11,161.26,161.28,167.26,166.29,166.26,166.15,166.13,164.3,165.15,165.17,165.23,165.28,0,0.0,0,0.0,0.0,0.0,0.0,0.0
2020-03-18 08:30:00,161.28,165.11,160.26,164.3,164.18,163.29,163.28,162.1,162.01,160.12,160.14,160.15,160.3,161.14,0,0.0,03/17/2020 17:00,167.8125,167.8125,168.8125,169.8125,0.0
2020-03-18 08:30:00,161.28,165.11,160.26,164.3,164.18,163.29,163.28,162.1,162.01,160.12,160.14,160.15,160.3,161.14,0,0.0,03/17/2020 17:00,167.8125,167.8125,168.8125,169.8125,0.0
2020-03-18 08:30:00,161.28,165.11,160.26,164.3,164.18,163.29,163.28,162.1,162.01,160.12,160.14,160.15,160.3,161.14,0,0.0,03/17/2020 17:00,167.8125,167.8125,168.8125,169.8125,0.0
2020-03-18 08:30:00,161.28,165.11,160.26,164.3,164.18,163.29,163.28,162.1,162.01,160.12,160.14,160.15,160.3,161.14,0,0.0,03/17/2020 17:00,167.8125,167.8125,168.8125,169.8125,0.0
2020-03-18 08:30:00,161.28,165.11,160.26,164.3,164.18,163.29,163.28,162.1,162.01,160.12,160.14,160.15,160.3,161.14,0,0.0,03/17/2020 17:00,167.8125,167.8125,168.8125,169.8125,0.0
2020-03-18 12:30:00,164.28,167.3,163.22,164.0,166.13,165.28,165.23,165.15,164.3,162.01,162.1,163.28,164.18,164.2,0,0.0,0,0.0,0.0,0.0,0.0,0.0
2020-03-18 16:30:00,163.31,164.11,160.15,163.31,166.13,165.28,165.23,165.15,164.3,161.14,161.28,162.01,162.1,163.28,0,0.0,0,0.0,0.0,0.0,0.0,0.0
2020-03-18 21:30:00,164.0,165.04,162.08,163.07,166.13,165.28,165.23,165.15,164.3,161.14,161.28,162.01,162.1,163.28,0,0.0,0,0.0,0.0,0.0,0.0,0.0
2020-03-19 01:30:00,163.06,163.15,161.05,161.23,166.13,165.28,165.23,165.15,164.3,160.3,161.14,161.28,162.01,162.1,0,0.0,0,0.0,0.0,0.0,0.0,0.0
2020-03-19 05:30:00,161.23,164.28,161.21,163.06,165.28,165.23,165.15,164.3,161.28,160.14,160.15,160.15,160.3,161.14,0,0.0,0,0.0,0.0,0.0,0.0,0.0
2020-03-19 09:30:00,163.08,166.09,162.28,164.28,165.28,165.23,165.15,165.04,164.3,160.14,160.15,160.15,160.3,161.14,0,0.0,0,0.0,0.0,0.0,0.0,0.0
2020-03-19 13:30:00,164.28,169.09,163.3,169.06,165.28,165.23,165.15,165.04,164.3,160.15,160.15,160.3,161.05,161.14,0,0.0,03/18/2020 17:00,162.3125,162.3125,163.3125,164.3125,0.0
2020-03-19 13:30:00,164.28,169.09,163.3,169.06,165.28,165.23,165.15,165.04,164.3,160.15,160.15,160.3,161.05,161.14,0,0.0,03/18/2020 17:00,162.3125,162.3125,163.3125,164.3125,0.0
2020-03-19 13:30:00,164.28,169.09,163.3,169.06,165.28,165.23,165.15,165.04,164.3,160.15,160.15,160.3,161.05,161.14,0,0.0,03/18/2020 17:00,162.3125,162.3125,163.3125,164.3125,0.0
2020-03-19 13:30:00,164.28,169.09,163.3,169.06,165.28,165.23,165.15,165.04,164.3,160.15,160.15,160.3,161.05,161.14,0,0.0,03/18/2020 17:00,162.3125,162.3125,163.3125,164.3125,0.0
2020-03-19 13:30:00,164.28,169.09,163.3,169.06,165.28,165.23,165.15,165.04,164.3,160.15,160.15,160.3,161.05,161.14,0,0.0,03/18/2020 17:00,162.3125,162.3125,163.3125,164.3125,0.0
2020-03-19 13:30:00,164.28,169.09,163.3,169.06,165.28,165.23,165.15,165.04,164.3,160.15,160.15,160.3,161.05,161.14,0,0.0,03/18/2020 17:00,162.3125,162.3125,163.3125,164.3125,0.0
2020-03-19 13:30:00,164.28,169.09,163.3,169.06,165.28,165.23,165.15,165.04,164.3,160.15,160.15,160.3,161.05,161.14,0,0.0,03/18/2020 17:00,162.3125,162.3125,163.3125,164.3125,0.0
2020-03-19 13:30:00,164.28,169.09,163.3,169.06,165.28,165.23,165.15,165.04,164.3,160.15,160.15,160.3,161.05,161.14,0,0.0,03/18/2020 17:00,162.3125,162.3125,163.3125,164.3125,0.0
2020-03-19 13:30:00,164.28,169.09,163.3,169.06,165.28,165.23,165.15,165.04,164.3,160.15,160.15,160.3,161.05,161.14,0,0.0,03/18/2020 17:00,162.3125,162.3125,163.3125,164.3125,0.0
2020-03-19 13:30:00,164.28,169.09,163.3,169.06,165.28,165.23,165.15,165.04,164.3,160.15,160.15,160.3,161.05,161.14,0,0.0,03/18/2020 17:00,162.3125,162.3125,163.3125,164.3125,0.0
2020-03-19 18:30:00,169.06,169.06,164.1,165.24,173.13,173.07,171.29,171.12,171.06,167.1,167.3,168.1,168.12,169.03,0,0.0,0,0.0,0.0,0.0,0.0,0.0
2020-03-19 22:30:00,165.25,167.01,165.2,166.22,171.12,171.06,167.3,167.1,166.15,161.21,162.28,164.3,165.04,165.15,0,0.0,0,0.0,0.0,0.0,0.0,0.0
2020-03-20 02:30:00,166.22,167.05,166.19,166.26,171.12,171.06,169.09,167.3,167.1,162.28,163.3,164.3,165.04,165.15,0,0.0,0,0.0,0.0,0.0,0.0,0.0
2020-03-20 06:30:00,166.25,168.29,166.12,168.21,171.06,169.09,169.06,167.3,167.1,163.3,164.1,164.3,165.04,165.15,03/19/2020 17:00,162.3125,0,0.0,162.3125,161.3125,160.3125,0.0
2020-03-20 10:30:00,168.22,169.16,167.26,168.17,171.29,171.12,171.06,169.09,169.06,164.1,164.3,165.04,165.15,165.2,03/19/2020 17:00,162.3125,0,0.0,162.3125,161.3125,160.3125,0.0
2020-03-20 14:30:00,168.17,170.18,168.11,169.16,171.29,171.12,171.06,169.09,169.06,164.1,164.3,165.04,165.15,165.2,03/19/2020 17:00,162.3125,0,0.0,162.3125,161.3125,160.3125,0.0
2020-03-20 14:30:00,168.17,170.18,168.11,169.16,171.29,171.12,171.06,169.09,169.06,164.1,164.3,165.04,165.15,165.2,03/19/2020 17:00,162.3125,0,0.0,162.3125,161.3125,160.3125,0.0
2020-03-22 19:30:00,169.16,173.15,168.1,172.17,173.13,173.07,171.29,171.12,171.06,165.15,165.2,166.12,169.06,169.09,03/20/2020 17:00,167.8125,0,0.0,167.8125,166.8125,165.8125,0.0
2020-03-22 19:30:00,169.16,173.15,168.1,172.17,173.13,173.07,171.29,171.12,171.06,165.15,165.2,166.12,169.06,169.09,03/20/2020 17:00,167.8125,0,0.0,167.8125,166.8125,165.8125,0.0
2020-03-22 23:30:00,172.16,173.06,171.01,171.08,174.29,174.12,173.18,173.13,173.07,169.06,169.09,171.06,171.12,171.29,03/20/2020 17:00,167.8125,0,0.0,167.8125,166.8125,165.8125,0.0
2020-03-23 03:30:00,171.06,172.07,170.26,171.25,174.12,173.18,173.13,173.07,171.12,165.2,166.12,167.26,169.06,169.09,0,0.0,0,0.0,0.0,0.0,0.0,0.0
2020-03-23 07:30:00,171.25,172.26,171.16,171.25,174.12,173.18,173.15,173.13,173.07,167.26,168.1,169.06,169.09,171.06,0,0.0,0,0.0,0.0,0.0,0.0,0.0
2020-03-23 11:30:00,171.26,174.18,168.06,171.2,173.18,173.15,173.13,173.07,173.06,167.26,168.1,169.06,169.09,171.06,0,0.0,0,0.0,0.0,0.0,0.0,0.0
2020-03-23 15:30:00,171.2,173.28,170.15,173.1,173.18,173.15,173.13,173.07,173.06,167.26,168.1,169.06,169.09,171.06,03/20/2020 17:00,167.8125,0,0.0,167.8125,166.8125,165.8125,0.0
2020-03-23 15:30:00,171.2,173.28,170.15,173.1,173.18,173.15,173.13,173.07,173.06,167.26,168.1,169.06,169.09,171.06,03/20/2020 17:00,167.8125,0,0.0,167.8125,166.8125,165.8125,0.0
2020-03-23 20:30:00,173.1,173.25,171.16,171.3,174.29,174.12,173.18,173.15,173.13,169.06,169.09,171.06,173.06,173.07,0,0.0,0,0.0,0.0,0.0,0.0,0.0
2020-03-24 00:30:00,171.3,172.1,171.0,171.17,173.18,173.15,173.13,173.07,173.06,168.06,168.1,169.06,169.09,171.06,0,0.0,0,0.0,0.0,0.0,0.0,0.0
2020-03-24 04:30:00,171.17,172.06,170.27,172.02,173.18,173.15,173.13,173.07,173.06,168.1,169.06,169.09,170.15,171.06,0,0.0,0,0.0,0.0,0.0,0.0,0.0
2020-03-24 08:30:00,172.02,172.14,170.21,170.29,173.18,173.15,173.13,173.07,173.06,168.1,169.06,169.09,170.15,171.06,0,0.0,0,0.0,0.0,0.0,0.0,0.0
2020-03-24 12:30:00,170.3,171.11,170.0,170.05,173.18,173.15,173.13,173.07,173.06,168.06,168.1,169.06,169.09,170.15,0,0.0,0,0.0,0.0,0.0,0.0,0.0
2020-03-24 16:30:00,170.04,172.12,169.3,171.12,173.15,173.13,173.07,173.06,170.15,167.26,168.06,168.1,169.06,169.09,03/20/2020 17:00,167.8125,0,0.0,167.8125,166.8125,165.8125,0.0
2020-03-24 21:30:00,171.12,171.18,170.23,171.12,173.15,173.13,173.07,173.06,172.14,168.06,168.1,169.06,169.09,170.15,0,0.0,0,0.0,0.0,0.0,0.0,0.0
2020-03-25 01:30:00,171.1,171.31,171.0,171.09,173.15,173.13,173.07,173.06,172.14,168.06,168.1,169.06,169.09,170.15,0,0.0,0,0.0,0.0,0.0,0.0,0.0
2020-03-25 05:30:00,171.08,171.3,170.22,170.25,173.13,173.07,173.06,172.14,172.12,168.1,169.06,169.09,169.3,170.15,0,0.0,0,0.0,0.0,0.0,0.0,0.0
2020-03-25 09:30:00,170.25,172.02,170.25,171.2,173.13,173.07,173.06,172.14,172.12,168.1,169.06,169.09,169.3,170.15,0,0.0,0,0.0,0.0,0.0,0.0,0.0
2020-03-25 13:30:00,171.2,172.31,171.15,172.19,173.13,173.07,173.06,172.14,172.12,168.1,169.06,169.09,169.3,170.15,03/20/2020 17:00,167.8125,0,0.0,167.8125,166.8125,165.8125,0.0
2020-03-25 13:30:00,171.2,172.31,171.15,172.19,173.13,173.07,173.06,172.14,172.12,168.1,169.06,169.09,169.3,170.15,03/20/2020 17:00,167.8125,0,0.0,167.8125,166.8125,165.8125,0.0
2020-03-25 18:30:00,172.19,172.25,170.16,170.27,173.18,173.15,173.13,173.07,173.06,169.3,170.15,170.22,172.12,172.14,0,0.0,0,0.0,0.0,0.0,0.0,0.0
2020-03-25 22:30:00,170.27,172.1,170.22,172.01,173.13,173.07,173.06,172.14,172.12,169.06,169.09,169.3,170.15,170.22,0,0.0,0,0.0,0.0,0.0,0.0,0.0
2020-03-26 02:30:00,172.01,172.19,171.19,172.14,173.07,173.06,172.31,172.14,172.12,169.06,169.09,169.3,170.15,170.22,0,0.0,0,0.0,0.0,0.0,0.0,0.0
2020-03-26 06:30:00,172.14,172.18,171.29,172.03,173.13,173.07,173.06,172.31,172.25,169.09,169.3,170.15,170.16,170.22,0,0.0,0,0.0,0.0,0.0,0.0,0.0
2020-03-26 10:30:00,172.02,172.29,170.29,171.06,173.07,173.06,172.31,172.25,172.14,169.3,170.15,170.16,170.22,170.22,0,0.0,0,0.0,0.0,0.0,0.0,0.0
2020-03-26 14:30:00,171.06,172.21,171.01,172.13,173.07,173.06,172.31,172.25,172.14,169.3,170.15,170.16,170.22,170.22,0,0.0,0,0.0,0.0,0.0,0.0,0.0
2020-03-26 19:30:00,172.12,172.15,170.14,171.03,173.07,173.06,172.31,172.25,172.14,169.3,170.15,170.16,170.22,170.22,0,0.0,0,0.0,0.0,0.0,0.0,0.0
2020-03-26 23:30:00,171.04,171.16,170.22,171.08,173.06,172.31,172.29,172.25,172.14,169.3,170.15,170.16,170.22,170.22,0,0.0,0,0.0,0.0,0.0,0.0,0.0
2020-03-27 03:30:00,171.08,172.03,171.07,171.29,172.31,172.29,172.25,172.21,172.14,169.3,170.15,170.16,170.22,170.22,0,0.0,0,0.0,0.0,0.0,0.0,0.0
2020-03-27 07:30:00,171.3,172.22,171.21,172.19,172.29,172.25,172.21,172.15,172.14,170.14,170.15,170.16,170.22,170.22,03/20/2020 17:00,167.8125,0,0.0,167.8125,166.8125,165.8125,0.0
2020-03-27 11:30:00,172.19,172.31,171.19,172.22,173.06,172.31,172.29,172.25,172.21,170.16,170.22,170.22,170.22,172.15,03/20/2020 17:00,167.8125,0,0.0,167.8125,166.8125,165.8125,0.0
2020-03-27 15:30:00,172.22,173.14,172.08,173.11,173.07,173.06,172.31,172.29,172.25,170.22,170.22,171.07,172.15,172.21,03/20/2020 17:00,167.8125,0,0.0,167.8125,166.8125,165.8125,0.0
2020-03-27 15:30:00,172.22,173.14,172.08,173.11,173.07,173.06,172.31,172.29,172.25,170.22,170.22,171.07,172.15,172.21,03/20/2020 17:00,167.8125,0,0.0,167.8125,166.8125,165.8125,0.0
2020-03-27 15:30:00,172.22,173.14,172.08,173.11,173.07,173.06,172.31,172.29,172.25,170.22,170.22,171.07,172.15,172.21,03/20/2020 17:00,167.8125,0,0.0,167.8125,166.8125,165.8125,0.0
2020-03-29 20:30:00,173.11,174.22,173.07,174.21,173.28,173.25,173.18,173.15,173.13,172.15,172.21,172.25,172.29,172.31,03/20/2020 17:00,167.8125,0,0.0,167.8125,166.8125,165.8125,0.0
2020-03-29 20:30:00,173.11,174.22,173.07,174.21,173.28,173.25,173.18,173.15,173.13,172.15,172.21,172.25,172.29,172.31,03/20/2020 17:00,167.8125,0,0.0,167.8125,166.8125,165.8125,0.0
2020-03-29 20:30:00,173.11,174.22,173.07,174.21,173.28,173.25,173.18,173.15,173.13,172.15,172.21,172.25,172.29,172.31,03/20/2020 17:00,167.8125,0,0.0,167.8125,166.8125,165.8125,0.0
2020-03-29 20:30:00,173.11,174.22,173.07,174.21,173.28,173.25,173.18,173.15,173.13,172.15,172.21,172.25,172.29,172.31,03/20/2020 17:00,167.8125,0,0.0,167.8125,166.8125,165.8125,0.0
2020-03-29 20:30:00,173.11,174.22,173.07,174.21,173.28,173.25,173.18,173.15,173.13,172.15,172.21,172.25,172.29,172.31,03/20/2020 17:00,167.8125,0,0.0,167.8125,166.8125,165.8125,0.0
2020-03-29 20:30:00,173.11,174.22,173.07,174.21,173.28,173.25,173.18,173.15,173.13,172.15,172.21,172.25,172.29,172.31,03/20/2020 17:00,167.8125,0,0.0,167.8125,166.8125,165.8125,0.0
2020-03-30 00:30:00,174.2,174.27,174.11,174.18,175.23,175.18,175.11,175.05,174.29,173.18,173.25,173.28,174.12,174.18,0,0.0,0,0.0,0.0,0.0,0.0,0.0
2020-03-30 04:30:00,174.17,174.29,173.23,174.21,175.18,175.11,175.05,174.29,174.18,173.15,173.18,173.25,173.28,174.12,0,0.0,0,0.0,0.0,0.0,0.0,0.0
2020-03-30 08:30:00,174.21,175.0,174.03,174.1,175.23,175.18,175.11,175.05,174.29,173.18,173.25,173.28,174.12,174.18,0,0.0,0,0.0,0.0,0.0,0.0,0.0
2020-03-30 12:30:00,174.11,175.26,174.11,175.01,175.11,175.05,174.29,174.18,174.12,173.07,173.15,173.18,173.25,173.28,03/20/2020 17:00,167.8125,0,0.0,167.8125,166.8125,165.8125,0.0
2020-03-30 16:30:00,175.01,175.12,172.17,172.29,175.29,175.23,175.18,175.11,175.05,173.18,173.23,173.25,173.28,174.29,0,0.0,0,0.0,0.0,0.0,0.0,0.0
2020-03-30 21:30:00,172.29,173.03,172.06,172.22,173.23,173.18,173.15,173.07,172.31,171.19,172.08,172.15,172.21,172.25,0,0.0,0,0.0,0.0,0.0,0.0,0.0
2020-03-31 01:30:00,172.23,173.11,172.22,173.08,173.15,173.07,172.31,172.29,172.25,171.07,171.19,172.08,172.15,172.21,03/20/2020 17:00,167.8125,0,0.0,167.8125,166.8125,165.8125,0.0
2020-03-31 05:30:00,173.07,173.22,172.1,172.24,173.28,173.25,173.23,173.18,173.15,171.07,171.19,172.08,172.15,172.21,0,0.0,0,0.0,0.0,0.0,0.0,0.0
2020-03-31 09:30:00,172.24,173.1,172.1,173.0,173.28,173.25,173.23,173.18,173.15,171.19,172.06,172.08,172.15,172.21,0,0.0,0,0.0,0.0,0.0,0.0,0.0
2020-03-31 13:30:00,173.01,173.26,172.19,173.22,173.28,173.25,173.23,173.18,173.15,171.19,172.06,172.08,172.15,172.21,0,0.0,0,0.0,0.0,0.0,0.0,0.0
2020-03-31 18:30:00,173.22,173.28,172.05,173.09,175.05,174.29,173.28,173.25,173.23,171.19,172.06,172.08,172.15,172.21,0,0.0,0,0.0,0.0,0.0,0.0,0.0
2020-03-31 22:30:00,173.1,173.25,173.0,173.17,175.05,174.29,173.28,173.25,173.23,171.19,172.06,172.08,172.15,172.21,0,0.0,0,0.0,0.0,0.0,0.0,0.0
2020-04-01 02:30:00,173.16,174.21,173.15,174.12,175.05,174.29,173.28,173.25,173.23,171.19,172.06,172.08,172.15,172.21,03/20/2020 17:00,167.8125,0,0.0,167.8125,166.8125,165.8125,0.0
2020-04-01 06:30:00,174.12,175.07,174.04,174.28,175.18,175.12,175.11,175.05,174.29,172.06,172.08,172.15,172.21,173.23,0,0.0,0,0.0,0.0,0.0,0.0,0.0
2020-04-01 10:30:00,174.27,175.19,174.18,175.12,175.18,175.12,175.11,175.05,174.29,172.08,172.15,172.21,173.0,173.23,03/20/2020 17:00,167.8125,0,0.0,167.8125,166.8125,165.8125,0.0
2020-04-01 10:30:00,174.27,175.19,174.18,175.12,175.18,175.12,175.11,175.05,174.29,172.08,172.15,172.21,173.0,173.23,03/20/2020 17:00,167.8125,0,0.0,167.8125,166.8125,165.8125,0.0
2020-04-01 14:30:00,175.11,175.24,173.3,174.11,175.29,175.26,175.23,175.18,175.12,172.21,173.0,173.15,173.23,175.05,0,0.0,0,0.0,0.0,0.0,0.0,0.0
2020-04-01 19:30:00,174.11,176.04,174.08,175.2,175.23,175.18,175.12,175.11,175.05,172.15,172.21,173.0,173.15,173.23,03/20/2020 17:00,167.8125,0,0.0,167.8125,166.8125,165.8125,0.0
2020-04-01 19:30:00,174.11,176.04,174.08,175.2,175.23,175.18,175.12,175.11,175.05,172.15,172.21,173.0,173.15,173.23,03/20/2020 17:00,167.8125,0,0.0,167.8125,166.8125,165.8125,0.0
2020-04-01 23:30:00,175.21,175.31,175.17,175.19,177.03,175.31,175.29,175.26,175.23,173.0,173.15,173.23,175.12,175.18,0,0.0,0,0.0,0.0,0.0,0.0,0.0
2020-04-02 03:30:00,175.19,175.31,175.02,175.05,177.03,175.31,175.29,175.26,175.23,173.15,173.23,173.3,175.12,175.18,0,0.0,0,0.0,0.0,0.0,0.0,0.0
2020-04-02 07:30:00,175.05,175.31,175.04,175.14,175.29,175.26,175.23,175.18,175.12,173.0,173.15,173.23,173.3,174.08,0,0.0,0,0.0,0.0,0.0,0.0,0.0
2020-04-02 11:30:00,175.15,176.02,174.26,175.14,175.31,175.29,175.26,175.23,175.18,173.0,173.15,173.23,173.3,174.08,0,0.0,0,0.0,0.0,0.0,0.0,0.0
2020-04-02 15:30:00,175.14,175.2,174.2,174.29,175.31,175.29,175.26,175.23,175.18,173.0,173.15,173.23,173.3,174.08,0,0.0,0,0.0,0.0,0.0,0.0,0.0
2020-04-02 20:30:00,174.3,175.2,174.24,175.08,175.31,175.29,175.26,175.23,175.18,173.0,173.15,173.23,173.3,174.08,0,0.0,0,0.0,0.0,0.0,0.0,0.0
2020-04-03 00:30:00,175.09,175.22,175.04,175.19,175.31,175.29,175.26,175.23,175.18,173.0,173.15,173.23,173.3,174.08,0,0.0,0,0.0,0.0,0.0,0.0,0.0
2020-04-03 04:30:00,175.19,175.2,174.31,175.07,176.02,175.31,175.29,175.26,175.23,173.15,173.23,173.3,174.08,174.2,0,0.0,0,0.0,0.0,0.0,0.0,0.0
2020-04-03 08:30:00,175.06,175.21,174.31,175.14,176.02,175.31,175.29,175.26,175.23,173.23,173.3,174.08,174.2,174.24,0,0.0,0,0.0,0.0,0.0,0.0,0.0
2020-04-03 12:30:00,175.16,176.02,175.03,175.28,175.31,175.29,175.26,175.23,175.22,173.23,173.3,174.08,174.2,174.24,04/02/2020 17:00,174.5625,0,0.0,174.5625,173.5625,172.5625,0.0
2020-04-03 12:30:00,175.16,176.02,175.03,175.28,175.31,175.29,175.26,175.23,175.22,173.23,173.3,174.08,174.2,174.24,04/02/2020 17:00,174.5625,0,0.0,174.5625,173.5625,172.5625,0.0
2020-04-03 12:30:00,175.16,176.02,175.03,175.28,175.31,175.29,175.26,175.23,175.22,173.23,173.3,174.08,174.2,174.24,04/02/2020 17:00,174.5625,0,0.0,174.5625,173.5625,172.5625,0.0
2020-04-03 16:30:00,175.29,176.09,174.24,175.13,177.15,177.03,176.04,176.02,175.31,174.2,174.24,175.22,175.23,175.26,0,0.0,0,0.0,0.0,0.0,0.0,0.0
2020-04-05 21:30:00,175.13,175.17,174.18,174.25,175.31,175.29,175.26,175.23,175.22,173.23,173.3,174.08,174.2,174.24,0,0.0,0,0.0,0.0,0.0,0.0,0.0
2020-04-06 01:30:00,174.25,174.29,174.19,174.26,175.31,175.29,175.26,175.23,175.22,173.23,173.3,174.08,174.2,174.24,0,0.0,0,0.0,0.0,0.0,0.0,0.0
2020-04-06 05:30:00,174.25,174.31,173.31,174.0,175.31,175.29,175.26,175.23,175.22,173.23,173.3,174.08,174.2,174.24,0,0.0,0,0.0,0.0,0.0,0.0,0.0
2020-04-06 09:30:00,174.01,174.13,173.28,173.28,175.22,175.17,174.24,174.2,174.08,172.21,173.0,173.15,173.23,173.3,0,0.0,0,0.0,0.0,0.0,0.0,0.0
2020-04-06 13:30:00,173.29,174.2,173.2,174.04,175.17,174.24,174.2,174.08,173.3,172.15,172.21,173.0,173.15,173.23,04/03/2020 17:00,174.90625,0,0.0,174.90625,173.90625,172.90625,0.0
2020-04-06 18:30:00,174.04,174.06,173.18,173.23,175.17,174.31,174.24,174.2,174.08,172.21,173.0,173.15,173.23,173.3,0,0.0,0,0.0,0.0,0.0,0.0,0.0
2020-04-06 22:30:00,173.24,173.29,173.07,173.18,175.17,174.31,174.24,174.2,174.08,172.15,172.21,173.0,173.15,173.23,0,0.0,0,0.0,0.0,0.0,0.0,0.0
2020-04-07 02:30:00,173.18,173.19,172.2,172.22,174.31,174.24,174.2,174.2,174.08,172.08,172.15,172.21,173.0,173.15,0,0.0,0,0.0,0.0,0.0,0.0,0.0
2020-04-07 06:30:00,172.23,172.26,172.02,172.03,174.2,174.08,174.06,173.15,173.0,172.05,172.06,172.08,172.15,172.21,0,0.0,0,0.0,0.0,0.0,0.0,0.0
2020-04-07 10:30:00,172.04,172.15,171.2,172.01,172.21,172.15,172.08,172.06,172.05,170.22,170.22,170.22,171.07,171.19,0,0.0,0,0.0,0.0,0.0,0.0,0.0
2020-04-07 14:30:00,172.01,172.19,171.06,172.12,172.21,172.15,172.08,172.06,172.05,170.22,170.22,170.22,171.07,171.19,0,0.0,04/06/2020 17:00,174.90625,174.90625,175.90625,176.90625,0.0
2020-04-07 14:30:00,172.01,172.19,171.06,172.12,172.21,172.15,172.08,172.06,172.05,170.22,170.22,170.22,171.07,171.19,0,0.0,04/06/2020 17:00,174.90625,174.90625,175.90625,176.90625,0.0
2020-04-07 14:30:00,172.01,172.19,171.06,172.12,172.21,172.15,172.08,172.06,172.05,170.22,170.22,170.22,171.07,171.19,0,0.0,04/06/2020 17:00,174.90625,174.90625,175.90625,176.90625,0.0
2020-04-07 19:30:00,172.12,173.03,172.09,173.01,173.15,173.0,172.26,172.21,172.15,171.07,171.19,172.05,172.06,172.08,0,0.0,04/07/2020 17:00,173.0,173.0,174.0,175.0,170.26
2020-04-07 19:30:00,172.12,173.03,172.09,173.01,173.15,173.0,172.26,172.21,172.15,171.07,171.19,172.05,172.06,172.08,0,0.0,04/07/2020 17:00,173.0,173.0,174.0,175.0,170.26
2020-04-07 23:30:00,173.01,173.1,172.25,172.31,174.08,174.06,173.29,173.19,173.15,172.05,172.06,172.08,172.26,173.0,0,0.0,0,0.0,0.0,0.0,0.0,0.0
2020-04-08 03:30:00,172.31,173.13,172.18,172.23,174.08,174.06,173.29,173.19,173.15,171.19,172.05,172.06,172.08,172.26,0,0.0,0,0.0,0.0,0.0,0.0,0.0
2020-04-08 07:30:00,172.24,172.28,172.0,172.01,174.06,173.29,173.19,173.15,172.26,171.19,172.05,172.06,172.08,172.09,0,0.0,0,0.0,0.0,0.0,0.0,0.0
2020-04-08 11:30:00,172.01,172.12,171.22,171.29,173.29,173.19,173.15,172.26,172.09,170.22,170.22,171.06,171.07,171.19,0,0.0,0,0.0,0.0,0.0,0.0,0.0
2020-04-08 15:30:00,171.3,172.12,171.12,171.2,173.19,173.15,173.13,172.26,172.09,170.22,170.22,171.06,171.07,171.19,0,0.0,0,0.0,0.0,0.0,0.0,0.0
2020-04-08 20:30:00,171.21,171.26,170.28,171.1,173.15,173.13,172.28,172.26,172.09,170.22,170.22,171.06,171.07,171.19,0,0.0,0,0.0,0.0,0.0,0.0,0.0
2020-04-09 00:30:00,171.1,172.0,171.08,171.31,173.13,172.28,172.26,172.09,171.19,170.22,170.22,170.22,171.06,171.07,0,0.0,04/08/2020 17:00,172.15625,172.15625,173.15625,174.15625,0.0
2020-04-09 04:30:00,171.31,172.06,171.16,171.3,173.13,172.28,172.26,172.12,172.09,170.22,170.22,171.06,171.07,171.19,0,0.0,0,0.0,0.0,0.0,0.0,0.0
2020-04-09 08:30:00,171.29,172.16,171.23,172.14,173.13,172.28,172.26,172.12,172.09,170.22,170.28,171.06,171.07,171.19,0,0.0,04/08/2020 17:00,172.15625,172.15625,173.15625,174.15625,0.0
2020-04-09 08:30:00,171.29,172.16,171.23,172.14,173.13,172.28,172.26,172.12,172.09,170.22,170.28,171.06,171.07,171.19,0,0.0,04/08/2020 17:00,172.15625,172.15625,173.15625,174.15625,0.0
2020-04-09 12:30:00,172.13,172.15,171.02,172.12,173.19,173.15,173.13,172.28,172.26,171.07,171.08,171.19,172.09,172.12,0,0.0,0,0.0,0.0,0.0,0.0,0.0
2020-04-09 16:30:00,172.12,172.12,171.15,171.21,173.19,173.15,173.13,172.28,172.26,171.06,171.07,171.08,171.19,172.09,0,0.0,0,0.0,0.0,0.0,0.0,0.0
2020-04-12 21:30:00,171.21,172.12,171.17,171.31,173.13,172.28,172.26,172.16,172.12,170.28,171.06,171.07,171.08,171.19,0,0.0,0,0.0,0.0,0.0,0.0,0.0
2020-04-13 01:30:00,171.31,172.02,171.24,171.31,172.28,172.26,172.16,172.15,172.12,171.02,171.06,171.07,171.08,171.19,0,0.0,0,0.0,0.0,0.0,0.0,0.0
2020-04-13 05:30:00,171.31,172.06,171.28,172.03,172.28,172.26,172.16,172.15,172.12,171.06,171.07,171.08,171.15,171.19,0,0.0,0,0.0,0.0,0.0,0.0,0.0
2020-04-13 09:30:00,172.03,172.1,171.08,171.19,172.26,172.16,172.15,172.12,172.12,171.07,171.08,171.15,171.17,171.19,0,0.0,0,0.0,0.0,0.0,0.0,0.0
2020-04-13 13:30:00,171.19,172.12,171.15,172.01,172.26,172.16,172.15,172.12,172.12,171.06,171.07,171.08,171.15,171.17,0,0.0,0,0.0,0.0,0.0,0.0,0.0
2020-04-13 18:30:00,172.0,172.0,170.24,170.29,172.26,172.16,172.15,172.12,172.12,171.07,171.08,171.15,171.17,171.19,0,0.0,0,0.0,0.0,0.0,0.0,0.0
2020-04-13 22:30:00,170.29,171.04,170.24,170.26,171.15,171.08,171.07,171.06,171.02,170.16,170.22,170.22,170.22,170.28,0,0.0,0,0.0,0.0,0.0,0.0,0.0
2020-04-14 02:30:00,170.25,171.09,170.24,171.06,171.08,171.07,171.06,171.02,170.28,170.15,170.16,170.22,170.22,170.22,0,0.0,04/08/2020 17:00,172.15625,172.15625,173.15625,174.15625,0.0
2020-04-14 02:30:00,170.25,171.09,170.24,171.06,171.08,171.07,171.06,171.02,170.28,170.15,170.16,170.22,170.22,170.22,0,0.0,04/08/2020 17:00,172.15625,172.15625,173.15625,174.15625,0.0
2020-04-14 06:30:00,171.06,171.12,170.26,171.1,172.0,171.17,171.15,171.08,171.07,170.22,170.22,170.22,170.28,171.02,0,0.0,04/08/2020 17:00,172.15625,172.15625,173.15625,174.15625,0.0
2020-04-14 06:30:00,171.06,171.12,170.26,171.1,172.0,171.17,171.15,171.08,171.07,170.22,170.22,170.22,170.28,171.02,0,0.0,04/08/2020 17:00,172.15625,172.15625,173.15625,174.15625,0.0
2020-04-14 06:30:00,171.06,171.12,170.26,171.1,172.0,171.17,171.15,171.08,171.07,170.22,170.22,170.22,170.28,171.02,0,0.0,04/08/2020 17:00,172.15625,172.15625,173.15625,174.15625,0.0
2020-04-14 10:30:00,171.1,171.24,171.04,171.1,172.12,172.12,172.0,171.17,171.15,170.28,171.02,171.06,171.07,171.08,0,0.0,0,0.0,0.0,0.0,0.0,0.0
2020-04-14 14:30:00,171.1,171.22,170.28,171.0,172.12,172.12,172.0,171.17,171.15,170.28,171.02,171.06,171.07,171.08,0,0.0,0,0.0,0.0,0.0,0.0,0.0
2020-04-14 19:30:00,171.0,171.11,170.27,171.06,172.12,172.12,172.0,171.17,171.15,170.22,170.22,170.24,170.26,170.28,0,0.0,0,0.0,0.0,0.0,0.0,0.0
2020-04-14 23:30:00,171.07,171.13,171.03,171.11,172.12,172.0,171.24,171.17,171.15,170.22,170.22,170.24,170.26,170.28,0,0.0,0,0.0,0.0,0.0,0.0,0.0
2020-04-15 03:30:00,171.11,172.17,171.08,172.16,172.0,171.24,171.22,171.17,171.15,170.22,170.22,170.24,170.26,170.28,0,0.0,04/08/2020 17:00,172.15625,172.15625,173.15625,174.15625,0.0
2020-04-15 03:30:00,171.11,172.17,171.08,172.16,172.0,171.24,171.22,171.17,171.15,170.22,170.22,170.24,170.26,170.28,0,0.0,04/08/2020 17:00,172.15625,172.15625,173.15625,174.15625,0.0
2020-04-15 03:30:00,171.11,172.17,171.08,172.16,172.0,171.24,171.22,171.17,171.15,170.22,170.22,170.24,170.26,170.28,0,0.0,04/08/2020 17:00,172.15625,172.15625,173.15625,174.15625,0.0
2020-04-15 03:30:00,171.11,172.17,171.08,172.16,172.0,171.24,171.22,171.17,171.15,170.22,170.22,170.24,170.26,170.28,0,0.0,04/08/2020 17:00,172.15625,172.15625,173.15625,174.15625,0.0
2020-04-15 03:30:00,171.11,172.17,171.08,172.16,172.0,171.24,171.22,171.17,171.15,170.22,170.22,170.24,170.26,170.28,0,0.0,04/08/2020 17:00,172.15625,172.15625,173.15625,174.15625,0.0
2020-04-15 03:30:00,171.11,172.17,171.08,172.16,172.0,171.24,171.22,171.17,171.15,170.22,170.22,170.24,170.26,170.28,0,0.0,04/08/2020 17:00,172.15625,172.15625,173.15625,174.15625,0.0
2020-04-15 07:30:00,172.16,173.04,172.13,172.22,173.19,173.15,173.13,172.28,172.26,171.24,172.0,172.12,172.12,172.15,0,0.0,04/08/2020 17:00,172.15625,172.15625,173.15625,174.15625,0.0
2020-04-15 07:30:00,172.16,173.04,172.13,172.22,173.19,173.15,173.13,172.28,172.26,171.24,172.0,172.12,172.12,172.15,0,0.0,04/08/2020 17:00,172.15625,172.15625,173.15625,174.15625,0.0
2020-04-15 07:30:00,172.16,173.04,172.13,172.22,173.19,173.15,173.13,172.28,172.26,171.24,172.0,172.12,172.12,172.15,0,0.0,04/08/2020 17:00,172.15625,172.15625,173.15625,174.15625,0.0
2020-04-15 11:30:00,172.22,174.1,172.21,173.23,173.19,173.15,173.13,172.28,172.26,172.0,172.12,172.12,172.15,172.16,0,0.0,04/08/2020 17:00,172.15625,172.15625,173.15625,174.15625,0.0
2020-04-15 11:30:00,172.22,174.1,172.21,173.23,173.19,173.15,173.13,172.28,172.26,172.0,172.12,172.12,172.15,172.16,0,0.0,04/08/2020 17:00,172.15625,172.15625,173.15625,174.15625,0.0
2020-04-15 11:30:00,172.22,174.1,172.21,173.23,173.19,173.15,173.13,172.28,172.26,172.0,172.12,172.12,172.15,172.16,0,0.0,04/08/2020 17:00,172.15625,172.15625,173.15625,174.15625,0.0
2020-04-15 11:30:00,172.22,174.1,172.21,173.23,173.19,173.15,173.13,172.28,172.26,172.0,172.12,172.12,172.15,172.16,0,0.0,04/08/2020 17:00,172.15625,172.15625,173.15625,174.15625,0.0
2020-04-15 15:30:00,173.23,174.1,173.13,174.01,174.2,174.2,174.08,174.06,173.29,172.16,172.28,173.13,173.15,173.19,0,0.0,04/08/2020 17:00,172.15625,172.15625,173.15625,174.15625,0.0
2020-04-15 20:30:00,174.0,174.08,173.18,173.24,174.24,174.2,174.2,174.08,174.06,172.28,173.13,173.15,173.19,173.29,0,0.0,0,0.0,0.0,0.0,0.0,0.0
2020-04-16 00:30:00,173.23,173.27,173.15,173.19,174.2,174.2,174.08,174.06,173.29,172.21,172.28,173.13,173.15,173.19,0,0.0,0,0.0,0.0,0.0,0.0,0.0
2020-04-16 04:30:00,173.2,174.03,173.12,173.21,174.2,174.1,174.08,174.06,173.29,172.28,173.13,173.13,173.15,173.19,0,0.0,0,0.0,0.0,0.0,0.0,0.0
2020-04-16 08:30:00,173.21,174.24,173.19,174.21,174.1,174.08,174.08,174.06,173.29,172.28,173.13,173.13,173.15,173.19,04/15/2020 17:00,173.40625,0,0.0,173.40625,172.40625,171.40625,0.0
2020-04-16 08:30:00,173.21,174.24,173.19,174.21,174.1,174.08,174.08,174.06,173.29,172.28,173.13,173.13,173.15,173.19,04/15/2020 17:00,173.40625,0,0.0,173.40625,172.40625,171.40625,0.0
2020-04-16 08:30:00,173.21,174.24,173.19,174.21,174.1,174.08,174.08,174.06,173.29,172.28,173.13,173.13,173.15,173.19,04/15/2020 17:00,173.40625,0,0.0,173.40625,172.40625,171.40625,0.0
2020-04-16 08:30:00,173.21,174.24,173.19,174.21,174.1,174.08,174.08,174.06,173.29,172.28,173.13,173.13,173.15,173.19,04/15/2020 17:00,173.40625,0,0.0,173.40625,172.40625,171.40625,0.0
2020-04-16 08:30:00,173.21,174.24,173.19,174.21,174.1,174.08,174.08,174.06,173.29,172.28,173.13,173.13,173.15,173.19,04/15/2020 17:00,173.40625,0,0.0,173.40625,172.40625,171.40625,0.0
2020-04-16 12:30:00,174.21,175.0,174.07,174.24,175.23,175.22,175.17,174.31,174.24,174.08,174.08,174.1,174.2,174.2,04/15/2020 17:00,173.40625,0,0.0,173.40625,172.40625,171.40625,0.0
2020-04-16 16:30:00,174.25,174.31,174.17,174.19,175.26,175.23,175.22,175.17,174.31,174.08,174.1,174.2,174.2,174.24,0,0.0,0,0.0,0.0,0.0,0.0,0.0
2020-04-16 21:30:00,174.19,174.2,172.26,173.04,175.22,175.17,174.31,174.24,174.2,173.19,174.06,174.08,174.08,174.1,0,0.0,0,0.0,0.0,0.0,0.0,0.0
2020-04-17 01:30:00,173.04,173.17,172.3,173.17,173.19,173.19,173.13,173.13,173.12,172.13,172.15,172.16,172.21,172.28,04/16/2020 17:00,174.5625,0,0.0,174.5625,173.5625,172.5625,0.0
2020-04-17 01:30:00,173.04,173.17,172.3,173.17,173.19,173.19,173.13,173.13,173.12,172.13,172.15,172.16,172.21,172.28,04/16/2020 17:00,174.5625,0,0.0,174.5625,173.5625,172.5625,0.0
2020-04-17 05:30:00,173.16,174.11,173.15,174.06,174.1,174.08,174.06,173.19,173.19,172.16,172.21,172.28,173.12,173.13,04/16/2020 17:00,174.5625,0,0.0,174.5625,173.5625,172.5625,0.0
2020-04-17 09:30:00,174.07,174.21,173.22,174.19,174.24,174.2,174.2,174.1,174.08,172.28,173.12,173.13,173.19,174.06,0,0.0,0,0.0,0.0,0.0,0.0,0.0
2020-04-17 13:30:00,174.19,175.11,174.15,174.21,174.31,174.31,174.24,174.2,174.2,172.28,172.3,173.12,173.13,173.19,04/16/2020 17:00,174.5625,0,0.0,174.5625,173.5625,172.5625,0.0
2020-04-19 18:30:00,174.21,174.22,173.04,173.23,175.17,175.0,174.31,174.31,174.24,173.12,173.13,173.15,173.19,174.2,0,0.0,0,0.0,0.0,0.0,0.0,0.0
2020-04-19 22:30:00,173.23,173.27,173.11,173.2,175.0,174.31,174.31,174.24,174.2,172.3,173.12,173.13,173.15,173.19,0,0.0,0,0.0,0.0,0.0,0.0,0.0
2020-04-20 02:30:00,173.21,174.01,173.18,173.22,175.0,174.31,174.31,174.24,174.2,172.3,173.12,173.13,173.15,173.19,0,0.0,0,0.0,0.0,0.0,0.0,0.0
2020-04-20 06:30:00,173.23,174.07,173.14,173.27,174.31,174.31,174.24,174.22,174.2,173.04,173.12,173.13,173.15,173.19,0,0.0,0,0.0,0.0,0.0,0.0,0.0
2020-04-20 10:30:00,173.27,174.12,173.2,174.01,174.31,174.31,174.24,174.22,174.2,173.11,173.12,173.13,173.15,173.19,0,0.0,0,0.0,0.0,0.0,0.0,0.0
2020-04-20 14:30:00,174.01,174.09,173.2,174.01,174.31,174.31,174.24,174.22,174.2,173.11,173.12,173.13,173.15,173.19,0,0.0,0,0.0,0.0,0.0,0.0,0.0
2020-04-20 19:30:00,174.02,174.16,174.01,174.1,174.31,174.31,174.24,174.22,174.2,173.12,173.13,173.14,173.15,173.19,0,0.0,0,0.0,0.0,0.0,0.0,0.0
2020-04-20 23:30:00,174.11,175.0,174.06,174.23,174.31,174.31,174.24,174.22,174.2,173.12,173.13,173.14,173.15,173.19,04/20/2020 17:00,173.9375,0,0.0,173.9375,172.9375,171.9375,0.0
2020-04-21 03:30:00,174.23,174.28,174.11,174.21,175.11,175.0,174.31,174.31,174.24,173.14,173.15,173.19,173.2,174.22,0,0.0,0,0.0,0.0,0.0,0.0,0.0
2020-04-21 07:30:00,174.22,175.18,174.16,175.13,175.11,175.0,174.31,174.31,174.24,173.14,173.15,173.19,173.2,174.01,04/20/2020 17:00,173.9375,0,0.0,173.9375,172.9375,171.9375,0.0
2020-04-21 07:30:00,174.22,175.18,174.16,175.13,175.11,175.0,174.31,174.31,174.24,173.14,173.15,173.19,173.2,174.01,04/20/2020 17:00,173.9375,0,0.0,173.9375,172.9375,171.9375,0.0
2020-04-21 07:30:00,174.22,175.18,174.16,175.13,175.11,175.0,174.31,174.31,174.24,173.14,173.15,173.19,173.2,174.01,04/20/2020 17:00,173.9375,0,0.0,173.9375,172.9375,171.9375,0.0
2020-04-21 07:30:00,174.22,175.18,174.16,175.13,175.11,175.0,174.31,174.31,174.24,173.14,173.15,173.19,173.2,174.01,04/20/2020 17:00,173.9375,0,0.0,173.9375,172.9375,171.9375,0.0
2020-04-21 11:30:00,175.13,176.11,175.13,176.04,175.29,175.26,175.23,175.22,175.17,174.24,174.31,174.31,175.0,175.11,04/20/2020 17:00,173.9375,0,0.0,173.9375,172.9375,171.9375,0.0
2020-04-21 11:30:00,175.13,176.11,175.13,176.04,175.29,175.26,175.23,175.22,175.17,174.24,174.31,174.31,175.0,175.11,04/20/2020 17:00,173.9375,0,0.0,173.9375,172.9375,171.9375,0.0
2020-04-21 11:30:00,175.13,176.11,175.13,176.04,175.29,175.26,175.23,175.22,175.17,174.24,174.31,174.31,175.0,175.11,04/20/2020 17:00,173.9375,0,0.0,173.9375,172.9375,171.9375,0.0
2020-04-21 11:30:00,175.13,176.11,175.13,176.04,175.29,175.26,175.23,175.22,175.17,174.24,174.31,174.31,175.0,175.11,04/20/2020 17:00,173.9375,0,0.0,173.9375,172.9375,171.9375,0.0
2020-04-21 15:30:00,176.03,176.11,175.12,175.14,177.17,177.15,177.03,176.09,176.04,175.0,175.11,175.17,175.31,176.02,0,0.0,0,0.0,0.0,0.0,0.0,0.0
2020-04-21 20:30:00,175.15,175.3,175.1,175.21,176.09,176.04,176.02,175.31,175.17,174.24,174.31,174.31,175.0,175.11,0,0.0,0,0.0,0.0,0.0,0.0,0.0
2020-04-22 00:30:00,175.2,176.12,175.2,176.1,177.03,176.09,176.04,176.02,175.31,174.24,174.31,174.31,175.0,175.11,04/21/2020 17:00,174.90625,0,0.0,174.90625,173.90625,172.90625,0.0
2020-04-22 00:30:00,175.2,176.12,175.2,176.1,177.03,176.09,176.04,176.02,175.31,174.24,174.31,174.31,175.0,175.11,04/21/2020 17:00,174.90625,0,0.0,174.90625,173.90625,172.90625,0.0
2020-04-22 04:30:00,176.1,176.11,175.06,175.11,179.08,178.05,177.17,177.15,177.03,174.31,175.0,175.11,176.04,176.09,0,0.0,0,0.0,0.0,0.0,0.0,0.0
2020-04-22 08:30:00,175.11,175.17,175.01,175.01,177.17,177.15,177.03,176.09,176.04,174.16,174.24,174.31,174.31,175.0,0,0.0,0,0.0,0.0,0.0,0.0,0.0
2020-04-22 12:30:00,175.01,175.07,173.28,174.03,177.03,176.12,176.09,176.04,175.11,174.16,174.24,174.31,174.31,175.0,0,0.0,0,0.0,0.0,0.0,0.0,0.0
2020-04-22 16:30:00,174.03,174.15,173.29,174.13,174.31,174.31,174.16,174.11,174.06,173.14,173.15,173.19,173.2,174.01,04/21/2020 17:00,174.90625,0,0.0,174.90625,173.90625,172.90625,0.0
2020-04-22 16:30:00,174.03,174.15,173.29,174.13,174.31,174.31,174.16,174.11,174.06,173.14,173.15,173.19,173.2,174.01,04/21/2020 17:00,174.90625,0,0.0,174.90625,173.90625,172.90625,0.0
2020-04-22 21:30:00,174.13,174.21,174.05,174.2,175.11,175.0,174.31,174.31,174.16,173.19,173.2,174.01,174.06,174.11,0,0.0,04/22/2020 17:00,175.4375,175.4375,176.4375,177.4375,0.0
2020-04-23 01:30:00,174.21,174.28,174.16,174.19,175.11,175.07,175.0,174.31,174.31,173.28,174.01,174.06,174.11,174.16,0,0.0,0,0.0,0.0,0.0,0.0,0.0
2020-04-23 05:30:00,174.19,174.25,173.28,174.17,175.11,175.07,175.0,174.31,174.31,173.29,174.01,174.06,174.11,174.16,0,0.0,0,0.0,0.0,0.0,0.0,0.0
2020-04-23 09:30:00,174.17,174.2,174.05,174.19,175.11,175.07,175.0,174.31,174.31,173.29,174.01,174.06,174.11,174.16,0,0.0,0,0.0,0.0,0.0,0.0,0.0
2020-04-23 13:30:00,174.19,175.1,174.16,175.08,175.07,175.0,174.31,174.31,174.28,173.29,174.01,174.06,174.11,174.16,0,0.0,04/22/2020 17:00,175.4375,175.4375,176.4375,177.4375,0.0
2020-04-23 13:30:00,174.19,175.1,174.16,175.08,175.07,175.0,174.31,174.31,174.28,173.29,174.01,174.06,174.11,174.16,0,0.0,04/22/2020 17:00,175.4375,175.4375,176.4375,177.4375,0.0
2020-04-23 18:30:00,175.07,175.09,174.22,175.03,176.11,176.09,176.04,175.17,175.11,174.01,174.06,174.11,174.16,174.28,0,0.0,0,0.0,0.0,0.0,0.0,0.0
2020-04-23 22:30:00,175.04,175.14,174.29,175.1,176.09,176.04,175.17,175.11,175.07,174.05,174.06,174.11,174.16,174.28,0,0.0,0,0.0,0.0,0.0,0.0,0.0
2020-04-24 02:30:00,175.1,175.2,175.05,175.19,176.11,176.09,176.04,175.17,175.11,174.06,174.11,174.16,174.16,174.28,0,0.0,04/22/2020 17:00,175.4375,175.4375,176.4375,177.4375,0.0
2020-04-24 06:30:00,175.19,175.21,174.23,175.0,177.03,176.12,176.11,176.09,176.04,174.16,174.16,174.22,174.28,175.17,0,0.0,0,0.0,0.0,0.0,0.0,0.0
2020-04-24 10:30:00,175.0,175.06,174.18,174.3,176.12,176.11,176.09,176.04,175.17,174.11,174.16,174.16,174.22,174.28,0,0.0,0,0.0,0.0,0.0,0.0,0.0
2020-04-24 14:30:00,174.31,175.04,174.24,175.01,176.12,176.11,176.09,176.04,175.17,174.11,174.16,174.16,174.22,174.28,0,0.0,0,0.0,0.0,0.0,0.0,0.0
2020-04-26 19:30:00,175.01,175.16,175.01,175.09,176.11,176.09,176.04,175.21,175.17,174.11,174.16,174.16,174.22,174.28,0,0.0,0,0.0,0.0,0.0,0.0,0.0
2020-04-26 23:30:00,175.08,175.09,174.21,174.22,176.11,176.09,176.04,175.21,175.17,174.16,174.16,174.18,174.22,174.28,0,0.0,0,0.0,0.0,0.0,0.0,0.0
2020-04-27 03:30:00,174.22,175.05,174.12,174.26,176.09,176.04,175.21,175.17,174.28,174.06,174.11,174.16,174.16,174.18,0,0.0,0,0.0,0.0,0.0,0.0,0.0
2020-04-27 07:30:00,174.27,175.02,174.15,174.26,176.04,175.21,175.17,175.16,174.28,174.11,174.16,174.16,174.18,174.22,0,0.0,0,0.0,0.0,0.0,0.0,0.0
2020-04-27 11:30:00,174.25,174.29,173.25,173.26,175.21,175.17,175.16,175.09,174.28,174.11,174.16,174.16,174.18,174.22,0,0.0,0,0.0,0.0,0.0,0.0,0.0
2020-04-27 15:30:00,173.26,174.06,173.18,173.24,174.05,174.01,173.29,173.28,173.28,173.13,173.14,173.15,173.19,173.2,0,0.0,0,0.0,0.0,0.0,0.0,0.0
2020-04-27 20:30:00,173.24,173.26,173.16,173.16,174.05,174.01,173.29,173.28,173.28,173.13,173.14,173.15,173.19,173.2,0,0.0,0,0.0,0.0,0.0,0.0,0.0
2020-04-28 00:30:00,173.16,173.31,173.13,173.27,174.01,173.29,173.28,173.28,173.2,173.11,173.12,173.13,173.14,173.15,0,0.0,04/22/2020 17:00,175.4375,175.4375,176.4375,177.4375,0.0
2020-04-28 04:30:00,173.27,173.29,173.2,173.22,174.05,174.01,173.29,173.28,173.28,173.12,173.13,173.14,173.15,173.2,0,0.0,0,0.0,0.0,0.0,0.0,0.0
2020-04-28 08:30:00,173.22,174.03,173.2,174.01,174.05,174.01,173.29,173.28,173.28,173.12,173.13,173.14,173.15,173.2,0,0.0,04/22/2020 17:00,175.4375,175.4375,176.4375,177.4375,0.0
2020-04-28 08:30:00,173.22,174.03,173.2,174.01,174.05,174.01,173.29,173.28,173.28,173.12,173.13,173.14,173.15,173.2,0,0.0,04/22/2020 17:00,175.4375,175.4375,176.4375,177.4375,0.0
2020-04-28 12:30:00,174.01,175.09,174.0,175.0,174.22,174.18,174.16,174.06,174.05,173.15,173.2,173.28,173.28,173.29,0,0.0,04/22/2020 17:00,175.4375,175.4375,176.4375,177.4375,0.0
2020-04-28 12:30:00,174.01,175.09,174.0,175.0,174.22,174.18,174.16,174.06,174.05,173.15,173.2,173.28,173.28,173.29,0,0.0,04/22/2020 17:00,175.4375,175.4375,176.4375,177.4375,0.0
2020-04-28 12:30:00,174.01,175.09,174.0,175.0,174.22,174.18,174.16,174.06,174.05,173.15,173.2,173.28,173.28,173.29,0,0.0,04/22/2020 17:00,175.4375,175.4375,176.4375,177.4375,0.0
2020-04-28 12:30:00,174.01,175.09,174.0,175.0,174.22,174.18,174.16,174.06,174.05,173.15,173.2,173.28,173.28,173.29,0,0.0,04/22/2020 17:00,175.4375,175.4375,176.4375,177.4375,0.0
2020-04-28 12:30:00,174.01,175.09,174.0,175.0,174.22,174.18,174.16,174.06,174.05,173.15,173.2,173.28,173.28,173.29,0,0.0,04/22/2020 17:00,175.4375,175.4375,176.4375,177.4375,0.0
2020-04-28 12:30:00,174.01,175.09,174.0,175.0,174.22,174.18,174.16,174.06,174.05,173.15,173.2,173.28,173.28,173.29,0,0.0,04/22/2020 17:00,175.4375,175.4375,176.4375,177.4375,0.0
2020-04-28 12:30:00,174.01,175.09,174.0,175.0,174.22,174.18,174.16,174.06,174.05,173.15,173.2,173.28,173.28,173.29,0,0.0,04/22/2020 17:00,175.4375,175.4375,176.4375,177.4375,0.0
2020-04-28 16:30:00,175.0,175.17,174.29,175.03,175.17,175.16,175.09,175.05,175.02,174.06,174.16,174.18,174.22,174.29,0,0.0,04/22/2020 17:00,175.4375,175.4375,176.4375,177.4375,0.0
2020-04-28 16:30:00,175.0,175.17,174.29,175.03,175.17,175.16,175.09,175.05,175.02,174.06,174.16,174.18,174.22,174.29,0,0.0,04/22/2020 17:00,175.4375,175.4375,176.4375,177.4375,0.0
2020-04-28 21:30:00,175.03,175.11,175.01,175.01,175.21,175.17,175.16,175.09,175.05,174.16,174.18,174.22,174.29,175.02,0,0.0,0,0.0,0.0,0.0,0.0,0.0
2020-04-29 01:30:00,175.02,175.06,175.01,175.05,175.21,175.17,175.16,175.09,175.05,174.06,174.16,174.18,174.22,174.29,0,0.0,0,0.0,0.0,0.0,0.0,0.0
2020-04-29 05:30:00,175.05,175.25,175.01,175.16,175.21,175.17,175.17,175.16,175.09,174.16,174.18,174.22,174.29,174.29,0,0.0,04/22/2020 17:00,175.4375,175.4375,176.4375,177.4375,0.0
2020-04-29 05:30:00,175.05,175.25,175.01,175.16,175.21,175.17,175.17,175.16,175.09,174.16,174.18,174.22,174.29,174.29,0,0.0,04/22/2020 17:00,175.4375,175.4375,176.4375,177.4375,0.0
2020-04-29 09:30:00,175.16,175.3,175.03,175.11,176.09,176.04,175.21,175.17,175.17,174.22,174.29,174.29,175.05,175.09,0,0.0,0,0.0,0.0,0.0,0.0,0.0
2020-04-29 13:30:00,175.11,175.28,175.07,175.09,176.04,175.21,175.17,175.17,175.16,174.22,174.29,174.29,175.05,175.09,0,0.0,0,0.0,0.0,0.0,0.0,0.0
2020-04-29 18:30:00,175.09,175.14,174.11,174.21,176.04,175.21,175.17,175.17,175.16,174.22,174.29,174.29,175.01,175.05,0,0.0,0,0.0,0.0,0.0,0.0,0.0
2020-04-29 22:30:00,174.21,174.27,174.21,174.25,175.09,175.05,175.01,174.29,174.29,174.01,174.05,174.06,174.16,174.18,0,0.0,0,0.0,0.0,0.0,0.0,0.0
2020-04-30 02:30:00,174.24,175.08,174.23,175.0,175.09,175.05,175.01,174.29,174.29,174.01,174.05,174.06,174.16,174.18,0,0.0,04/22/2020 17:00,175.4375,175.4375,176.4375,177.4375,0.0
2020-04-30 06:30:00,174.31,175.02,174.17,174.26,175.16,175.14,175.09,175.05,175.01,174.06,174.11,174.16,174.18,174.29,0,0.0,0,0.0,0.0,0.0,0.0,0.0
2020-04-30 10:30:00,174.27,175.13,174.18,175.1,175.16,175.14,175.09,175.05,175.01,174.05,174.06,174.11,174.16,174.18,0,0.0,04/22/2020 17:00,175.4375,175.4375,176.4375,177.4375,0.0
2020-04-30 14:30:00,175.1,175.15,174.24,174.3,175.21,175.17,175.17,175.16,175.14,174.06,174.11,174.16,174.18,175.01,0,0.0,0,0.0,0.0,0.0,0.0,0.0
2020-04-30 19:30:00,174.3,174.3,173.19,174.09,175.21,175.17,175.17,175.16,175.14,174.06,174.11,174.16,174.17,174.18,0,0.0,0,0.0,0.0,0.0,0.0,0.0
2020-04-30 23:30:00,174.09,174.15,174.03,174.14,175.17,175.16,175.14,174.17,174.11,173.29,174.0,174.01,174.05,174.06,0,0.0,04/22/2020 17:00,175.4375,175.4375,176.4375,177.4375,0.0
2020-05-01 03:30:00,174.14,175.03,174.12,175.01,175.17,175.16,175.15,175.14,174.17,174.0,174.01,174.05,174.06,174.11,0,0.0,04/22/2020 17:00,175.4375,175.4375,176.4375,177.4375,0.0
2020-05-01 07:30:00,175.0,175.03,174.16,174.22,175.17,175.17,175.16,175.15,175.14,174.01,174.05,174.06,174.11,174.17,0,0.0,0,0.0,0.0,0.0,0.0,0.0
2020-05-01 11:30:00,174.23,174.23,173.18,174.05,175.17,175.17,175.16,175.15,175.14,174.03,174.05,174.06,174.11,174.17,0,0.0,0,0.0,0.0,0.0,0.0,0.0
2020-05-01 15:30:00,174.05,174.21,173.26,174.05,175.17,175.16,175.15,175.14,174.06,173.28,173.29,174.0,174.01,174.03,0,0.0,0,0.0,0.0,0.0,0.0,0.0
2020-05-03 20:30:00,174.05,175.01,174.04,175.0,175.16,175.15,175.14,175.03,174.06,173.28,173.29,174.0,174.01,174.03,0,0.0,0,0.0,0.0,0.0,0.0,0.0
2020-05-04 00:30:00,175.0,175.04,174.25,174.27,175.17,175.16,175.15,175.14,175.03,173.29,174.0,174.01,174.03,174.05,0,0.0,0,0.0,0.0,0.0,0.0,0.0
2020-05-04 04:30:00,174.27,174.31,174.12,174.26,175.17,175.16,175.15,175.14,175.03,173.29,174.0,174.01,174.03,174.05,0,0.0,0,0.0,0.0,0.0,0.0,0.0
2020-05-04 08:30:00,174.27,175.04,173.31,174.07,175.17,175.16,175.15,175.14,175.03,174.0,174.01,174.03,174.04,174.05,0,0.0,0,0.0,0.0,0.0,0.0,0.0
2020-05-04 12:30:00,174.06,174.12,173.21,174.03,175.17,175.16,175.15,175.14,175.03,174.0,174.01,174.03,174.04,174.05,0,0.0,0,0.0,0.0,0.0,0.0,0.0
2020-05-04 16:30:00,174.03,174.09,173.25,174.06,175.16,175.15,175.14,175.03,174.04,173.28,173.28,173.29,174.0,174.01,0,0.0,04/22/2020 17:00,175.4375,175.4375,176.4375,177.4375,0.0
2020-05-04 21:30:00,174.06,174.08,173.29,173.31,175.16,175.15,175.14,175.04,175.03,173.29,174.0,174.01,174.03,174.04,0,0.0,0,0.0,0.0,0.0,0.0,0.0
2020-05-05 01:30:00,173.31,174.0,173.22,173.23,175.04,175.03,174.12,174.03,174.0,173.21,173.26,173.28,173.28,173.29,0,0.0,0,0.0,0.0,0.0,0.0,0.0
2020-05-05 05:30:00,173.23,173.24,172.31,173.04,174.12,174.09,174.03,174.0,173.26,173.18,173.19,173.2,173.2,173.21,0,0.0,0,0.0,0.0,0.0,0.0,0.0
2020-05-05 09:30:00,173.04,173.17,173.01,173.05,173.18,173.15,173.14,173.13,173.11,172.16,172.21,172.26,172.28,172.3,0,0.0,0,0.0,0.0,0.0,0.0,0.0
2020-05-05 13:30:00,173.06,173.27,173.0,173.23,173.18,173.15,173.14,173.13,173.11,172.21,172.26,172.28,172.3,173.04,0,0.0,04/22/2020 17:00,175.4375,175.4375,176.4375,177.4375,0.0
2020-05-05 13:30:00,173.06,173.27,173.0,173.23,173.18,173.15,173.14,173.13,173.11,172.21,172.26,172.28,172.3,173.04,0,0.0,04/22/2020 17:00,175.4375,175.4375,176.4375,177.4375,0.0
2020-05-05 13:30:00,173.06,173.27,173.0,173.23,173.18,173.15,173.14,173.13,173.11,172.21,172.26,172.28,172.3,173.04,0,0.0,04/22/2020 17:00,175.4375,175.4375,176.4375,177.4375,0.0
2020-05-05 13:30:00,173.06,173.27,173.0,173.23,173.18,173.15,173.14,173.13,173.11,172.21,172.26,172.28,172.3,173.04,0,0.0,04/22/2020 17:00,175.4375,175.4375,176.4375,177.4375,0.0
2020-05-05 13:30:00,173.06,173.27,173.0,173.23,173.18,173.15,173.14,173.13,173.11,172.21,172.26,172.28,172.3,173.04,0,0.0,04/22/2020 17:00,175.4375,175.4375,176.4375,177.4375,0.0
2020-05-05 13:30:00,173.06,173.27,173.0,173.23,173.18,173.15,173.14,173.13,173.11,172.21,172.26,172.28,172.3,173.04,0,0.0,04/22/2020 17:00,175.4375,175.4375,176.4375,177.4375,0.0
2020-05-05 13:30:00,173.06,173.27,173.0,173.23,173.18,173.15,173.14,173.13,173.11,172.21,172.26,172.28,172.3,173.04,0,0.0,04/22/2020 17:00,175.4375,175.4375,176.4375,177.4375,0.0
2020-05-05 13:30:00,173.06,173.27,173.0,173.23,173.18,173.15,173.14,173.13,173.11,172.21,172.26,172.28,172.3,173.04,0,0.0,04/22/2020 17:00,175.4375,175.4375,176.4375,177.4375,0.0
2020-05-05 18:30:00,173.24,173.3,173.12,173.13,174.08,174.03,174.0,174.0,173.26,173.15,173.18,173.19,173.2,173.21,0,0.0,0,0.0,0.0,0.0,0.0,0.0
2020-05-05 22:30:00,173.14,173.17,173.11,173.13,174.08,174.03,174.0,174.0,173.26,172.3,172.31,173.04,173.11,173.13,0,0.0,0,0.0,0.0,0.0,0.0,0.0
2020-05-06 02:30:00,173.14,173.14,173.01,173.02,174.08,174.03,174.0,174.0,173.26,172.31,173.0,173.04,173.11,173.13,0,0.0,0,0.0,0.0,0.0,0.0,0.0
2020-05-06 06:30:00,173.01,173.14,172.31,173.03,174.0,174.0,173.3,173.26,173.04,172.26,172.28,172.3,172.31,173.0,0,0.0,0,0.0,0.0,0.0,0.0,0.0
2020-05-06 10:30:00,173.04,173.1,171.11,171.13,174.0,174.0,173.3,173.26,173.17,172.26,172.28,172.3,172.31,173.0,0,0.0,0,0.0,0.0,0.0,0.0,0.0
2020-05-06 14:30:00,171.13,171.31,171.12,171.29,172.12,172.12,172.0,171.24,171.22,170.26,170.27,170.28,171.03,171.08,0,0.0,0,0.0,0.0,0.0,0.0,0.0
2020-05-06 19:30:00,171.29,172.22,171.27,172.2,172.15,172.13,172.12,172.12,172.0,170.26,170.27,170.28,171.03,171.08,0,0.0,05/06/2020 17:00,172.5,172.5,173.5,174.5,0.0
2020-05-06 23:30:00,172.2,172.3,172.18,172.18,172.31,172.3,172.28,172.26,172.21,170.28,171.03,171.08,171.11,172.13,0,0.0,0,0.0,0.0,0.0,0.0,0.0
2020-05-07 03:30:00,172.18,172.2,172.09,172.13,172.31,172.3,172.28,172.26,172.21,171.03,171.08,171.11,171.12,172.13,0,0.0,0,0.0,0.0,0.0,0.0,0.0
2020-05-07 07:30:00,172.13,172.13,172.0,172.13,172.31,172.3,172.28,172.26,172.21,171.03,171.08,171.11,171.12,171.27,0,0.0,0,0.0,0.0,0.0,0.0,0.0
2020-05-07 11:30:00,172.13,173.18,172.12,173.13,172.3,172.3,172.28,172.26,172.21,171.03,171.08,171.11,171.12,171.27,0,0.0,05/06/2020 17:00,172.5,172.5,173.5,174.5,0.0
2020-05-07 11:30:00,172.13,173.18,172.12,173.13,172.3,172.3,172.28,172.26,172.21,171.03,171.08,171.11,171.12,171.27,0,0.0,05/06/2020 17:00,172.5,172.5,173.5,174.5,0.0
2020-05-07 11:30:00,172.13,173.18,172.12,173.13,172.3,172.3,172.28,172.26,172.21,171.03,171.08,171.11,171.12,171.27,0,0.0,05/06/2020 17:00,172.5,172.5,173.5,174.5,0.0
2020-05-07 11:30:00,172.13,173.18,172.12,173.13,172.3,172.3,172.28,172.26,172.21,171.03,171.08,171.11,171.12,171.27,0,0.0,05/06/2020 17:00,172.5,172.5,173.5,174.5,0.0
2020-05-07 11:30:00,172.13,173.18,172.12,173.13,172.3,172.3,172.28,172.26,172.21,171.03,171.08,171.11,171.12,171.27,0,0.0,05/06/2020 17:00,172.5,172.5,173.5,174.5,0.0
2020-05-07 15:30:00,173.13,174.2,173.11,174.2,174.0,173.3,173.26,173.17,173.14,172.3,172.31,173.0,173.04,173.1,0,0.0,05/06/2020 17:00,172.5,172.5,173.5,174.5,0.0
2020-05-07 15:30:00,173.13,174.2,173.11,174.2,174.0,173.3,173.26,173.17,173.14,172.3,172.31,173.0,173.04,173.1,0,0.0,05/06/2020 17:00,172.5,172.5,173.5,174.5,0.0
2020-05-07 15:30:00,173.13,174.2,173.11,174.2,174.0,173.3,173.26,173.17,173.14,172.3,172.31,173.0,173.04,173.1,0,0.0,05/06/2020 17:00,172.5,172.5,173.5,174.5,0.0
2020-05-07 15:30:00,173.13,174.2,173.11,174.2,174.0,173.3,173.26,173.17,173.14,172.3,172.31,173.0,173.04,173.1,0,0.0,05/06/2020 17:00,172.5,172.5,173.5,174.5,0.0
2020-05-07 15:30:00,173.13,174.2,173.11,174.2,174.0,173.3,173.26,173.17,173.14,172.3,172.31,173.0,173.04,173.1,0,0.0,05/06/2020 17:00,172.5,172.5,173.5,174.5,0.0
2020-05-07 15:30:00,173.13,174.2,173.11,174.2,174.0,173.3,173.26,173.17,173.14,172.3,172.31,173.0,173.04,173.1,0,0.0,05/06/2020 17:00,172.5,172.5,173.5,174.5,0.0
2020-05-07 15:30:00,173.13,174.2,173.11,174.2,174.0,173.3,173.26,173.17,173.14,172.3,172.31,173.0,173.04,173.1,0,0.0,05/06/2020 17:00,172.5,172.5,173.5,174.5,0.0
2020-05-07 15:30:00,173.13,174.2,173.11,174.2,174.0,173.3,173.26,173.17,173.14,172.3,172.31,173.0,173.04,173.1,0,0.0,05/06/2020 17:00,172.5,172.5,173.5,174.5,0.0
2020-05-07 15:30:00,173.13,174.2,173.11,174.2,174.0,173.3,173.26,173.17,173.14,172.3,172.31,173.0,173.04,173.1,0,0.0,05/06/2020 17:00,172.5,172.5,173.5,174.5,0.0
2020-05-07 15:30:00,173.13,174.2,173.11,174.2,174.0,173.3,173.26,173.17,173.14,172.3,172.31,173.0,173.04,173.1,0,0.0,05/06/2020 17:00,172.5,172.5,173.5,174.5,0.0
2020-05-07 15:30:00,173.13,174.2,173.11,174.2,174.0,173.3,173.26,173.17,173.14,172.3,172.31,173.0,173.04,173.1,0,0.0,05/06/2020 17:00,172.5,172.5,173.5,174.5,0.0
2020-05-07 15:30:00,173.13,174.2,173.11,174.2,174.0,173.3,173.26,173.17,173.14,172.3,172.31,173.0,173.04,173.1,0,0.0,05/06/2020 17:00,172.5,172.5,173.5,174.5,0.0
2020-05-07 15:30:00,173.13,174.2,173.11,174.2,174.0,173.3,173.26,173.17,173.14,172.3,172.31,173.0,173.04,173.1,0,0.0,05/06/2020 17:00,172.5,172.5,173.5,174.5,0.0
2020-05-07 20:30:00,174.2,174.21,174.0,174.01,175.16,175.15,175.14,175.04,175.03,174.0,174.03,174.08,174.09,174.12,0,0.0,0,0.0,0.0,0.0,0.0,0.0
2020-05-08 00:30:00,174.01,174.14,174.01,174.07,175.04,175.03,174.12,174.09,174.08,173.17,173.26,173.3,174.0,174.0,0,0.0,0,0.0,0.0,0.0,0.0,0.0
2020-05-08 04:30:00,174.07,174.31,174.06,174.28,175.04,175.03,174.12,174.09,174.08,173.17,173.26,173.3,174.0,174.0,0,0.0,0,0.0,0.0,0.0,0.0,0.0
2020-05-08 08:30:00,174.28,175.02,174.1,174.18,175.16,175.15,175.14,175.04,175.03,173.26,173.3,174.0,174.0,174.0,0,0.0,0,0.0,0.0,0.0,0.0,0.0
2020-05-08 12:30:00,174.18,174.19,173.08,173.08,175.16,175.15,175.14,175.04,175.03,173.3,174.0,174.0,174.0,174.01,0,0.0,0,0.0,0.0,0.0,0.0,0.0
2020-05-08 16:30:00,173.08,173.14,172.27,172.31,173.3,173.17,173.14,173.11,173.1,172.3,172.3,172.31,173.0,173.04,0,0.0,0,0.0,0.0,0.0,0.0,0.0
2020-05-10 21:30:00,172.3,173.03,172.15,172.16,173.17,173.14,173.11,173.1,172.31,172.0,172.12,172.13,172.21,172.26,0,0.0,0,0.0,0.0,0.0,0.0,0.0
2020-05-11 01:30:00,172.15,172.22,172.1,172.2,173.17,173.14,173.11,173.1,172.3,171.12,171.27,172.0,172.12,172.13,0,0.0,0,0.0,0.0,0.0,0.0,0.0
2020-05-11 05:30:00,172.2,172.27,172.07,172.2,173.14,173.14,173.11,173.1,172.3,171.12,171.27,172.0,172.12,172.13,0,0.0,0,0.0,0.0,0.0,0.0,0.0
2020-05-11 09:30:00,172.2,172.31,172.1,172.27,173.14,173.11,173.1,173.03,172.3,171.12,171.27,172.0,172.12,172.13,0,0.0,0,0.0,0.0,0.0,0.0,0.0
2020-05-11 13:30:00,172.26,173.04,171.31,172.0,173.14,173.11,173.1,173.03,172.3,171.12,171.27,172.0,172.12,172.13,0,0.0,0,0.0,0.0,0.0,0.0,0.0
2020-05-11 18:30:00,172.01,172.11,171.25,172.02,173.11,173.1,173.03,172.3,172.12,171.08,171.11,171.12,171.27,172.0,0,0.0,0,0.0,0.0,0.0,0.0,0.0
2020-05-11 22:30:00,172.02,172.19,172.02,172.16,173.11,173.1,173.03,172.3,172.12,171.08,171.11,171.12,171.27,172.0,0,0.0,05/11/2020 17:00,172.8125,172.8125,173.8125,174.8125,0.0
2020-05-12 02:30:00,172.16,172.23,172.11,172.11,173.11,173.1,173.04,173.03,172.3,171.11,171.12,171.27,172.0,172.12,0,0.0,0,0.0,0.0,0.0,0.0,0.0
2020-05-12 06:30:00,172.11,172.21,171.31,171.31,173.11,173.1,173.04,173.03,172.3,171.11,171.12,171.25,171.27,172.0,0,0.0,0,0.0,0.0,0.0,0.0,0.0
2020-05-12 10:30:00,171.31,172.27,171.29,172.26,173.1,173.04,173.03,172.3,172.0,171.08,171.11,171.12,171.25,171.27,0,0.0,05/11/2020 17:00,172.8125,172.8125,173.8125,174.8125,0.0
2020-05-12 14:30:00,172.26,173.19,172.17,173.04,173.11,173.1,173.04,173.03,172.3,171.11,171.12,171.25,171.27,172.0,0,0.0,05/11/2020 17:00,172.8125,172.8125,173.8125,174.8125,0.0
2020-05-12 19:30:00,173.03,173.14,172.31,173.09,173.14,173.14,173.11,173.1,173.04,171.11,171.12,171.25,171.27,172.0,0,0.0,05/11/2020 17:00,172.8125,172.8125,173.8125,174.8125,0.0
2020-05-12 23:30:00,173.09,173.27,173.09,173.27,173.17,173.14,173.14,173.11,173.1,171.27,171.29,172.0,173.03,173.04,0,0.0,05/11/2020 17:00,172.8125,172.8125,173.8125,174.8125,0.0
2020-05-12 23:30:00,173.09,173.27,173.09,173.27,173.17,173.14,173.14,173.11,173.1,171.27,171.29,172.0,173.03,173.04,0,0.0,05/11/2020 17:00,172.8125,172.8125,173.8125,174.8125,0.0
2020-05-13 03:30:00,173.27,173.28,173.13,173.23,174.19,174.01,174.0,174.0,173.3,172.17,173.03,173.04,173.11,173.14,0,0.0,0,0.0,0.0,0.0,0.0,0.0
2020-05-13 07:30:00,173.23,173.25,173.11,173.14,174.19,174.01,174.0,174.0,173.3,172.31,173.03,173.04,173.11,173.14,0,0.0,0,0.0,0.0,0.0,0.0,0.0
2020-05-13 11:30:00,173.14,174.04,173.13,173.29,174.19,174.01,174.0,174.0,173.3,172.31,173.03,173.04,173.09,173.11,0,0.0,0,0.0,0.0,0.0,0.0,0.0
2020-05-13 15:30:00,173.29,174.12,173.22,173.31,174.19,174.01,174.0,174.0,173.3,173.03,173.04,173.09,173.11,173.14,0,0.0,0,0.0,0.0,0.0,0.0,0.0
2020-05-13 20:30:00,173.31,174.04,173.22,174.03,175.02,174.19,174.01,174.0,174.0,173.04,173.09,173.11,173.11,173.14,0,0.0,05/11/2020 17:00,172.8125,172.8125,173.8125,174.8125,0.0
2020-05-14 00:30:00,174.04,174.11,174.03,174.05,175.14,175.04,175.03,175.02,174.19,173.11,173.13,173.14,174.0,174.01,0,0.0,05/11/2020 17:00,172.8125,172.8125,173.8125,174.8125,0.0
2020-05-14 04:30:00,174.05,174.31,174.03,174.29,175.04,175.03,175.02,174.19,174.12,173.11,173.13,173.14,174.0,174.01,0,0.0,05/11/2020 17:00,172.8125,172.8125,173.8125,174.8125,0.0
2020-05-14 04:30:00,174.05,174.31,174.03,174.29,175.04,175.03,175.02,174.19,174.12,173.11,173.13,173.14,174.0,174.01,0,0.0,05/11/2020 17:00,172.8125,172.8125,173.8125,174.8125,0.0
2020-05-14 08:30:00,174.28,175.07,174.21,175.02,175.15,175.14,175.04,175.03,175.02,173.22,174.0,174.01,174.12,174.19,0,0.0,0,0.0,0.0,0.0,0.0,0.0
2020-05-14 12:30:00,175.02,175.12,174.25,175.04,175.16,175.15,175.14,175.04,175.03,173.22,174.0,174.01,174.12,174.19,0,0.0,05/11/2020 17:00,172.8125,172.8125,173.8125,174.8125,0.0
2020-05-14 12:30:00,175.02,175.12,174.25,175.04,175.16,175.15,175.14,175.04,175.03,173.22,174.0,174.01,174.12,174.19,0,0.0,05/11/2020 17:00,172.8125,172.8125,173.8125,174.8125,0.0
2020-05-14 16:30:00,175.04,175.08,174.2,174.28,175.17,175.17,175.16,175.15,175.14,174.03,174.12,174.19,175.02,175.03,0,0.0,0,0.0,0.0,0.0,0.0,0.0
2020-05-14 21:30:00,174.28,175.01,174.22,175.0,175.15,175.14,175.04,175.03,175.02,174.0,174.01,174.03,174.12,174.19,0,0.0,0,0.0,0.0,0.0,0.0,0.0
2020-05-15 01:30:00,174.31,175.0,174.23,174.26,175.14,175.12,175.04,175.03,175.02,174.0,174.01,174.03,174.12,174.19,0,0.0,0,0.0,0.0,0.0,0.0,0.0
2020-05-15 05:30:00,174.26,175.09,174.25,175.03,175.12,175.08,175.04,175.03,175.02,174.01,174.03,174.12,174.19,174.2,0,0.0,0,0.0,0.0,0.0,0.0,0.0
2020-05-15 09:30:00,175.03,175.25,175.0,175.11,175.15,175.14,175.12,175.08,175.04,174.03,174.12,174.19,174.2,174.22,0,0.0,05/11/2020 17:00,172.8125,172.8125,173.8125,174.8125,0.0
2020-05-15 09:30:00,175.03,175.25,175.0,175.11,175.15,175.14,175.12,175.08,175.04,174.03,174.12,174.19,174.2,174.22,0,0.0,05/11/2020 17:00,172.8125,172.8125,173.8125,174.8125,0.0
2020-05-15 13:30:00,175.11,175.14,174.04,174.05,175.17,175.16,175.15,175.14,175.12,174.2,174.22,174.23,175.04,175.08,0,0.0,0,0.0,0.0,0.0,0.0,0.0
2020-05-17 18:30:00,174.06,174.14,174.01,174.08,174.23,174.22,174.2,174.19,174.12,173.14,173.22,174.0,174.01,174.03,0,0.0,0,0.0,0.0,0.0,0.0,0.0
2020-05-17 22:30:00,174.07,174.1,173.31,174.01,174.23,174.22,174.2,174.19,174.12,173.14,173.22,174.0,174.01,174.03,0,0.0,0,0.0,0.0,0.0,0.0,0.0
2020-05-18 02:30:00,174.0,174.09,173.23,173.27,174.2,174.19,174.12,174.03,174.01,173.11,173.11,173.13,173.14,173.22,0,0.0,0,0.0,0.0,0.0,0.0,0.0
2020-05-18 06:30:00,173.26,174.05,173.23,173.24,174.2,174.19,174.14,174.12,174.03,173.11,173.11,173.13,173.14,173.22,0,0.0,0,0.0,0.0,0.0,0.0,0.0
2020-05-18 10:30:00,173.25,173.28,172.25,172.28,174.19,174.14,174.12,174.1,174.03,173.11,173.11,173.13,173.14,173.22,0,0.0,0,0.0,0.0,0.0,0.0,0.0
2020-05-18 14:30:00,172.28,172.3,171.3,171.31,173.11,173.09,173.04,173.03,172.31,171.25,171.27,171.29,172.0,172.17,0,0.0,0,0.0,0.0,0.0,0.0,0.0
2020-05-18 19:30:00,171.3,171.31,171.12,171.21,173.09,173.04,173.03,172.31,172.17,171.11,171.12,171.25,171.27,171.29,0,0.0,0,0.0,0.0,0.0,0.0,0.0
2020-05-18 23:30:00,171.22,172.11,171.22,172.1,172.31,172.17,171.29,171.27,171.25,170.28,171.03,171.08,171.11,171.12,0,0.0,05/18/2020 17:00,171.78125,171.78125,172.78125,173.78125,0.0
2020-05-18 23:30:00,171.22,172.11,171.22,172.1,172.31,172.17,171.29,171.27,171.25,170.28,171.03,171.08,171.11,171.12,0,0.0,05/18/2020 17:00,171.78125,171.78125,172.78125,173.78125,0.0
2020-05-18 23:30:00,171.22,172.11,171.22,172.1,172.31,172.17,171.29,171.27,171.25,170.28,171.03,171.08,171.11,171.12,0,0.0,05/18/2020 17:00,171.78125,171.78125,172.78125,173.78125,0.0
2020-05-19 03:30:00,172.09,172.1,171.21,171.31,173.04,173.03,172.31,172.3,172.17,171.11,171.12,171.25,171.27,171.29,0,0.0,0,0.0,0.0,0.0,0.0,0.0
2020-05-19 07:30:00,171.31,172.1,171.19,171.2,173.04,173.03,172.31,172.3,172.17,171.12,171.12,171.25,171.27,171.29,0,0.0,0,0.0,0.0,0.0,0.0,0.0
2020-05-19 11:30:00,171.2,172.04,171.04,171.3,173.03,172.31,172.3,172.17,172.11,171.03,171.08,171.11,171.12,171.12,0,0.0,0,0.0,0.0,0.0,0.0,0.0
2020-05-19 15:30:00,171.3,172.05,171.25,172.03,173.03,172.31,172.3,172.17,172.11,171.03,171.08,171.11,171.12,171.12,0,0.0,0,0.0,0.0,0.0,0.0,0.0
2020-05-19 20:30:00,172.03,172.2,172.03,172.12,172.31,172.3,172.17,172.11,172.1,171.03,171.08,171.11,171.12,171.12,05/19/2020 17:00,171.78125,0,0.0,171.78125,170.78125,169.78125,0.0
2020-05-19 20:30:00,172.03,172.2,172.03,172.12,172.31,172.3,172.17,172.11,172.1,171.03,171.08,171.11,171.12,171.12,05/19/2020 17:00,171.78125,0,0.0,171.78125,170.78125,169.78125,0.0
2020-05-20 00:30:00,172.13,172.14,172.07,172.11,173.04,173.03,172.31,172.3,172.17,171.11,171.12,171.12,172.1,172.11,0,0.0,0,0.0,0.0,0.0,0.0,0.0
2020-05-20 04:30:00,172.11,172.17,172.04,172.06,173.04,173.03,172.31,172.3,172.17,171.11,171.12,171.12,171.25,172.1,0,0.0,0,0.0,0.0,0.0,0.0,0.0
2020-05-20 08:30:00,172.06,172.16,171.28,171.31,172.3,172.2,172.17,172.11,172.1,171.11,171.12,171.12,171.25,172.03,0,0.0,0,0.0,0.0,0.0,0.0,0.0
2020-05-20 12:30:00,171.3,172.15,171.27,172.11,172.2,172.17,172.11,172.1,172.03,171.08,171.11,171.12,171.12,171.25,05/19/2020 17:00,171.78125,0,0.0,171.78125,170.78125,169.78125,0.0
2020-05-20 16:30:00,172.11,173.06,172.05,172.28,172.31,172.3,172.2,172.17,172.17,171.11,171.12,171.12,171.25,172.03,05/19/2020 17:00,171.78125,0,0.0,171.78125,170.78125,169.78125,0.0
2020-05-20 16:30:00,172.11,173.06,172.05,172.28,172.31,172.3,172.2,172.17,172.17,171.11,171.12,171.12,171.25,172.03,05/19/2020 17:00,171.78125,0,0.0,171.78125,170.78125,169.78125,0.0
2020-05-20 16:30:00,172.11,173.06,172.05,172.28,172.31,172.3,172.2,172.17,172.17,171.11,171.12,171.12,171.25,172.03,05/19/2020 17:00,171.78125,0,0.0,171.78125,170.78125,169.78125,0.0
2020-05-20 21:30:00,172.28,173.07,172.23,173.06,173.09,173.04,173.03,172.31,172.3,171.25,172.03,172.17,172.17,172.2,05/19/2020 17:00,171.78125,0,0.0,171.78125,170.78125,169.78125,0.0
2020-05-20 21:30:00,172.28,173.07,172.23,173.06,173.09,173.04,173.03,172.31,172.3,171.25,172.03,172.17,172.17,172.2,05/19/2020 17:00,171.78125,0,0.0,171.78125,170.78125,169.78125,0.0
2020-05-21 01:30:00,173.06,173.18,173.06,173.14,173.22,173.14,173.13,173.11,173.09,172.17,172.17,172.2,172.3,172.31,05/19/2020 17:00,171.78125,0,0.0,171.78125,170.78125,169.78125,0.0
2020-05-21 01:30:00,173.06,173.18,173.06,173.14,173.22,173.14,173.13,173.11,173.09,172.17,172.17,172.2,172.3,172.31,05/19/2020 17:00,171.78125,0,0.0,171.78125,170.78125,169.78125,0.0
2020-05-21 05:30:00,173.14,173.17,173.04,173.07,174.09,174.05,174.03,173.28,173.22,172.3,172.31,173.09,173.11,173.13,0,0.0,0,0.0,0.0,0.0,0.0,0.0
2020-05-21 09:30:00,173.07,173.16,173.0,173.09,174.05,174.03,173.28,173.22,173.14,172.17,172.2,172.23,172.3,172.31,0,0.0,0,0.0,0.0,0.0,0.0,0.0
2020-05-21 13:30:00,173.09,173.18,172.31,172.31,174.03,173.28,173.22,173.18,173.14,172.17,172.2,172.23,172.3,172.31,0,0.0,0,0.0,0.0,0.0,0.0,0.0
2020-05-21 18:30:00,173.0,173.12,172.29,173.03,174.03,173.28,173.22,173.18,173.14,172.17,172.2,172.23,172.3,172.31,0,0.0,0,0.0,0.0,0.0,0.0,0.0
2020-05-21 22:30:00,173.03,173.22,173.03,173.21,174.03,173.28,173.22,173.18,173.14,172.17,172.2,172.23,172.3,172.31,05/19/2020 17:00,171.78125,0,0.0,171.78125,170.78125,169.78125,0.0
2020-05-21 22:30:00,173.03,173.22,173.03,173.21,174.03,173.28,173.22,173.18,173.14,172.17,172.2,172.23,172.3,172.31,05/19/2020 17:00,171.78125,0,0.0,171.78125,170.78125,169.78125,0.0
2020-05-22 02:30:00,173.2,174.03,173.18,173.3,174.09,174.05,174.03,173.28,173.22,172.2,172.23,172.3,172.31,173.18,05/19/2020 17:00,171.78125,0,0.0,171.78125,170.78125,169.78125,0.0
2020-05-22 02:30:00,173.2,174.03,173.18,173.3,174.09,174.05,174.03,173.28,173.22,172.2,172.23,172.3,172.31,173.18,05/19/2020 17:00,171.78125,0,0.0,171.78125,170.78125,169.78125,0.0
2020-05-22 06:30:00,173.3,174.14,173.26,173.3,174.12,174.1,174.09,174.05,174.03,172.3,172.31,173.18,173.22,173.28,0,0.0,0,0.0,0.0,0.0,0.0,0.0
2020-05-22 10:30:00,173.31,174.01,173.05,173.21,174.12,174.1,174.09,174.05,174.03,172.31,173.03,173.18,173.22,173.28,0,0.0,0,0.0,0.0,0.0,0.0,0.0
2020-05-22 14:30:00,173.21,173.26,173.15,173.18,174.1,174.09,174.05,174.03,173.28,172.29,172.3,172.31,173.03,173.18,0,0.0,0,0.0,0.0,0.0,0.0,0.0
2020-05-24 19:30:00,173.19,173.2,173.11,173.15,174.1,174.09,174.05,174.03,173.28,172.29,172.3,172.31,173.03,173.18,0,0.0,0,0.0,0.0,0.0,0.0,0.0
2020-05-24 23:30:00,173.16,173.21,173.12,173.19,174.05,174.03,174.01,173.28,173.18,172.29,172.3,172.31,173.03,173.05,0,0.0,0,0.0,0.0,0.0,0.0,0.0
2020-05-25 03:30:00,173.18,173.24,173.16,173.22,174.05,174.03,174.01,173.28,173.26,172.29,172.3,172.31,173.03,173.05,0,0.0,0,0.0,0.0,0.0,0.0,0.0
2020-05-25 07:30:00,173.22,173.24,173.1,173.2,174.05,174.03,174.01,173.28,173.26,172.3,172.31,173.03,173.05,173.11,0,0.0,0,0.0,0.0,0.0,0.0,0.0
2020-05-25 11:30:00,173.2,173.22,173.17,173.21,174.05,174.03,174.01,173.28,173.26,172.3,172.31,173.03,173.05,173.11,0,0.0,0,0.0,0.0,0.0,0.0,0.0
2020-05-25 20:30:00,173.2,173.25,173.17,173.2,174.05,174.03,174.01,173.28,173.26,172.3,172.31,173.03,173.05,173.11,0,0.0,0,0.0,0.0,0.0,0.0,0.0
2020-05-26 00:30:00,173.2,173.22,173.06,173.06,174.05,174.03,174.01,173.28,173.26,172.31,173.03,173.05,173.1,173.11,0,0.0,0,0.0,0.0,0.0,0.0,0.0
2020-05-26 04:30:00,173.06,173.06,172.14,172.22,174.01,173.28,173.26,173.11,173.1,172.29,172.3,172.31,173.03,173.05,0,0.0,0,0.0,0.0,0.0,0.0,0.0
2020-05-26 08:30:00,172.22,172.29,172.13,172.21,173.05,173.03,172.3,172.29,172.23,172.03,172.05,172.17,172.17,172.2,0,0.0,0,0.0,0.0,0.0,0.0,0.0
2020-05-26 12:30:00,172.22,172.22,172.04,172.12,173.05,173.03,172.3,172.29,172.23,172.03,172.05,172.17,172.17,172.2,0,0.0,0,0.0,0.0,0.0,0.0,0.0
2020-05-26 16:30:00,172.12,172.21,172.04,172.11,172.3,172.29,172.23,172.2,172.17,171.12,171.25,171.27,172.03,172.05,0,0.0,0,0.0,0.0,0.0,0.0,0.0
2020-05-26 21:30:00,172.12,172.18,172.04,172.1,172.29,172.29,172.23,172.2,172.17,171.12,171.25,171.27,172.03,172.05,0,0.0,0,0.0,0.0,0.0,0.0,0.0
2020-05-27 01:30:00,172.1,172.14,172.05,172.1,172.29,172.23,172.22,172.2,172.17,171.12,171.25,171.27,172.03,172.05,0,0.0,0,0.0,0.0,0.0,0.0,0.0
2020-05-27 05:30:00,172.11,172.23,172.05,172.07,172.23,172.22,172.21,172.2,172.17,171.12,171.25,171.27,172.03,172.05,0,0.0,0,0.0,0.0,0.0,0.0,0.0
2020-05-27 09:30:00,172.07,172.13,171.15,172.07,172.23,172.22,172.21,172.2,172.17,171.25,171.27,172.03,172.04,172.05,0,0.0,0,0.0,0.0,0.0,0.0,0.0
2020-05-27 13:30:00,172.07,173.07,172.04,172.29,172.23,172.22,172.21,172.2,172.17,171.25,171.27,172.03,172.04,172.05,0,0.0,05/26/2020 17:00,173.1875,173.1875,174.1875,175.1875,0.0
2020-05-27 13:30:00,172.07,173.07,172.04,172.29,172.23,172.22,172.21,172.2,172.17,171.25,171.27,172.03,172.04,172.05,0,0.0,05/26/2020 17:00,173.1875,173.1875,174.1875,175.1875,0.0
2020-05-27 13:30:00,172.07,173.07,172.04,172.29,172.23,172.22,172.21,172.2,172.17,171.25,171.27,172.03,172.04,172.05,0,0.0,05/26/2020 17:00,173.1875,173.1875,174.1875,175.1875,0.0
2020-05-27 18:30:00,172.28,173.01,172.07,172.13,173.05,173.03,172.3,172.29,172.29,172.04,172.05,172.21,172.22,172.23,0,0.0,0,0.0,0.0,0.0,0.0,0.0
2020-05-27 22:30:00,172.13,172.16,172.09,172.12,172.3,172.29,172.29,172.22,172.21,171.25,171.27,172.03,172.04,172.05,0,0.0,0,0.0,0.0,0.0,0.0,0.0
2020-05-28 02:30:00,172.12,172.22,172.02,172.07,172.3,172.29,172.29,172.22,172.21,171.27,172.03,172.04,172.04,172.05,0,0.0,0,0.0,0.0,0.0,0.0,0.0
2020-05-28 06:30:00,172.07,172.29,172.06,172.24,172.3,172.29,172.29,172.22,172.21,171.27,172.03,172.04,172.04,172.05,0,0.0,0,0.0,0.0,0.0,0.0,0.0
2020-05-28 10:30:00,172.23,172.24,171.25,172.04,173.03,173.01,172.3,172.29,172.29,171.27,172.03,172.04,172.04,172.05,0,0.0,0,0.0,0.0,0.0,0.0,0.0
2020-05-28 14:30:00,172.03,172.11,171.21,172.01,172.29,172.29,172.05,172.04,172.04,171.12,171.12,171.15,171.25,171.27,0,0.0,0,0.0,0.0,0.0,0.0,0.0
2020-05-28 19:30:00,172.01,172.13,171.27,172.13,172.29,172.29,172.05,172.04,172.04,171.12,171.12,171.15,171.25,171.27,0,0.0,05/28/2020 17:00,172.71875,172.71875,173.71875,174.71875,0.0
2020-05-28 19:30:00,172.01,172.13,171.27,172.13,172.29,172.29,172.05,172.04,172.04,171.12,171.12,171.15,171.25,171.27,0,0.0,05/28/2020 17:00,172.71875,172.71875,173.71875,174.71875,0.0
2020-05-28 19:30:00,172.01,172.13,171.27,172.13,172.29,172.29,172.05,172.04,172.04,171.12,171.12,171.15,171.25,171.27,0,0.0,05/28/2020 17:00,172.71875,172.71875,173.71875,174.71875,0.0
2020-05-28 23:30:00,172.12,172.25,172.1,172.24,172.3,172.29,172.29,172.29,172.24,171.25,171.27,172.04,172.04,172.05,0,0.0,0,0.0,0.0,0.0,0.0,0.0
2020-05-29 03:30:00,172.23,173.02,172.22,172.24,172.3,172.29,172.29,172.29,172.24,171.25,171.27,172.04,172.04,172.05,0,0.0,0,0.0,0.0,0.0,0.0,0.0
2020-05-29 07:30:00,172.24,173.0,172.19,172.26,173.01,172.3,172.29,172.29,172.29,171.27,171.27,172.04,172.04,172.05,0,0.0,05/28/2020 17:00,172.71875,172.71875,173.71875,174.71875,0.0
2020-05-29 11:30:00,172.27,173.01,172.1,172.26,173.01,172.3,172.29,172.29,172.29,172.04,172.04,172.05,172.1,172.24,0,0.0,0,0.0,0.0,0.0,0.0,0.0
2020-05-29 15:30:00,172.26,173.13,172.19,173.05,173.01,172.3,172.29,172.29,172.29,172.04,172.04,172.05,172.1,172.24,0,0.0,05/28/2020 17:00,172.71875,172.71875,173.71875,174.71875,0.0
2020-05-29 15:30:00,172.26,173.13,172.19,173.05,173.01,172.3,172.29,172.29,172.29,172.04,172.04,172.05,172.1,172.24,0,0.0,05/28/2020 17:00,172.71875,172.71875,173.71875,174.71875,0.0
2020-05-29 15:30:00,172.26,173.13,172.19,173.05,173.01,172.3,172.29,172.29,172.29,172.04,172.04,172.05,172.1,172.24,0,0.0,05/28/2020 17:00,172.71875,172.71875,173.71875,174.71875,0.0
2020-05-29 15:30:00,172.26,173.13,172.19,173.05,173.01,172.3,172.29,172.29,172.29,172.04,172.04,172.05,172.1,172.24,0,0.0,05/28/2020 17:00,172.71875,172.71875,173.71875,174.71875,0.0
2020-05-31 20:30:00,173.05,173.23,172.3,173.04,173.22,173.11,173.1,173.07,173.06,172.29,172.29,173.01,173.02,173.03,0,0.0,05/28/2020 17:00,172.71875,172.71875,173.71875,174.71875,0.0
2020-05-31 20:30:00,173.05,173.23,172.3,173.04,173.22,173.11,173.1,173.07,173.06,172.29,172.29,173.01,173.02,173.03,0,0.0,05/28/2020 17:00,172.71875,172.71875,173.71875,174.71875,0.0
2020-06-01 00:30:00,173.03,173.03,172.21,172.29,173.11,173.1,173.07,173.06,173.05,172.29,172.29,172.29,173.01,173.02,0,0.0,0,0.0,0.0,0.0,0.0,0.0
2020-06-01 04:30:00,172.29,173.04,172.11,172.3,173.07,173.06,173.05,173.02,173.01,172.05,172.1,172.1,172.19,172.24,0,0.0,0,0.0,0.0,0.0,0.0,0.0
2020-06-01 08:30:00,172.3,172.31,172.14,172.17,173.07,173.06,173.05,173.02,173.01,172.19,172.24,172.29,172.29,172.29,0,0.0,0,0.0,0.0,0.0,0.0,0.0
2020-06-01 12:30:00,172.16,172.18,171.31,172.18,173.01,172.29,172.29,172.24,172.19,172.04,172.04,172.05,172.1,172.1,0,0.0,0,0.0,0.0,0.0,0.0,0.0
2020-06-01 16:30:00,172.19,172.23,172.11,172.16,173.02,173.01,172.29,172.29,172.24,172.04,172.04,172.05,172.1,172.1,0,0.0,0,0.0,0.0,0.0,0.0,0.0
2020-06-01 21:30:00,172.16,172.3,172.11,172.23,172.31,172.29,172.29,172.24,172.19,172.04,172.04,172.05,172.1,172.1,0,0.0,05/28/2020 17:00,172.71875,172.71875,173.71875,174.71875,0.0
2020-06-02 01:30:00,172.23,172.3,172.17,172.17,173.01,172.31,172.29,172.29,172.24,172.04,172.05,172.1,172.1,172.19,0,0.0,0,0.0,0.0,0.0,0.0,0.0
2020-06-02 05:30:00,172.17,172.29,172.11,172.12,173.01,172.31,172.29,172.29,172.24,172.04,172.04,172.05,172.1,172.1,0,0.0,0,0.0,0.0,0.0,0.0,0.0
2020-06-02 09:30:00,172.12,172.14,171.27,172.11,173.01,172.31,172.29,172.29,172.24,172.04,172.04,172.05,172.1,172.1,0,0.0,0,0.0,0.0,0.0,0.0,0.0
2020-06-02 13:30:00,172.11,172.21,172.0,172.01,172.31,172.3,172.29,172.29,172.24,172.04,172.04,172.05,172.1,172.1,0,0.0,0,0.0,0.0,0.0,0.0,0.0
2020-06-02 18:30:00,172.02,172.12,172.0,172.08,172.29,172.29,172.24,172.1,172.1,171.21,171.25,171.27,171.27,171.31,0,0.0,0,0.0,0.0,0.0,0.0,0.0
2020-06-02 22:30:00,172.08,172.08,171.08,171.21,172.29,172.29,172.24,172.1,172.1,171.25,171.27,171.27,171.27,171.31,0,0.0,0,0.0,0.0,0.0,0.0,0.0
2020-06-03 02:30:00,171.2,171.23,171.14,171.17,171.27,171.27,171.27,171.25,171.21,171.08,171.11,171.12,171.12,171.15,0,0.0,0,0.0,0.0,0.0,0.0,0.0
2020-06-03 06:30:00,171.18,171.22,171.1,171.2,171.27,171.27,171.27,171.25,171.21,171.08,171.11,171.12,171.12,171.15,0,0.0,0,0.0,0.0,0.0,0.0,0.0
2020-06-03 10:30:00,171.2,172.01,170.1,170.1,171.27,171.27,171.27,171.25,171.21,171.08,171.11,171.12,171.12,171.15,0,0.0,0,0.0,0.0,0.0,0.0,0.0
2020-06-03 14:30:00,170.1,170.2,170.0,170.07,170.22,170.22,170.22,170.16,170.14,168.06,168.1,169.06,169.09,169.3,0,0.0,0,0.0,0.0,0.0,0.0,0.0
2020-06-03 19:30:00,170.08,170.26,170.05,170.17,170.22,170.22,170.22,170.16,170.14,168.06,168.1,169.06,169.09,169.3,0,0.0,06/03/2020 17:00,170.4375,170.4375,171.4375,172.4375,0.0
2020-06-03 19:30:00,170.08,170.26,170.05,170.17,170.22,170.22,170.22,170.16,170.14,168.06,168.1,169.06,169.09,169.3,0,0.0,06/03/2020 17:00,170.4375,170.4375,171.4375,172.4375,0.0
2020-06-03 23:30:00,170.16,170.28,170.13,170.27,170.26,170.24,170.22,170.22,170.22,168.1,169.06,169.09,169.3,170.14,0,0.0,06/03/2020 17:00,170.4375,170.4375,171.4375,172.4375,0.0
2020-06-03 23:30:00,170.16,170.28,170.13,170.27,170.26,170.24,170.22,170.22,170.22,168.1,169.06,169.09,169.3,170.14,0,0.0,06/03/2020 17:00,170.4375,170.4375,171.4375,172.4375,0.0
2020-06-03 23:30:00,170.16,170.28,170.13,170.27,170.26,170.24,170.22,170.22,170.22,168.1,169.06,169.09,169.3,170.14,0,0.0,06/03/2020 17:00,170.4375,170.4375,171.4375,172.4375,0.0
2020-06-03 23:30:00,170.16,170.28,170.13,170.27,170.26,170.24,170.22,170.22,170.22,168.1,169.06,169.09,169.3,170.14,0,0.0,06/03/2020 17:00,170.4375,170.4375,171.4375,172.4375,0.0
2020-06-03 23:30:00,170.16,170.28,170.13,170.27,170.26,170.24,170.22,170.22,170.22,168.1,169.06,169.09,169.3,170.14,0,0.0,06/03/2020 17:00,170.4375,170.4375,171.4375,172.4375,0.0
2020-06-04 03:30:00,170.26,170.3,170.12,170.18,171.08,171.08,171.04,171.03,170.27,170.16,170.22,170.22,170.22,170.24,0,0.0,0,0.0,0.0,0.0,0.0,0.0
2020-06-04 07:30:00,170.19,170.28,170.16,170.22,171.08,171.08,171.04,171.03,170.27,169.3,170.0,170.05,170.14,170.16,0,0.0,0,0.0,0.0,0.0,0.0,0.0
2020-06-04 11:30:00,170.22,170.27,168.29,169.14,171.08,171.08,171.04,171.03,170.27,169.3,170.0,170.05,170.14,170.16,0,0.0,0,0.0,0.0,0.0,0.0,0.0
2020-06-04 15:30:00,169.14,169.15,168.25,169.03,170.3,170.27,170.05,170.0,169.3,167.26,168.06,168.1,169.06,169.09,0,0.0,0,0.0,0.0,0.0,0.0,0.0
2020-06-04 20:30:00,169.02,169.08,168.22,169.07,170.05,170.0,169.3,169.09,169.06,165.2,166.12,167.26,168.06,168.1,0,0.0,0,0.0,0.0,0.0,0.0,0.0
2020-06-05 00:30:00,169.06,169.12,168.24,168.24,170.27,170.05,170.0,169.3,169.09,165.2,166.12,167.26,168.06,168.1,0,0.0,0,0.0,0.0,0.0,0.0,0.0
2020-06-05 04:30:00,168.25,168.26,167.27,168.06,170.05,170.0,169.3,169.15,169.09,165.2,166.12,167.26,168.06,168.1,0,0.0,0,0.0,0.0,0.0,0.0,0.0
2020-06-05 08:30:00,168.07,168.16,167.12,167.22,170.0,169.3,169.15,169.09,168.1,165.15,165.2,166.12,167.26,168.06,0,0.0,0,0.0,0.0,0.0,0.0,0.0
2020-06-05 12:30:00,167.22,167.22,165.27,166.22,169.12,169.09,168.1,168.06,167.26,164.3,165.04,165.15,165.2,166.12,0,0.0,0,0.0,0.0,0.0,0.0,0.0
2020-06-05 16:30:00,166.22,168.0,166.17,167.24,169.09,168.26,168.1,168.06,167.26,164.3,165.04,165.15,165.2,166.12,0,0.0,0,0.0,0.0,0.0,0.0,0.0
2020-06-07 21:30:00,167.24,167.24,166.31,167.16,168.26,168.16,168.1,168.06,167.26,164.3,165.04,165.15,165.2,166.12,0,0.0,0,0.0,0.0,0.0,0.0,0.0
2020-06-08 01:30:00,167.16,167.2,167.11,167.15,168.26,168.16,168.1,168.06,167.26,165.04,165.15,165.2,165.27,166.12,0,0.0,0,0.0,0.0,0.0,0.0,0.0
2020-06-08 05:30:00,167.16,167.19,166.2,166.3,168.16,168.1,168.06,168.0,167.26,165.15,165.2,165.27,166.12,166.17,0,0.0,0,0.0,0.0,0.0,0.0,0.0
2020-06-08 09:30:00,166.3,167.15,166.29,167.1,168.1,168.06,168.0,167.26,167.24,165.15,165.2,165.27,166.12,166.17,0,0.0,0,0.0,0.0,0.0,0.0,0.0
2020-06-08 13:30:00,167.09,168.1,167.09,168.04,168.06,168.0,167.26,167.24,167.2,165.15,165.2,165.27,166.12,166.17,0,0.0,06/05/2020 17:00,168.1875,168.1875,169.1875,170.1875,0.0
2020-06-08 13:30:00,167.09,168.1,167.09,168.04,168.06,168.0,167.26,167.24,167.2,165.15,165.2,165.27,166.12,166.17,0,0.0,06/05/2020 17:00,168.1875,168.1875,169.1875,170.1875,0.0
2020-06-08 13:30:00,167.09,168.1,167.09,168.04,168.06,168.0,167.26,167.24,167.2,165.15,165.2,165.27,166.12,166.17,0,0.0,06/05/2020 17:00,168.1875,168.1875,169.1875,170.1875,0.0
2020-06-08 13:30:00,167.09,168.1,167.09,168.04,168.06,168.0,167.26,167.24,167.2,165.15,165.2,165.27,166.12,166.17,0,0.0,06/05/2020 17:00,168.1875,168.1875,169.1875,170.1875,0.0
2020-06-08 18:30:00,168.04,168.06,167.24,167.31,169.09,168.26,168.16,168.1,168.06,166.2,167.2,167.24,167.26,168.0,0,0.0,0,0.0,0.0,0.0,0.0,0.0
2020-06-08 22:30:00,168.0,168.24,167.29,168.19,169.09,168.26,168.16,168.1,168.06,166.2,166.29,167.2,167.24,167.26,0,0.0,06/05/2020 17:00,168.1875,168.1875,169.1875,170.1875,0.0
2020-06-08 22:30:00,168.0,168.24,167.29,168.19,169.09,168.26,168.16,168.1,168.06,166.2,166.29,167.2,167.24,167.26,0,0.0,06/05/2020 17:00,168.1875,168.1875,169.1875,170.1875,0.0
2020-06-09 02:30:00,168.19,168.26,168.16,168.17,169.3,169.15,169.12,169.09,168.26,167.24,167.26,168.06,168.1,168.16,0,0.0,06/05/2020 17:00,168.1875,168.1875,169.1875,170.1875,0.0
2020-06-09 06:30:00,168.18,169.16,168.18,169.09,169.3,169.15,169.12,169.09,168.26,167.24,167.26,168.06,168.1,168.16,0,0.0,06/05/2020 17:00,168.1875,168.1875,169.1875,170.1875,0.0
2020-06-09 10:30:00,169.09,169.28,168.29,169.2,170.05,170.0,169.3,169.15,169.12,167.29,168.06,168.1,168.16,168.26,0,0.0,06/05/2020 17:00,168.1875,168.1875,169.1875,170.1875,0.0
2020-06-09 10:30:00,169.09,169.28,168.29,169.2,170.05,170.0,169.3,169.15,169.12,167.29,168.06,168.1,168.16,168.26,0,0.0,06/05/2020 17:00,168.1875,168.1875,169.1875,170.1875,0.0
2020-06-09 14:30:00,169.2,169.22,169.06,169.11,170.27,170.27,170.05,170.0,169.3,168.16,168.16,168.26,169.12,169.15,0,0.0,0,0.0,0.0,0.0,0.0,0.0
2020-06-09 19:30:00,169.12,169.13,169.03,169.12,170.27,170.05,170.0,169.3,169.15,168.1,168.16,168.16,168.18,168.26,0,0.0,0,0.0,0.0,0.0,0.0,0.0
2020-06-09 23:30:00,169.12,169.14,169.04,169.11,170.05,170.0,169.3,169.28,169.15,168.16,168.16,168.18,168.26,168.29,0,0.0,0,0.0,0.0,0.0,0.0,0.0
2020-06-10 03:30:00,169.11,169.27,169.06,169.25,169.3,169.28,169.22,169.15,169.12,168.16,168.16,168.18,168.26,168.29,06/09/2020 17:00,168.1875,0,0.0,168.1875,167.1875,166.1875,0.0
2020-06-10 07:30:00,169.25,170.09,169.23,170.01,170.27,170.05,170.0,169.3,169.28,168.18,168.26,168.29,169.03,169.22,06/09/2020 17:00,168.1875,0,0.0,168.1875,167.1875,166.1875,0.0
2020-06-10 07:30:00,169.25,170.09,169.23,170.01,170.27,170.05,170.0,169.3,169.28,168.18,168.26,168.29,169.03,169.22,06/09/2020 17:00,168.1875,0,0.0,168.1875,167.1875,166.1875,0.0
2020-06-10 11:30:00,170.02,170.17,169.18,170.14,170.3,170.28,170.27,170.27,170.05,169.04,169.22,169.28,169.3,170.0,06/09/2020 17:00,168.1875,0,0.0,168.1875,167.1875,166.1875,0.0
2020-06-10 11:30:00,170.02,170.17,169.18,170.14,170.3,170.28,170.27,170.27,170.05,169.04,169.22,169.28,169.3,170.0,06/09/2020 17:00,168.1875,0,0.0,168.1875,167.1875,166.1875,0.0
2020-06-10 15:30:00,170.14,171.04,169.19,170.25,171.03,170.3,170.28,170.27,170.27,169.22,169.28,169.3,170.0,170.05,0,0.0,0,0.0,0.0,0.0,0.0,0.0
2020-06-10 20:30:00,170.25,171.15,170.23,171.07,171.03,170.3,170.28,170.27,170.27,169.22,169.28,169.3,170.0,170.05,06/10/2020 17:00,169.9375,0,0.0,169.9375,168.9375,167.9375,0.0
2020-06-10 20:30:00,170.25,171.15,170.23,171.07,171.03,170.3,170.28,170.27,170.27,169.22,169.28,169.3,170.0,170.05,06/10/2020 17:00,169.9375,0,0.0,169.9375,168.9375,167.9375,0.0
2020-06-10 20:30:00,170.25,171.15,170.23,171.07,171.03,170.3,170.28,170.27,170.27,169.22,169.28,169.3,170.0,170.05,06/10/2020 17:00,169.9375,0,0.0,169.9375,168.9375,167.9375,0.0
2020-06-10 20:30:00,170.25,171.15,170.23,171.07,171.03,170.3,170.28,170.27,170.27,169.22,169.28,169.3,170.0,170.05,06/10/2020 17:00,169.9375,0,0.0,169.9375,168.9375,167.9375,0.0
2020-06-10 20:30:00,170.25,171.15,170.23,171.07,171.03,170.3,170.28,170.27,170.27,169.22,169.28,169.3,170.0,170.05,06/10/2020 17:00,169.9375,0,0.0,169.9375,168.9375,167.9375,0.0
2020-06-11 00:30:00,171.07,171.21,171.02,171.17,171.12,171.12,171.11,171.08,171.08,170.27,170.28,170.3,171.03,171.04,06/10/2020 17:00,169.9375,0,0.0,169.9375,168.9375,167.9375,0.0
2020-06-11 00:30:00,171.07,171.21,171.02,171.17,171.12,171.12,171.11,171.08,171.08,170.27,170.28,170.3,171.03,171.04,06/10/2020 17:00,169.9375,0,0.0,169.9375,168.9375,167.9375,0.0
2020-06-11 00:30:00,171.07,171.21,171.02,171.17,171.12,171.12,171.11,171.08,171.08,170.27,170.28,170.3,171.03,171.04,06/10/2020 17:00,169.9375,0,0.0,169.9375,168.9375,167.9375,0.0
2020-06-11 00:30:00,171.07,171.21,171.02,171.17,171.12,171.12,171.11,171.08,171.08,170.27,170.28,170.3,171.03,171.04,06/10/2020 17:00,169.9375,0,0.0,169.9375,168.9375,167.9375,0.0
2020-06-11 00:30:00,171.07,171.21,171.02,171.17,171.12,171.12,171.11,171.08,171.08,170.27,170.28,170.3,171.03,171.04,06/10/2020 17:00,169.9375,0,0.0,169.9375,168.9375,167.9375,0.0
2020-06-11 04:30:00,171.17,172.01,171.12,171.31,171.27,171.27,171.27,171.25,171.21,171.08,171.11,171.12,171.12,171.15,06/10/2020 17:00,169.9375,0,0.0,169.9375,168.9375,167.9375,0.0
2020-06-11 04:30:00,171.17,172.01,171.12,171.31,171.27,171.27,171.27,171.25,171.21,171.08,171.11,171.12,171.12,171.15,06/10/2020 17:00,169.9375,0,0.0,169.9375,168.9375,167.9375,0.0
2020-06-11 04:30:00,171.17,172.01,171.12,171.31,171.27,171.27,171.27,171.25,171.21,171.08,171.11,171.12,171.12,171.15,06/10/2020 17:00,169.9375,0,0.0,169.9375,168.9375,167.9375,0.0
2020-06-11 04:30:00,171.17,172.01,171.12,171.31,171.27,171.27,171.27,171.25,171.21,171.08,171.11,171.12,171.12,171.15,06/10/2020 17:00,169.9375,0,0.0,169.9375,168.9375,167.9375,0.0
2020-06-11 04:30:00,171.17,172.01,171.12,171.31,171.27,171.27,171.27,171.25,171.21,171.08,171.11,171.12,171.12,171.15,06/10/2020 17:00,169.9375,0,0.0,169.9375,168.9375,167.9375,0.0
2020-06-11 04:30:00,171.17,172.01,171.12,171.31,171.27,171.27,171.27,171.25,171.21,171.08,171.11,171.12,171.12,171.15,06/10/2020 17:00,169.9375,0,0.0,169.9375,168.9375,167.9375,0.0
2020-06-11 08:30:00,171.31,172.09,171.26,172.04,172.12,172.1,172.1,172.08,172.01,171.21,171.25,171.27,171.27,171.27,06/10/2020 17:00,169.9375,0,0.0,169.9375,168.9375,167.9375,0.0
2020-06-11 08:30:00,171.31,172.09,171.26,172.04,172.12,172.1,172.1,172.08,172.01,171.21,171.25,171.27,171.27,171.27,06/10/2020 17:00,169.9375,0,0.0,169.9375,168.9375,167.9375,0.0
2020-06-11 08:30:00,171.31,172.09,171.26,172.04,172.12,172.1,172.1,172.08,172.01,171.21,171.25,171.27,171.27,171.27,06/10/2020 17:00,169.9375,0,0.0,169.9375,168.9375,167.9375,0.0
2020-06-11 12:30:00,172.04,173.02,172.03,172.2,172.21,172.12,172.1,172.1,172.08,171.27,171.27,171.27,171.31,172.01,06/10/2020 17:00,169.9375,0,0.0,169.9375,168.9375,167.9375,0.0
2020-06-11 12:30:00,172.04,173.02,172.03,172.2,172.21,172.12,172.1,172.1,172.08,171.27,171.27,171.27,171.31,172.01,06/10/2020 17:00,169.9375,0,0.0,169.9375,168.9375,167.9375,0.0
2020-06-11 12:30:00,172.04,173.02,172.03,172.2,172.21,172.12,172.1,172.1,172.08,171.27,171.27,171.27,171.31,172.01,06/10/2020 17:00,169.9375,0,0.0,169.9375,168.9375,167.9375,0.0
2020-06-11 16:30:00,172.21,173.1,172.14,172.3,172.3,172.29,172.29,172.29,172.24,172.01,172.08,172.1,172.1,172.12,06/10/2020 17:00,169.9375,0,0.0,169.9375,168.9375,167.9375,0.0
2020-06-11 16:30:00,172.21,173.1,172.14,172.3,172.3,172.29,172.29,172.29,172.24,172.01,172.08,172.1,172.1,172.12,06/10/2020 17:00,169.9375,0,0.0,169.9375,168.9375,167.9375,0.0
2020-06-11 16:30:00,172.21,173.1,172.14,172.3,172.3,172.29,172.29,172.29,172.24,172.01,172.08,172.1,172.1,172.12,06/10/2020 17:00,169.9375,0,0.0,169.9375,168.9375,167.9375,0.0
2020-06-11 21:30:00,172.29,173.06,172.25,172.29,173.04,173.02,173.01,172.31,172.3,172.08,172.1,172.1,172.12,172.21,0,0.0,0,0.0,0.0,0.0,0.0,0.0
2020-06-12 01:30:00,172.29,172.3,172.07,172.1,173.04,173.02,173.01,172.31,172.3,172.08,172.1,172.1,172.12,172.21,0,0.0,0,0.0,0.0,0.0,0.0,0.0
2020-06-12 05:30:00,172.11,172.23,171.28,171.3,172.31,172.3,172.29,172.21,172.12,172.01,172.03,172.08,172.1,172.1,0,0.0,0,0.0,0.0,0.0,0.0,0.0
2020-06-12 09:30:00,171.3,172.08,171.19,172.01,172.21,172.12,172.08,172.03,172.01,171.25,171.26,171.27,171.27,171.27,0,0.0,0,0.0,0.0,0.0,0.0,0.0
2020-06-12 13:30:00,172.01,172.22,171.23,172.11,172.29,172.21,172.12,172.08,172.03,171.25,171.26,171.27,171.27,171.27,06/11/2020 17:00,172.9375,0,0.0,172.9375,171.9375,170.9375,0.0
2020-06-14 18:30:00,172.11,172.18,171.25,172.13,172.3,172.29,172.23,172.21,172.12,171.26,171.27,171.27,171.27,172.03,0,0.0,0,0.0,0.0,0.0,0.0,0.0
2020-06-14 22:30:00,172.13,173.03,172.07,172.23,172.3,172.3,172.29,172.23,172.21,171.26,171.27,171.27,171.27,172.03,0,0.0,0,0.0,0.0,0.0,0.0,0.0
2020-06-15 02:30:00,172.23,173.1,172.22,173.07,173.01,172.31,172.3,172.3,172.29,171.26,171.27,171.27,171.27,172.03,0,0.0,06/12/2020 17:00,172.9375,172.9375,173.9375,174.9375,0.0
2020-06-15 02:30:00,172.23,173.1,172.22,173.07,173.01,172.31,172.3,172.3,172.29,171.26,171.27,171.27,171.27,172.03,0,0.0,06/12/2020 17:00,172.9375,172.9375,173.9375,174.9375,0.0
2020-06-15 02:30:00,172.23,173.1,172.22,173.07,173.01,172.31,172.3,172.3,172.29,171.26,171.27,171.27,171.27,172.03,0,0.0,06/12/2020 17:00,172.9375,172.9375,173.9375,174.9375,0.0
2020-06-15 02:30:00,172.23,173.1,172.22,173.07,173.01,172.31,172.3,172.3,172.29,171.26,171.27,171.27,171.27,172.03,0,0.0,06/12/2020 17:00,172.9375,172.9375,173.9375,174.9375,0.0
2020-06-15 02:30:00,172.23,173.1,172.22,173.07,173.01,172.31,172.3,172.3,172.29,171.26,171.27,171.27,171.27,172.03,0,0.0,06/12/2020 17:00,172.9375,172.9375,173.9375,174.9375,0.0
2020-06-15 02:30:00,172.23,173.1,172.22,173.07,173.01,172.31,172.3,172.3,172.29,171.26,171.27,171.27,171.27,172.03,0,0.0,06/12/2020 17:00,172.9375,172.9375,173.9375,174.9375,0.0
2020-06-15 06:30:00,173.08,173.11,172.18,172.24,173.23,173.22,173.11,173.1,173.1,173.04,173.05,173.06,173.06,173.07,0,0.0,0,0.0,0.0,0.0,0.0,0.0
2020-06-15 10:30:00,172.24,173.08,172.21,172.31,173.06,173.04,172.31,172.3,172.3,171.27,171.27,172.03,172.07,172.23,0,0.0,06/12/2020 17:00,172.9375,172.9375,173.9375,174.9375,0.0
2020-06-15 14:30:00,172.31,173.03,171.27,171.31,173.1,173.07,173.06,173.06,173.04,171.27,171.27,172.03,172.07,172.23,0,0.0,0,0.0,0.0,0.0,0.0,0.0
2020-06-15 19:30:00,171.31,172.08,171.13,171.15,173.06,173.04,172.31,172.23,172.07,171.25,171.26,171.27,171.27,171.27,0,0.0,0,0.0,0.0,0.0,0.0,0.0
2020-06-15 23:30:00,171.14,171.14,170.09,170.19,171.26,171.25,171.23,171.19,171.15,171.08,171.11,171.12,171.12,171.12,0,0.0,0,0.0,0.0,0.0,0.0,0.0
2020-06-16 03:30:00,170.2,171.07,170.16,171.02,171.02,170.3,170.28,170.27,170.23,169.22,169.28,169.3,170.0,170.05,0,0.0,06/12/2020 17:00,172.9375,172.9375,173.9375,174.9375,0.0
2020-06-16 07:30:00,171.02,171.15,170.21,170.26,171.26,171.25,171.23,171.19,171.12,169.28,169.3,170.0,170.05,170.23,0,0.0,0,0.0,0.0,0.0,0.0,0.0
2020-06-16 11:30:00,170.25,171.14,169.26,170.24,171.25,171.23,171.19,171.12,171.02,169.3,170.0,170.05,170.09,170.23,0,0.0,0,0.0,0.0,0.0,0.0,0.0
2020-06-16 15:30:00,170.23,170.29,170.12,170.21,171.25,171.23,171.19,171.12,171.02,169.28,169.3,170.0,170.05,170.09,0,0.0,0,0.0,0.0,0.0,0.0,0.0
2020-06-16 20:30:00,170.22,170.28,170.06,170.23,171.23,171.19,171.15,171.12,171.02,169.28,169.3,170.0,170.05,170.09,0,0.0,0,0.0,0.0,0.0,0.0,0.0
2020-06-17 00:30:00,170.22,171.05,170.1,171.0,171.19,171.15,171.14,171.12,171.02,169.28,169.3,170.0,170.05,170.09,0,0.0,0,0.0,0.0,0.0,0.0,0.0
2020-06-17 04:30:00,171.0,171.08,170.08,170.1,171.19,171.15,171.14,171.12,171.02,169.28,169.3,170.0,170.05,170.09,0,0.0,0,0.0,0.0,0.0,0.0,0.0
2020-06-17 08:30:00,170.1,170.25,170.09,170.15,171.19,171.15,171.14,171.12,171.02,169.3,170.0,170.05,170.06,170.09,0,0.0,0,0.0,0.0,0.0,0.0,0.0
2020-06-17 12:30:00,170.15,171.07,170.13,170.16,171.19,171.15,171.14,171.12,171.02,169.3,170.0,170.05,170.06,170.09,0,0.0,0,0.0,0.0,0.0,0.0,0.0
2020-06-17 16:30:00,170.17,171.1,170.12,171.04,171.15,171.14,171.12,171.08,171.02,170.0,170.05,170.06,170.08,170.09,0,0.0,06/16/2020 17:00,170.9375,170.9375,171.9375,172.9375,0.0
2020-06-17 21:30:00,171.05,172.01,170.27,171.31,171.19,171.15,171.14,171.12,171.08,170.06,170.08,170.09,170.09,171.02,06/17/2020 17:00,170.9375,0,0.0,170.9375,169.9375,168.9375,0.0
2020-06-17 21:30:00,171.05,172.01,170.27,171.31,171.19,171.15,171.14,171.12,171.08,170.06,170.08,170.09,170.09,171.02,06/17/2020 17:00,170.9375,0,0.0,170.9375,169.9375,168.9375,0.0
2020-06-17 21:30:00,171.05,172.01,170.27,171.31,171.19,171.15,171.14,171.12,171.08,170.06,170.08,170.09,170.09,171.02,06/17/2020 17:00,170.9375,0,0.0,170.9375,169.9375,168.9375,0.0
2020-06-17 21:30:00,171.05,172.01,170.27,171.31,171.19,171.15,171.14,171.12,171.08,170.06,170.08,170.09,170.09,171.02,06/17/2020 17:00,170.9375,0,0.0,170.9375,169.9375,168.9375,0.0
2020-06-17 21:30:00,171.05,172.01,170.27,171.31,171.19,171.15,171.14,171.12,171.08,170.06,170.08,170.09,170.09,171.02,06/17/2020 17:00,170.9375,0,0.0,170.9375,169.9375,168.9375,0.0
2020-06-17 21:30:00,171.05,172.01,170.27,171.31,171.19,171.15,171.14,171.12,171.08,170.06,170.08,170.09,170.09,171.02,06/17/2020 17:00,170.9375,0,0.0,170.9375,169.9375,168.9375,0.0
2020-06-17 21:30:00,171.05,172.01,170.27,171.31,171.19,171.15,171.14,171.12,171.08,170.06,170.08,170.09,170.09,171.02,06/17/2020 17:00,170.9375,0,0.0,170.9375,169.9375,168.9375,0.0
2020-06-18 01:30:00,171.31,172.04,171.22,171.27,173.03,172.31,172.23,172.08,172.07,171.15,171.19,171.23,171.25,171.26,06/17/2020 17:00,170.9375,0,0.0,170.9375,169.9375,168.9375,0.0
2020-06-18 05:30:00,171.26,171.31,171.08,171.16,173.03,172.31,172.23,172.08,172.07,171.14,171.15,171.19,171.23,171.25,0,0.0,0,0.0,0.0,0.0,0.0,0.0
2020-06-18 09:30:00,171.17,172.08,171.12,172.04,173.03,172.31,172.23,172.08,172.07,171.02,171.08,171.12,171.14,171.15,0,0.0,0,0.0,0.0,0.0,0.0,0.0
2020-06-18 13:30:00,172.05,172.08,171.27,172.04,173.03,172.31,172.23,172.08,172.07,171.02,171.08,171.12,171.14,171.15,0,0.0,0,0.0,0.0,0.0,0.0,0.0
2020-06-18 18:30:00,172.03,172.12,171.24,171.3,173.03,172.31,172.23,172.08,172.07,171.08,171.08,171.12,171.14,171.15,0,0.0,0,0.0,0.0,0.0,0.0,0.0
2020-06-18 22:30:00,171.3,172.03,171.22,172.0,173.03,172.31,172.23,172.08,172.07,171.08,171.12,171.12,171.14,171.15,0,0.0,0,0.0,0.0,0.0,0.0,0.0
2020-06-19 02:30:00,172.0,172.04,171.29,171.29,173.03,172.31,172.23,172.08,172.07,171.08,171.12,171.12,171.14,171.15,0,0.0,0,0.0,0.0,0.0,0.0,0.0
2020-06-19 06:30:00,171.3,171.3,171.12,171.17,172.31,172.23,172.12,172.08,172.07,171.08,171.12,171.12,171.14,171.15,0,0.0,0,0.0,0.0,0.0,0.0,0.0
2020-06-19 10:30:00,171.17,171.23,170.31,171.22,172.31,172.23,172.12,172.08,172.07,171.08,171.12,171.12,171.14,171.15,0,0.0,0,0.0,0.0,0.0,0.0,0.0
2020-06-19 14:30:00,171.22,172.15,171.22,172.04,172.23,172.12,172.08,172.07,172.04,171.08,171.12,171.12,171.14,171.15,0,0.0,0,0.0,0.0,0.0,0.0,0.0
2020-06-21 19:30:00,172.04,172.21,172.04,172.16,172.31,172.23,172.12,172.08,172.07,171.08,171.12,171.12,171.14,171.15,06/18/2020 17:00,172.28125,0,0.0,172.28125,171.28125,170.28125,0.0
2020-06-21 19:30:00,172.04,172.21,172.04,172.16,172.31,172.23,172.12,172.08,172.07,171.08,171.12,171.12,171.14,171.15,06/18/2020 17:00,172.28125,0,0.0,172.28125,171.28125,170.28125,0.0
2020-06-21 19:30:00,172.04,172.21,172.04,172.16,172.31,172.23,172.12,172.08,172.07,171.08,171.12,171.12,171.14,171.15,06/18/2020 17:00,172.28125,0,0.0,172.28125,171.28125,170.28125,0.0
2020-06-21 19:30:00,172.04,172.21,172.04,172.16,172.31,172.23,172.12,172.08,172.07,171.08,171.12,171.12,171.14,171.15,06/18/2020 17:00,172.28125,0,0.0,172.28125,171.28125,170.28125,0.0
2020-06-21 23:30:00,172.15,172.16,172.07,172.13,173.06,173.04,173.03,172.31,172.23,171.15,172.04,172.07,172.08,172.12,0,0.0,0,0.0,0.0,0.0,0.0,0.0
2020-06-22 03:30:00,172.13,172.18,172.07,172.09,173.06,173.04,173.03,172.31,172.23,171.22,172.04,172.07,172.08,172.12,0,0.0,0,0.0,0.0,0.0,0.0,0.0
2020-06-22 07:30:00,172.09,172.2,172.04,172.19,173.03,172.31,172.23,172.21,172.12,171.22,172.04,172.04,172.07,172.08,0,0.0,0,0.0,0.0,0.0,0.0,0.0
2020-06-22 11:30:00,172.19,172.3,172.11,172.2,173.04,173.03,172.31,172.23,172.21,171.22,172.04,172.04,172.07,172.08,0,0.0,0,0.0,0.0,0.0,0.0,0.0
2020-06-22 15:30:00,172.2,172.23,172.0,172.06,173.04,173.03,172.31,172.23,172.21,171.22,172.04,172.04,172.07,172.08,0,0.0,0,0.0,0.0,0.0,0.0,0.0
2020-06-22 20:30:00,172.07,172.09,171.27,171.29,173.03,172.31,172.23,172.21,172.08,171.14,171.15,171.22,172.04,172.04,0,0.0,0,0.0,0.0,0.0,0.0,0.0
2020-06-23 00:30:00,171.3,172.27,171.25,172.05,172.23,172.21,172.08,172.04,172.04,171.12,171.12,171.14,171.15,171.22,06/18/2020 17:00,172.28125,0,0.0,172.28125,171.28125,170.28125,0.0
2020-06-23 04:30:00,172.05,172.11,171.26,171.28,172.31,172.3,172.23,172.21,172.08,171.12,171.14,171.15,171.22,172.04,0,0.0,0,0.0,0.0,0.0,0.0,0.0
2020-06-23 08:30:00,171.28,172.02,171.13,171.16,172.31,172.3,172.23,172.21,172.08,171.12,171.12,171.14,171.15,171.22,0,0.0,0,0.0,0.0,0.0,0.0,0.0
2020-06-23 12:30:00,171.16,172.0,171.14,171.2,172.27,172.23,172.21,172.08,171.22,171.08,171.12,171.12,171.14,171.15,0,0.0,0,0.0,0.0,0.0,0.0,0.0
2020-06-23 16:30:00,171.2,171.3,171.2,171.26,172.23,172.21,172.11,172.08,171.22,171.08,171.12,171.12,171.14,171.15,06/18/2020 17:00,172.28125,0,0.0,172.28125,171.28125,170.28125,0.0
2020-06-23 21:30:00,171.26,171.27,171.13,171.14,172.23,172.21,172.11,172.08,172.02,171.12,171.13,171.14,171.15,171.22,0,0.0,0,0.0,0.0,0.0,0.0,0.0
2020-06-24 01:30:00,171.14,171.25,171.14,171.19,172.11,172.08,172.02,172.0,171.15,171.08,171.08,171.12,171.12,171.13,0,0.0,0,0.0,0.0,0.0,0.0,0.0
2020-06-24 05:30:00,171.18,172.08,171.1,172.05,172.11,172.08,172.02,172.0,171.3,171.08,171.12,171.12,171.13,171.14,06/18/2020 17:00,172.28125,0,0.0,172.28125,171.28125,170.28125,0.0
2020-06-24 05:30:00,171.18,172.08,171.1,172.05,172.11,172.08,172.02,172.0,171.3,171.08,171.12,171.12,171.13,171.14,06/18/2020 17:00,172.28125,0,0.0,172.28125,171.28125,170.28125,0.0
2020-06-24 05:30:00,171.18,172.08,171.1,172.05,172.11,172.08,172.02,172.0,171.3,171.08,171.12,171.12,171.13,171.14,06/18/2020 17:00,172.28125,0,0.0,172.28125,171.28125,170.28125,0.0
2020-06-24 09:30:00,172.05,172.07,171.14,171.24,172.27,172.23,172.21,172.11,172.08,171.13,171.14,171.3,172.0,172.02,0,0.0,0,0.0,0.0,0.0,0.0,0.0
2020-06-24 13:30:00,171.23,172.25,171.23,172.23,172.11,172.08,172.02,172.0,171.3,171.08,171.12,171.12,171.13,171.14,06/18/2020 17:00,172.28125,0,0.0,172.28125,171.28125,170.28125,0.0
2020-06-24 13:30:00,171.23,172.25,171.23,172.23,172.11,172.08,172.02,172.0,171.3,171.08,171.12,171.12,171.13,171.14,06/18/2020 17:00,172.28125,0,0.0,172.28125,171.28125,170.28125,0.0
2020-06-24 18:30:00,172.23,173.03,172.2,173.0,173.04,173.03,172.31,172.3,172.27,171.12,171.13,171.14,172.11,172.21,06/18/2020 17:00,172.28125,0,0.0,172.28125,171.28125,170.28125,0.0
2020-06-24 18:30:00,172.23,173.03,172.2,173.0,173.04,173.03,172.31,172.3,172.27,171.12,171.13,171.14,172.11,172.21,06/18/2020 17:00,172.28125,0,0.0,172.28125,171.28125,170.28125,0.0
2020-06-24 22:30:00,173.01,173.1,172.3,173.08,173.07,173.06,173.06,173.04,173.03,171.14,172.11,172.21,172.27,172.3,06/18/2020 17:00,172.28125,0,0.0,172.28125,171.28125,170.28125,0.0
2020-06-24 22:30:00,173.01,173.1,172.3,173.08,173.07,173.06,173.06,173.04,173.03,171.14,172.11,172.21,172.27,172.3,06/18/2020 17:00,172.28125,0,0.0,172.28125,171.28125,170.28125,0.0
2020-06-24 22:30:00,173.01,173.1,172.3,173.08,173.07,173.06,173.06,173.04,173.03,171.14,172.11,172.21,172.27,172.3,06/18/2020 17:00,172.28125,0,0.0,172.28125,171.28125,170.28125,0.0
2020-06-25 02:30:00,173.07,173.08,173.01,173.04,173.11,173.11,173.1,173.1,173.08,172.11,172.21,172.27,172.3,173.03,0,0.0,0,0.0,0.0,0.0,0.0,0.0
2020-06-25 06:30:00,173.05,173.14,173.03,173.07,173.11,173.1,173.1,173.08,173.07,172.2,172.21,172.27,172.3,173.03,0,0.0,0,0.0,0.0,0.0,0.0,0.0
2020-06-25 10:30:00,173.08,173.17,173.05,173.06,173.22,173.11,173.11,173.1,173.1,172.27,172.3,172.3,173.03,173.07,0,0.0,0,0.0,0.0,0.0,0.0,0.0
2020-06-25 14:30:00,173.06,173.12,173.01,173.06,173.11,173.1,173.1,173.08,173.07,172.27,172.3,172.3,173.01,173.03,0,0.0,0,0.0,0.0,0.0,0.0,0.0
2020-06-25 19:30:00,173.06,173.09,172.24,172.3,173.11,173.1,173.1,173.08,173.07,172.27,172.3,172.3,173.01,173.03,0,0.0,0,0.0,0.0,0.0,0.0,0.0
2020-06-25 23:30:00,172.3,173.02,172.28,173.01,173.1,173.08,173.07,173.03,173.01,171.23,172.11,172.2,172.21,172.27,0,0.0,0,0.0,0.0,0.0,0.0,0.0
2020-06-26 03:30:00,173.0,173.08,172.3,173.05,173.1,173.08,173.07,173.03,173.01,172.2,172.21,172.27,172.3,172.3,06/25/2020 17:00,172.9375,0,0.0,172.9375,171.9375,170.9375,0.0
2020-06-26 07:30:00,173.05,173.1,173.0,173.05,173.1,173.1,173.09,173.08,173.07,172.24,172.27,172.3,172.3,173.01,0,0.0,0,0.0,0.0,0.0,0.0,0.0
2020-06-26 11:30:00,173.05,174.0,173.05,173.29,173.1,173.1,173.09,173.08,173.07,172.27,172.28,172.3,172.3,173.01,06/25/2020 17:00,172.9375,0,0.0,172.9375,171.9375,170.9375,0.0
2020-06-26 11:30:00,173.05,174.0,173.05,173.29,173.1,173.1,173.09,173.08,173.07,172.27,172.28,172.3,172.3,173.01,06/25/2020 17:00,172.9375,0,0.0,172.9375,171.9375,170.9375,0.0
2020-06-26 11:30:00,173.05,174.0,173.05,173.29,173.1,173.1,173.09,173.08,173.07,172.27,172.28,172.3,172.3,173.01,06/25/2020 17:00,172.9375,0,0.0,172.9375,171.9375,170.9375,0.0
2020-06-26 11:30:00,173.05,174.0,173.05,173.29,173.1,173.1,173.09,173.08,173.07,172.27,172.28,172.3,172.3,173.01,06/25/2020 17:00,172.9375,0,0.0,172.9375,171.9375,170.9375,0.0
2020-06-26 11:30:00,173.05,174.0,173.05,173.29,173.1,173.1,173.09,173.08,173.07,172.27,172.28,172.3,172.3,173.01,06/25/2020 17:00,172.9375,0,0.0,172.9375,171.9375,170.9375,0.0
2020-06-26 11:30:00,173.05,174.0,173.05,173.29,173.1,173.1,173.09,173.08,173.07,172.27,172.28,172.3,172.3,173.01,06/25/2020 17:00,172.9375,0,0.0,172.9375,171.9375,170.9375,0.0
2020-06-26 11:30:00,173.05,174.0,173.05,173.29,173.1,173.1,173.09,173.08,173.07,172.27,172.28,172.3,172.3,173.01,06/25/2020 17:00,172.9375,0,0.0,172.9375,171.9375,170.9375,0.0
2020-06-26 11:30:00,173.05,174.0,173.05,173.29,173.1,173.1,173.09,173.08,173.07,172.27,172.28,172.3,172.3,173.01,06/25/2020 17:00,172.9375,0,0.0,172.9375,171.9375,170.9375,0.0
2020-06-26 11:30:00,173.05,174.0,173.05,173.29,173.1,173.1,173.09,173.08,173.07,172.27,172.28,172.3,172.3,173.01,06/25/2020 17:00,172.9375,0,0.0,172.9375,171.9375,170.9375,0.0
2020-06-26 11:30:00,173.05,174.0,173.05,173.29,173.1,173.1,173.09,173.08,173.07,172.27,172.28,172.3,172.3,173.01,06/25/2020 17:00,172.9375,0,0.0,172.9375,171.9375,170.9375,0.0
2020-06-26 11:30:00,173.05,174.0,173.05,173.29,173.1,173.1,173.09,173.08,173.07,172.27,172.28,172.3,172.3,173.01,06/25/2020 17:00,172.9375,0,0.0,172.9375,171.9375,170.9375,0.0
2020-06-26 15:30:00,173.29,174.05,173.27,173.31,174.1,174.09,174.05,174.03,174.01,173.17,173.22,173.23,173.25,173.26,06/25/2020 17:00,172.9375,0,0.0,172.9375,171.9375,170.9375,0.0
2020-06-28 20:30:00,173.31,174.1,173.28,174.07,174.1,174.09,174.05,174.03,174.01,173.17,173.22,173.23,173.25,173.26,06/26/2020 17:00,173.78125,0,0.0,173.78125,172.78125,171.78125,0.0
2020-06-28 20:30:00,173.31,174.1,173.28,174.07,174.1,174.09,174.05,174.03,174.01,173.17,173.22,173.23,173.25,173.26,06/26/2020 17:00,173.78125,0,0.0,173.78125,172.78125,171.78125,0.0
2020-06-28 20:30:00,173.31,174.1,173.28,174.07,174.1,174.09,174.05,174.03,174.01,173.17,173.22,173.23,173.25,173.26,06/26/2020 17:00,173.78125,0,0.0,173.78125,172.78125,171.78125,0.0
2020-06-29 00:30:00,174.06,174.1,173.28,174.0,174.14,174.14,174.12,174.1,174.09,173.25,173.26,174.01,174.03,174.05,0,0.0,0,0.0,0.0,0.0,0.0,0.0
2020-06-29 04:30:00,173.31,174.05,173.21,173.29,174.12,174.1,174.09,174.05,174.01,173.22,173.23,173.25,173.26,173.27,0,0.0,0,0.0,0.0,0.0,0.0,0.0
2020-06-29 08:30:00,173.28,173.3,173.21,173.22,174.12,174.1,174.09,174.05,174.01,173.22,173.23,173.25,173.26,173.27,0,0.0,0,0.0,0.0,0.0,0.0,0.0
2020-06-29 12:30:00,173.22,174.04,173.21,173.27,174.01,173.27,173.26,173.25,173.23,173.1,173.11,173.11,173.12,173.17,0,0.0,0,0.0,0.0,0.0,0.0,0.0
2020-06-29 16:30:00,173.28,174.0,173.22,174.0,174.1,174.09,174.05,174.05,174.01,173.11,173.12,173.17,173.22,173.27,06/26/2020 17:00,173.78125,0,0.0,173.78125,172.78125,171.78125,0.0
2020-06-29 21:30:00,174.0,174.1,173.3,174.0,174.1,174.09,174.05,174.05,174.01,173.11,173.12,173.17,173.22,173.27,0,0.0,0,0.0,0.0,0.0,0.0,0.0
2020-06-30 01:30:00,173.31,174.01,173.3,174.01,174.1,174.09,174.05,174.05,174.01,173.12,173.17,173.21,173.22,173.27,0,0.0,0,0.0,0.0,0.0,0.0,0.0
2020-06-30 05:30:00,174.01,174.08,173.3,174.04,174.1,174.1,174.09,174.05,174.05,173.17,173.21,173.22,173.22,173.27,0,0.0,0,0.0,0.0,0.0,0.0,0.0
2020-06-30 09:30:00,174.04,174.14,173.29,174.08,174.1,174.1,174.09,174.05,174.05,173.17,173.21,173.22,173.22,173.27,06/26/2020 17:00,173.78125,0,0.0,173.78125,172.78125,171.78125,0.0
2020-06-30 13:30:00,174.08,174.1,173.08,173.09,174.12,174.1,174.1,174.1,174.09,173.21,173.22,173.22,173.27,174.05,0,0.0,0,0.0,0.0,0.0,0.0,0.0
2020-06-30 18:30:00,173.09,173.18,173.04,173.11,173.21,173.17,173.12,173.11,173.1,172.3,173.0,173.01,173.05,173.08,0,0.0,0,0.0,0.0,0.0,0.0,0.0
2020-06-30 22:30:00,173.11,173.13,172.26,172.29,173.22,173.22,173.21,173.17,173.12,173.0,173.01,173.05,173.08,173.09,0,0.0,0,0.0,0.0,0.0,0.0,0.0
2020-07-01 02:30:00,172.28,173.01,172.22,172.3,173.05,173.0,172.3,172.3,172.3,172.11,172.2,172.21,172.24,172.27,0,0.0,0,0.0,0.0,0.0,0.0,0.0
2020-07-01 06:30:00,172.3,172.31,172.19,172.21,173.11,173.09,173.08,173.05,173.0,172.2,172.21,172.24,172.27,172.28,0,0.0,0,0.0,0.0,0.0,0.0,0.0
2020-07-01 10:30:00,172.21,172.31,172.14,172.15,172.3,172.3,172.28,172.27,172.24,171.14,171.14,171.23,172.11,172.2,0,0.0,0,0.0,0.0,0.0,0.0,0.0
2020-07-01 14:30:00,172.15,173.1,172.12,172.28,172.28,172.27,172.24,172.21,172.2,171.13,171.14,171.14,171.23,172.11,0,0.0,06/30/2020 17:00,173.78125,173.78125,174.78125,175.78125,0.0
2020-07-01 14:30:00,172.15,173.1,172.12,172.28,172.28,172.27,172.24,172.21,172.2,171.13,171.14,171.14,171.23,172.11,0,0.0,06/30/2020 17:00,173.78125,173.78125,174.78125,175.78125,0.0
2020-07-01 19:30:00,172.28,173.11,172.27,173.02,173.01,173.0,172.3,172.3,172.3,171.14,171.23,172.11,172.2,172.24,0,0.0,07/01/2020 17:00,173.34375,173.34375,174.34375,175.34375,0.0
2020-07-01 19:30:00,172.28,173.11,172.27,173.02,173.01,173.0,172.3,172.3,172.3,171.14,171.23,172.11,172.2,172.24,0,0.0,07/01/2020 17:00,173.34375,173.34375,174.34375,175.34375,0.0
2020-07-01 19:30:00,172.28,173.11,172.27,173.02,173.01,173.0,172.3,172.3,172.3,171.14,171.23,172.11,172.2,172.24,0,0.0,07/01/2020 17:00,173.34375,173.34375,174.34375,175.34375,0.0
2020-07-01 19:30:00,172.28,173.11,172.27,173.02,173.01,173.0,172.3,172.3,172.3,171.14,171.23,172.11,172.2,172.24,0,0.0,07/01/2020 17:00,173.34375,173.34375,174.34375,175.34375,0.0
2020-07-01 23:30:00,173.03,173.09,173.0,173.05,173.12,173.11,173.09,173.08,173.05,172.28,172.3,172.3,173.0,173.01,0,0.0,07/01/2020 17:00,173.34375,173.34375,174.34375,175.34375,0.0
2020-07-02 03:30:00,173.06,173.12,173.03,173.09,173.13,173.12,173.11,173.09,173.08,172.3,172.3,173.0,173.01,173.05,0,0.0,07/01/2020 17:00,173.34375,173.34375,174.34375,175.34375,0.0
2020-07-02 07:30:00,173.09,173.12,172.27,173.01,173.18,173.17,173.13,173.12,173.11,172.3,172.3,173.0,173.01,173.05,0,0.0,0,0.0,0.0,0.0,0.0,0.0
2020-07-02 11:30:00,173.01,173.13,172.06,173.07,173.17,173.13,173.12,173.11,173.09,172.27,172.28,172.3,172.3,173.0,0,0.0,0,0.0,0.0,0.0,0.0,0.0
2020-07-02 15:30:00,173.07,173.11,173.02,173.1,173.17,173.13,173.12,173.11,173.09,172.28,172.3,172.3,173.0,173.01,0,0.0,0,0.0,0.0,0.0,0.0,0.0
2020-07-02 20:30:00,173.1,173.15,173.09,173.13,173.18,173.17,173.13,173.12,173.11,172.28,172.3,172.3,173.0,173.01,0,0.0,0,0.0,0.0,0.0,0.0,0.0
2020-07-03 00:30:00,173.13,173.16,173.09,173.16,173.22,173.22,173.21,173.18,173.17,172.28,172.3,172.3,173.0,173.01,0,0.0,07/01/2020 17:00,173.34375,173.34375,174.34375,175.34375,0.0
2020-07-03 04:30:00,173.16,173.19,173.1,173.18,173.22,173.22,173.21,173.18,173.17,172.3,173.0,173.01,173.02,173.13,0,0.0,0,0.0,0.0,0.0,0.0,0.0
2020-07-03 08:30:00,173.18,173.25,173.17,173.2,174.09,174.05,173.22,173.22,173.21,172.3,173.0,173.01,173.02,173.13,0,0.0,07/01/2020 17:00,173.34375,173.34375,174.34375,175.34375,0.0
2020-07-03 12:30:00,173.2,173.21,173.09,173.15,174.09,174.05,173.22,173.22,173.21,173.01,173.02,173.09,173.13,173.18,0,0.0,0,0.0,0.0,0.0,0.0,0.0
2020-07-05 21:30:00,173.15,173.18,172.26,172.27,174.05,173.22,173.22,173.21,173.18,173.0,173.01,173.02,173.09,173.13,0,0.0,0,0.0,0.0,0.0,0.0,0.0
2020-07-06 01:30:00,172.26,172.28,172.16,172.19,173.13,173.09,173.02,173.01,172.27,172.06,172.11,172.12,172.2,172.24,0,0.0,0,0.0,0.0,0.0,0.0,0.0
2020-07-06 05:30:00,172.19,172.28,172.14,172.27,173.13,173.09,173.02,173.01,172.27,171.14,171.23,172.06,172.11,172.12,0,0.0,0,0.0,0.0,0.0,0.0,0.0
2020-07-06 09:30:00,172.27,172.28,172.09,172.17,173.18,173.13,173.09,173.02,173.01,171.14,171.23,172.06,172.11,172.12,0,0.0,0,0.0,0.0,0.0,0.0,0.0
2020-07-06 13:30:00,172.18,172.25,172.03,172.18,173.13,173.09,173.02,173.01,172.27,171.14,171.23,172.06,172.11,172.12,0,0.0,0,0.0,0.0,0.0,0.0,0.0
2020-07-06 18:30:00,172.18,173.02,172.15,173.01,173.13,173.09,173.02,173.01,172.27,171.14,171.23,172.06,172.11,172.12,07/03/2020 13:00,173.34375,0,0.0,173.34375,172.34375,171.34375,0.0
2020-07-06 22:30:00,173.01,173.07,172.22,173.05,173.18,173.18,173.13,173.09,173.02,171.23,172.06,172.11,172.12,172.27,07/03/2020 13:00,173.34375,0,0.0,173.34375,172.34375,171.34375,0.0
2020-07-07 02:30:00,173.06,173.13,173.0,173.12,173.21,173.18,173.18,173.13,173.09,172.06,172.11,172.12,172.27,173.02,07/03/2020 13:00,173.34375,0,0.0,173.34375,172.34375,171.34375,0.0
2020-07-07 06:30:00,173.13,173.16,173.03,173.04,173.22,173.21,173.21,173.18,173.18,172.12,172.15,172.27,173.02,173.09,0,0.0,0,0.0,0.0,0.0,0.0,0.0
2020-07-07 10:30:00,173.05,173.13,173.0,173.02,173.21,173.21,173.18,173.18,173.13,172.12,172.15,172.22,172.27,173.02,0,0.0,0,0.0,0.0,0.0,0.0,0.0
2020-07-07 14:30:00,173.01,174.02,173.01,174.01,173.21,173.18,173.18,173.13,173.02,172.11,172.12,172.15,172.22,172.27,07/03/2020 13:00,173.34375,0,0.0,173.34375,172.34375,171.34375,0.0
2020-07-07 14:30:00,173.01,174.02,173.01,174.01,173.21,173.18,173.18,173.13,173.02,172.11,172.12,172.15,172.22,172.27,07/03/2020 13:00,173.34375,0,0.0,173.34375,172.34375,171.34375,0.0
2020-07-07 14:30:00,173.01,174.02,173.01,174.01,173.21,173.18,173.18,173.13,173.02,172.11,172.12,172.15,172.22,172.27,07/03/2020 13:00,173.34375,0,0.0,173.34375,172.34375,171.34375,0.0
2020-07-07 14:30:00,173.01,174.02,173.01,174.01,173.21,173.18,173.18,173.13,173.02,172.11,172.12,172.15,172.22,172.27,07/03/2020 13:00,173.34375,0,0.0,173.34375,172.34375,171.34375,0.0
2020-07-07 19:30:00,174.01,174.09,173.27,174.01,174.1,174.1,174.1,174.09,174.05,173.18,173.21,173.21,173.22,173.25,07/07/2020 17:00,173.78125,0,0.0,173.78125,172.78125,171.78125,0.0
2020-07-07 23:30:00,174.0,174.03,173.27,173.3,174.1,174.1,174.1,174.09,174.05,173.18,173.21,173.21,173.22,173.25,0,0.0,0,0.0,0.0,0.0,0.0,0.0
2020-07-08 03:30:00,173.3,174.06,173.28,173.3,174.1,174.1,174.1,174.09,174.05,173.18,173.21,173.21,173.22,173.25,0,0.0,0,0.0,0.0,0.0,0.0,0.0
2020-07-08 07:30:00,173.31,174.02,173.25,174.0,174.1,174.1,174.09,174.09,174.05,173.18,173.21,173.21,173.22,173.25,0,0.0,0,0.0,0.0,0.0,0.0,0.0
2020-07-08 11:30:00,174.0,174.0,173.11,173.23,174.1,174.1,174.09,174.09,174.05,173.18,173.21,173.21,173.22,173.25,0,0.0,0,0.0,0.0,0.0,0.0,0.0
2020-07-08 15:30:00,173.23,174.01,173.17,173.26,174.09,174.09,174.06,174.05,173.25,173.02,173.18,173.21,173.21,173.22,0,0.0,0,0.0,0.0,0.0,0.0,0.0
2020-07-08 20:30:00,173.25,173.27,173.16,173.21,174.09,174.09,174.06,174.05,174.02,173.02,173.18,173.21,173.21,173.22,0,0.0,0,0.0,0.0,0.0,0.0,0.0
2020-07-09 00:30:00,173.21,173.26,173.19,173.22,174.09,174.09,174.06,174.05,174.02,173.0,173.01,173.02,173.11,173.18,0,0.0,0,0.0,0.0,0.0,0.0,0.0
2020-07-09 04:30:00,173.22,174.02,173.21,173.26,174.09,174.06,174.05,174.02,174.01,173.02,173.11,173.18,173.21,173.21,0,0.0,0,0.0,0.0,0.0,0.0,0.0
2020-07-09 08:30:00,173.27,174.0,173.25,173.3,174.09,174.06,174.05,174.02,174.01,173.11,173.16,173.18,173.21,173.21,0,0.0,0,0.0,0.0,0.0,0.0,0.0
2020-07-09 12:30:00,173.3,174.27,173.27,174.19,174.09,174.06,174.05,174.02,174.01,173.16,173.18,173.19,173.21,173.21,07/07/2020 17:00,173.78125,0,0.0,173.78125,172.78125,171.78125,0.0
2020-07-09 12:30:00,173.3,174.27,173.27,174.19,174.09,174.06,174.05,174.02,174.01,173.16,173.18,173.19,173.21,173.21,07/07/2020 17:00,173.78125,0,0.0,173.78125,172.78125,171.78125,0.0
2020-07-09 12:30:00,173.3,174.27,173.27,174.19,174.09,174.06,174.05,174.02,174.01,173.16,173.18,173.19,173.21,173.21,07/07/2020 17:00,173.78125,0,0.0,173.78125,172.78125,171.78125,0.0
2020-07-09 12:30:00,173.3,174.27,173.27,174.19,174.09,174.06,174.05,174.02,174.01,173.16,173.18,173.19,173.21,173.21,07/07/2020 17:00,173.78125,0,0.0,173.78125,172.78125,171.78125,0.0
2020-07-09 12:30:00,173.3,174.27,173.27,174.19,174.09,174.06,174.05,174.02,174.01,173.16,173.18,173.19,173.21,173.21,07/07/2020 17:00,173.78125,0,0.0,173.78125,172.78125,171.78125,0.0
2020-07-09 12:30:00,173.3,174.27,173.27,174.19,174.09,174.06,174.05,174.02,174.01,173.16,173.18,173.19,173.21,173.21,07/07/2020 17:00,173.78125,0,0.0,173.78125,172.78125,171.78125,0.0
2020-07-09 12:30:00,173.3,174.27,173.27,174.19,174.09,174.06,174.05,174.02,174.01,173.16,173.18,173.19,173.21,173.21,07/07/2020 17:00,173.78125,0,0.0,173.78125,172.78125,171.78125,0.0
2020-07-09 12:30:00,173.3,174.27,173.27,174.19,174.09,174.06,174.05,174.02,174.01,173.16,173.18,173.19,173.21,173.21,07/07/2020 17:00,173.78125,0,0.0,173.78125,172.78125,171.78125,0.0
2020-07-09 12:30:00,173.3,174.27,173.27,174.19,174.09,174.06,174.05,174.02,174.01,173.16,173.18,173.19,173.21,173.21,07/07/2020 17:00,173.78125,0,0.0,173.78125,172.78125,171.78125,0.0
2020-07-09 12:30:00,173.3,174.27,173.27,174.19,174.09,174.06,174.05,174.02,174.01,173.16,173.18,173.19,173.21,173.21,07/07/2020 17:00,173.78125,0,0.0,173.78125,172.78125,171.78125,0.0
2020-07-09 12:30:00,173.3,174.27,173.27,174.19,174.09,174.06,174.05,174.02,174.01,173.16,173.18,173.19,173.21,173.21,07/07/2020 17:00,173.78125,0,0.0,173.78125,172.78125,171.78125,0.0
2020-07-09 16:30:00,174.19,175.15,174.18,175.04,175.08,175.04,174.23,174.22,174.2,174.1,174.1,174.14,174.14,174.14,07/07/2020 17:00,173.78125,0,0.0,173.78125,172.78125,171.78125,0.0
2020-07-09 16:30:00,174.19,175.15,174.18,175.04,175.08,175.04,174.23,174.22,174.2,174.1,174.1,174.14,174.14,174.14,07/07/2020 17:00,173.78125,0,0.0,173.78125,172.78125,171.78125,0.0
2020-07-09 16:30:00,174.19,175.15,174.18,175.04,175.08,175.04,174.23,174.22,174.2,174.1,174.1,174.14,174.14,174.14,07/07/2020 17:00,173.78125,0,0.0,173.78125,172.78125,171.78125,0.0
2020-07-09 21:30:00,175.05,175.07,174.28,175.05,175.15,175.14,175.14,175.12,175.08,174.14,174.2,174.22,174.23,175.04,07/09/2020 17:00,175.125,0,0.0,175.125,174.125,173.125,0.0
2020-07-10 01:30:00,175.05,175.18,175.03,175.18,175.15,175.14,175.14,175.12,175.08,174.14,174.14,174.2,174.22,174.23,07/09/2020 17:00,175.125,0,0.0,175.125,174.125,173.125,0.0
2020-07-10 01:30:00,175.05,175.18,175.03,175.18,175.15,175.14,175.14,175.12,175.08,174.14,174.14,174.2,174.22,174.23,07/09/2020 17:00,175.125,0,0.0,175.125,174.125,173.125,0.0
2020-07-10 01:30:00,175.05,175.18,175.03,175.18,175.15,175.14,175.14,175.12,175.08,174.14,174.14,174.2,174.22,174.23,07/09/2020 17:00,175.125,0,0.0,175.125,174.125,173.125,0.0
2020-07-10 01:30:00,175.05,175.18,175.03,175.18,175.15,175.14,175.14,175.12,175.08,174.14,174.14,174.2,174.22,174.23,07/09/2020 17:00,175.125,0,0.0,175.125,174.125,173.125,0.0
2020-07-10 01:30:00,175.05,175.18,175.03,175.18,175.15,175.14,175.14,175.12,175.08,174.14,174.14,174.2,174.22,174.23,07/09/2020 17:00,175.125,0,0.0,175.125,174.125,173.125,0.0
2020-07-10 05:30:00,175.17,176.11,175.16,176.1,176.04,175.3,175.28,175.25,175.21,175.12,175.14,175.14,175.15,175.16,07/09/2020 17:00,175.125,0,0.0,175.125,174.125,173.125,0.0
2020-07-10 05:30:00,175.17,176.11,175.16,176.1,176.04,175.3,175.28,175.25,175.21,175.12,175.14,175.14,175.15,175.16,07/09/2020 17:00,175.125,0,0.0,175.125,174.125,173.125,0.0
2020-07-10 05:30:00,175.17,176.11,175.16,176.1,176.04,175.3,175.28,175.25,175.21,175.12,175.14,175.14,175.15,175.16,07/09/2020 17:00,175.125,0,0.0,175.125,174.125,173.125,0.0
2020-07-10 05:30:00,175.17,176.11,175.16,176.1,176.04,175.3,175.28,175.25,175.21,175.12,175.14,175.14,175.15,175.16,07/09/2020 17:00,175.125,0,0.0,175.125,174.125,173.125,0.0
2020-07-10 05:30:00,175.17,176.11,175.16,176.1,176.04,175.3,175.28,175.25,175.21,175.12,175.14,175.14,175.15,175.16,07/09/2020 17:00,175.125,0,0.0,175.125,174.125,173.125,0.0
2020-07-10 09:30:00,176.1,176.11,175.17,175.2,177.17,177.15,177.03,176.12,176.11,175.17,175.21,175.25,175.28,175.3,0,0.0,0,0.0,0.0,0.0,0.0,0.0
2020-07-10 13:30:00,175.2,175.24,174.26,174.29,176.11,175.3,175.28,175.25,175.21,175.14,175.14,175.15,175.16,175.17,0,0.0,0,0.0,0.0,0.0,0.0,0.0
2020-07-12 18:30:00,174.29,175.0,174.14,174.19,175.15,175.14,175.14,175.12,175.03,174.18,174.2,174.22,174.23,174.28,0,0.0,0,0.0,0.0,0.0,0.0,0.0
2020-07-12 22:30:00,174.19,174.3,174.19,174.22,175.14,175.14,175.12,175.03,174.28,174.1,174.14,174.14,174.14,174.18,0,0.0,0,0.0,0.0,0.0,0.0,0.0
2020-07-13 02:30:00,174.23,174.24,174.18,174.22,175.14,175.14,175.12,175.03,174.28,174.1,174.14,174.14,174.14,174.18,0,0.0,0,0.0,0.0,0.0,0.0,0.0
2020-07-13 06:30:00,174.22,174.26,174.15,174.15,175.14,175.12,175.03,175.0,174.28,174.14,174.14,174.14,174.14,174.18,0,0.0,0,0.0,0.0,0.0,0.0,0.0
2020-07-13 10:30:00,174.15,174.19,173.28,174.06,175.03,175.0,174.3,174.28,174.18,174.1,174.14,174.14,174.14,174.14,0,0.0,0,0.0,0.0,0.0,0.0,0.0
2020-07-13 14:30:00,174.06,174.18,174.03,174.17,174.1,174.1,174.1,174.09,174.09,173.21,173.25,173.27,174.01,174.02,0,0.0,07/10/2020 17:00,175.125,175.125,176.125,177.125,0.0
2020-07-13 19:30:00,174.17,175.04,174.16,174.3,175.0,174.3,174.28,174.26,174.18,173.27,174.01,174.02,174.06,174.14,0,0.0,07/10/2020 17:00,175.125,175.125,176.125,177.125,0.0
2020-07-13 19:30:00,174.17,175.04,174.16,174.3,175.0,174.3,174.28,174.26,174.18,173.27,174.01,174.02,174.06,174.14,0,0.0,07/10/2020 17:00,175.125,175.125,176.125,177.125,0.0
2020-07-13 19:30:00,174.17,175.04,174.16,174.3,175.0,174.3,174.28,174.26,174.18,173.27,174.01,174.02,174.06,174.14,0,0.0,07/10/2020 17:00,175.125,175.125,176.125,177.125,0.0
2020-07-13 23:30:00,174.3,175.08,174.29,175.03,175.14,175.14,175.12,175.03,175.0,174.06,174.14,174.18,174.26,174.28,0,0.0,07/10/2020 17:00,175.125,175.125,176.125,177.125,0.0
2020-07-13 23:30:00,174.3,175.08,174.29,175.03,175.14,175.14,175.12,175.03,175.0,174.06,174.14,174.18,174.26,174.28,0,0.0,07/10/2020 17:00,175.125,175.125,176.125,177.125,0.0
2020-07-14 03:30:00,175.03,175.05,174.22,174.31,175.16,175.15,175.14,175.14,175.12,174.18,174.26,174.28,174.3,175.0,0,0.0,0,0.0,0.0,0.0,0.0,0.0
2020-07-14 07:30:00,174.31,175.07,174.24,174.27,175.14,175.14,175.12,175.03,175.0,174.16,174.18,174.26,174.28,174.3,0,0.0,0,0.0,0.0,0.0,0.0,0.0
2020-07-14 11:30:00,174.28,175.21,174.26,175.09,175.12,175.08,175.03,175.0,174.3,174.06,174.14,174.16,174.18,174.26,0,0.0,07/10/2020 17:00,175.125,175.125,176.125,177.125,0.0
2020-07-14 11:30:00,174.28,175.21,174.26,175.09,175.12,175.08,175.03,175.0,174.3,174.06,174.14,174.16,174.18,174.26,0,0.0,07/10/2020 17:00,175.125,175.125,176.125,177.125,0.0
2020-07-14 15:30:00,175.09,175.15,175.01,175.02,175.16,175.15,175.14,175.14,175.12,174.18,174.22,174.26,175.03,175.08,0,0.0,0,0.0,0.0,0.0,0.0,0.0
2020-07-14 20:30:00,175.02,175.04,174.11,174.19,175.15,175.14,175.14,175.12,175.08,174.16,174.18,174.22,174.24,174.26,0,0.0,0,0.0,0.0,0.0,0.0,0.0
2020-07-15 00:30:00,174.2,174.26,174.13,174.22,175.12,175.08,174.26,174.24,174.22,174.03,174.06,174.14,174.16,174.18,0,0.0,0,0.0,0.0,0.0,0.0,0.0
2020-07-15 04:30:00,174.22,174.31,174.2,174.26,175.14,175.12,175.08,174.26,174.24,174.03,174.06,174.14,174.16,174.18,07/14/2020 17:00,175.125,0,0.0,175.125,174.125,173.125,0.0
2020-07-15 04:30:00,174.22,174.31,174.2,174.26,175.14,175.12,175.08,174.26,174.24,174.03,174.06,174.14,174.16,174.18,07/14/2020 17:00,175.125,0,0.0,175.125,174.125,173.125,0.0
2020-07-15 08:30:00,174.26,175.03,174.02,174.05,175.14,175.14,175.12,175.08,175.04,174.14,174.16,174.18,174.22,174.24,0,0.0,0,0.0,0.0,0.0,0.0,0.0
2020-07-15 12:30:00,174.04,174.28,174.0,174.25,175.04,174.26,174.16,174.11,174.06,173.27,173.28,174.01,174.02,174.03,07/14/2020 17:00,175.125,0,0.0,175.125,174.125,173.125,0.0
2020-07-15 12:30:00,174.04,174.28,174.0,174.25,175.04,174.26,174.16,174.11,174.06,173.27,173.28,174.01,174.02,174.03,07/14/2020 17:00,175.125,0,0.0,175.125,174.125,173.125,0.0
2020-07-15 16:30:00,174.25,174.31,174.16,174.18,175.14,175.12,175.08,175.04,174.26,174.01,174.02,174.03,174.11,174.16,0,0.0,0,0.0,0.0,0.0,0.0,0.0
2020-07-15 21:30:00,174.18,174.27,174.13,174.21,175.12,175.08,175.04,175.03,174.26,174.01,174.02,174.03,174.11,174.16,0,0.0,0,0.0,0.0,0.0,0.0,0.0
2020-07-16 01:30:00,174.21,174.28,174.17,174.26,175.12,175.08,175.04,175.03,174.26,174.01,174.02,174.03,174.11,174.16,0,0.0,0,0.0,0.0,0.0,0.0,0.0
2020-07-16 05:30:00,174.26,175.01,174.24,174.26,175.12,175.08,175.04,175.03,174.31,174.01,174.02,174.03,174.11,174.16,0,0.0,0,0.0,0.0,0.0,0.0,0.0
2020-07-16 09:30:00,174.26,175.08,174.23,175.06,175.12,175.08,175.04,175.03,174.31,174.02,174.03,174.11,174.13,174.16,07/14/2020 17:00,175.125,0,0.0,175.125,174.125,173.125,0.0
2020-07-16 09:30:00,174.26,175.08,174.23,175.06,175.12,175.08,175.04,175.03,174.31,174.02,174.03,174.11,174.13,174.16,07/14/2020 17:00,175.125,0,0.0,175.125,174.125,173.125,0.0
2020-07-16 09:30:00,174.26,175.08,174.23,175.06,175.12,175.08,175.04,175.03,174.31,174.02,174.03,174.11,174.13,174.16,07/14/2020 17:00,175.125,0,0.0,175.125,174.125,173.125,0.0
2020-07-16 13:30:00,175.05,175.12,174.29,175.04,175.15,175.14,175.14,175.12,175.08,174.16,174.17,174.31,175.03,175.04,0,0.0,0,0.0,0.0,0.0,0.0,0.0
2020-07-16 18:30:00,175.04,175.05,174.28,174.3,175.15,175.14,175.14,175.12,175.08,174.13,174.16,174.17,174.31,175.03,0,0.0,0,0.0,0.0,0.0,0.0,0.0
2020-07-16 22:30:00,174.3,175.0,174.28,174.3,175.12,175.08,175.04,175.03,174.31,174.11,174.13,174.16,174.17,174.23,0,0.0,0,0.0,0.0,0.0,0.0,0.0
2020-07-17 02:30:00,174.29,175.06,174.28,175.03,175.12,175.08,175.04,175.03,174.31,174.11,174.13,174.16,174.17,174.23,0,0.0,0,0.0,0.0,0.0,0.0,0.0
2020-07-17 06:30:00,175.02,175.12,175.02,175.09,175.12,175.12,175.08,175.04,175.03,174.11,174.13,174.16,174.17,174.23,0,0.0,0,0.0,0.0,0.0,0.0,0.0
2020-07-17 10:30:00,175.08,175.15,174.22,174.29,175.15,175.14,175.14,175.12,175.12,174.11,174.13,174.16,174.17,174.23,0,0.0,0,0.0,0.0,0.0,0.0,0.0
2020-07-17 14:30:00,174.29,175.04,174.16,174.2,175.15,175.14,175.14,175.12,175.12,174.11,174.13,174.16,174.17,174.23,0,0.0,0,0.0,0.0,0.0,0.0,0.0
2020-07-19 19:30:00,174.2,174.25,174.17,174.21,175.14,175.14,175.12,175.12,174.23,174.03,174.11,174.13,174.16,174.17,0,0.0,0,0.0,0.0,0.0,0.0,0.0
2020-07-19 23:30:00,174.21,174.3,174.19,174.29,175.14,175.14,175.12,175.12,174.23,174.03,174.11,174.13,174.16,174.17,07/14/2020 17:00,175.125,0,0.0,175.125,174.125,173.125,0.0
2020-07-20 03:30:00,174.29,174.31,174.19,174.25,175.14,175.14,175.12,175.12,175.04,174.13,174.16,174.16,174.17,174.23,0,0.0,0,0.0,0.0,0.0,0.0,0.0
2020-07-20 07:30:00,174.26,174.31,174.23,174.27,175.14,175.14,175.12,175.12,175.04,174.16,174.16,174.17,174.17,174.23,0,0.0,0,0.0,0.0,0.0,0.0,0.0
2020-07-20 11:30:00,174.26,175.12,174.26,175.01,175.14,175.14,175.12,175.12,175.04,174.16,174.16,174.17,174.17,174.23,0,0.0,0,0.0,0.0,0.0,0.0,0.0
2020-07-20 15:30:00,175.01,175.04,174.25,174.3,175.14,175.14,175.12,175.12,175.04,174.16,174.17,174.17,174.19,174.23,0,0.0,0,0.0,0.0,0.0,0.0,0.0
2020-07-20 20:30:00,174.3,175.05,174.27,175.01,175.14,175.14,175.12,175.12,175.04,174.17,174.17,174.19,174.23,174.23,0,0.0,0,0.0,0.0,0.0,0.0,0.0
2020-07-21 00:30:00,175.01,175.07,174.31,175.06,175.14,175.12,175.12,175.12,175.04,174.17,174.17,174.19,174.23,174.23,07/14/2020 17:00,175.125,0,0.0,175.125,174.125,173.125,0.0
2020-07-21 04:30:00,175.05,175.06,174.3,175.02,175.14,175.14,175.12,175.12,175.12,174.19,174.23,174.23,174.25,175.04,0,0.0,0,0.0,0.0,0.0,0.0,0.0
2020-07-21 08:30:00,175.03,175.03,174.24,174.31,175.14,175.12,175.12,175.12,175.04,174.19,174.23,174.23,174.25,174.27,0,0.0,0,0.0,0.0,0.0,0.0,0.0
2020-07-21 12:30:00,174.31,175.17,174.27,175.16,175.12,175.12,175.12,175.07,175.04,174.19,174.23,174.23,174.25,174.27,07/14/2020 17:00,175.125,0,0.0,175.125,174.125,173.125,0.0
2020-07-21 12:30:00,174.31,175.17,174.27,175.16,175.12,175.12,175.12,175.07,175.04,174.19,174.23,174.23,174.25,174.27,07/14/2020 17:00,175.125,0,0.0,175.125,174.125,173.125,0.0
2020-07-21 12:30:00,174.31,175.17,174.27,175.16,175.12,175.12,175.12,175.07,175.04,174.19,174.23,174.23,174.25,174.27,07/14/2020 17:00,175.125,0,0.0,175.125,174.125,173.125,0.0
2020-07-21 12:30:00,174.31,175.17,174.27,175.16,175.12,175.12,175.12,175.07,175.04,174.19,174.23,174.23,174.25,174.27,07/14/2020 17:00,175.125,0,0.0,175.125,174.125,173.125,0.0
2020-07-21 16:30:00,175.16,175.16,175.04,175.09,175.25,175.24,175.21,175.21,175.17,175.07,175.12,175.12,175.15,175.15,0,0.0,0,0.0,0.0,0.0,0.0,0.0
2020-07-21 21:30:00,175.09,175.1,175.06,175.08,175.16,175.15,175.15,175.12,175.12,174.23,174.24,174.25,174.27,175.07,0,0.0,0,0.0,0.0,0.0,0.0,0.0
2020-07-22 01:30:00,175.07,175.09,175.05,175.06,175.16,175.15,175.15,175.12,175.12,174.23,174.24,174.25,174.27,174.27,0,0.0,0,0.0,0.0,0.0,0.0,0.0
2020-07-22 05:30:00,175.06,175.23,175.06,175.21,175.15,175.15,175.12,175.12,175.07,174.24,174.25,174.27,174.27,175.04,07/14/2020 17:00,175.125,0,0.0,175.125,174.125,173.125,0.0
2020-07-22 05:30:00,175.06,175.23,175.06,175.21,175.15,175.15,175.12,175.12,175.07,174.24,174.25,174.27,174.27,175.04,07/14/2020 17:00,175.125,0,0.0,175.125,174.125,173.125,0.0
2020-07-22 05:30:00,175.06,175.23,175.06,175.21,175.15,175.15,175.12,175.12,175.07,174.24,174.25,174.27,174.27,175.04,07/14/2020 17:00,175.125,0,0.0,175.125,174.125,173.125,0.0
2020-07-22 09:30:00,175.2,175.28,175.17,175.28,175.28,175.25,175.24,175.21,175.21,174.27,174.27,175.04,175.16,175.17,07/14/2020 17:00,175.125,0,0.0,175.125,174.125,173.125,0.0
2020-07-22 09:30:00,175.2,175.28,175.17,175.28,175.28,175.25,175.24,175.21,175.21,174.27,174.27,175.04,175.16,175.17,07/14/2020 17:00,175.125,0,0.0,175.125,174.125,173.125,0.0
2020-07-22 13:30:00,175.28,175.29,175.2,175.23,177.03,176.12,176.11,176.11,175.3,175.05,175.16,175.17,175.21,175.24,0,0.0,0,0.0,0.0,0.0,0.0,0.0
2020-07-22 18:30:00,175.24,175.25,175.12,175.17,176.12,176.11,176.11,175.3,175.28,175.05,175.06,175.16,175.17,175.21,0,0.0,0,0.0,0.0,0.0,0.0,0.0
2020-07-22 22:30:00,175.17,175.19,175.15,175.17,176.11,175.3,175.28,175.24,175.21,174.27,175.04,175.05,175.06,175.16,0,0.0,0,0.0,0.0,0.0,0.0,0.0
2020-07-23 02:30:00,175.17,175.2,175.15,175.2,175.3,175.29,175.28,175.24,175.21,174.27,175.04,175.05,175.06,175.16,0,0.0,0,0.0,0.0,0.0,0.0,0.0
2020-07-23 06:30:00,175.21,175.22,175.14,175.2,175.3,175.29,175.28,175.25,175.24,175.05,175.06,175.12,175.16,175.17,0,0.0,0,0.0,0.0,0.0,0.0,0.0
2020-07-23 10:30:00,175.2,176.04,175.14,175.31,175.29,175.28,175.25,175.24,175.21,175.05,175.06,175.12,175.16,175.17,07/22/2020 17:00,175.4375,0,0.0,175.4375,174.4375,173.4375,0.0
2020-07-23 10:30:00,175.2,176.04,175.14,175.31,175.29,175.28,175.25,175.24,175.21,175.05,175.06,175.12,175.16,175.17,07/22/2020 17:00,175.4375,0,0.0,175.4375,174.4375,173.4375,0.0
2020-07-23 14:30:00,175.3,176.04,175.24,176.0,177.15,177.03,176.12,176.11,176.11,175.12,175.16,175.17,175.25,175.29,0,0.0,0,0.0,0.0,0.0,0.0,0.0
2020-07-23 19:30:00,176.0,176.08,175.3,176.06,177.15,177.03,176.12,176.11,176.11,175.12,175.16,175.17,175.25,175.29,0,0.0,0,0.0,0.0,0.0,0.0,0.0
2020-07-23 23:30:00,176.06,176.16,176.04,176.14,177.15,177.03,176.12,176.11,176.11,175.14,175.16,175.17,175.25,175.29,07/23/2020 17:00,175.96875,0,0.0,175.96875,174.96875,173.96875,0.0
2020-07-23 23:30:00,176.06,176.16,176.04,176.14,177.15,177.03,176.12,176.11,176.11,175.14,175.16,175.17,175.25,175.29,07/23/2020 17:00,175.96875,0,0.0,175.96875,174.96875,173.96875,0.0
2020-07-24 03:30:00,176.15,176.27,176.07,176.21,179.08,178.05,177.17,177.15,177.03,175.25,175.29,176.11,176.11,176.12,07/23/2020 17:00,175.96875,0,0.0,175.96875,174.96875,173.96875,0.0
2020-07-24 07:30:00,176.21,176.24,175.28,176.01,179.08,178.05,177.17,177.15,177.03,175.29,175.3,176.11,176.11,176.12,0,0.0,0,0.0,0.0,0.0,0.0,0.0
2020-07-24 11:30:00,176.0,176.08,175.2,175.29,177.15,177.03,176.12,176.11,176.11,175.17,175.24,175.25,175.29,175.3,0,0.0,0,0.0,0.0,0.0,0.0,0.0
2020-07-24 15:30:00,175.3,176.07,175.3,176.03,177.03,176.27,176.12,176.11,176.11,175.16,175.17,175.24,175.25,175.29,07/23/2020 17:00,175.96875,0,0.0,175.96875,174.96875,173.96875,0.0
2020-07-26 20:30:00,176.02,176.06,175.28,175.3,176.27,176.24,176.12,176.11,176.11,175.17,175.24,175.25,175.29,175.3,0,0.0,0,0.0,0.0,0.0,0.0,0.0
2020-07-27 00:30:00,175.3,176.04,175.29,176.02,176.24,176.12,176.11,176.11,176.08,175.17,175.2,175.24,175.25,175.29,0,0.0,0,0.0,0.0,0.0,0.0,0.0
2020-07-27 04:30:00,176.01,176.12,175.31,176.07,176.12,176.11,176.11,176.08,176.07,175.2,175.24,175.25,175.29,175.3,0,0.0,0,0.0,0.0,0.0,0.0,0.0
2020-07-27 08:30:00,176.07,176.18,176.05,176.08,176.24,176.12,176.11,176.11,176.08,175.24,175.25,175.28,175.29,175.3,0,0.0,07/24/2020 17:00,175.96875,175.96875,176.96875,177.96875,0.0
2020-07-27 12:30:00,176.09,176.13,176.0,176.06,176.27,176.24,176.12,176.11,176.11,175.29,175.29,175.3,176.07,176.08,0,0.0,0,0.0,0.0,0.0,0.0,0.0
2020-07-27 16:30:00,176.07,176.08,175.13,175.16,176.24,176.12,176.11,176.11,176.08,175.28,175.29,175.29,175.3,175.31,0,0.0,0,0.0,0.0,0.0,0.0,0.0
2020-07-27 21:30:00,175.16,175.16,175.08,175.08,175.28,175.25,175.24,175.2,175.17,175.04,175.05,175.06,175.12,175.14,0,0.0,0,0.0,0.0,0.0,0.0,0.0
2020-07-28 01:30:00,175.08,175.09,174.27,174.28,175.2,175.17,175.16,175.14,175.12,174.27,174.27,175.04,175.05,175.06,0,0.0,0,0.0,0.0,0.0,0.0,0.0
2020-07-28 05:30:00,174.29,175.17,174.27,175.16,175.14,175.12,175.06,175.05,175.04,174.23,174.24,174.25,174.27,174.27,0,0.0,07/27/2020 17:00,175.65625,175.65625,176.65625,177.65625,0.0
2020-07-28 05:30:00,174.29,175.17,174.27,175.16,175.14,175.12,175.06,175.05,175.04,174.23,174.24,174.25,174.27,174.27,0,0.0,07/27/2020 17:00,175.65625,175.65625,176.65625,177.65625,0.0
2020-07-28 05:30:00,174.29,175.17,174.27,175.16,175.14,175.12,175.06,175.05,175.04,174.23,174.24,174.25,174.27,174.27,0,0.0,07/27/2020 17:00,175.65625,175.65625,176.65625,177.65625,0.0
2020-07-28 05:30:00,174.29,175.17,174.27,175.16,175.14,175.12,175.06,175.05,175.04,174.23,174.24,174.25,174.27,174.27,0,0.0,07/27/2020 17:00,175.65625,175.65625,176.65625,177.65625,0.0
2020-07-28 05:30:00,174.29,175.17,174.27,175.16,175.14,175.12,175.06,175.05,175.04,174.23,174.24,174.25,174.27,174.27,0,0.0,07/27/2020 17:00,175.65625,175.65625,176.65625,177.65625,0.0
2020-07-28 09:30:00,175.16,176.05,175.14,175.31,175.28,175.25,175.24,175.2,175.17,175.04,175.05,175.06,175.12,175.14,0,0.0,07/27/2020 17:00,175.65625,175.65625,176.65625,177.65625,0.0
2020-07-28 09:30:00,175.16,176.05,175.14,175.31,175.28,175.25,175.24,175.2,175.17,175.04,175.05,175.06,175.12,175.14,0,0.0,07/27/2020 17:00,175.65625,175.65625,176.65625,177.65625,0.0
2020-07-28 09:30:00,175.16,176.05,175.14,175.31,175.28,175.25,175.24,175.2,175.17,175.04,175.05,175.06,175.12,175.14,0,0.0,07/27/2020 17:00,175.65625,175.65625,176.65625,177.65625,0.0
2020-07-28 09:30:00,175.16,176.05,175.14,175.31,175.28,175.25,175.24,175.2,175.17,175.04,175.05,175.06,175.12,175.14,0,0.0,07/27/2020 17:00,175.65625,175.65625,176.65625,177.65625,0.0
2020-07-28 13:30:00,175.31,176.14,175.3,176.14,176.11,176.11,176.08,176.08,176.07,175.14,175.2,175.24,175.28,175.29,0,0.0,07/27/2020 17:00,175.65625,175.65625,176.65625,177.65625,0.0
2020-07-28 13:30:00,175.31,176.14,175.3,176.14,176.11,176.11,176.08,176.08,176.07,175.14,175.2,175.24,175.28,175.29,0,0.0,07/27/2020 17:00,175.65625,175.65625,176.65625,177.65625,0.0
2020-07-28 13:30:00,175.31,176.14,175.3,176.14,176.11,176.11,176.08,176.08,176.07,175.14,175.2,175.24,175.28,175.29,0,0.0,07/27/2020 17:00,175.65625,175.65625,176.65625,177.65625,0.0
2020-07-28 18:30:00,176.13,176.16,176.1,176.13,177.15,177.03,176.27,176.24,176.18,175.28,175.29,175.31,176.08,176.08,07/28/2020 17:00,175.96875,0,0.0,175.96875,174.96875,173.96875,0.0
2020-07-28 22:30:00,176.13,176.15,176.11,176.12,177.15,177.03,176.27,176.24,176.18,175.28,175.29,175.31,176.08,176.08,0,0.0,0,0.0,0.0,0.0,0.0,0.0
2020-07-29 02:30:00,176.12,176.16,176.1,176.13,177.03,176.27,176.24,176.18,176.13,175.29,175.3,175.31,176.08,176.08,0,0.0,0,0.0,0.0,0.0,0.0,0.0
2020-07-29 06:30:00,176.13,176.14,176.03,176.04,177.15,177.03,176.27,176.24,176.18,175.29,175.3,175.31,176.08,176.08,0,0.0,0,0.0,0.0,0.0,0.0,0.0
2020-07-29 10:30:00,176.04,176.17,176.0,176.06,176.24,176.18,176.13,176.08,176.08,175.24,175.28,175.29,175.3,175.31,0,0.0,0,0.0,0.0,0.0,0.0,0.0
2020-07-29 14:30:00,176.06,176.09,175.26,176.0,176.24,176.18,176.13,176.08,176.08,175.24,175.28,175.29,175.3,175.31,0,0.0,0,0.0,0.0,0.0,0.0,0.0
2020-07-29 19:30:00,176.01,176.17,175.29,176.1,176.24,176.18,176.13,176.08,176.08,175.24,175.28,175.29,175.3,175.31,0,0.0,0,0.0,0.0,0.0,0.0,0.0
2020-07-29 23:30:00,176.11,176.13,176.07,176.12,177.03,176.27,176.24,176.18,176.13,175.24,175.28,175.29,175.3,175.31,0,0.0,0,0.0,0.0,0.0,0.0,0.0
2020-07-30 03:30:00,176.12,176.23,176.1,176.2,177.03,176.27,176.24,176.18,176.13,175.26,175.28,175.29,175.3,175.31,0,0.0,07/29/2020 17:00,176.28125,176.28125,177.28125,178.28125,0.0
2020-07-30 07:30:00,176.2,176.31,176.2,176.3,177.17,177.15,177.03,176.27,176.24,175.29,175.29,175.3,175.31,176.18,0,0.0,07/29/2020 17:00,176.28125,176.28125,177.28125,178.28125,0.0
2020-07-30 07:30:00,176.2,176.31,176.2,176.3,177.17,177.15,177.03,176.27,176.24,175.29,175.29,175.3,175.31,176.18,0,0.0,07/29/2020 17:00,176.28125,176.28125,177.28125,178.28125,0.0
2020-07-30 11:30:00,176.3,177.12,176.23,177.05,179.08,178.05,177.17,177.15,177.03,175.31,176.07,176.18,176.24,176.27,0,0.0,07/29/2020 17:00,176.28125,176.28125,177.28125,178.28125,0.0
2020-07-30 15:30:00,177.05,177.09,177.0,177.08,179.25,179.08,178.05,177.17,177.15,176.1,176.18,176.24,176.27,177.03,0,0.0,0,0.0,0.0,0.0,0.0,0.0
2020-07-30 20:30:00,177.08,177.09,177.0,177.09,179.25,179.08,178.05,177.17,177.15,176.18,176.2,176.24,176.27,177.03,0,0.0,0,0.0,0.0,0.0,0.0,0.0
2020-07-31 00:30:00,177.09,177.23,177.09,177.22,179.08,178.05,177.17,177.15,177.12,176.2,176.23,176.24,176.27,177.03,07/30/2020 17:00,176.28125,0,0.0,176.28125,175.28125,174.28125,0.0
2020-07-31 00:30:00,177.09,177.23,177.09,177.22,179.08,178.05,177.17,177.15,177.12,176.2,176.23,176.24,176.27,177.03,07/30/2020 17:00,176.28125,0,0.0,176.28125,175.28125,174.28125,0.0
2020-07-31 00:30:00,177.09,177.23,177.09,177.22,179.08,178.05,177.17,177.15,177.12,176.2,176.23,176.24,176.27,177.03,07/30/2020 17:00,176.28125,0,0.0,176.28125,175.28125,174.28125,0.0
2020-07-31 04:30:00,177.22,177.23,177.05,177.11,182.06,180.24,179.25,179.08,178.05,176.27,177.03,177.12,177.15,177.17,0,0.0,0,0.0,0.0,0.0,0.0,0.0
2020-07-31 08:30:00,177.11,177.18,177.06,177.13,179.25,179.08,178.05,177.17,177.12,176.23,176.24,176.27,177.0,177.03,0,0.0,0,0.0,0.0,0.0,0.0,0.0
2020-07-31 12:30:00,177.13,177.15,176.18,176.27,180.24,179.25,179.08,178.05,177.17,176.23,176.24,176.27,177.0,177.03,0,0.0,0,0.0,0.0,0.0,0.0,0.0
2020-07-31 16:30:00,176.27,177.12,176.18,177.08,178.05,177.23,177.17,177.03,177.0,176.1,176.18,176.2,176.23,176.24,07/30/2020 17:00,176.28125,0,0.0,176.28125,175.28125,174.28125,0.0
2020-08-02 21:30:00,177.08,177.14,176.22,176.24,179.08,178.05,177.23,177.18,177.17,176.2,176.23,176.24,176.27,177.0,0,0.0,0,0.0,0.0,0.0,0.0,0.0
2020-08-03 01:30:00,176.23,177.03,176.22,176.28,177.18,177.17,177.15,176.27,176.24,175.31,176.07,176.1,176.18,176.2,0,0.0,0,0.0,0.0,0.0,0.0,0.0
2020-08-03 05:30:00,176.28,177.05,176.25,176.3,178.05,177.23,177.18,177.17,177.15,176.18,176.18,176.2,176.23,176.24,0,0.0,0,0.0,0.0,0.0,0.0,0.0
2020-08-03 09:30:00,176.3,176.31,176.07,176.11,177.23,177.18,177.17,177.15,177.14,176.18,176.18,176.2,176.23,176.24,0,0.0,0,0.0,0.0,0.0,0.0,0.0
2020-08-03 13:30:00,176.11,176.25,176.06,176.15,176.24,176.23,176.2,176.18,176.18,175.29,175.3,175.31,176.07,176.1,0,0.0,0,0.0,0.0,0.0,0.0,0.0
2020-08-03 18:30:00,176.16,176.29,176.12,176.23,176.24,176.23,176.2,176.18,176.18,175.29,175.3,175.31,176.07,176.1,0,0.0,08/03/2020 17:00,176.84375,176.84375,177.84375,178.84375,0.0
2020-08-03 18:30:00,176.16,176.29,176.12,176.23,176.24,176.23,176.2,176.18,176.18,175.29,175.3,175.31,176.07,176.1,0,0.0,08/03/2020 17:00,176.84375,176.84375,177.84375,178.84375,0.0
2020-08-03 22:30:00,176.23,176.24,176.16,176.18,177.15,177.14,177.05,176.31,176.24,175.31,176.07,176.1,176.18,176.2,0,0.0,0,0.0,0.0,0.0,0.0,0.0
2020-08-04 02:30:00,176.18,176.24,176.17,176.21,177.14,177.05,176.31,176.24,176.23,175.3,175.31,176.06,176.07,176.1,0,0.0,0,0.0,0.0,0.0,0.0,0.0
2020-08-04 06:30:00,176.21,177.04,176.17,177.01,177.05,176.31,176.29,176.24,176.23,176.06,176.07,176.1,176.12,176.18,0,0.0,08/03/2020 17:00,176.84375,176.84375,177.84375,178.84375,0.0
2020-08-04 06:30:00,176.21,177.04,176.17,177.01,177.05,176.31,176.29,176.24,176.23,176.06,176.07,176.1,176.12,176.18,0,0.0,08/03/2020 17:00,176.84375,176.84375,177.84375,178.84375,0.0
2020-08-04 06:30:00,176.21,177.04,176.17,177.01,177.05,176.31,176.29,176.24,176.23,176.06,176.07,176.1,176.12,176.18,0,0.0,08/03/2020 17:00,176.84375,176.84375,177.84375,178.84375,0.0
2020-08-04 10:30:00,177.01,177.25,176.31,177.21,177.18,177.17,177.15,177.14,177.05,176.16,176.18,176.23,176.29,176.31,0,0.0,08/03/2020 17:00,176.84375,176.84375,177.84375,178.84375,0.0
2020-08-04 10:30:00,177.01,177.25,176.31,177.21,177.18,177.17,177.15,177.14,177.05,176.16,176.18,176.23,176.29,176.31,0,0.0,08/03/2020 17:00,176.84375,176.84375,177.84375,178.84375,0.0
2020-08-04 10:30:00,177.01,177.25,176.31,177.21,177.18,177.17,177.15,177.14,177.05,176.16,176.18,176.23,176.29,176.31,0,0.0,08/03/2020 17:00,176.84375,176.84375,177.84375,178.84375,0.0
2020-08-04 10:30:00,177.01,177.25,176.31,177.21,177.18,177.17,177.15,177.14,177.05,176.16,176.18,176.23,176.29,176.31,0,0.0,08/03/2020 17:00,176.84375,176.84375,177.84375,178.84375,0.0
2020-08-04 14:30:00,177.21,177.27,177.13,177.23,180.24,179.25,179.08,178.05,177.23,176.31,177.05,177.14,177.15,177.18,0,0.0,0,0.0,0.0,0.0,0.0,0.0
2020-08-04 19:30:00,177.22,177.29,177.2,177.23,180.24,179.25,179.08,178.05,177.23,176.31,177.05,177.14,177.15,177.18,0,0.0,0,0.0,0.0,0.0,0.0,0.0
2020-08-04 23:30:00,177.23,177.27,177.2,177.22,182.06,180.24,179.25,179.08,178.05,176.31,177.05,177.14,177.15,177.18,0,0.0,0,0.0,0.0,0.0,0.0,0.0
2020-08-05 03:30:00,177.22,177.22,177.13,177.14,180.24,179.25,179.08,178.05,177.23,177.05,177.13,177.14,177.15,177.18,0,0.0,0,0.0,0.0,0.0,0.0,0.0
2020-08-05 07:30:00,177.14,177.17,177.02,177.05,178.05,177.29,177.23,177.18,177.15,176.29,176.31,176.31,177.05,177.13,0,0.0,0,0.0,0.0,0.0,0.0,0.0
2020-08-05 11:30:00,177.04,177.07,176.2,176.24,177.18,177.15,177.14,177.13,177.05,176.18,176.23,176.29,176.31,176.31,0,0.0,0,0.0,0.0,0.0,0.0,0.0
2020-08-05 15:30:00,176.24,177.04,176.18,176.3,177.13,177.05,176.31,176.31,176.29,176.12,176.16,176.17,176.18,176.23,0,0.0,0,0.0,0.0,0.0,0.0,0.0
2020-08-05 20:30:00,176.31,176.31,176.22,176.23,177.17,177.15,177.14,177.13,177.05,176.12,176.16,176.17,176.18,176.23,0,0.0,0,0.0,0.0,0.0,0.0,0.0
2020-08-06 00:30:00,176.23,177.06,176.2,177.02,177.13,177.07,177.05,176.31,176.31,176.1,176.12,176.16,176.17,176.18,0,0.0,08/05/2020 17:00,177.53125,177.53125,178.53125,179.53125,0.0
2020-08-06 04:30:00,177.02,177.09,176.26,177.05,177.15,177.14,177.13,177.07,177.05,176.17,176.18,176.18,176.23,176.31,0,0.0,0,0.0,0.0,0.0,0.0,0.0
2020-08-06 08:30:00,177.05,177.25,177.03,177.18,177.17,177.15,177.14,177.13,177.07,176.17,176.18,176.18,176.23,176.31,0,0.0,08/05/2020 17:00,177.53125,177.53125,178.53125,179.53125,0.0
2020-08-06 08:30:00,177.05,177.25,177.03,177.18,177.17,177.15,177.14,177.13,177.07,176.17,176.18,176.18,176.23,176.31,0,0.0,08/05/2020 17:00,177.53125,177.53125,178.53125,179.53125,0.0
2020-08-06 08:30:00,177.05,177.25,177.03,177.18,177.17,177.15,177.14,177.13,177.07,176.17,176.18,176.18,176.23,176.31,0,0.0,08/05/2020 17:00,177.53125,177.53125,178.53125,179.53125,0.0
2020-08-06 12:30:00,177.17,178.03,177.08,177.14,177.29,177.27,177.23,177.22,177.18,176.2,176.23,176.31,177.07,177.13,0,0.0,0,0.0,0.0,0.0,0.0,0.0
2020-08-06 16:30:00,177.14,177.16,176.31,177.05,177.27,177.23,177.22,177.18,177.17,176.23,176.26,176.31,177.07,177.13,0,0.0,0,0.0,0.0,0.0,0.0,0.0
2020-08-06 21:30:00,177.05,177.17,177.03,177.17,177.23,177.22,177.18,177.17,177.07,176.18,176.2,176.23,176.26,176.31,0,0.0,0,0.0,0.0,0.0,0.0,0.0
2020-08-07 01:30:00,177.17,177.23,177.14,177.17,177.29,177.27,177.23,177.22,177.18,176.18,176.2,176.23,176.26,176.31,0,0.0,0,0.0,0.0,0.0,0.0,0.0
2020-08-07 05:30:00,177.17,177.23,177.13,177.17,177.29,177.27,177.23,177.22,177.18,176.2,176.23,176.26,176.31,176.31,0,0.0,0,0.0,0.0,0.0,0.0,0.0
2020-08-07 09:30:00,177.18,177.2,176.23,177.09,178.03,177.29,177.27,177.23,177.22,176.26,176.31,176.31,177.03,177.17,0,0.0,0,0.0,0.0,0.0,0.0,0.0
2020-08-07 13:30:00,177.1,177.15,176.1,176.16,177.27,177.23,177.22,177.18,177.17,176.23,176.26,176.31,176.31,177.03,0,0.0,0,0.0,0.0,0.0,0.0,0.0
2020-08-09 18:30:00,176.16,176.24,176.11,176.16,176.31,176.26,176.2,176.18,176.17,175.31,176.06,176.07,176.1,176.12,0,0.0,0,0.0,0.0,0.0,0.0,0.0
2020-08-09 22:30:00,176.17,176.17,176.11,176.11,177.03,176.31,176.26,176.2,176.18,176.06,176.07,176.1,176.12,176.16,0,0.0,0,0.0,0.0,0.0,0.0,0.0
2020-08-10 02:30:00,176.11,176.11,176.05,176.08,176.2,176.18,176.17,176.16,176.12,175.31,176.06,176.07,176.1,176.1,0,0.0,0,0.0,0.0,0.0,0.0,0.0
2020-08-10 06:30:00,176.09,176.21,176.0,176.19,176.17,176.16,176.12,176.1,176.1,175.29,175.3,175.31,176.06,176.07,0,0.0,08/05/2020 17:00,177.53125,177.53125,178.53125,179.53125,0.0
2020-08-10 06:30:00,176.09,176.21,176.0,176.19,176.17,176.16,176.12,176.1,176.1,175.29,175.3,175.31,176.06,176.07,0,0.0,08/05/2020 17:00,177.53125,177.53125,178.53125,179.53125,0.0
2020-08-10 06:30:00,176.09,176.21,176.0,176.19,176.17,176.16,176.12,176.1,176.1,175.29,175.3,175.31,176.06,176.07,0,0.0,08/05/2020 17:00,177.53125,177.53125,178.53125,179.53125,0.0
2020-08-10 06:30:00,176.09,176.21,176.0,176.19,176.17,176.16,176.12,176.1,176.1,175.29,175.3,175.31,176.06,176.07,0,0.0,08/05/2020 17:00,177.53125,177.53125,178.53125,179.53125,0.0
2020-08-10 06:30:00,176.09,176.21,176.0,176.19,176.17,176.16,176.12,176.1,176.1,175.29,175.3,175.31,176.06,176.07,0,0.0,08/05/2020 17:00,177.53125,177.53125,178.53125,179.53125,0.0
2020-08-10 06:30:00,176.09,176.21,176.0,176.19,176.17,176.16,176.12,176.1,176.1,175.29,175.3,175.31,176.06,176.07,0,0.0,08/05/2020 17:00,177.53125,177.53125,178.53125,179.53125,0.0
2020-08-10 10:30:00,176.2,176.29,176.16,176.17,177.15,177.03,176.31,176.26,176.24,176.1,176.12,176.16,176.17,176.18,0,0.0,0,0.0,0.0,0.0,0.0,0.0
2020-08-10 14:30:00,176.18,176.22,176.02,176.06,177.03,176.31,176.26,176.24,176.2,176.1,176.1,176.12,176.16,176.17,0,0.0,0,0.0,0.0,0.0,0.0,0.0
2020-08-10 19:30:00,176.07,176.09,175.31,176.05,177.03,176.31,176.26,176.24,176.2,175.29,175.3,175.31,176.0,176.06,0,0.0,0,0.0,0.0,0.0,0.0,0.0
2020-08-10 23:30:00,176.05,176.07,175.27,175.3,176.26,176.24,176.2,176.07,176.06,175.29,175.29,175.3,175.31,176.0,0,0.0,0,0.0,0.0,0.0,0.0,0.0
2020-08-11 03:30:00,175.3,176.05,175.27,175.3,176.22,176.2,176.07,176.06,176.0,175.24,175.26,175.28,175.29,175.29,0,0.0,0,0.0,0.0,0.0,0.0,0.0
2020-08-11 07:30:00,175.31,176.02,175.08,175.09,176.2,176.09,176.07,176.06,176.0,175.26,175.28,175.29,175.29,175.3,0,0.0,0,0.0,0.0,0.0,0.0,0.0
2020-08-11 11:30:00,175.09,175.12,174.03,174.04,176.0,175.3,175.29,175.26,175.14,174.27,174.27,175.04,175.05,175.06,0,0.0,0,0.0,0.0,0.0,0.0,0.0
2020-08-11 15:30:00,174.04,174.23,173.3,174.22,174.19,174.17,174.17,174.16,174.13,173.28,174.0,174.01,174.02,174.03,0,0.0,08/10/2020 17:00,176.375,176.375,177.375,178.375,0.0
2020-08-11 15:30:00,174.04,174.23,173.3,174.22,174.19,174.17,174.17,174.16,174.13,173.28,174.0,174.01,174.02,174.03,0,0.0,08/10/2020 17:00,176.375,176.375,177.375,178.375,0.0
2020-08-11 15:30:00,174.04,174.23,173.3,174.22,174.19,174.17,174.17,174.16,174.13,173.28,174.0,174.01,174.02,174.03,0,0.0,08/10/2020 17:00,176.375,176.375,177.375,178.375,0.0
2020-08-11 15:30:00,174.04,174.23,173.3,174.22,174.19,174.17,174.17,174.16,174.13,173.28,174.0,174.01,174.02,174.03,0,0.0,08/10/2020 17:00,176.375,176.375,177.375,178.375,0.0
2020-08-11 20:30:00,174.22,175.0,174.09,174.24,174.27,174.27,174.25,174.24,174.23,174.13,174.16,174.17,174.17,174.19,0,0.0,08/11/2020 17:00,175.46875,175.46875,176.46875,177.46875,0.0
2020-08-11 20:30:00,174.22,175.0,174.09,174.24,174.27,174.27,174.25,174.24,174.23,174.13,174.16,174.17,174.17,174.19,0,0.0,08/11/2020 17:00,175.46875,175.46875,176.46875,177.46875,0.0
2020-08-12 00:30:00,174.23,174.28,173.28,174.02,174.27,174.27,174.27,174.25,174.24,174.13,174.16,174.17,174.17,174.19,0,0.0,0,0.0,0.0,0.0,0.0,0.0
2020-08-12 04:30:00,174.02,174.14,173.13,173.2,174.27,174.27,174.25,174.24,174.03,173.25,173.27,173.28,174.0,174.01,0,0.0,0,0.0,0.0,0.0,0.0,0.0
2020-08-12 08:30:00,173.2,173.3,173.13,173.16,173.28,173.27,173.25,173.21,173.21,173.02,173.11,173.16,173.18,173.19,0,0.0,0,0.0,0.0,0.0,0.0,0.0
2020-08-12 12:30:00,173.15,173.27,173.05,173.19,173.21,173.21,173.19,173.18,173.16,172.27,173.0,173.01,173.02,173.11,0,0.0,0,0.0,0.0,0.0,0.0,0.0
2020-08-12 16:30:00,173.19,174.02,173.17,173.24,173.28,173.27,173.25,173.21,173.21,173.0,173.01,173.02,173.11,173.16,0,0.0,08/11/2020 17:00,175.46875,175.46875,176.46875,177.46875,0.0
2020-08-12 16:30:00,173.19,174.02,173.17,173.24,173.28,173.27,173.25,173.21,173.21,173.0,173.01,173.02,173.11,173.16,0,0.0,08/11/2020 17:00,175.46875,175.46875,176.46875,177.46875,0.0
2020-08-12 21:30:00,173.23,174.05,173.16,174.04,174.01,174.0,173.28,173.27,173.25,173.02,173.11,173.16,173.19,173.21,0,0.0,08/12/2020 17:00,173.875,173.875,174.875,175.875,0.0
2020-08-12 21:30:00,173.23,174.05,173.16,174.04,174.01,174.0,173.28,173.27,173.25,173.02,173.11,173.16,173.19,173.21,0,0.0,08/12/2020 17:00,173.875,173.875,174.875,175.875,0.0
2020-08-12 21:30:00,173.23,174.05,173.16,174.04,174.01,174.0,173.28,173.27,173.25,173.02,173.11,173.16,173.19,173.21,0,0.0,08/12/2020 17:00,173.875,173.875,174.875,175.875,0.0
2020-08-12 21:30:00,173.23,174.05,173.16,174.04,174.01,174.0,173.28,173.27,173.25,173.02,173.11,173.16,173.19,173.21,0,0.0,08/12/2020 17:00,173.875,173.875,174.875,175.875,0.0
2020-08-12 21:30:00,173.23,174.05,173.16,174.04,174.01,174.0,173.28,173.27,173.25,173.02,173.11,173.16,173.19,173.21,0,0.0,08/12/2020 17:00,173.875,173.875,174.875,175.875,0.0
2020-08-13 01:30:00,174.03,174.17,174.02,174.03,174.27,174.27,174.25,174.24,174.14,173.21,173.25,173.27,173.28,174.0,0,0.0,0,0.0,0.0,0.0,0.0,0.0
2020-08-13 05:30:00,174.04,174.14,174.0,174.07,174.27,174.27,174.25,174.24,174.14,173.25,173.27,173.28,174.0,174.03,0,0.0,0,0.0,0.0,0.0,0.0,0.0
2020-08-13 09:30:00,174.07,174.07,173.14,173.19,174.27,174.27,174.25,174.24,174.14,173.25,173.27,173.28,174.0,174.03,0,0.0,0,0.0,0.0,0.0,0.0,0.0
2020-08-13 13:30:00,173.2,173.28,172.25,172.28,174.27,174.25,174.24,174.17,174.14,173.05,173.11,173.16,173.16,173.19,0,0.0,0,0.0,0.0,0.0,0.0,0.0
2020-08-13 18:30:00,172.28,173.03,172.13,172.21,173.16,173.11,173.05,173.01,173.0,172.11,172.12,172.15,172.22,172.27,0,0.0,0,0.0,0.0,0.0,0.0,0.0
2020-08-13 22:30:00,172.21,172.31,172.18,172.28,173.11,173.05,173.01,173.0,172.22,172.03,172.06,172.11,172.12,172.15,0,0.0,08/13/2020 17:00,172.75,172.75,173.75,174.75,0.0
2020-08-14 02:30:00,172.27,173.02,172.18,173.01,173.16,173.11,173.05,173.01,173.0,172.06,172.11,172.12,172.15,172.22,0,0.0,08/13/2020 17:00,172.75,172.75,173.75,174.75,0.0
2020-08-14 06:30:00,173.01,173.12,172.3,173.07,173.16,173.16,173.11,173.05,173.03,172.12,172.13,172.15,172.22,173.0,0,0.0,08/13/2020 17:00,172.75,172.75,173.75,174.75,0.0
2020-08-14 06:30:00,173.01,173.12,172.3,173.07,173.16,173.16,173.11,173.05,173.03,172.12,172.13,172.15,172.22,173.0,0,0.0,08/13/2020 17:00,172.75,172.75,173.75,174.75,0.0
2020-08-14 10:30:00,173.07,173.07,172.24,173.02,174.07,173.28,173.16,173.16,173.11,172.22,173.0,173.01,173.03,173.05,0,0.0,08/13/2020 17:00,172.75,172.75,173.75,174.75,0.0
2020-08-14 14:30:00,173.02,173.08,172.27,172.3,173.28,173.16,173.16,173.11,173.03,172.15,172.18,172.22,173.0,173.01,0,0.0,0,0.0,0.0,0.0,0.0,0.0
2020-08-16 19:30:00,172.29,172.3,172.2,172.22,173.16,173.16,173.12,173.11,173.03,172.12,172.13,172.15,172.18,172.22,0,0.0,0,0.0,0.0,0.0,0.0,0.0
2020-08-16 23:30:00,172.21,172.29,172.19,172.28,173.16,173.12,173.11,173.03,172.22,172.11,172.12,172.13,172.15,172.18,0,0.0,0,0.0,0.0,0.0,0.0,0.0
2020-08-17 03:30:00,172.28,173.09,172.28,173.08,173.16,173.12,173.11,173.08,173.03,172.12,172.13,172.15,172.18,172.22,0,0.0,0,0.0,0.0,0.0,0.0,0.0
2020-08-17 07:30:00,173.08,173.1,172.24,173.01,173.28,173.16,173.16,173.12,173.11,172.12,172.13,172.15,172.18,172.22,0,0.0,0,0.0,0.0,0.0,0.0,0.0
2020-08-17 11:30:00,173.01,173.18,172.3,173.17,173.16,173.16,173.12,173.11,173.08,172.13,172.15,172.18,172.19,172.22,0,0.0,08/13/2020 17:00,172.75,172.75,173.75,174.75,0.0
2020-08-17 11:30:00,173.01,173.18,172.3,173.17,173.16,173.16,173.12,173.11,173.08,172.13,172.15,172.18,172.19,172.22,0,0.0,08/13/2020 17:00,172.75,172.75,173.75,174.75,0.0
2020-08-17 11:30:00,173.01,173.18,172.3,173.17,173.16,173.16,173.12,173.11,173.08,172.13,172.15,172.18,172.19,172.22,0,0.0,08/13/2020 17:00,172.75,172.75,173.75,174.75,0.0
2020-08-17 15:30:00,173.17,173.21,173.03,173.04,174.17,174.14,174.14,174.07,173.28,173.08,173.11,173.12,173.16,173.16,0,0.0,0,0.0,0.0,0.0,0.0,0.0
2020-08-17 20:30:00,173.04,173.11,172.31,173.1,174.14,174.07,173.28,173.12,173.08,172.15,172.18,172.19,172.22,172.24,0,0.0,0,0.0,0.0,0.0,0.0,0.0
2020-08-18 00:30:00,173.1,173.15,173.07,173.1,174.14,174.14,174.07,173.28,173.12,172.18,172.19,172.22,172.24,172.3,0,0.0,0,0.0,0.0,0.0,0.0,0.0
2020-08-18 04:30:00,173.11,173.27,173.1,173.16,174.14,174.07,173.28,173.21,173.12,172.18,172.19,172.22,172.24,172.3,08/17/2020 17:00,172.75,0,0.0,172.75,171.75,170.75,0.0
2020-08-18 08:30:00,173.17,173.19,173.09,173.1,174.14,174.14,174.07,173.28,173.21,172.19,172.22,172.24,172.3,172.31,0,0.0,0,0.0,0.0,0.0,0.0,0.0
2020-08-18 12:30:00,173.1,173.28,173.05,173.26,174.14,174.14,174.07,173.28,173.21,172.22,172.24,172.3,172.31,173.07,08/17/2020 17:00,172.75,0,0.0,172.75,171.75,170.75,0.0
2020-08-18 12:30:00,173.1,173.28,173.05,173.26,174.14,174.14,174.07,173.28,173.21,172.22,172.24,172.3,172.31,173.07,08/17/2020 17:00,172.75,0,0.0,172.75,171.75,170.75,0.0
2020-08-18 16:30:00,173.26,173.3,173.2,173.22,174.17,174.14,174.14,174.07,173.28,172.24,172.3,172.31,173.07,173.21,0,0.0,0,0.0,0.0,0.0,0.0,0.0
2020-08-18 21:30:00,173.22,173.29,173.2,173.26,174.17,174.14,174.14,174.07,173.28,172.24,172.3,172.31,173.07,173.21,0,0.0,0,0.0,0.0,0.0,0.0,0.0
2020-08-19 01:30:00,173.26,174.01,173.26,174.01,174.17,174.14,174.14,174.07,173.28,172.3,172.31,173.05,173.07,173.21,08/18/2020 17:00,173.34375,0,0.0,173.34375,172.34375,171.34375,0.0
2020-08-19 05:30:00,174.0,174.1,173.31,174.03,174.24,174.17,174.14,174.14,174.07,172.31,173.05,173.07,173.21,173.28,0,0.0,0,0.0,0.0,0.0,0.0,0.0
2020-08-19 09:30:00,174.03,174.08,173.29,173.31,174.24,174.17,174.14,174.14,174.07,173.05,173.07,173.2,173.21,173.28,0,0.0,0,0.0,0.0,0.0,0.0,0.0
2020-08-19 13:30:00,173.31,174.04,173.17,173.25,174.24,174.17,174.14,174.14,174.07,173.07,173.2,173.21,173.26,173.28,0,0.0,0,0.0,0.0,0.0,0.0,0.0
2020-08-19 18:30:00,173.24,173.25,172.29,173.11,174.14,174.1,174.07,173.28,173.26,172.31,173.05,173.07,173.2,173.21,0,0.0,0,0.0,0.0,0.0,0.0,0.0
2020-08-19 22:30:00,173.11,173.29,173.09,173.23,174.07,173.28,173.26,173.21,173.2,172.24,172.3,172.31,173.05,173.07,0,0.0,08/19/2020 17:00,173.5,173.5,174.5,175.5,0.0
2020-08-20 02:30:00,173.22,173.29,173.2,173.27,174.08,174.07,174.04,173.28,173.26,172.3,172.31,173.05,173.07,173.2,0,0.0,08/19/2020 17:00,173.5,173.5,174.5,175.5,0.0
2020-08-20 06:30:00,173.26,174.03,173.19,173.31,174.1,174.08,174.07,174.04,173.28,172.3,172.31,173.05,173.07,173.2,0,0.0,0,0.0,0.0,0.0,0.0,0.0
2020-08-20 10:30:00,173.31,174.13,173.27,174.08,174.14,174.1,174.08,174.07,174.04,173.05,173.07,173.09,173.2,173.26,0,0.0,08/19/2020 17:00,173.5,173.5,174.5,175.5,0.0
2020-08-20 10:30:00,173.31,174.13,173.27,174.08,174.14,174.1,174.08,174.07,174.04,173.05,173.07,173.09,173.2,173.26,0,0.0,08/19/2020 17:00,173.5,173.5,174.5,175.5,0.0
2020-08-20 14:30:00,174.08,174.13,174.0,174.06,174.24,174.17,174.14,174.14,174.1,173.09,173.2,173.26,174.04,174.07,0,0.0,0,0.0,0.0,0.0,0.0,0.0
2020-08-20 19:30:00,174.06,174.11,173.3,174.04,174.14,174.14,174.1,174.08,174.07,173.09,173.19,173.2,173.26,174.04,0,0.0,0,0.0,0.0,0.0,0.0,0.0
2020-08-20 23:30:00,174.03,174.07,173.25,173.31,174.14,174.1,174.08,174.07,174.04,173.09,173.19,173.2,173.26,173.27,0,0.0,0,0.0,0.0,0.0,0.0,0.0
2020-08-21 03:30:00,173.31,174.08,173.28,174.04,174.13,174.1,174.08,174.07,174.04,173.09,173.19,173.2,173.26,173.27,0,0.0,0,0.0,0.0,0.0,0.0,0.0
2020-08-21 07:30:00,174.04,174.15,174.02,174.13,174.13,174.11,174.1,174.08,174.07,173.09,173.19,173.2,173.26,173.27,08/20/2020 17:00,173.875,0,0.0,173.875,172.875,171.875,0.0
2020-08-21 07:30:00,174.04,174.15,174.02,174.13,174.13,174.11,174.1,174.08,174.07,173.09,173.19,173.2,173.26,173.27,08/20/2020 17:00,173.875,0,0.0,173.875,172.875,171.875,0.0
2020-08-21 07:30:00,174.04,174.15,174.02,174.13,174.13,174.11,174.1,174.08,174.07,173.09,173.19,173.2,173.26,173.27,08/20/2020 17:00,173.875,0,0.0,173.875,172.875,171.875,0.0
2020-08-21 11:30:00,174.13,174.25,173.3,174.21,174.25,174.24,174.17,174.14,174.14,173.26,173.27,174.08,174.1,174.11,08/20/2020 17:00,173.875,0,0.0,173.875,172.875,171.875,0.0
2020-08-21 11:30:00,174.13,174.25,173.3,174.21,174.25,174.24,174.17,174.14,174.14,173.26,173.27,174.08,174.1,174.11,08/20/2020 17:00,173.875,0,0.0,173.875,172.875,171.875,0.0
2020-08-21 11:30:00,174.13,174.25,173.3,174.21,174.25,174.24,174.17,174.14,174.14,173.26,173.27,174.08,174.1,174.11,08/20/2020 17:00,173.875,0,0.0,173.875,172.875,171.875,0.0
2020-08-21 15:30:00,174.2,174.22,174.12,174.17,174.27,174.27,174.27,174.25,174.24,174.11,174.13,174.14,174.14,174.17,08/20/2020 17:00,173.875,0,0.0,173.875,172.875,171.875,0.0
2020-08-23 20:30:00,174.18,174.27,174.15,174.27,174.27,174.27,174.27,174.25,174.24,174.11,174.13,174.14,174.14,174.17,08/21/2020 17:00,174.4375,0,0.0,174.4375,173.4375,172.4375,0.0
2020-08-23 20:30:00,174.18,174.27,174.15,174.27,174.27,174.27,174.27,174.25,174.24,174.11,174.13,174.14,174.14,174.17,08/21/2020 17:00,174.4375,0,0.0,174.4375,173.4375,172.4375,0.0
2020-08-24 00:30:00,174.27,174.28,174.23,174.25,175.26,175.14,175.12,175.0,174.28,174.14,174.14,174.17,174.24,174.25,0,0.0,0,0.0,0.0,0.0,0.0,0.0
2020-08-24 04:30:00,174.25,174.29,174.16,174.19,175.0,174.28,174.27,174.27,174.27,174.13,174.14,174.14,174.17,174.24,0,0.0,0,0.0,0.0,0.0,0.0,0.0
2020-08-24 08:30:00,174.19,174.23,174.09,174.17,175.0,174.28,174.27,174.27,174.27,174.13,174.14,174.14,174.15,174.17,0,0.0,0,0.0,0.0,0.0,0.0,0.0
2020-08-24 12:30:00,174.17,174.31,174.06,174.09,175.0,174.28,174.27,174.27,174.27,174.12,174.13,174.14,174.14,174.15,0,0.0,0,0.0,0.0,0.0,0.0,0.0
2020-08-24 16:30:00,174.09,174.12,174.02,174.03,174.14,174.13,174.12,174.11,174.1,173.26,173.27,173.28,173.3,174.08,0,0.0,0,0.0,0.0,0.0,0.0,0.0
2020-08-24 21:30:00,174.04,174.06,174.01,174.02,174.13,174.12,174.11,174.1,174.08,173.25,173.26,173.27,173.28,173.3,0,0.0,0,0.0,0.0,0.0,0.0,0.0
2020-08-25 01:30:00,174.02,174.03,173.23,173.31,174.13,174.12,174.11,174.1,174.08,173.25,173.26,173.27,173.28,173.3,0,0.0,0,0.0,0.0,0.0,0.0,0.0
2020-08-25 05:30:00,173.31,174.0,173.1,173.11,174.12,174.12,174.11,174.1,174.08,173.25,173.26,173.27,173.28,173.3,0,0.0,0,0.0,0.0,0.0,0.0,0.0
2020-08-25 09:30:00,173.12,173.13,172.23,172.31,173.3,173.28,173.27,173.25,173.19,172.3,172.31,173.05,173.07,173.09,0,0.0,0,0.0,0.0,0.0,0.0,0.0
2020-08-25 13:30:00,172.3,173.14,172.16,173.14,173.19,173.09,173.07,173.05,172.31,172.18,172.19,172.22,172.24,172.29,0,0.0,08/24/2020 17:00,174.40625,174.40625,175.40625,176.40625,0.0
2020-08-25 13:30:00,172.3,173.14,172.16,173.14,173.19,173.09,173.07,173.05,172.31,172.18,172.19,172.22,172.24,172.29,0,0.0,08/24/2020 17:00,174.40625,174.40625,175.40625,176.40625,0.0
2020-08-25 13:30:00,172.3,173.14,172.16,173.14,173.19,173.09,173.07,173.05,172.31,172.18,172.19,172.22,172.24,172.29,0,0.0,08/24/2020 17:00,174.40625,174.40625,175.40625,176.40625,0.0
2020-08-25 18:30:00,173.14,173.16,173.07,173.1,173.3,173.28,173.27,173.25,173.19,172.3,172.31,173.05,173.07,173.09,0,0.0,0,0.0,0.0,0.0,0.0,0.0
2020-08-25 22:30:00,173.11,173.12,173.01,173.01,173.3,173.28,173.27,173.25,173.19,172.3,172.31,173.05,173.07,173.09,0,0.0,0,0.0,0.0,0.0,0.0,0.0
2020-08-26 02:30:00,173.02,173.03,172.19,172.26,173.3,173.28,173.27,173.25,173.19,172.22,172.24,172.29,172.3,172.31,0,0.0,0,0.0,0.0,0.0,0.0,0.0
2020-08-26 06:30:00,172.25,173.0,172.16,172.24,173.19,173.16,172.31,172.3,172.29,172.16,172.18,172.19,172.22,172.24,0,0.0,0,0.0,0.0,0.0,0.0,0.0
2020-08-26 10:30:00,172.24,173.03,172.12,172.18,173.16,173.12,172.31,172.3,172.29,172.15,172.16,172.18,172.19,172.22,0,0.0,0,0.0,0.0,0.0,0.0,0.0
2020-08-26 14:30:00,172.18,173.04,172.09,173.0,172.31,172.3,172.29,172.24,172.19,172.11,172.12,172.13,172.15,172.16,0,0.0,08/25/2020 17:00,173.875,173.875,174.875,175.875,0.0
2020-08-26 14:30:00,172.18,173.04,172.09,173.0,172.31,172.3,172.29,172.24,172.19,172.11,172.12,172.13,172.15,172.16,0,0.0,08/25/2020 17:00,173.875,173.875,174.875,175.875,0.0
2020-08-26 14:30:00,172.18,173.04,172.09,173.0,172.31,172.3,172.29,172.24,172.19,172.11,172.12,172.13,172.15,172.16,0,0.0,08/25/2020 17:00,173.875,173.875,174.875,175.875,0.0
2020-08-26 14:30:00,172.18,173.04,172.09,173.0,172.31,172.3,172.29,172.24,172.19,172.11,172.12,172.13,172.15,172.16,0,0.0,08/25/2020 17:00,173.875,173.875,174.875,175.875,0.0
2020-08-26 19:30:00,173.01,173.05,172.28,173.05,173.27,173.25,173.19,173.16,173.12,172.19,172.24,172.29,172.3,172.31,0,0.0,08/26/2020 17:00,173.34375,173.34375,174.34375,175.34375,0.0
2020-08-26 23:30:00,173.04,173.12,173.02,173.07,173.27,173.25,173.19,173.16,173.12,172.19,172.24,172.29,172.3,172.31,0,0.0,0,0.0,0.0,0.0,0.0,0.0
2020-08-27 03:30:00,173.07,173.12,172.3,173.02,173.27,173.25,173.19,173.16,173.12,172.19,172.24,172.29,172.3,172.31,0,0.0,0,0.0,0.0,0.0,0.0,0.0
2020-08-27 07:30:00,173.02,173.13,173.01,173.07,173.27,173.25,173.19,173.16,173.12,172.24,172.28,172.29,172.3,172.31,0,0.0,0,0.0,0.0,0.0,0.0,0.0
2020-08-27 11:30:00,173.08,174.0,171.08,171.1,173.27,173.25,173.19,173.16,173.12,172.24,172.28,172.29,172.3,172.31,0,0.0,0,0.0,0.0,0.0,0.0,0.0
2020-08-27 15:30:00,171.1,171.22,171.08,171.12,171.23,171.14,171.14,171.13,171.12,170.27,170.31,171.02,171.08,171.08,0,0.0,0,0.0,0.0,0.0,0.0,0.0
2020-08-27 20:30:00,171.11,171.12,170.06,170.08,171.23,171.14,171.14,171.13,171.12,170.31,171.02,171.08,171.08,171.1,0,0.0,0,0.0,0.0,0.0,0.0,0.0
2020-08-28 00:30:00,170.07,170.17,170.01,170.14,170.27,170.12,170.09,170.09,170.08,169.28,169.3,170.0,170.05,170.06,0,0.0,08/27/2020 17:00,172.75,172.75,173.75,174.75,0.0
2020-08-28 00:30:00,170.07,170.17,170.01,170.14,170.27,170.12,170.09,170.09,170.08,169.28,169.3,170.0,170.05,170.06,0,0.0,08/27/2020 17:00,172.75,172.75,173.75,174.75,0.0
2020-08-28 04:30:00,170.14,170.27,170.01,170.18,171.1,171.08,171.08,170.31,170.27,170.06,170.08,170.09,170.09,170.12,0,0.0,08/27/2020 17:00,172.75,172.75,173.75,174.75,0.0
2020-08-28 08:30:00,170.17,171.1,170.17,171.07,171.1,171.08,171.08,170.31,170.27,170.06,170.08,170.09,170.09,170.12,0,0.0,08/27/2020 17:00,172.75,172.75,173.75,174.75,0.0
2020-08-28 08:30:00,170.17,171.1,170.17,171.07,171.1,171.08,171.08,170.31,170.27,170.06,170.08,170.09,170.09,170.12,0,0.0,08/27/2020 17:00,172.75,172.75,173.75,174.75,0.0
2020-08-28 12:30:00,171.07,171.25,171.01,171.22,171.12,171.12,171.1,171.08,171.08,170.09,170.09,170.12,170.27,170.31,0,0.0,08/27/2020 17:00,172.75,172.75,173.75,174.75,0.0
2020-08-28 12:30:00,171.07,171.25,171.01,171.22,171.12,171.12,171.1,171.08,171.08,170.09,170.09,170.12,170.27,170.31,0,0.0,08/27/2020 17:00,172.75,172.75,173.75,174.75,0.0
2020-08-28 12:30:00,171.07,171.25,171.01,171.22,171.12,171.12,171.1,171.08,171.08,170.09,170.09,170.12,170.27,170.31,0,0.0,08/27/2020 17:00,172.75,172.75,173.75,174.75,0.0
2020-08-28 12:30:00,171.07,171.25,171.01,171.22,171.12,171.12,171.1,171.08,171.08,170.09,170.09,170.12,170.27,170.31,0,0.0,08/27/2020 17:00,172.75,172.75,173.75,174.75,0.0
2020-08-28 12:30:00,171.07,171.25,171.01,171.22,171.12,171.12,171.1,171.08,171.08,170.09,170.09,170.12,170.27,170.31,0,0.0,08/27/2020 17:00,172.75,172.75,173.75,174.75,0.0
2020-08-28 12:30:00,171.07,171.25,171.01,171.22,171.12,171.12,171.1,171.08,171.08,170.09,170.09,170.12,170.27,170.31,0,0.0,08/27/2020 17:00,172.75,172.75,173.75,174.75,0.0
2020-08-28 16:30:00,171.23,171.23,170.29,171.11,172.12,172.11,172.09,172.06,172.03,171.12,171.12,171.13,171.14,171.22,0,0.0,0,0.0,0.0,0.0,0.0,0.0
2020-08-30 21:30:00,171.11,171.19,171.01,171.03,172.06,172.03,171.23,171.22,171.12,170.17,170.27,170.31,171.08,171.1,0,0.0,0,0.0,0.0,0.0,0.0,0.0
2020-08-31 01:30:00,171.03,171.15,170.31,171.12,172.03,171.25,171.23,171.22,171.12,170.09,170.12,170.17,170.27,170.31,0,0.0,0,0.0,0.0,0.0,0.0,0.0
2020-08-31 05:30:00,171.12,171.17,170.24,170.3,172.03,171.25,171.23,171.23,171.22,170.12,170.17,170.27,170.29,170.31,0,0.0,0,0.0,0.0,0.0,0.0,0.0
2020-08-31 09:30:00,170.31,171.13,170.23,171.12,171.23,171.23,171.22,171.19,171.12,170.09,170.12,170.17,170.27,170.29,0,0.0,0,0.0,0.0,0.0,0.0,0.0
2020-08-31 13:30:00,171.12,172.08,171.1,172.07,171.25,171.23,171.23,171.22,171.19,170.09,170.12,170.17,170.27,170.29,0,0.0,08/27/2020 17:00,172.75,172.75,173.75,174.75,0.0
2020-08-31 13:30:00,171.12,172.08,171.1,172.07,171.25,171.23,171.23,171.22,171.19,170.09,170.12,170.17,170.27,170.29,0,0.0,08/27/2020 17:00,172.75,172.75,173.75,174.75,0.0
2020-08-31 13:30:00,171.12,172.08,171.1,172.07,171.25,171.23,171.23,171.22,171.19,170.09,170.12,170.17,170.27,170.29,0,0.0,08/27/2020 17:00,172.75,172.75,173.75,174.75,0.0
2020-08-31 13:30:00,171.12,172.08,171.1,172.07,171.25,171.23,171.23,171.22,171.19,170.09,170.12,170.17,170.27,170.29,0,0.0,08/27/2020 17:00,172.75,172.75,173.75,174.75,0.0
2020-08-31 13:30:00,171.12,172.08,171.1,172.07,171.25,171.23,171.23,171.22,171.19,170.09,170.12,170.17,170.27,170.29,0,0.0,08/27/2020 17:00,172.75,172.75,173.75,174.75,0.0
2020-08-31 18:30:00,172.07,172.11,171.12,171.29,172.15,172.13,172.12,172.11,172.09,171.23,171.23,171.25,172.03,172.06,08/31/2020 17:00,172.09375,0,0.0,172.09375,171.09375,170.09375,0.0
2020-08-31 22:30:00,171.28,171.29,171.18,171.27,172.15,172.13,172.12,172.11,172.09,171.19,171.22,171.23,171.23,171.25,0,0.0,0,0.0,0.0,0.0,0.0,0.0
2020-09-01 02:30:00,171.27,171.28,171.19,171.28,172.15,172.13,172.12,172.11,172.09,171.19,171.22,171.23,171.23,171.25,0,0.0,0,0.0,0.0,0.0,0.0,0.0
2020-09-01 06:30:00,171.28,171.28,171.06,171.08,172.13,172.12,172.11,172.11,172.09,171.19,171.22,171.23,171.23,171.25,0,0.0,0,0.0,0.0,0.0,0.0,0.0
2020-09-01 10:30:00,171.08,171.27,171.07,171.09,171.23,171.22,171.19,171.12,171.1,170.12,170.17,170.23,170.27,170.29,0,0.0,0,0.0,0.0,0.0,0.0,0.0
2020-09-01 14:30:00,171.09,172.29,171.09,172.25,171.23,171.22,171.19,171.12,171.1,170.12,170.17,170.23,170.27,170.29,08/31/2020 17:00,172.09375,0,0.0,172.09375,171.09375,170.09375,0.0
2020-09-01 14:30:00,171.09,172.29,171.09,172.25,171.23,171.22,171.19,171.12,171.1,170.12,170.17,170.23,170.27,170.29,08/31/2020 17:00,172.09375,0,0.0,172.09375,171.09375,170.09375,0.0
2020-09-01 14:30:00,171.09,172.29,171.09,172.25,171.23,171.22,171.19,171.12,171.1,170.12,170.17,170.23,170.27,170.29,08/31/2020 17:00,172.09375,0,0.0,172.09375,171.09375,170.09375,0.0
2020-09-01 14:30:00,171.09,172.29,171.09,172.25,171.23,171.22,171.19,171.12,171.1,170.12,170.17,170.23,170.27,170.29,08/31/2020 17:00,172.09375,0,0.0,172.09375,171.09375,170.09375,0.0
2020-09-01 14:30:00,171.09,172.29,171.09,172.25,171.23,171.22,171.19,171.12,171.1,170.12,170.17,170.23,170.27,170.29,08/31/2020 17:00,172.09375,0,0.0,172.09375,171.09375,170.09375,0.0
2020-09-01 14:30:00,171.09,172.29,171.09,172.25,171.23,171.22,171.19,171.12,171.1,170.12,170.17,170.23,170.27,170.29,08/31/2020 17:00,172.09375,0,0.0,172.09375,171.09375,170.09375,0.0
2020-09-01 14:30:00,171.09,172.29,171.09,172.25,171.23,171.22,171.19,171.12,171.1,170.12,170.17,170.23,170.27,170.29,08/31/2020 17:00,172.09375,0,0.0,172.09375,171.09375,170.09375,0.0
2020-09-01 14:30:00,171.09,172.29,171.09,172.25,171.23,171.22,171.19,171.12,171.1,170.12,170.17,170.23,170.27,170.29,08/31/2020 17:00,172.09375,0,0.0,172.09375,171.09375,170.09375,0.0
2020-09-01 14:30:00,171.09,172.29,171.09,172.25,171.23,171.22,171.19,171.12,171.1,170.12,170.17,170.23,170.27,170.29,08/31/2020 17:00,172.09375,0,0.0,172.09375,171.09375,170.09375,0.0
2020-09-01 14:30:00,171.09,172.29,171.09,172.25,171.23,171.22,171.19,171.12,171.1,170.12,170.17,170.23,170.27,170.29,08/31/2020 17:00,172.09375,0,0.0,172.09375,171.09375,170.09375,0.0
2020-09-01 14:30:00,171.09,172.29,171.09,172.25,171.23,171.22,171.19,171.12,171.1,170.12,170.17,170.23,170.27,170.29,08/31/2020 17:00,172.09375,0,0.0,172.09375,171.09375,170.09375,0.0
2020-09-01 19:30:00,172.25,173.0,172.23,172.25,173.25,173.19,173.16,173.12,172.28,172.12,172.13,172.15,172.16,172.18,0,0.0,0,0.0,0.0,0.0,0.0,0.0
2020-09-01 23:30:00,172.25,172.29,172.18,172.18,173.25,173.19,173.16,173.12,172.28,172.12,172.13,172.15,172.16,172.18,0,0.0,0,0.0,0.0,0.0,0.0,0.0
2020-09-02 03:30:00,172.18,172.21,172.17,172.21,173.25,173.19,173.16,173.12,172.28,172.11,172.12,172.13,172.15,172.16,0,0.0,0,0.0,0.0,0.0,0.0,0.0
2020-09-02 07:30:00,172.22,172.26,172.13,172.21,173.19,173.16,173.12,173.0,172.28,172.12,172.13,172.15,172.16,172.18,0,0.0,0,0.0,0.0,0.0,0.0,0.0
2020-09-02 11:30:00,172.2,173.24,172.16,173.21,173.16,173.12,173.0,172.29,172.28,172.12,172.13,172.15,172.16,172.18,09/01/2020 17:00,172.6875,0,0.0,172.6875,171.6875,170.6875,0.0
2020-09-02 11:30:00,172.2,173.24,172.16,173.21,173.16,173.12,173.0,172.29,172.28,172.12,172.13,172.15,172.16,172.18,09/01/2020 17:00,172.6875,0,0.0,172.6875,171.6875,170.6875,0.0
2020-09-02 11:30:00,172.2,173.24,172.16,173.21,173.16,173.12,173.0,172.29,172.28,172.12,172.13,172.15,172.16,172.18,09/01/2020 17:00,172.6875,0,0.0,172.6875,171.6875,170.6875,0.0
2020-09-02 11:30:00,172.2,173.24,172.16,173.21,173.16,173.12,173.0,172.29,172.28,172.12,172.13,172.15,172.16,172.18,09/01/2020 17:00,172.6875,0,0.0,172.6875,171.6875,170.6875,0.0
2020-09-02 11:30:00,172.2,173.24,172.16,173.21,173.16,173.12,173.0,172.29,172.28,172.12,172.13,172.15,172.16,172.18,09/01/2020 17:00,172.6875,0,0.0,172.6875,171.6875,170.6875,0.0
2020-09-02 15:30:00,173.21,173.27,173.16,173.2,174.0,173.3,173.28,173.27,173.25,172.29,173.0,173.12,173.16,173.19,09/01/2020 17:00,172.6875,0,0.0,172.6875,171.6875,170.6875,0.0
2020-09-02 20:30:00,173.2,174.01,173.18,173.26,174.0,173.3,173.28,173.27,173.25,172.29,173.0,173.12,173.16,173.19,09/02/2020 17:00,172.90625,0,0.0,172.90625,171.90625,170.90625,0.0
2020-09-03 00:30:00,173.26,173.28,173.15,173.15,174.0,174.0,173.3,173.28,173.27,173.0,173.12,173.16,173.19,173.25,0,0.0,0,0.0,0.0,0.0,0.0,0.0
2020-09-03 04:30:00,173.16,173.28,173.11,173.14,174.0,174.0,173.3,173.28,173.27,172.18,172.28,172.29,173.0,173.12,0,0.0,0,0.0,0.0,0.0,0.0,0.0
2020-09-03 08:30:00,173.14,173.28,173.1,173.24,174.0,173.3,173.28,173.27,173.16,172.18,172.28,172.29,173.0,173.12,0,0.0,0,0.0,0.0,0.0,0.0,0.0
2020-09-03 12:30:00,173.24,175.02,173.17,174.13,174.0,174.0,173.3,173.28,173.27,172.18,172.28,172.29,173.0,173.12,09/02/2020 17:00,172.90625,0,0.0,172.90625,171.90625,170.90625,0.0
2020-09-03 12:30:00,173.24,175.02,173.17,174.13,174.0,174.0,173.3,173.28,173.27,172.18,172.28,172.29,173.0,173.12,09/02/2020 17:00,172.90625,0,0.0,172.90625,171.90625,170.90625,0.0
2020-09-03 12:30:00,173.24,175.02,173.17,174.13,174.0,174.0,173.3,173.28,173.27,172.18,172.28,172.29,173.0,173.12,09/02/2020 17:00,172.90625,0,0.0,172.90625,171.90625,170.90625,0.0
2020-09-03 12:30:00,173.24,175.02,173.17,174.13,174.0,174.0,173.3,173.28,173.27,172.18,172.28,172.29,173.0,173.12,09/02/2020 17:00,172.90625,0,0.0,172.90625,171.90625,170.90625,0.0
2020-09-03 12:30:00,173.24,175.02,173.17,174.13,174.0,174.0,173.3,173.28,173.27,172.18,172.28,172.29,173.0,173.12,09/02/2020 17:00,172.90625,0,0.0,172.90625,171.90625,170.90625,0.0
2020-09-03 12:30:00,173.24,175.02,173.17,174.13,174.0,174.0,173.3,173.28,173.27,172.18,172.28,172.29,173.0,173.12,09/02/2020 17:00,172.90625,0,0.0,172.90625,171.90625,170.90625,0.0
2020-09-03 12:30:00,173.24,175.02,173.17,174.13,174.0,174.0,173.3,173.28,173.27,172.18,172.28,172.29,173.0,173.12,09/02/2020 17:00,172.90625,0,0.0,172.90625,171.90625,170.90625,0.0
2020-09-03 12:30:00,173.24,175.02,173.17,174.13,174.0,174.0,173.3,173.28,173.27,172.18,172.28,172.29,173.0,173.12,09/02/2020 17:00,172.90625,0,0.0,172.90625,171.90625,170.90625,0.0
2020-09-03 16:30:00,174.13,174.2,173.31,174.02,174.27,174.17,174.15,174.14,174.14,174.01,174.03,174.06,174.12,174.12,09/02/2020 17:00,172.90625,0,0.0,172.90625,171.90625,170.90625,0.0
2020-09-03 16:30:00,174.13,174.2,173.31,174.02,174.27,174.17,174.15,174.14,174.14,174.01,174.03,174.06,174.12,174.12,09/02/2020 17:00,172.90625,0,0.0,172.90625,171.90625,170.90625,0.0
2020-09-03 21:30:00,174.01,174.09,173.28,174.02,174.14,174.13,174.12,174.06,174.03,173.27,173.28,173.3,174.0,174.0,0,0.0,0,0.0,0.0,0.0,0.0,0.0
2020-09-04 01:30:00,174.02,174.05,173.29,173.29,174.14,174.13,174.12,174.06,174.03,173.28,173.3,174.0,174.0,174.01,0,0.0,0,0.0,0.0,0.0,0.0,0.0
2020-09-04 05:30:00,173.3,174.05,173.15,173.2,174.06,174.03,174.01,174.0,174.0,173.1,173.12,173.17,173.27,173.28,0,0.0,0,0.0,0.0,0.0,0.0,0.0
2020-09-04 09:30:00,173.2,173.28,172.3,173.04,174.06,174.03,174.01,174.0,174.0,172.29,173.0,173.1,173.12,173.17,0,0.0,0,0.0,0.0,0.0,0.0,0.0
2020-09-04 13:30:00,173.04,173.12,172.09,172.15,174.0,174.0,173.17,173.12,173.1,172.16,172.18,172.28,172.29,173.0,0,0.0,0,0.0,0.0,0.0,0.0,0.0
2020-09-06 18:30:00,172.15,172.15,171.25,172.04,173.12,173.1,173.0,172.29,172.16,172.09,172.11,172.12,172.13,172.13,0,0.0,0,0.0,0.0,0.0,0.0,0.0
2020-09-06 22:30:00,172.04,172.06,171.21,171.31,173.0,172.29,172.16,172.13,172.11,171.07,171.09,171.1,171.12,171.29,0,0.0,0,0.0,0.0,0.0,0.0,0.0
2020-09-07 02:30:00,171.3,171.31,171.22,171.28,173.0,172.29,172.16,172.13,172.11,171.07,171.09,171.1,171.12,171.29,0,0.0,0,0.0,0.0,0.0,0.0,0.0
2020-09-07 06:30:00,171.27,172.08,171.24,172.05,172.16,172.15,172.13,172.11,171.29,171.06,171.07,171.09,171.1,171.12,0,0.0,0,0.0,0.0,0.0,0.0,0.0
2020-09-07 10:30:00,172.04,172.05,171.25,171.27,172.29,172.16,172.15,172.13,172.11,171.07,171.09,171.1,171.12,171.21,0,0.0,0,0.0,0.0,0.0,0.0,0.0
2020-09-07 19:30:00,171.27,171.27,171.23,171.26,172.29,172.16,172.15,172.13,172.11,171.09,171.1,171.12,171.21,171.22,0,0.0,0,0.0,0.0,0.0,0.0,0.0
2020-09-07 23:30:00,171.27,172.04,171.26,172.03,172.16,172.15,172.13,172.11,172.08,171.09,171.1,171.12,171.21,171.22,0,0.0,0,0.0,0.0,0.0,0.0,0.0
2020-09-08 03:30:00,172.03,172.07,171.26,172.03,172.15,172.13,172.11,172.08,172.05,171.09,171.1,171.12,171.21,171.22,0,0.0,0,0.0,0.0,0.0,0.0,0.0
2020-09-08 07:30:00,172.03,172.27,171.31,172.23,172.15,172.13,172.11,172.08,172.05,171.1,171.12,171.21,171.22,171.23,0,0.0,09/04/2020 17:00,174.1875,174.1875,175.1875,176.1875,0.0
2020-09-08 07:30:00,172.03,172.27,171.31,172.23,172.15,172.13,172.11,172.08,172.05,171.1,171.12,171.21,171.22,171.23,0,0.0,09/04/2020 17:00,174.1875,174.1875,175.1875,176.1875,0.0
2020-09-08 07:30:00,172.03,172.27,171.31,172.23,172.15,172.13,172.11,172.08,172.05,171.1,171.12,171.21,171.22,171.23,0,0.0,09/04/2020 17:00,174.1875,174.1875,175.1875,176.1875,0.0
2020-09-08 07:30:00,172.03,172.27,171.31,172.23,172.15,172.13,172.11,172.08,172.05,171.1,171.12,171.21,171.22,171.23,0,0.0,09/04/2020 17:00,174.1875,174.1875,175.1875,176.1875,0.0
2020-09-08 11:30:00,172.22,173.16,172.22,173.02,173.12,173.12,173.1,173.0,172.29,172.05,172.08,172.13,172.15,172.16,0,0.0,09/04/2020 17:00,174.1875,174.1875,175.1875,176.1875,0.0
2020-09-08 15:30:00,173.02,173.05,172.21,172.23,173.28,173.17,173.12,173.12,173.1,172.05,172.08,172.13,172.15,172.16,0,0.0,0,0.0,0.0,0.0,0.0,0.0
2020-09-08 20:30:00,172.22,173.17,172.21,173.08,173.28,173.17,173.12,173.12,173.1,172.05,172.08,172.13,172.15,172.16,0,0.0,0,0.0,0.0,0.0,0.0,0.0
2020-09-09 00:30:00,173.07,173.08,173.0,173.04,173.28,173.17,173.12,173.12,173.1,172.05,172.08,172.13,172.15,172.16,0,0.0,0,0.0,0.0,0.0,0.0,0.0
2020-09-09 04:30:00,173.05,173.15,172.3,173.0,173.28,173.17,173.12,173.12,173.1,172.05,172.08,172.13,172.15,172.16,0,0.0,0,0.0,0.0,0.0,0.0,0.0
2020-09-09 08:30:00,173.0,173.05,172.15,172.24,173.17,173.17,173.12,173.12,173.1,172.08,172.13,172.15,172.16,172.21,0,0.0,0,0.0,0.0,0.0,0.0,0.0
2020-09-09 12:30:00,172.24,173.02,172.1,172.15,173.17,173.17,173.12,173.12,173.1,172.08,172.13,172.15,172.16,172.21,0,0.0,0,0.0,0.0,0.0,0.0,0.0
2020-09-09 16:30:00,172.15,172.19,172.02,172.07,173.15,173.12,173.12,173.1,172.21,171.26,171.31,172.05,172.08,172.13,0,0.0,0,0.0,0.0,0.0,0.0,0.0
2020-09-09 21:30:00,172.08,172.17,172.06,172.15,173.12,173.1,173.05,172.21,172.15,171.22,171.23,171.26,171.31,172.05,0,0.0,0,0.0,0.0,0.0,0.0,0.0
2020-09-10 01:30:00,172.15,172.21,172.14,172.15,173.12,173.1,173.05,173.02,172.21,171.22,171.23,171.26,171.31,172.05,0,0.0,0,0.0,0.0,0.0,0.0,0.0
2020-09-10 05:30:00,172.15,172.24,172.07,172.14,173.12,173.1,173.05,173.02,172.21,171.23,171.26,171.31,172.02,172.05,0,0.0,0,0.0,0.0,0.0,0.0,0.0
2020-09-10 09:30:00,172.13,172.15,171.22,172.0,173.1,173.05,173.02,172.21,172.15,171.26,171.31,172.02,172.05,172.06,0,0.0,0,0.0,0.0,0.0,0.0,0.0
2020-09-10 13:30:00,172.0,172.23,171.17,172.23,172.21,172.15,172.06,172.05,172.02,171.21,171.22,171.23,171.26,171.31,0,0.0,09/04/2020 17:00,174.1875,174.1875,175.1875,176.1875,0.0
2020-09-10 13:30:00,172.0,172.23,171.17,172.23,172.21,172.15,172.06,172.05,172.02,171.21,171.22,171.23,171.26,171.31,0,0.0,09/04/2020 17:00,174.1875,174.1875,175.1875,176.1875,0.0
2020-09-10 13:30:00,172.0,172.23,171.17,172.23,172.21,172.15,172.06,172.05,172.02,171.21,171.22,171.23,171.26,171.31,0,0.0,09/04/2020 17:00,174.1875,174.1875,175.1875,176.1875,0.0
2020-09-10 18:30:00,172.22,173.0,172.17,172.27,173.12,173.1,173.05,173.02,172.24,171.26,171.31,172.02,172.06,172.21,0,0.0,09/04/2020 17:00,174.1875,174.1875,175.1875,176.1875,0.0
2020-09-10 22:30:00,172.27,172.3,172.21,172.26,173.12,173.12,173.1,173.05,173.02,171.31,172.02,172.06,172.21,172.24,0,0.0,0,0.0,0.0,0.0,0.0,0.0
2020-09-11 02:30:00,172.27,173.01,172.22,172.23,173.12,173.12,173.1,173.05,173.02,171.31,172.02,172.06,172.21,172.24,0,0.0,0,0.0,0.0,0.0,0.0,0.0
2020-09-11 06:30:00,172.23,172.3,172.18,172.18,173.12,173.1,173.05,173.02,172.24,171.31,172.02,172.06,172.17,172.21,0,0.0,0,0.0,0.0,0.0,0.0,0.0
2020-09-11 10:30:00,172.18,173.06,172.11,173.03,173.12,173.1,173.05,173.02,172.24,171.26,171.31,172.02,172.06,172.17,0,0.0,09/04/2020 17:00,174.1875,174.1875,175.1875,176.1875,0.0
2020-09-11 14:30:00,173.03,173.07,172.27,173.04,173.15,173.12,173.12,173.1,173.05,171.31,172.02,172.06,172.17,173.02,0,0.0,0,0.0,0.0,0.0,0.0,0.0
2020-09-13 19:30:00,173.04,173.07,172.29,173.02,173.15,173.12,173.12,173.1,173.05,171.31,172.02,172.06,172.17,173.02,0,0.0,0,0.0,0.0,0.0,0.0,0.0
2020-09-13 23:30:00,173.02,173.08,173.0,173.02,173.15,173.12,173.12,173.1,173.05,171.31,172.02,172.06,172.11,172.17,0,0.0,0,0.0,0.0,0.0,0.0,0.0
2020-09-14 03:30:00,173.02,173.09,173.01,173.05,173.15,173.12,173.12,173.1,173.05,172.02,172.06,172.11,172.17,172.27,0,0.0,0,0.0,0.0,0.0,0.0,0.0
2020-09-14 07:30:00,173.05,173.09,172.27,172.29,173.17,173.15,173.12,173.12,173.1,172.11,172.17,172.27,172.29,173.02,0,0.0,0,0.0,0.0,0.0,0.0,0.0
2020-09-14 11:30:00,172.29,173.19,172.29,173.03,173.12,173.12,173.1,173.05,173.02,172.02,172.06,172.11,172.17,172.27,0,0.0,0,0.0,0.0,0.0,0.0,0.0
2020-09-14 15:30:00,173.03,173.12,173.02,173.03,173.15,173.12,173.12,173.1,173.05,172.06,172.11,172.17,172.27,172.29,0,0.0,0,0.0,0.0,0.0,0.0,0.0
2020-09-14 20:30:00,173.02,173.07,172.3,173.06,173.15,173.12,173.12,173.1,173.05,172.11,172.17,172.27,172.27,172.29,0,0.0,09/04/2020 17:00,174.1875,174.1875,175.1875,176.1875,0.0
2020-09-15 00:30:00,173.06,173.09,173.03,173.06,173.17,173.15,173.12,173.12,173.1,172.27,172.27,172.29,172.29,173.05,0,0.0,0,0.0,0.0,0.0,0.0,0.0
2020-09-15 04:30:00,173.06,173.09,172.29,172.3,173.15,173.12,173.12,173.12,173.1,172.27,172.27,172.29,172.29,173.05,0,0.0,0,0.0,0.0,0.0,0.0,0.0
2020-09-15 08:30:00,172.3,172.31,172.2,172.28,173.12,173.12,173.12,173.1,173.05,172.17,172.27,172.27,172.29,172.29,0,0.0,0,0.0,0.0,0.0,0.0,0.0
2020-09-15 12:30:00,172.27,173.03,172.23,172.29,173.12,173.1,173.05,172.29,172.29,171.31,172.02,172.06,172.11,172.17,0,0.0,0,0.0,0.0,0.0,0.0,0.0
2020-09-15 16:30:00,172.29,173.06,172.28,173.0,173.12,173.12,173.1,173.09,173.05,172.06,172.11,172.17,172.27,172.27,0,0.0,09/04/2020 17:00,174.1875,174.1875,175.1875,176.1875,0.0
2020-09-15 16:30:00,172.29,173.06,172.28,173.0,173.12,173.12,173.1,173.09,173.05,172.06,172.11,172.17,172.27,172.27,0,0.0,09/04/2020 17:00,174.1875,174.1875,175.1875,176.1875,0.0
2020-09-15 21:30:00,173.0,173.07,172.29,173.02,173.12,173.12,173.1,173.09,173.05,172.2,172.27,172.27,172.29,172.29,0,0.0,0,0.0,0.0,0.0,0.0,0.0
2020-09-16 01:30:00,173.01,173.07,173.01,173.06,173.12,173.12,173.1,173.09,173.05,172.23,172.27,172.27,172.29,172.29,0,0.0,0,0.0,0.0,0.0,0.0,0.0
2020-09-16 05:30:00,173.07,173.08,173.01,173.05,173.12,173.12,173.12,173.1,173.09,172.27,172.27,172.28,172.29,172.29,0,0.0,0,0.0,0.0,0.0,0.0,0.0
2020-09-16 09:30:00,173.04,173.21,173.01,173.16,173.12,173.12,173.12,173.1,173.09,172.27,172.28,172.29,172.29,172.29,0,0.0,09/04/2020 17:00,174.1875,174.1875,175.1875,176.1875,0.0
2020-09-16 09:30:00,173.04,173.21,173.01,173.16,173.12,173.12,173.12,173.1,173.09,172.27,172.28,172.29,172.29,172.29,0,0.0,09/04/2020 17:00,174.1875,174.1875,175.1875,176.1875,0.0
2020-09-16 09:30:00,173.04,173.21,173.01,173.16,173.12,173.12,173.12,173.1,173.09,172.27,172.28,172.29,172.29,172.29,0,0.0,09/04/2020 17:00,174.1875,174.1875,175.1875,176.1875,0.0
2020-09-16 09:30:00,173.04,173.21,173.01,173.16,173.12,173.12,173.12,173.1,173.09,172.27,172.28,172.29,172.29,172.29,0,0.0,09/04/2020 17:00,174.1875,174.1875,175.1875,176.1875,0.0
2020-09-16 13:30:00,173.17,173.18,173.07,173.14,174.01,174.0,174.0,173.28,173.19,173.09,173.1,173.12,173.12,173.15,0,0.0,09/04/2020 17:00,174.1875,174.1875,175.1875,176.1875,0.0
2020-09-16 18:30:00,173.14,173.17,172.13,172.21,173.28,173.19,173.17,173.17,173.15,172.29,173.09,173.1,173.12,173.12,0,0.0,0,0.0,0.0,0.0,0.0,0.0
2020-09-16 22:30:00,172.22,173.04,172.21,173.02,172.29,172.28,172.27,172.27,172.23,172.02,172.06,172.11,172.17,172.2,0,0.0,09/04/2020 17:00,174.1875,174.1875,175.1875,176.1875,0.0
2020-09-16 22:30:00,172.22,173.04,172.21,173.02,172.29,172.28,172.27,172.27,172.23,172.02,172.06,172.11,172.17,172.2,0,0.0,09/04/2020 17:00,174.1875,174.1875,175.1875,176.1875,0.0
2020-09-16 22:30:00,172.22,173.04,172.21,173.02,172.29,172.28,172.27,172.27,172.23,172.02,172.06,172.11,172.17,172.2,0,0.0,09/04/2020 17:00,174.1875,174.1875,175.1875,176.1875,0.0
2020-09-16 22:30:00,172.22,173.04,172.21,173.02,172.29,172.28,172.27,172.27,172.23,172.02,172.06,172.11,172.17,172.2,0,0.0,09/04/2020 17:00,174.1875,174.1875,175.1875,176.1875,0.0
2020-09-17 02:30:00,173.02,173.07,173.01,173.07,173.17,173.15,173.12,173.12,173.09,172.23,172.27,172.27,172.28,172.29,0,0.0,09/04/2020 17:00,174.1875,174.1875,175.1875,176.1875,0.0
2020-09-17 06:30:00,173.08,173.12,172.26,173.04,173.17,173.15,173.12,173.12,173.09,172.23,172.27,172.27,172.28,172.29,0,0.0,0,0.0,0.0,0.0,0.0,0.0
2020-09-17 10:30:00,173.05,173.31,173.02,173.12,173.17,173.15,173.12,173.12,173.09,172.23,172.27,172.27,172.28,172.29,0,0.0,0,0.0,0.0,0.0,0.0,0.0
2020-09-17 14:30:00,173.12,173.18,172.24,172.27,173.18,173.17,173.17,173.17,173.15,172.23,172.27,172.27,172.28,172.29,0,0.0,0,0.0,0.0,0.0,0.0,0.0
2020-09-17 19:30:00,172.28,173.01,172.25,172.25,173.17,173.17,173.15,173.12,173.12,172.2,172.21,172.23,172.27,172.27,0,0.0,0,0.0,0.0,0.0,0.0,0.0
2020-09-17 23:30:00,172.25,173.03,172.25,173.02,173.17,173.17,173.15,173.12,173.12,172.13,172.17,172.2,172.21,172.23,0,0.0,0,0.0,0.0,0.0,0.0,0.0
2020-09-18 03:30:00,173.03,173.03,172.23,172.26,173.17,173.17,173.15,173.12,173.12,172.17,172.2,172.21,172.23,172.24,0,0.0,0,0.0,0.0,0.0,0.0,0.0
2020-09-18 07:30:00,172.27,173.1,172.26,173.1,173.17,173.17,173.15,173.12,173.12,172.17,172.2,172.21,172.23,172.24,0,0.0,0,0.0,0.0,0.0,0.0,0.0
2020-09-18 11:30:00,173.1,173.13,172.18,172.22,173.17,173.17,173.15,173.12,173.12,172.17,172.2,172.21,172.23,172.24,0,0.0,0,0.0,0.0,0.0,0.0,0.0
2020-09-18 15:30:00,172.22,172.26,172.14,172.16,173.17,173.15,173.12,173.12,172.24,172.11,172.13,172.17,172.2,172.21,0,0.0,0,0.0,0.0,0.0,0.0,0.0
2020-09-20 20:30:00,172.15,172.25,172.14,172.21,173.12,172.24,172.21,172.2,172.17,171.31,172.02,172.06,172.11,172.13,0,0.0,09/04/2020 17:00,174.1875,174.1875,175.1875,176.1875,0.0
2020-09-21 00:30:00,172.21,172.28,172.21,172.27,173.15,173.13,173.12,173.12,172.24,172.06,172.11,172.13,172.17,172.2,0,0.0,09/04/2020 17:00,174.1875,174.1875,175.1875,176.1875,0.0
2020-09-21 00:30:00,172.21,172.28,172.21,172.27,173.15,173.13,173.12,173.12,172.24,172.06,172.11,172.13,172.17,172.2,0,0.0,09/04/2020 17:00,174.1875,174.1875,175.1875,176.1875,0.0
2020-09-21 00:30:00,172.21,172.28,172.21,172.27,173.15,173.13,173.12,173.12,172.24,172.06,172.11,172.13,172.17,172.2,0,0.0,09/04/2020 17:00,174.1875,174.1875,175.1875,176.1875,0.0
2020-09-21 04:30:00,172.27,173.19,172.21,173.15,173.17,173.15,173.13,173.12,173.12,172.13,172.17,172.2,172.21,172.24,0,0.0,09/04/2020 17:00,174.1875,174.1875,175.1875,176.1875,0.0
2020-09-21 08:30:00,173.16,173.21,173.08,173.2,173.18,173.18,173.17,173.17,173.17,172.2,172.21,172.24,173.13,173.15,0,0.0,09/04/2020 17:00,174.1875,174.1875,175.1875,176.1875,0.0
2020-09-21 08:30:00,173.16,173.21,173.08,173.2,173.18,173.18,173.17,173.17,173.17,172.2,172.21,172.24,173.13,173.15,0,0.0,09/04/2020 17:00,174.1875,174.1875,175.1875,176.1875,0.0
2020-09-21 08:30:00,173.16,173.21,173.08,173.2,173.18,173.18,173.17,173.17,173.17,172.2,172.21,172.24,173.13,173.15,0,0.0,09/04/2020 17:00,174.1875,174.1875,175.1875,176.1875,0.0
2020-09-21 08:30:00,173.16,173.21,173.08,173.2,173.18,173.18,173.17,173.17,173.17,172.2,172.21,172.24,173.13,173.15,0,0.0,09/04/2020 17:00,174.1875,174.1875,175.1875,176.1875,0.0
2020-09-21 12:30:00,173.19,173.26,173.05,173.08,174.0,174.0,173.31,173.28,173.21,173.17,173.17,173.17,173.18,173.18,0,0.0,0,0.0,0.0,0.0,0.0,0.0
2020-09-21 16:30:00,173.09,173.09,172.29,173.04,173.18,173.18,173.17,173.17,173.13,172.17,172.2,172.21,172.21,172.24,0,0.0,0,0.0,0.0,0.0,0.0,0.0
2020-09-21 21:30:00,173.04,173.1,173.03,173.08,173.18,173.18,173.17,173.17,173.13,172.17,172.2,172.21,172.21,172.24,0,0.0,0,0.0,0.0,0.0,0.0,0.0
2020-09-22 01:30:00,173.08,173.09,173.03,173.07,173.18,173.18,173.17,173.17,173.13,172.17,172.2,172.21,172.21,172.24,0,0.0,0,0.0,0.0,0.0,0.0,0.0
2020-09-22 05:30:00,173.08,173.11,173.01,173.01,173.18,173.18,173.17,173.17,173.13,172.2,172.21,172.21,172.24,172.29,0,0.0,0,0.0,0.0,0.0,0.0,0.0
2020-09-22 09:30:00,173.02,173.08,172.26,173.01,173.18,173.18,173.17,173.17,173.13,172.2,172.21,172.21,172.24,172.29,0,0.0,0,0.0,0.0,0.0,0.0,0.0
2020-09-22 13:30:00,173.01,173.11,172.24,173.06,173.18,173.18,173.17,173.17,173.13,172.2,172.21,172.21,172.24,172.29,0,0.0,0,0.0,0.0,0.0,0.0,0.0
2020-09-22 18:30:00,173.05,173.08,172.28,173.0,173.18,173.18,173.17,173.17,173.13,172.2,172.21,172.21,172.24,172.29,0,0.0,0,0.0,0.0,0.0,0.0,0.0
2020-09-22 22:30:00,173.0,173.09,172.31,173.05,173.18,173.18,173.17,173.17,173.13,172.2,172.21,172.21,172.24,172.29,0,0.0,0,0.0,0.0,0.0,0.0,0.0
2020-09-23 02:30:00,173.05,173.07,173.01,173.06,173.18,173.17,173.17,173.13,173.11,172.21,172.21,172.24,172.24,172.29,0,0.0,0,0.0,0.0,0.0,0.0,0.0
2020-09-23 06:30:00,173.06,173.16,172.29,173.0,173.18,173.17,173.17,173.13,173.11,172.21,172.24,172.24,172.28,172.29,0,0.0,0,0.0,0.0,0.0,0.0,0.0
2020-09-23 10:30:00,173.0,173.05,172.26,172.26,173.18,173.17,173.17,173.13,173.11,172.21,172.24,172.24,172.28,172.29,0,0.0,0,0.0,0.0,0.0,0.0,0.0
2020-09-23 14:30:00,172.27,173.03,172.15,172.29,173.17,173.13,173.11,172.29,172.28,172.2,172.21,172.21,172.24,172.24,0,0.0,09/04/2020 17:00,174.1875,174.1875,175.1875,176.1875,0.0
2020-09-23 19:30:00,172.3,173.05,172.27,173.04,173.17,173.17,173.16,173.13,173.11,172.21,172.24,172.24,172.28,172.29,0,0.0,09/04/2020 17:00,174.1875,174.1875,175.1875,176.1875,0.0
2020-09-23 23:30:00,173.04,173.07,172.29,173.03,173.17,173.17,173.16,173.13,173.11,172.21,172.24,172.24,172.28,172.29,0,0.0,0,0.0,0.0,0.0,0.0,0.0
2020-09-24 03:30:00,173.03,173.13,173.02,173.12,173.17,173.17,173.16,173.13,173.11,172.21,172.24,172.24,172.28,172.29,0,0.0,09/04/2020 17:00,174.1875,174.1875,175.1875,176.1875,0.0
2020-09-24 07:30:00,173.12,173.14,173.04,173.06,173.18,173.17,173.17,173.16,173.13,172.24,172.27,172.28,172.29,173.11,0,0.0,0,0.0,0.0,0.0,0.0,0.0
2020-09-24 11:30:00,173.06,173.16,173.05,173.13,173.17,173.17,173.16,173.13,173.11,172.24,172.27,172.28,172.29,172.29,0,0.0,0,0.0,0.0,0.0,0.0,0.0
2020-09-24 15:30:00,173.13,173.17,173.05,173.15,173.18,173.18,173.17,173.17,173.16,172.27,172.28,172.29,172.29,173.02,0,0.0,0,0.0,0.0,0.0,0.0,0.0
2020-09-24 20:30:00,173.15,173.17,173.09,173.1,173.18,173.18,173.17,173.17,173.16,172.28,172.29,172.29,173.02,173.04,0,0.0,0,0.0,0.0,0.0,0.0,0.0
2020-09-25 00:30:00,173.1,173.11,173.05,173.07,173.18,173.18,173.17,173.17,173.16,172.28,172.29,172.29,173.02,173.04,0,0.0,0,0.0,0.0,0.0,0.0,0.0
2020-09-25 04:30:00,173.07,173.2,173.07,173.18,173.18,173.18,173.17,173.17,173.16,172.28,172.29,172.29,173.02,173.04,0,0.0,09/04/2020 17:00,174.1875,174.1875,175.1875,176.1875,0.0
2020-09-25 04:30:00,173.07,173.2,173.07,173.18,173.18,173.18,173.17,173.17,173.16,172.28,172.29,172.29,173.02,173.04,0,0.0,09/04/2020 17:00,174.1875,174.1875,175.1875,176.1875,0.0
2020-09-25 08:30:00,173.19,173.26,173.14,173.23,174.0,173.31,173.28,173.26,173.21,173.02,173.04,173.16,173.18,173.18,0,0.0,09/04/2020 17:00,174.1875,174.1875,175.1875,176.1875,0.0
2020-09-25 08:30:00,173.19,173.26,173.14,173.23,174.0,173.31,173.28,173.26,173.21,173.02,173.04,173.16,173.18,173.18,0,0.0,09/04/2020 17:00,174.1875,174.1875,175.1875,176.1875,0.0
2020-09-25 12:30:00,173.23,173.26,173.18,173.25,174.0,174.0,173.31,173.28,173.26,173.02,173.04,173.05,173.16,173.21,0,0.0,0,0.0,0.0,0.0,0.0,0.0
2020-09-25 16:30:00,173.25,173.26,173.14,173.23,174.0,174.0,173.31,173.28,173.26,173.04,173.05,173.07,173.16,173.21,0,0.0,0,0.0,0.0,0.0,0.0,0.0
2020-09-27 21:30:00,173.23,173.23,173.15,173.19,174.0,174.0,173.31,173.28,173.26,173.04,173.05,173.07,173.16,173.21,0,0.0,0,0.0,0.0,0.0,0.0,0.0
2020-09-28 01:30:00,173.19,173.23,173.16,173.2,174.0,173.31,173.28,173.26,173.21,173.02,173.04,173.05,173.07,173.16,0,0.0,0,0.0,0.0,0.0,0.0,0.0
2020-09-28 05:30:00,173.2,173.23,173.07,173.09,173.31,173.28,173.26,173.26,173.21,173.04,173.05,173.07,173.14,173.16,0,0.0,0,0.0,0.0,0.0,0.0,0.0
2020-09-28 09:30:00,173.08,173.21,173.04,173.18,173.26,173.26,173.21,173.16,173.14,172.29,173.02,173.04,173.05,173.07,09/25/2020 17:00,173.53125,0,0.0,173.53125,172.53125,171.53125,0.0
2020-09-28 13:30:00,173.19,173.2,173.1,173.11,173.31,173.28,173.26,173.26,173.21,173.02,173.04,173.05,173.07,173.14,0,0.0,0,0.0,0.0,0.0,0.0,0.0
2020-09-28 18:30:00,173.11,173.19,173.1,173.16,173.28,173.26,173.26,173.23,173.21,172.29,173.02,173.04,173.05,173.07,0,0.0,0,0.0,0.0,0.0,0.0,0.0
2020-09-28 22:30:00,173.17,173.18,173.14,173.15,173.26,173.26,173.23,173.21,173.21,173.02,173.04,173.04,173.05,173.07,0,0.0,0,0.0,0.0,0.0,0.0,0.0
2020-09-29 02:30:00,173.15,173.18,173.12,173.17,173.26,173.23,173.21,173.21,173.2,173.02,173.04,173.04,173.05,173.07,0,0.0,0,0.0,0.0,0.0,0.0,0.0
2020-09-29 06:30:00,173.17,173.25,173.15,173.2,173.23,173.21,173.21,173.2,173.19,173.04,173.04,173.05,173.07,173.1,0,0.0,09/28/2020 17:00,173.53125,173.53125,174.53125,175.53125,0.0
2020-09-29 10:30:00,173.2,173.26,173.13,173.19,173.26,173.26,173.23,173.21,173.21,173.04,173.05,173.07,173.1,173.19,0,0.0,0,0.0,0.0,0.0,0.0,0.0
2020-09-29 14:30:00,173.2,173.29,173.2,173.2,173.26,173.26,173.23,173.21,173.21,173.05,173.07,173.1,173.12,173.19,0,0.0,0,0.0,0.0,0.0,0.0,0.0
2020-09-29 19:30:00,173.2,173.25,173.16,173.17,173.26,173.26,173.23,173.21,173.21,173.05,173.07,173.1,173.12,173.19,0,0.0,0,0.0,0.0,0.0,0.0,0.0
2020-09-29 23:30:00,173.17,173.21,173.09,173.19,173.23,173.21,173.21,173.2,173.19,173.05,173.07,173.1,173.12,173.13,0,0.0,0,0.0,0.0,0.0,0.0,0.0
2020-09-30 03:30:00,173.19,173.26,173.13,173.15,173.26,173.23,173.21,173.21,173.2,173.05,173.07,173.1,173.12,173.13,0,0.0,0,0.0,0.0,0.0,0.0,0.0
2020-09-30 07:30:00,173.14,173.23,173.13,173.18,173.23,173.21,173.21,173.2,173.19,173.05,173.07,173.1,173.12,173.13,0,0.0,0,0.0,0.0,0.0,0.0,0.0
2020-09-30 11:30:00,173.18,173.24,172.11,172.12,173.23,173.21,173.21,173.2,173.19,173.07,173.09,173.1,173.12,173.13,0,0.0,0,0.0,0.0,0.0,0.0,0.0
2020-09-30 15:30:00,172.12,172.3,171.31,172.21,172.24,172.21,172.15,172.14,172.13,171.26,171.31,172.02,172.06,172.11,09/29/2020 17:00,173.53125,0,0.0,173.53125,172.53125,171.53125,0.0
2020-09-30 15:30:00,172.12,172.3,171.31,172.21,172.24,172.21,172.15,172.14,172.13,171.26,171.31,172.02,172.06,172.11,09/29/2020 17:00,173.53125,0,0.0,173.53125,172.53125,171.53125,0.0
2020-09-30 15:30:00,172.12,172.3,171.31,172.21,172.24,172.21,172.15,172.14,172.13,171.26,171.31,172.02,172.06,172.11,09/29/2020 17:00,173.53125,0,0.0,173.53125,172.53125,171.53125,0.0
2020-09-30 20:30:00,172.21,172.26,172.16,172.23,173.04,173.02,172.29,172.27,172.24,172.06,172.11,172.13,172.14,172.15,0,0.0,09/30/2020 17:00,172.90625,172.90625,173.90625,174.90625,0.0
2020-10-01 00:30:00,172.24,172.25,172.11,172.12,173.04,173.04,173.02,172.29,172.27,172.11,172.13,172.14,172.15,172.21,0,0.0,0,0.0,0.0,0.0,0.0,0.0
2020-10-01 04:30:00,172.11,172.14,172.04,172.08,173.02,172.3,172.29,172.27,172.24,171.26,171.31,171.31,172.02,172.06,0,0.0,0,0.0,0.0,0.0,0.0,0.0
2020-10-01 08:30:00,172.08,172.15,172.01,172.01,172.29,172.27,172.26,172.24,172.11,171.26,171.31,171.31,172.02,172.06,0,0.0,0,0.0,0.0,0.0,0.0,0.0
2020-10-01 12:30:00,172.02,172.28,171.25,172.2,172.27,172.26,172.25,172.24,172.11,171.22,171.23,171.26,171.31,171.31,0,0.0,09/30/2020 17:00,172.90625,172.90625,173.90625,174.90625,0.0
2020-10-01 16:30:00,172.2,173.03,172.17,172.28,172.29,172.27,172.26,172.25,172.24,171.23,171.26,171.31,171.31,172.11,0,0.0,09/30/2020 17:00,172.90625,172.90625,173.90625,174.90625,0.0
2020-10-01 16:30:00,172.2,173.03,172.17,172.28,172.29,172.27,172.26,172.25,172.24,171.23,171.26,171.31,171.31,172.11,0,0.0,09/30/2020 17:00,172.90625,172.90625,173.90625,174.90625,0.0
2020-10-01 16:30:00,172.2,173.03,172.17,172.28,172.29,172.27,172.26,172.25,172.24,171.23,171.26,171.31,171.31,172.11,0,0.0,09/30/2020 17:00,172.90625,172.90625,173.90625,174.90625,0.0
2020-10-01 16:30:00,172.2,173.03,172.17,172.28,172.29,172.27,172.26,172.25,172.24,171.23,171.26,171.31,171.31,172.11,0,0.0,09/30/2020 17:00,172.90625,172.90625,173.90625,174.90625,0.0
2020-10-01 21:30:00,172.27,173.03,172.23,172.28,173.04,173.04,173.02,172.3,172.29,171.31,172.11,172.24,172.25,172.26,0,0.0,0,0.0,0.0,0.0,0.0,0.0
2020-10-02 01:30:00,172.28,173.16,172.28,173.12,173.04,173.04,173.02,172.3,172.29,172.11,172.24,172.25,172.26,172.27,0,0.0,09/30/2020 17:00,172.90625,172.90625,173.90625,174.90625,0.0
2020-10-02 01:30:00,172.28,173.16,172.28,173.12,173.04,173.04,173.02,172.3,172.29,172.11,172.24,172.25,172.26,172.27,0,0.0,09/30/2020 17:00,172.90625,172.90625,173.90625,174.90625,0.0
2020-10-02 01:30:00,172.28,173.16,172.28,173.12,173.04,173.04,173.02,172.3,172.29,172.11,172.24,172.25,172.26,172.27,0,0.0,09/30/2020 17:00,172.90625,172.90625,173.90625,174.90625,0.0
2020-10-02 01:30:00,172.28,173.16,172.28,173.12,173.04,173.04,173.02,172.3,172.29,172.11,172.24,172.25,172.26,172.27,0,0.0,09/30/2020 17:00,172.90625,172.90625,173.90625,174.90625,0.0
2020-10-02 01:30:00,172.28,173.16,172.28,173.12,173.04,173.04,173.02,172.3,172.29,172.11,172.24,172.25,172.26,172.27,0,0.0,09/30/2020 17:00,172.90625,172.90625,173.90625,174.90625,0.0
2020-10-02 01:30:00,172.28,173.16,172.28,173.12,173.04,173.04,173.02,172.3,172.29,172.11,172.24,172.25,172.26,172.27,0,0.0,09/30/2020 17:00,172.90625,172.90625,173.90625,174.90625,0.0
2020-10-02 01:30:00,172.28,173.16,172.28,173.12,173.04,173.04,173.02,172.3,172.29,172.11,172.24,172.25,172.26,172.27,0,0.0,09/30/2020 17:00,172.90625,172.90625,173.90625,174.90625,0.0
2020-10-02 05:30:00,173.12,173.17,172.29,173.06,173.21,173.21,173.2,173.19,173.13,173.04,173.05,173.07,173.09,173.1,0,0.0,09/30/2020 17:00,172.90625,172.90625,173.90625,174.90625,0.0
2020-10-02 09:30:00,173.06,173.16,173.02,173.03,173.21,173.2,173.19,173.13,173.12,172.3,173.02,173.04,173.04,173.05,0,0.0,0,0.0,0.0,0.0,0.0,0.0
2020-10-02 13:30:00,173.02,173.04,172.04,172.07,173.21,173.2,173.19,173.13,173.12,172.26,172.27,172.28,172.29,172.3,0,0.0,0,0.0,0.0,0.0,0.0,0.0
2020-10-04 18:30:00,172.06,172.17,172.04,172.04,172.28,172.26,172.25,172.23,172.17,171.23,171.25,171.26,171.31,171.31,0,0.0,0,0.0,0.0,0.0,0.0,0.0
2020-10-04 22:30:00,172.05,172.05,171.27,171.3,172.28,172.26,172.25,172.23,172.17,171.23,171.25,171.26,171.31,171.31,0,0.0,0,0.0,0.0,0.0,0.0,0.0
2020-10-05 02:30:00,171.3,172.03,171.29,172.01,172.25,172.23,172.17,171.31,171.31,171.21,171.22,171.23,171.25,171.26,0,0.0,10/02/2020 17:00,172.46875,172.46875,173.46875,174.46875,0.0
2020-10-05 06:30:00,172.01,172.06,171.18,171.25,172.26,172.25,172.23,172.17,172.17,171.23,171.25,171.26,171.31,171.31,0,0.0,0,0.0,0.0,0.0,0.0,0.0
2020-10-05 10:30:00,171.25,171.29,170.3,170.31,172.25,172.23,172.17,172.17,171.26,171.12,171.17,171.21,171.22,171.23,0,0.0,0,0.0,0.0,0.0,0.0,0.0
2020-10-05 14:30:00,170.31,171.02,170.22,170.28,171.21,171.17,171.09,171.07,171.06,170.12,170.17,170.23,170.27,170.29,0,0.0,0,0.0,0.0,0.0,0.0,0.0
2020-10-05 19:30:00,170.29,170.3,170.07,170.11,171.21,171.17,171.09,171.07,171.06,170.09,170.12,170.17,170.23,170.27,0,0.0,0,0.0,0.0,0.0,0.0,0.0
2020-10-05 23:30:00,170.11,170.2,170.1,170.16,171.07,171.06,170.29,170.23,170.17,170.05,170.06,170.08,170.09,170.09,0,0.0,0,0.0,0.0,0.0,0.0,0.0
2020-10-06 03:30:00,170.17,170.2,170.09,170.16,171.07,171.06,171.02,170.29,170.23,170.05,170.06,170.08,170.09,170.09,0,0.0,0,0.0,0.0,0.0,0.0,0.0
2020-10-06 07:30:00,170.16,170.25,170.12,170.13,171.02,170.3,170.29,170.23,170.17,170.06,170.07,170.08,170.09,170.09,0,0.0,0,0.0,0.0,0.0,0.0,0.0
2020-10-06 11:30:00,170.13,170.17,169.29,170.08,171.02,170.3,170.29,170.23,170.17,170.06,170.07,170.08,170.09,170.09,0,0.0,0,0.0,0.0,0.0,0.0,0.0
2020-10-06 15:30:00,170.08,171.2,170.02,170.29,171.02,170.3,170.29,170.23,170.17,170.0,170.01,170.05,170.06,170.07,0,0.0,10/05/2020 17:00,171.03125,171.03125,172.03125,173.03125,0.0
2020-10-06 20:30:00,170.29,171.17,170.26,171.07,171.09,171.07,171.06,171.02,170.3,170.06,170.07,170.08,170.17,170.23,10/06/2020 17:00,170.84375,0,0.0,170.84375,169.84375,168.84375,0.0
2020-10-06 20:30:00,170.29,171.17,170.26,171.07,171.09,171.07,171.06,171.02,170.3,170.06,170.07,170.08,170.17,170.23,10/06/2020 17:00,170.84375,0,0.0,170.84375,169.84375,168.84375,0.0
2020-10-06 20:30:00,170.29,171.17,170.26,171.07,171.09,171.07,171.06,171.02,170.3,170.06,170.07,170.08,170.17,170.23,10/06/2020 17:00,170.84375,0,0.0,170.84375,169.84375,168.84375,0.0
2020-10-06 20:30:00,170.29,171.17,170.26,171.07,171.09,171.07,171.06,171.02,170.3,170.06,170.07,170.08,170.17,170.23,10/06/2020 17:00,170.84375,0,0.0,170.84375,169.84375,168.84375,0.0
2020-10-06 20:30:00,170.29,171.17,170.26,171.07,171.09,171.07,171.06,171.02,170.3,170.06,170.07,170.08,170.17,170.23,10/06/2020 17:00,170.84375,0,0.0,170.84375,169.84375,168.84375,0.0
2020-10-07 00:30:00,171.07,171.1,171.0,171.02,171.23,171.22,171.21,171.17,171.09,170.23,170.29,170.3,171.02,171.06,0,0.0,0,0.0,0.0,0.0,0.0,0.0
2020-10-07 04:30:00,171.02,171.02,170.14,170.23,171.21,171.2,171.17,171.09,171.07,170.08,170.17,170.23,170.29,170.3,0,0.0,0,0.0,0.0,0.0,0.0,0.0
2020-10-07 08:30:00,170.22,170.26,170.07,170.07,171.09,171.07,171.02,170.3,170.23,170.05,170.06,170.07,170.08,170.17,0,0.0,0,0.0,0.0,0.0,0.0,0.0
2020-10-07 12:30:00,170.07,170.26,170.04,170.24,171.09,171.07,171.02,170.3,170.08,170.0,170.01,170.02,170.05,170.06,10/06/2020 17:00,170.84375,0,0.0,170.84375,169.84375,168.84375,0.0
2020-10-07 16:30:00,170.24,170.27,169.27,170.09,171.09,171.07,171.02,171.02,170.3,170.02,170.05,170.06,170.07,170.08,0,0.0,0,0.0,0.0,0.0,0.0,0.0
2020-10-07 21:30:00,170.09,170.13,170.02,170.1,171.09,171.07,171.02,171.02,170.3,170.02,170.05,170.06,170.07,170.08,0,0.0,0,0.0,0.0,0.0,0.0,0.0
2020-10-08 01:30:00,170.1,170.13,170.03,170.13,171.09,171.07,171.02,171.02,170.3,170.02,170.05,170.06,170.07,170.08,0,0.0,0,0.0,0.0,0.0,0.0,0.0
2020-10-08 05:30:00,170.12,170.21,170.1,170.18,171.07,171.02,171.02,170.3,170.27,170.02,170.05,170.06,170.07,170.08,0,0.0,0,0.0,0.0,0.0,0.0,0.0
2020-10-08 09:30:00,170.18,170.23,170.09,170.18,171.07,171.02,171.02,170.3,170.27,170.02,170.05,170.06,170.07,170.08,0,0.0,0,0.0,0.0,0.0,0.0,0.0
2020-10-08 13:30:00,170.19,170.27,170.14,170.22,171.07,171.02,171.02,170.3,170.27,170.03,170.05,170.06,170.07,170.08,0,0.0,0,0.0,0.0,0.0,0.0,0.0
2020-10-08 18:30:00,170.22,170.25,170.06,170.08,171.07,171.02,171.02,170.3,170.27,170.03,170.05,170.06,170.07,170.08,0,0.0,0,0.0,0.0,0.0,0.0,0.0
2020-10-08 22:30:00,170.08,170.2,170.07,170.15,171.07,171.02,171.02,170.3,170.27,170.02,170.03,170.05,170.06,170.07,0,0.0,0,0.0,0.0,0.0,0.0,0.0
2020-10-09 02:30:00,170.15,170.26,170.14,170.21,171.02,171.02,170.3,170.27,170.27,170.03,170.05,170.06,170.07,170.08,0,0.0,0,0.0,0.0,0.0,0.0,0.0
2020-10-09 06:30:00,170.21,170.29,170.18,170.24,171.02,171.02,170.3,170.27,170.27,170.05,170.06,170.06,170.07,170.08,0,0.0,0,0.0,0.0,0.0,0.0,0.0
2020-10-09 10:30:00,170.24,170.29,170.06,170.28,171.02,171.02,170.3,170.27,170.27,170.06,170.06,170.07,170.07,170.08,0,0.0,10/07/2020 17:00,170.4375,170.4375,171.4375,172.4375,0.0
2020-10-09 10:30:00,170.24,170.29,170.06,170.28,171.02,171.02,170.3,170.27,170.27,170.06,170.06,170.07,170.07,170.08,0,0.0,10/07/2020 17:00,170.4375,170.4375,171.4375,172.4375,0.0
2020-10-09 14:30:00,170.27,170.29,169.28,170.18,171.09,171.07,171.02,171.02,170.3,170.06,170.06,170.07,170.07,170.08,0,0.0,0,0.0,0.0,0.0,0.0,0.0
2020-10-11 19:30:00,170.19,170.31,170.16,170.31,171.02,171.02,170.3,170.27,170.27,170.06,170.06,170.07,170.07,170.08,0,0.0,0,0.0,0.0,0.0,0.0,0.0
2020-10-11 23:30:00,170.3,170.31,170.25,170.26,171.1,171.09,171.07,171.02,171.02,170.06,170.06,170.07,170.07,170.08,0,0.0,0,0.0,0.0,0.0,0.0,0.0
2020-10-12 03:30:00,170.26,170.29,170.22,170.22,171.1,171.09,171.07,171.02,171.02,170.06,170.06,170.07,170.07,170.08,0,0.0,0,0.0,0.0,0.0,0.0,0.0
2020-10-12 07:30:00,170.23,170.25,170.17,170.22,171.1,171.09,171.07,171.02,171.02,170.06,170.07,170.07,170.08,170.16,0,0.0,0,0.0,0.0,0.0,0.0,0.0
2020-10-12 11:30:00,170.22,170.3,170.2,170.23,171.09,171.07,171.02,171.02,170.31,170.06,170.07,170.07,170.08,170.16,0,0.0,0,0.0,0.0,0.0,0.0,0.0
2020-10-12 15:30:00,170.23,170.31,170.21,170.27,171.09,171.07,171.02,171.02,170.31,170.06,170.07,170.07,170.08,170.16,0,0.0,0,0.0,0.0,0.0,0.0,0.0
2020-10-12 20:30:00,170.28,171.04,170.28,171.0,171.09,171.07,171.02,171.02,170.31,170.07,170.07,170.08,170.16,170.17,10/12/2020 17:00,170.71875,0,0.0,170.71875,169.71875,168.71875,0.0
2020-10-13 00:30:00,171.0,171.06,170.26,170.27,171.1,171.09,171.07,171.02,171.02,170.08,170.16,170.17,170.2,170.31,0,0.0,0,0.0,0.0,0.0,0.0,0.0
2020-10-13 04:30:00,170.27,171.1,170.25,171.06,171.09,171.07,171.02,171.02,170.31,170.08,170.16,170.17,170.2,170.21,10/12/2020 17:00,170.71875,0,0.0,170.71875,169.71875,168.71875,0.0
2020-10-13 08:30:00,171.06,171.12,170.29,171.1,171.17,171.17,171.1,171.09,171.07,170.16,170.17,170.2,170.21,171.02,10/12/2020 17:00,170.71875,0,0.0,170.71875,169.71875,168.71875,0.0
2020-10-13 08:30:00,171.06,171.12,170.29,171.1,171.17,171.17,171.1,171.09,171.07,170.16,170.17,170.2,170.21,171.02,10/12/2020 17:00,170.71875,0,0.0,170.71875,169.71875,168.71875,0.0
2020-10-13 12:30:00,171.09,171.22,171.09,171.19,171.21,171.2,171.17,171.17,171.1,170.17,170.2,170.21,171.02,171.07,10/12/2020 17:00,170.71875,0,0.0,170.71875,169.71875,168.71875,0.0
2020-10-13 12:30:00,171.09,171.22,171.09,171.19,171.21,171.2,171.17,171.17,171.1,170.17,170.2,170.21,171.02,171.07,10/12/2020 17:00,170.71875,0,0.0,170.71875,169.71875,168.71875,0.0
2020-10-13 12:30:00,171.09,171.22,171.09,171.19,171.21,171.2,171.17,171.17,171.1,170.17,170.2,170.21,171.02,171.07,10/12/2020 17:00,170.71875,0,0.0,170.71875,169.71875,168.71875,0.0
2020-10-13 16:30:00,171.19,171.25,171.16,171.22,171.25,171.23,171.22,171.21,171.2,171.07,171.09,171.1,171.17,171.17,10/12/2020 17:00,170.71875,0,0.0,170.71875,169.71875,168.71875,0.0
2020-10-13 16:30:00,171.19,171.25,171.16,171.22,171.25,171.23,171.22,171.21,171.2,171.07,171.09,171.1,171.17,171.17,10/12/2020 17:00,170.71875,0,0.0,170.71875,169.71875,168.71875,0.0
2020-10-13 21:30:00,171.22,171.23,171.18,171.19,172.06,171.29,171.26,171.25,171.23,171.1,171.17,171.17,171.2,171.21,0,0.0,0,0.0,0.0,0.0,0.0,0.0
2020-10-14 01:30:00,171.19,171.23,171.18,171.22,171.26,171.25,171.23,171.22,171.2,171.09,171.09,171.1,171.17,171.17,0,0.0,0,0.0,0.0,0.0,0.0,0.0
2020-10-14 05:30:00,171.22,171.3,171.2,171.27,171.29,171.26,171.25,171.25,171.23,171.09,171.1,171.16,171.17,171.17,10/13/2020 17:00,171.625,0,0.0,171.625,170.625,169.625,0.0
2020-10-14 05:30:00,171.22,171.3,171.2,171.27,171.29,171.26,171.25,171.25,171.23,171.09,171.1,171.16,171.17,171.17,10/13/2020 17:00,171.625,0,0.0,171.625,170.625,169.625,0.0
2020-10-14 09:30:00,171.27,172.06,171.27,172.0,172.23,172.17,172.17,172.06,171.29,171.22,171.23,171.25,171.25,171.26,10/13/2020 17:00,171.625,0,0.0,171.625,170.625,169.625,0.0
2020-10-14 09:30:00,171.27,172.06,171.27,172.0,172.23,172.17,172.17,172.06,171.29,171.22,171.23,171.25,171.25,171.26,10/13/2020 17:00,171.625,0,0.0,171.625,170.625,169.625,0.0
2020-10-14 09:30:00,171.27,172.06,171.27,172.0,172.23,172.17,172.17,172.06,171.29,171.22,171.23,171.25,171.25,171.26,10/13/2020 17:00,171.625,0,0.0,171.625,170.625,169.625,0.0
2020-10-14 09:30:00,171.27,172.06,171.27,172.0,172.23,172.17,172.17,172.06,171.29,171.22,171.23,171.25,171.25,171.26,10/13/2020 17:00,171.625,0,0.0,171.625,170.625,169.625,0.0
2020-10-14 09:30:00,171.27,172.06,171.27,172.0,172.23,172.17,172.17,172.06,171.29,171.22,171.23,171.25,171.25,171.26,10/13/2020 17:00,171.625,0,0.0,171.625,170.625,169.625,0.0
2020-10-14 13:30:00,172.0,172.07,171.25,171.3,172.25,172.23,172.17,172.17,172.06,171.23,171.25,171.25,171.26,171.29,0,0.0,0,0.0,0.0,0.0,0.0,0.0
2020-10-14 18:30:00,171.3,171.31,171.23,171.28,172.25,172.23,172.17,172.17,172.06,171.23,171.25,171.25,171.26,171.29,0,0.0,0,0.0,0.0,0.0,0.0,0.0
2020-10-14 22:30:00,171.28,172.03,171.26,172.03,172.23,172.17,172.17,172.06,171.29,171.22,171.23,171.25,171.25,171.26,0,0.0,0,0.0,0.0,0.0,0.0,0.0
2020-10-15 02:30:00,172.02,172.08,172.01,172.06,172.23,172.17,172.17,172.07,172.06,171.22,171.23,171.25,171.25,171.26,0,0.0,0,0.0,0.0,0.0,0.0,0.0
2020-10-15 06:30:00,172.05,172.24,172.05,172.2,172.23,172.17,172.17,172.07,172.06,171.23,171.23,171.25,171.25,171.26,10/13/2020 17:00,171.625,0,0.0,171.625,170.625,169.625,0.0
2020-10-15 06:30:00,172.05,172.24,172.05,172.2,172.23,172.17,172.17,172.07,172.06,171.23,171.23,171.25,171.25,171.26,10/13/2020 17:00,171.625,0,0.0,171.625,170.625,169.625,0.0
2020-10-15 06:30:00,172.05,172.24,172.05,172.2,172.23,172.17,172.17,172.07,172.06,171.23,171.23,171.25,171.25,171.26,10/13/2020 17:00,171.625,0,0.0,171.625,170.625,169.625,0.0
2020-10-15 06:30:00,172.05,172.24,172.05,172.2,172.23,172.17,172.17,172.07,172.06,171.23,171.23,171.25,171.25,171.26,10/13/2020 17:00,171.625,0,0.0,171.625,170.625,169.625,0.0
2020-10-15 10:30:00,172.2,172.27,172.03,172.1,172.3,172.28,172.26,172.25,172.23,171.26,172.06,172.07,172.17,172.17,0,0.0,0,0.0,0.0,0.0,0.0,0.0
2020-10-15 14:30:00,172.1,172.13,171.25,171.25,172.28,172.26,172.25,172.23,172.17,171.26,171.26,172.01,172.06,172.07,0,0.0,0,0.0,0.0,0.0,0.0,0.0
2020-10-15 19:30:00,171.26,171.28,171.17,171.21,172.23,172.17,172.07,172.06,172.01,171.22,171.23,171.23,171.25,171.25,0,0.0,0,0.0,0.0,0.0,0.0,0.0
2020-10-15 23:30:00,171.22,171.28,171.2,171.26,172.06,172.01,171.26,171.25,171.23,171.16,171.17,171.17,171.18,171.2,10/13/2020 17:00,171.625,0,0.0,171.625,170.625,169.625,0.0
2020-10-16 03:30:00,171.26,171.31,171.24,171.27,172.17,172.13,172.07,172.06,172.01,171.17,171.17,171.18,171.2,171.23,10/13/2020 17:00,171.625,0,0.0,171.625,170.625,169.625,0.0
2020-10-16 07:30:00,171.26,172.02,171.23,171.27,172.17,172.13,172.07,172.06,172.01,171.17,171.17,171.18,171.2,171.23,0,0.0,0,0.0,0.0,0.0,0.0,0.0
2020-10-16 11:30:00,171.27,172.03,171.01,171.12,172.17,172.13,172.07,172.06,172.01,171.18,171.2,171.2,171.23,171.26,0,0.0,0,0.0,0.0,0.0,0.0,0.0
2020-10-16 15:30:00,171.12,171.2,171.09,171.16,171.2,171.18,171.17,171.17,171.16,171.02,171.07,171.09,171.09,171.1,0,0.0,0,0.0,0.0,0.0,0.0,0.0
2020-10-18 20:30:00,171.16,171.17,170.16,170.21,171.2,171.2,171.18,171.17,171.17,171.02,171.07,171.09,171.09,171.1,0,0.0,0,0.0,0.0,0.0,0.0,0.0
2020-10-19 00:30:00,170.21,170.3,170.15,170.26,171.1,171.09,171.02,170.29,170.25,170.07,170.08,170.16,170.17,170.2,0,0.0,10/16/2020 17:00,171.625,171.625,172.625,173.625,0.0
2020-10-19 04:30:00,170.26,171.04,170.26,171.0,171.16,171.1,171.09,171.02,170.29,170.16,170.17,170.2,170.21,170.25,0,0.0,10/16/2020 17:00,171.625,171.625,172.625,173.625,0.0
2020-10-19 08:30:00,171.0,171.04,170.22,170.25,171.17,171.16,171.1,171.09,171.02,170.17,170.2,170.21,170.25,170.29,0,0.0,0,0.0,0.0,0.0,0.0,0.0
2020-10-19 12:30:00,170.24,170.3,170.23,170.26,171.16,171.1,171.09,171.02,170.25,170.15,170.16,170.17,170.2,170.21,0,0.0,0,0.0,0.0,0.0,0.0,0.0
2020-10-19 16:30:00,170.26,170.31,170.24,170.24,171.17,171.16,171.1,171.09,171.02,170.16,170.17,170.2,170.21,170.25,0,0.0,0,0.0,0.0,0.0,0.0,0.0
2020-10-19 21:30:00,170.24,170.24,170.06,170.1,171.16,171.1,171.09,171.04,171.02,170.16,170.17,170.2,170.21,170.22,0,0.0,0,0.0,0.0,0.0,0.0,0.0
2020-10-20 01:30:00,170.1,170.18,169.31,170.08,170.21,170.2,170.17,170.16,170.15,170.06,170.06,170.07,170.07,170.08,0,0.0,0,0.0,0.0,0.0,0.0,0.0
2020-10-20 05:30:00,170.08,170.1,169.29,170.07,170.21,170.2,170.17,170.16,170.15,170.05,170.06,170.06,170.07,170.07,0,0.0,0,0.0,0.0,0.0,0.0,0.0
2020-10-20 09:30:00,170.07,170.09,169.25,169.26,170.21,170.2,170.17,170.16,170.15,170.02,170.03,170.05,170.06,170.06,0,0.0,0,0.0,0.0,0.0,0.0,0.0
2020-10-20 13:30:00,169.27,169.3,169.05,169.06,170.02,170.01,169.29,169.28,169.28,169.06,169.18,169.19,169.22,169.26,0,0.0,0,0.0,0.0,0.0,0.0,0.0
2020-10-20 18:30:00,169.06,169.23,169.02,169.2,169.27,169.26,169.22,169.19,169.18,168.18,168.26,168.29,169.03,169.04,0,0.0,10/20/2020 17:00,169.9375,169.9375,170.9375,171.9375,0.0
2020-10-20 18:30:00,169.06,169.23,169.02,169.2,169.27,169.26,169.22,169.19,169.18,168.18,168.26,168.29,169.03,169.04,0,0.0,10/20/2020 17:00,169.9375,169.9375,170.9375,171.9375,0.0
2020-10-20 22:30:00,169.19,169.3,169.13,169.16,169.28,169.28,169.27,169.26,169.22,168.29,169.03,169.04,169.06,169.18,0,0.0,0,0.0,0.0,0.0,0.0,0.0
2020-10-21 02:30:00,169.16,170.03,169.14,170.01,169.28,169.28,169.27,169.26,169.22,168.26,168.29,169.03,169.04,169.06,0,0.0,10/20/2020 17:00,169.9375,169.9375,170.9375,171.9375,0.0
2020-10-21 02:30:00,169.16,170.03,169.14,170.01,169.28,169.28,169.27,169.26,169.22,168.26,168.29,169.03,169.04,169.06,0,0.0,10/20/2020 17:00,169.9375,169.9375,170.9375,171.9375,0.0
2020-10-21 02:30:00,169.16,170.03,169.14,170.01,169.28,169.28,169.27,169.26,169.22,168.26,168.29,169.03,169.04,169.06,0,0.0,10/20/2020 17:00,169.9375,169.9375,170.9375,171.9375,0.0
2020-10-21 02:30:00,169.16,170.03,169.14,170.01,169.28,169.28,169.27,169.26,169.22,168.26,168.29,169.03,169.04,169.06,0,0.0,10/20/2020 17:00,169.9375,169.9375,170.9375,171.9375,0.0
2020-10-21 06:30:00,170.01,170.01,169.12,169.12,170.06,170.06,170.03,170.02,170.02,169.06,169.26,169.27,169.28,169.29,0,0.0,0,0.0,0.0,0.0,0.0,0.0
2020-10-21 10:30:00,169.14,169.28,169.14,169.24,170.06,170.03,170.02,170.02,170.01,168.29,169.02,169.03,169.04,169.06,0,0.0,0,0.0,0.0,0.0,0.0,0.0
2020-10-21 14:30:00,169.24,169.28,169.22,169.23,170.03,170.03,170.02,170.02,170.01,168.29,169.02,169.03,169.04,169.06,0,0.0,0,0.0,0.0,0.0,0.0,0.0
2020-10-21 19:30:00,169.23,169.31,169.22,169.26,170.03,170.02,170.02,170.01,170.01,169.02,169.03,169.04,169.06,169.12,0,0.0,0,0.0,0.0,0.0,0.0,0.0
2020-10-21 23:30:00,169.27,170.0,169.05,169.14,170.03,170.02,170.02,170.01,170.01,169.03,169.04,169.06,169.12,169.14,0,0.0,0,0.0,0.0,0.0,0.0,0.0
2020-10-22 03:30:00,169.14,169.17,168.23,169.01,170.03,170.02,170.02,170.01,170.01,169.02,169.03,169.04,169.06,169.12,0,0.0,0,0.0,0.0,0.0,0.0,0.0
2020-10-22 07:30:00,169.01,169.02,168.1,168.2,169.12,169.06,169.04,169.03,169.02,168.16,168.16,168.18,168.26,168.29,0,0.0,0,0.0,0.0,0.0,0.0,0.0
2020-10-22 11:30:00,168.19,168.23,168.12,168.2,169.04,169.03,169.02,168.29,168.26,168.06,168.1,168.16,168.16,168.18,0,0.0,0,0.0,0.0,0.0,0.0,0.0
2020-10-22 15:30:00,168.2,168.28,168.2,168.27,169.04,169.03,169.02,168.29,168.26,168.06,168.1,168.16,168.16,168.18,0,0.0,0,0.0,0.0,0.0,0.0,0.0
2020-10-22 20:30:00,168.27,168.28,168.13,168.14,169.04,169.03,169.02,169.02,168.29,168.1,168.1,168.16,168.16,168.18,0,0.0,0,0.0,0.0,0.0,0.0,0.0
2020-10-23 00:30:00,168.14,168.31,168.07,168.25,169.02,168.29,168.18,168.16,168.16,167.29,168.06,168.1,168.1,168.12,0,0.0,10/22/2020 17:00,169.125,169.125,170.125,171.125,0.0
2020-10-23 04:30:00,168.26,169.1,168.25,169.08,169.04,169.03,169.02,169.02,168.29,168.1,168.1,168.12,168.16,168.18,0,0.0,10/22/2020 17:00,169.125,169.125,170.125,171.125,0.0
2020-10-23 04:30:00,168.26,169.1,168.25,169.08,169.04,169.03,169.02,169.02,168.29,168.1,168.1,168.12,168.16,168.18,0,0.0,10/22/2020 17:00,169.125,169.125,170.125,171.125,0.0
2020-10-23 04:30:00,168.26,169.1,168.25,169.08,169.04,169.03,169.02,169.02,168.29,168.1,168.1,168.12,168.16,168.18,0,0.0,10/22/2020 17:00,169.125,169.125,170.125,171.125,0.0
2020-10-23 04:30:00,168.26,169.1,168.25,169.08,169.04,169.03,169.02,169.02,168.29,168.1,168.1,168.12,168.16,168.18,0,0.0,10/22/2020 17:00,169.125,169.125,170.125,171.125,0.0
2020-10-23 04:30:00,168.26,169.1,168.25,169.08,169.04,169.03,169.02,169.02,168.29,168.1,168.1,168.12,168.16,168.18,0,0.0,10/22/2020 17:00,169.125,169.125,170.125,171.125,0.0
2020-10-23 04:30:00,168.26,169.1,168.25,169.08,169.04,169.03,169.02,169.02,168.29,168.1,168.1,168.12,168.16,168.18,0,0.0,10/22/2020 17:00,169.125,169.125,170.125,171.125,0.0
2020-10-23 04:30:00,168.26,169.1,168.25,169.08,169.04,169.03,169.02,169.02,168.29,168.1,168.1,168.12,168.16,168.18,0,0.0,10/22/2020 17:00,169.125,169.125,170.125,171.125,0.0
2020-10-23 08:30:00,169.08,169.1,169.03,169.05,170.01,170.0,169.17,169.14,169.12,169.02,169.02,169.03,169.04,169.06,0,0.0,0,0.0,0.0,0.0,0.0,0.0
2020-10-25 20:30:00,169.08,169.18,169.07,169.18,170.01,170.0,169.17,169.14,169.12,168.29,169.02,169.02,169.03,169.04,10/23/2020 17:00,169.125,0,0.0,169.125,168.125,167.125,0.0
2020-10-25 20:30:00,169.08,169.18,169.07,169.18,170.01,170.0,169.17,169.14,169.12,168.29,169.02,169.02,169.03,169.04,10/23/2020 17:00,169.125,0,0.0,169.125,168.125,167.125,0.0
2020-10-26 00:30:00,169.18,169.28,169.17,169.27,170.02,170.02,170.01,170.01,170.0,169.03,169.04,169.12,169.14,169.17,10/23/2020 17:00,169.125,0,0.0,169.125,168.125,167.125,0.0
2020-10-26 04:30:00,169.27,170.05,169.23,170.0,170.02,170.02,170.01,170.01,170.0,169.03,169.04,169.12,169.14,169.17,0,0.0,0,0.0,0.0,0.0,0.0,0.0
2020-10-26 08:30:00,170.0,170.05,169.22,170.01,170.03,170.02,170.02,170.01,170.01,169.04,169.07,169.12,169.14,169.17,10/23/2020 17:00,169.125,0,0.0,169.125,168.125,167.125,0.0
2020-10-26 12:30:00,170.02,170.15,169.26,170.01,170.07,170.06,170.06,170.03,170.03,169.17,169.17,170.0,170.01,170.01,0,0.0,0,0.0,0.0,0.0,0.0,0.0
2020-10-26 16:30:00,170.02,170.11,170.01,170.03,170.07,170.06,170.06,170.03,170.03,169.17,169.17,170.0,170.01,170.01,10/23/2020 17:00,169.125,0,0.0,169.125,168.125,167.125,0.0
2020-10-26 16:30:00,170.02,170.11,170.01,170.03,170.07,170.06,170.06,170.03,170.03,169.17,169.17,170.0,170.01,170.01,10/23/2020 17:00,169.125,0,0.0,169.125,168.125,167.125,0.0
2020-10-26 16:30:00,170.02,170.11,170.01,170.03,170.07,170.06,170.06,170.03,170.03,169.17,169.17,170.0,170.01,170.01,10/23/2020 17:00,169.125,0,0.0,169.125,168.125,167.125,0.0
2020-10-26 21:30:00,170.02,170.1,170.01,170.05,170.07,170.06,170.06,170.03,170.03,169.17,169.22,170.0,170.01,170.01,10/23/2020 17:00,169.125,0,0.0,169.125,168.125,167.125,0.0
2020-10-26 21:30:00,170.02,170.1,170.01,170.05,170.07,170.06,170.06,170.03,170.03,169.17,169.22,170.0,170.01,170.01,10/23/2020 17:00,169.125,0,0.0,169.125,168.125,167.125,0.0
2020-10-26 21:30:00,170.02,170.1,170.01,170.05,170.07,170.06,170.06,170.03,170.03,169.17,169.22,170.0,170.01,170.01,10/23/2020 17:00,169.125,0,0.0,169.125,168.125,167.125,0.0
2020-10-27 01:30:00,170.06,170.09,170.03,170.04,170.15,170.1,170.09,170.07,170.07,170.01,170.02,170.02,170.03,170.03,0,0.0,0,0.0,0.0,0.0,0.0,0.0
2020-10-27 05:30:00,170.05,170.08,169.29,170.04,170.09,170.07,170.07,170.06,170.06,170.01,170.02,170.02,170.03,170.03,0,0.0,0,0.0,0.0,0.0,0.0,0.0
2020-10-27 09:30:00,170.04,170.19,170.01,170.17,170.09,170.07,170.07,170.06,170.06,170.01,170.02,170.02,170.03,170.03,10/23/2020 17:00,169.125,0,0.0,169.125,168.125,167.125,0.0
2020-10-27 09:30:00,170.04,170.19,170.01,170.17,170.09,170.07,170.07,170.06,170.06,170.01,170.02,170.02,170.03,170.03,10/23/2020 17:00,169.125,0,0.0,169.125,168.125,167.125,0.0
2020-10-27 09:30:00,170.04,170.19,170.01,170.17,170.09,170.07,170.07,170.06,170.06,170.01,170.02,170.02,170.03,170.03,10/23/2020 17:00,169.125,0,0.0,169.125,168.125,167.125,0.0
2020-10-27 09:30:00,170.04,170.19,170.01,170.17,170.09,170.07,170.07,170.06,170.06,170.01,170.02,170.02,170.03,170.03,10/23/2020 17:00,169.125,0,0.0,169.125,168.125,167.125,0.0
2020-10-27 09:30:00,170.04,170.19,170.01,170.17,170.09,170.07,170.07,170.06,170.06,170.01,170.02,170.02,170.03,170.03,10/23/2020 17:00,169.125,0,0.0,169.125,168.125,167.125,0.0
2020-10-27 09:30:00,170.04,170.19,170.01,170.17,170.09,170.07,170.07,170.06,170.06,170.01,170.02,170.02,170.03,170.03,10/23/2020 17:00,169.125,0,0.0,169.125,168.125,167.125,0.0
2020-10-27 09:30:00,170.04,170.19,170.01,170.17,170.09,170.07,170.07,170.06,170.06,170.01,170.02,170.02,170.03,170.03,10/23/2020 17:00,169.125,0,0.0,169.125,168.125,167.125,0.0
2020-10-27 13:30:00,170.18,170.26,170.11,170.22,170.31,170.24,170.22,170.21,170.2,170.11,170.15,170.15,170.16,170.17,10/23/2020 17:00,169.125,0,0.0,169.125,168.125,167.125,0.0
2020-10-27 13:30:00,170.18,170.26,170.11,170.22,170.31,170.24,170.22,170.21,170.2,170.11,170.15,170.15,170.16,170.17,10/23/2020 17:00,169.125,0,0.0,169.125,168.125,167.125,0.0
2020-10-27 13:30:00,170.18,170.26,170.11,170.22,170.31,170.24,170.22,170.21,170.2,170.11,170.15,170.15,170.16,170.17,10/23/2020 17:00,169.125,0,0.0,169.125,168.125,167.125,0.0
2020-10-27 13:30:00,170.18,170.26,170.11,170.22,170.31,170.24,170.22,170.21,170.2,170.11,170.15,170.15,170.16,170.17,10/23/2020 17:00,169.125,0,0.0,169.125,168.125,167.125,0.0
2020-10-27 13:30:00,170.18,170.26,170.11,170.22,170.31,170.24,170.22,170.21,170.2,170.11,170.15,170.15,170.16,170.17,10/23/2020 17:00,169.125,0,0.0,169.125,168.125,167.125,0.0
2020-10-27 13:30:00,170.18,170.26,170.11,170.22,170.31,170.24,170.22,170.21,170.2,170.11,170.15,170.15,170.16,170.17,10/23/2020 17:00,169.125,0,0.0,169.125,168.125,167.125,0.0
2020-10-27 13:30:00,170.18,170.26,170.11,170.22,170.31,170.24,170.22,170.21,170.2,170.11,170.15,170.15,170.16,170.17,10/23/2020 17:00,169.125,0,0.0,169.125,168.125,167.125,0.0
2020-10-27 13:30:00,170.18,170.26,170.11,170.22,170.31,170.24,170.22,170.21,170.2,170.11,170.15,170.15,170.16,170.17,10/23/2020 17:00,169.125,0,0.0,169.125,168.125,167.125,0.0
2020-10-27 18:30:00,170.22,171.02,170.19,171.02,171.09,171.04,171.02,170.31,170.24,170.16,170.17,170.18,170.2,170.21,10/27/2020 17:00,170.59375,0,0.0,170.59375,169.59375,168.59375,0.0
2020-10-27 18:30:00,170.22,171.02,170.19,171.02,171.09,171.04,171.02,170.31,170.24,170.16,170.17,170.18,170.2,170.21,10/27/2020 17:00,170.59375,0,0.0,170.59375,169.59375,168.59375,0.0
2020-10-27 18:30:00,170.22,171.02,170.19,171.02,171.09,171.04,171.02,170.31,170.24,170.16,170.17,170.18,170.2,170.21,10/27/2020 17:00,170.59375,0,0.0,170.59375,169.59375,168.59375,0.0
2020-10-27 22:30:00,171.01,171.04,170.28,171.0,171.16,171.1,171.09,171.04,171.02,170.2,170.21,170.22,170.24,170.31,0,0.0,0,0.0,0.0,0.0,0.0,0.0
2020-10-28 02:30:00,171.0,171.0,170.26,170.28,171.16,171.1,171.09,171.04,171.02,170.2,170.21,170.22,170.24,170.31,0,0.0,0,0.0,0.0,0.0,0.0,0.0
2020-10-28 06:30:00,170.27,171.11,170.27,171.1,171.1,171.09,171.04,171.02,170.31,170.19,170.2,170.21,170.22,170.24,10/27/2020 17:00,170.59375,0,0.0,170.59375,169.59375,168.59375,0.0
2020-10-28 06:30:00,170.27,171.11,170.27,171.1,171.1,171.09,171.04,171.02,170.31,170.19,170.2,170.21,170.22,170.24,10/27/2020 17:00,170.59375,0,0.0,170.59375,169.59375,168.59375,0.0
2020-10-28 10:30:00,171.1,171.14,170.3,171.03,171.18,171.17,171.17,171.17,171.16,170.21,170.22,170.24,171.04,171.09,0,0.0,0,0.0,0.0,0.0,0.0,0.0
2020-10-28 14:30:00,171.03,171.06,170.18,170.21,171.17,171.17,171.16,171.1,171.04,170.2,170.21,170.22,170.24,170.26,0,0.0,0,0.0,0.0,0.0,0.0,0.0
2020-10-28 19:30:00,170.21,170.28,170.15,170.23,171.16,171.1,171.04,170.26,170.24,170.16,170.17,170.18,170.19,170.2,0,0.0,0,0.0,0.0,0.0,0.0,0.0
2020-10-28 23:30:00,170.23,170.24,170.1,170.13,171.14,171.1,171.04,170.26,170.24,170.17,170.18,170.19,170.2,170.21,0,0.0,0,0.0,0.0,0.0,0.0,0.0
2020-10-29 03:30:00,170.12,170.22,170.11,170.21,170.26,170.24,170.19,170.18,170.15,170.09,170.1,170.1,170.11,170.11,0,0.0,10/28/2020 17:00,170.59375,170.59375,171.59375,172.59375,0.0
2020-10-29 07:30:00,170.21,170.26,170.16,170.23,171.06,171.04,170.28,170.26,170.24,170.1,170.1,170.11,170.11,170.19,0,0.0,0,0.0,0.0,0.0,0.0,0.0
2020-10-29 11:30:00,170.23,170.3,169.25,169.28,171.06,171.04,170.28,170.26,170.24,170.1,170.1,170.11,170.11,170.19,0,0.0,0,0.0,0.0,0.0,0.0,0.0
2020-10-29 15:30:00,169.28,170.0,169.05,169.13,170.03,170.01,170.01,170.0,169.29,169.14,169.17,169.17,169.22,169.26,0,0.0,0,0.0,0.0,0.0,0.0,0.0
2020-10-29 20:30:00,169.13,169.27,169.13,169.23,169.29,169.26,169.22,169.17,169.17,169.03,169.03,169.04,169.07,169.12,0,0.0,10/29/2020 17:00,169.8125,169.8125,170.8125,171.8125,0.0
2020-10-29 20:30:00,169.13,169.27,169.13,169.23,169.29,169.26,169.22,169.17,169.17,169.03,169.03,169.04,169.07,169.12,0,0.0,10/29/2020 17:00,169.8125,169.8125,170.8125,171.8125,0.0
2020-10-30 00:30:00,169.22,170.01,169.21,169.3,170.01,170.01,170.0,169.29,169.26,169.03,169.04,169.07,169.12,169.17,0,0.0,10/29/2020 17:00,169.8125,169.8125,170.8125,171.8125,0.0
2020-10-30 00:30:00,169.22,170.01,169.21,169.3,170.01,170.01,170.0,169.29,169.26,169.03,169.04,169.07,169.12,169.17,0,0.0,10/29/2020 17:00,169.8125,169.8125,170.8125,171.8125,0.0
2020-10-30 04:30:00,169.3,170.04,169.2,169.21,170.09,170.03,170.01,170.01,170.0,169.12,169.17,169.22,169.26,169.29,0,0.0,0,0.0,0.0,0.0,0.0,0.0
2020-10-30 08:30:00,169.2,169.31,169.17,169.27,170.09,170.03,170.01,170.01,170.0,169.05,169.07,169.12,169.13,169.17,0,0.0,0,0.0,0.0,0.0,0.0,0.0
2020-10-30 12:30:00,169.28,169.3,168.23,168.31,170.09,170.03,170.01,170.01,170.0,169.05,169.07,169.12,169.13,169.17,0,0.0,0,0.0,0.0,0.0,0.0,0.0
2020-10-30 16:30:00,168.31,169.1,168.17,168.22,169.13,169.07,169.05,169.03,169.02,168.12,168.16,168.18,168.25,168.29,0,0.0,0,0.0,0.0,0.0,0.0,0.0
2020-11-01 21:30:00,168.22,169.05,168.18,168.28,169.07,169.05,169.03,169.02,168.25,168.1,168.1,168.12,168.16,168.18,0,0.0,10/30/2020 17:00,169.125,169.125,170.125,171.125,0.0
2020-11-02 01:30:00,168.28,168.31,168.23,168.31,169.13,169.07,169.05,169.03,169.02,168.1,168.12,168.16,168.18,168.25,0,0.0,0,0.0,0.0,0.0,0.0,0.0
2020-11-02 05:30:00,168.31,169.03,168.16,168.24,169.1,169.07,169.05,169.03,169.02,168.12,168.16,168.17,168.18,168.25,0,0.0,0,0.0,0.0,0.0,0.0,0.0
2020-11-02 09:30:00,168.24,169.17,168.21,169.13,169.07,169.05,169.05,169.03,169.02,168.1,168.12,168.16,168.17,168.18,0,0.0,10/30/2020 17:00,169.125,169.125,170.125,171.125,0.0
2020-11-02 09:30:00,168.24,169.17,168.21,169.13,169.07,169.05,169.05,169.03,169.02,168.1,168.12,168.16,168.17,168.18,0,0.0,10/30/2020 17:00,169.125,169.125,170.125,171.125,0.0
2020-11-02 09:30:00,168.24,169.17,168.21,169.13,169.07,169.05,169.05,169.03,169.02,168.1,168.12,168.16,168.17,168.18,0,0.0,10/30/2020 17:00,169.125,169.125,170.125,171.125,0.0
2020-11-02 09:30:00,168.24,169.17,168.21,169.13,169.07,169.05,169.05,169.03,169.02,168.1,168.12,168.16,168.17,168.18,0,0.0,10/30/2020 17:00,169.125,169.125,170.125,171.125,0.0
2020-11-02 13:30:00,169.12,169.23,169.04,169.13,170.01,170.0,169.31,169.3,169.13,169.03,169.05,169.05,169.07,169.1,0,0.0,10/30/2020 17:00,169.125,169.125,170.125,171.125,0.0
2020-11-02 18:30:00,169.13,169.18,169.0,169.08,170.01,170.01,170.0,169.31,169.3,169.03,169.05,169.05,169.07,169.1,0,0.0,0,0.0,0.0,0.0,0.0,0.0
2020-11-02 22:30:00,169.08,169.09,169.05,169.06,170.0,169.31,169.3,169.13,169.1,168.21,169.03,169.05,169.05,169.07,0,0.0,0,0.0,0.0,0.0,0.0,0.0
2020-11-03 02:30:00,169.06,169.12,168.28,168.28,169.31,169.3,169.23,169.13,169.1,168.18,168.21,169.03,169.05,169.05,0,0.0,0,0.0,0.0,0.0,0.0,0.0
2020-11-03 06:30:00,168.28,169.0,168.14,168.2,169.23,169.18,169.13,169.1,169.05,168.16,168.16,168.17,168.18,168.21,0,0.0,0,0.0,0.0,0.0,0.0,0.0
2020-11-03 10:30:00,168.2,168.27,168.1,168.13,169.18,169.13,169.1,169.05,168.21,168.12,168.16,168.16,168.17,168.18,0,0.0,0,0.0,0.0,0.0,0.0,0.0
2020-11-03 14:30:00,168.13,168.25,168.03,168.18,169.1,169.05,168.21,168.17,168.16,168.06,168.07,168.1,168.1,168.12,11/02/2020 17:00,169.21875,0,0.0,169.21875,168.21875,167.21875,0.0
2020-11-03 14:30:00,168.13,168.25,168.03,168.18,169.1,169.05,168.21,168.17,168.16,168.06,168.07,168.1,168.1,168.12,11/02/2020 17:00,169.21875,0,0.0,169.21875,168.21875,167.21875,0.0
2020-11-03 19:30:00,168.19,168.21,166.24,167.14,169.12,169.1,169.05,169.0,168.21,168.1,168.1,168.12,168.16,168.17,0,0.0,0,0.0,0.0,0.0,0.0,0.0
2020-11-03 23:30:00,167.14,170.18,167.14,169.17,168.07,167.29,167.24,167.24,167.2,166.12,166.17,166.2,166.29,167.09,0,0.0,11/03/2020 17:00,169.21875,169.21875,170.21875,171.21875,0.0
2020-11-03 23:30:00,167.14,170.18,167.14,169.17,168.07,167.29,167.24,167.24,167.2,166.12,166.17,166.2,166.29,167.09,0,0.0,11/03/2020 17:00,169.21875,169.21875,170.21875,171.21875,0.0
2020-11-03 23:30:00,167.14,170.18,167.14,169.17,168.07,167.29,167.24,167.24,167.2,166.12,166.17,166.2,166.29,167.09,0,0.0,11/03/2020 17:00,169.21875,169.21875,170.21875,171.21875,0.0
2020-11-03 23:30:00,167.14,170.18,167.14,169.17,168.07,167.29,167.24,167.24,167.2,166.12,166.17,166.2,166.29,167.09,0,0.0,11/03/2020 17:00,169.21875,169.21875,170.21875,171.21875,0.0
2020-11-03 23:30:00,167.14,170.18,167.14,169.17,168.07,167.29,167.24,167.24,167.2,166.12,166.17,166.2,166.29,167.09,0,0.0,11/03/2020 17:00,169.21875,169.21875,170.21875,171.21875,0.0
2020-11-03 23:30:00,167.14,170.18,167.14,169.17,168.07,167.29,167.24,167.24,167.2,166.12,166.17,166.2,166.29,167.09,0,0.0,11/03/2020 17:00,169.21875,169.21875,170.21875,171.21875,0.0
2020-11-03 23:30:00,167.14,170.18,167.14,169.17,168.07,167.29,167.24,167.24,167.2,166.12,166.17,166.2,166.29,167.09,0,0.0,11/03/2020 17:00,169.21875,169.21875,170.21875,171.21875,0.0
2020-11-03 23:30:00,167.14,170.18,167.14,169.17,168.07,167.29,167.24,167.24,167.2,166.12,166.17,166.2,166.29,167.09,0,0.0,11/03/2020 17:00,169.21875,169.21875,170.21875,171.21875,0.0
2020-11-03 23:30:00,167.14,170.18,167.14,169.17,168.07,167.29,167.24,167.24,167.2,166.12,166.17,166.2,166.29,167.09,0,0.0,11/03/2020 17:00,169.21875,169.21875,170.21875,171.21875,0.0
2020-11-03 23:30:00,167.14,170.18,167.14,169.17,168.07,167.29,167.24,167.24,167.2,166.12,166.17,166.2,166.29,167.09,0,0.0,11/03/2020 17:00,169.21875,169.21875,170.21875,171.21875,0.0
2020-11-04 03:30:00,169.17,171.13,169.15,170.13,170.0,169.31,169.3,169.23,169.18,168.21,168.27,169.0,169.12,169.13,0,0.0,11/03/2020 17:00,169.21875,169.21875,170.21875,171.21875,0.0
2020-11-04 03:30:00,169.17,171.13,169.15,170.13,170.0,169.31,169.3,169.23,169.18,168.21,168.27,169.0,169.12,169.13,0,0.0,11/03/2020 17:00,169.21875,169.21875,170.21875,171.21875,0.0
2020-11-04 03:30:00,169.17,171.13,169.15,170.13,170.0,169.31,169.3,169.23,169.18,168.21,168.27,169.0,169.12,169.13,0,0.0,11/03/2020 17:00,169.21875,169.21875,170.21875,171.21875,0.0
2020-11-04 03:30:00,169.17,171.13,169.15,170.13,170.0,169.31,169.3,169.23,169.18,168.21,168.27,169.0,169.12,169.13,0,0.0,11/03/2020 17:00,169.21875,169.21875,170.21875,171.21875,0.0
2020-11-04 03:30:00,169.17,171.13,169.15,170.13,170.0,169.31,169.3,169.23,169.18,168.21,168.27,169.0,169.12,169.13,0,0.0,11/03/2020 17:00,169.21875,169.21875,170.21875,171.21875,0.0
2020-11-04 03:30:00,169.17,171.13,169.15,170.13,170.0,169.31,169.3,169.23,169.18,168.21,168.27,169.0,169.12,169.13,0,0.0,11/03/2020 17:00,169.21875,169.21875,170.21875,171.21875,0.0
2020-11-04 03:30:00,169.17,171.13,169.15,170.13,170.0,169.31,169.3,169.23,169.18,168.21,168.27,169.0,169.12,169.13,0,0.0,11/03/2020 17:00,169.21875,169.21875,170.21875,171.21875,0.0
2020-11-04 03:30:00,169.17,171.13,169.15,170.13,170.0,169.31,169.3,169.23,169.18,168.21,168.27,169.0,169.12,169.13,0,0.0,11/03/2020 17:00,169.21875,169.21875,170.21875,171.21875,0.0
2020-11-04 07:30:00,170.13,170.31,169.27,169.3,171.04,170.3,170.28,170.26,170.24,169.31,170.01,170.04,170.1,170.11,0,0.0,0,0.0,0.0,0.0,0.0,0.0
2020-11-04 11:30:00,169.3,171.2,169.29,170.31,170.28,170.26,170.24,170.04,169.31,169.0,169.12,169.13,169.18,169.23,0,0.0,11/03/2020 17:00,169.21875,169.21875,170.21875,171.21875,0.0
2020-11-04 11:30:00,169.3,171.2,169.29,170.31,170.28,170.26,170.24,170.04,169.31,169.0,169.12,169.13,169.18,169.23,0,0.0,11/03/2020 17:00,169.21875,169.21875,170.21875,171.21875,0.0
2020-11-04 11:30:00,169.3,171.2,169.29,170.31,170.28,170.26,170.24,170.04,169.31,169.0,169.12,169.13,169.18,169.23,0,0.0,11/03/2020 17:00,169.21875,169.21875,170.21875,171.21875,0.0
2020-11-04 15:30:00,170.31,171.1,170.18,170.3,171.16,171.14,171.1,171.06,171.04,169.23,169.3,170.26,170.28,170.3,0,0.0,0,0.0,0.0,0.0,0.0,0.0
2020-11-04 20:30:00,170.31,171.2,170.28,171.17,171.16,171.14,171.1,171.06,171.04,169.27,169.3,170.26,170.28,170.3,11/04/2020 17:00,170.59375,0,0.0,170.59375,169.59375,168.59375,0.0
2020-11-04 20:30:00,170.31,171.2,170.28,171.17,171.16,171.14,171.1,171.06,171.04,169.27,169.3,170.26,170.28,170.3,11/04/2020 17:00,170.59375,0,0.0,170.59375,169.59375,168.59375,0.0
2020-11-04 20:30:00,170.31,171.2,170.28,171.17,171.16,171.14,171.1,171.06,171.04,169.27,169.3,170.26,170.28,170.3,11/04/2020 17:00,170.59375,0,0.0,170.59375,169.59375,168.59375,0.0
2020-11-05 00:30:00,171.18,171.31,171.18,171.3,172.03,172.01,171.2,171.2,171.2,171.14,171.16,171.17,171.17,171.17,11/04/2020 17:00,170.59375,0,0.0,170.59375,169.59375,168.59375,0.0
2020-11-05 00:30:00,171.18,171.31,171.18,171.3,172.03,172.01,171.2,171.2,171.2,171.14,171.16,171.17,171.17,171.17,11/04/2020 17:00,170.59375,0,0.0,170.59375,169.59375,168.59375,0.0
2020-11-05 00:30:00,171.18,171.31,171.18,171.3,172.03,172.01,171.2,171.2,171.2,171.14,171.16,171.17,171.17,171.17,11/04/2020 17:00,170.59375,0,0.0,170.59375,169.59375,168.59375,0.0
2020-11-05 00:30:00,171.18,171.31,171.18,171.3,172.03,172.01,171.2,171.2,171.2,171.14,171.16,171.17,171.17,171.17,11/04/2020 17:00,170.59375,0,0.0,170.59375,169.59375,168.59375,0.0
2020-11-05 00:30:00,171.18,171.31,171.18,171.3,172.03,172.01,171.2,171.2,171.2,171.14,171.16,171.17,171.17,171.17,11/04/2020 17:00,170.59375,0,0.0,170.59375,169.59375,168.59375,0.0
2020-11-05 04:30:00,171.29,172.12,171.24,172.08,172.13,172.07,172.06,172.03,172.01,171.17,171.18,171.2,171.2,171.2,11/04/2020 17:00,170.59375,0,0.0,170.59375,169.59375,168.59375,0.0
2020-11-05 04:30:00,171.29,172.12,171.24,172.08,172.13,172.07,172.06,172.03,172.01,171.17,171.18,171.2,171.2,171.2,11/04/2020 17:00,170.59375,0,0.0,170.59375,169.59375,168.59375,0.0
2020-11-05 04:30:00,171.29,172.12,171.24,172.08,172.13,172.07,172.06,172.03,172.01,171.17,171.18,171.2,171.2,171.2,11/04/2020 17:00,170.59375,0,0.0,170.59375,169.59375,168.59375,0.0
2020-11-05 08:30:00,172.07,172.09,171.02,171.09,172.26,172.25,172.23,172.17,172.13,171.2,171.2,171.2,172.01,172.03,0,0.0,0,0.0,0.0,0.0,0.0,0.0
2020-11-05 12:30:00,171.1,171.2,170.15,170.2,172.13,172.03,171.2,171.17,171.14,170.26,170.28,170.28,170.3,171.06,0,0.0,0,0.0,0.0,0.0,0.0,0.0
2020-11-05 16:30:00,170.2,171.09,170.18,171.06,171.14,171.06,170.3,170.28,170.28,169.23,169.27,169.29,169.3,170.18,11/04/2020 17:00,170.59375,0,0.0,170.59375,169.59375,168.59375,0.0
2020-11-05 21:30:00,171.07,171.16,170.29,170.31,172.09,172.03,171.2,171.17,171.14,169.29,169.3,170.18,170.28,171.06,0,0.0,0,0.0,0.0,0.0,0.0,0.0
2020-11-06 01:30:00,170.31,171.11,170.3,171.09,171.2,171.2,171.17,171.14,171.06,169.29,169.3,170.15,170.18,170.28,0,0.0,0,0.0,0.0,0.0,0.0,0.0
2020-11-06 05:30:00,171.09,171.12,170.31,171.03,172.03,171.2,171.2,171.17,171.14,169.3,170.15,170.18,170.18,170.28,0,0.0,0,0.0,0.0,0.0,0.0,0.0
2020-11-06 09:30:00,171.03,171.05,169.18,169.29,171.2,171.2,171.17,171.16,171.14,170.15,170.18,170.18,170.28,170.29,0,0.0,0,0.0,0.0,0.0,0.0,0.0
2020-11-06 13:30:00,169.28,170.0,169.14,169.27,170.18,170.18,170.15,169.3,169.29,169.13,169.15,169.18,169.23,169.27,0,0.0,0,0.0,0.0,0.0,0.0,0.0
2020-11-08 18:30:00,169.28,170.0,169.15,169.18,170.18,170.18,170.15,169.3,169.29,169.13,169.15,169.18,169.23,169.27,0,0.0,0,0.0,0.0,0.0,0.0,0.0
2020-11-08 22:30:00,169.18,169.23,169.12,169.16,170.15,169.3,169.29,169.27,169.23,168.27,169.0,169.12,169.13,169.15,0,0.0,0,0.0,0.0,0.0,0.0,0.0
2020-11-09 02:30:00,169.16,170.0,169.15,169.23,169.3,169.29,169.27,169.23,169.18,168.27,169.0,169.12,169.13,169.15,0,0.0,0,0.0,0.0,0.0,0.0,0.0
2020-11-09 06:30:00,169.23,170.09,169.22,170.01,170.18,170.15,169.3,169.29,169.27,168.27,169.0,169.12,169.13,169.15,0,0.0,11/06/2020 17:00,170.125,170.125,171.125,172.125,0.0
2020-11-09 06:30:00,169.23,170.09,169.22,170.01,170.18,170.15,169.3,169.29,169.27,168.27,169.0,169.12,169.13,169.15,0,0.0,11/06/2020 17:00,170.125,170.125,171.125,172.125,0.0
2020-11-09 10:30:00,170.01,170.01,166.22,166.24,171.05,170.29,170.18,170.18,170.15,169.12,169.13,169.15,169.27,169.29,0,0.0,0,0.0,0.0,0.0,0.0,0.0
2020-11-09 14:30:00,166.24,167.07,166.14,167.0,169.0,168.27,167.14,167.09,166.29,165.2,165.27,166.12,166.17,166.2,0,0.0,11/06/2020 17:00,170.125,170.125,171.125,172.125,0.0
2020-11-09 19:30:00,167.01,167.25,166.22,167.23,169.12,169.0,168.27,167.14,167.09,166.12,166.17,166.2,166.24,166.29,0,0.0,11/09/2020 17:00,168.1875,168.1875,169.1875,170.1875,0.0
2020-11-09 19:30:00,167.01,167.25,166.22,167.23,169.12,169.0,168.27,167.14,167.09,166.12,166.17,166.2,166.24,166.29,0,0.0,11/09/2020 17:00,168.1875,168.1875,169.1875,170.1875,0.0
2020-11-09 23:30:00,167.23,167.31,167.19,167.27,169.15,169.12,169.12,169.0,168.27,166.2,166.24,166.29,167.09,167.14,0,0.0,0,0.0,0.0,0.0,0.0,0.0
2020-11-10 03:30:00,167.27,167.3,167.04,167.12,169.15,169.12,169.12,169.0,168.27,166.2,166.24,166.29,167.09,167.14,0,0.0,0,0.0,0.0,0.0,0.0,0.0
2020-11-10 07:30:00,167.12,167.22,166.28,167.04,169.15,169.12,169.12,169.0,168.27,166.2,166.22,166.24,166.29,167.09,0,0.0,0,0.0,0.0,0.0,0.0,0.0
2020-11-10 11:30:00,167.04,167.07,166.17,167.02,169.12,169.12,169.0,168.27,167.31,166.17,166.2,166.22,166.24,166.29,0,0.0,0,0.0,0.0,0.0,0.0,0.0
2020-11-10 15:30:00,167.03,167.09,166.15,166.2,169.12,169.0,168.27,167.31,167.3,166.17,166.2,166.22,166.24,166.29,0,0.0,0,0.0,0.0,0.0,0.0,0.0
2020-11-10 20:30:00,166.2,167.0,166.19,166.29,167.31,167.3,167.22,166.24,166.22,165.2,165.27,166.12,166.14,166.17,0,0.0,11/10/2020 17:00,167.0625,167.0625,168.0625,169.0625,0.0
2020-11-10 20:30:00,166.2,167.0,166.19,166.29,167.31,167.3,167.22,166.24,166.22,165.2,165.27,166.12,166.14,166.17,0,0.0,11/10/2020 17:00,167.0625,167.0625,168.0625,169.0625,0.0
2020-11-11 00:30:00,166.29,166.29,166.08,166.11,169.0,168.27,167.31,167.3,167.22,166.14,166.17,166.2,166.22,166.24,0,0.0,0,0.0,0.0,0.0,0.0,0.0
2020-11-11 04:30:00,166.11,166.17,166.01,166.1,167.09,166.2,166.17,166.14,166.12,164.3,165.04,165.15,165.2,165.27,0,0.0,0,0.0,0.0,0.0,0.0,0.0
2020-11-11 08:30:00,166.1,166.28,166.09,166.25,167.0,166.2,166.17,166.14,166.12,164.3,165.04,165.15,165.2,165.27,0,0.0,11/10/2020 17:00,167.0625,167.0625,168.0625,169.0625,0.0
2020-11-11 08:30:00,166.1,166.28,166.09,166.25,167.0,166.2,166.17,166.14,166.12,164.3,165.04,165.15,165.2,165.27,0,0.0,11/10/2020 17:00,167.0625,167.0625,168.0625,169.0625,0.0
2020-11-11 08:30:00,166.1,166.28,166.09,166.25,167.0,166.2,166.17,166.14,166.12,164.3,165.04,165.15,165.2,165.27,0,0.0,11/10/2020 17:00,167.0625,167.0625,168.0625,169.0625,0.0
2020-11-11 08:30:00,166.1,166.28,166.09,166.25,167.0,166.2,166.17,166.14,166.12,164.3,165.04,165.15,165.2,165.27,0,0.0,11/10/2020 17:00,167.0625,167.0625,168.0625,169.0625,0.0
2020-11-11 12:30:00,166.25,166.29,166.19,166.26,167.3,167.22,167.09,167.0,166.29,165.27,166.12,166.14,166.17,166.2,0,0.0,0,0.0,0.0,0.0,0.0,0.0
2020-11-11 16:30:00,166.26,167.12,166.25,167.03,167.3,167.22,167.09,167.0,166.29,166.01,166.12,166.14,166.17,166.2,0,0.0,11/10/2020 17:00,167.0625,167.0625,168.0625,169.0625,0.0
2020-11-11 16:30:00,166.26,167.12,166.25,167.03,167.3,167.22,167.09,167.0,166.29,166.01,166.12,166.14,166.17,166.2,0,0.0,11/10/2020 17:00,167.0625,167.0625,168.0625,169.0625,0.0
2020-11-11 21:30:00,167.03,167.19,167.0,167.16,168.27,167.31,167.3,167.22,167.09,166.14,166.17,166.2,166.29,167.0,11/11/2020 17:00,166.625,0,0.0,166.625,165.625,164.625,0.0
2020-11-12 01:30:00,167.16,167.24,167.15,167.18,169.0,168.27,167.31,167.3,167.22,166.19,166.2,166.29,167.0,167.09,0,0.0,0,0.0,0.0,0.0,0.0,0.0
2020-11-12 05:30:00,167.17,167.21,167.12,167.18,169.0,168.27,167.31,167.3,167.22,166.2,166.25,166.29,167.0,167.09,0,0.0,0,0.0,0.0,0.0,0.0,0.0
2020-11-12 09:30:00,167.19,168.01,167.12,168.0,169.0,168.27,167.31,167.3,167.22,166.25,166.29,167.0,167.0,167.09,11/11/2020 17:00,166.625,0,0.0,166.625,165.625,164.625,0.0
2020-11-12 09:30:00,167.19,168.01,167.12,168.0,169.0,168.27,167.31,167.3,167.22,166.25,166.29,167.0,167.0,167.09,11/11/2020 17:00,166.625,0,0.0,166.625,165.625,164.625,0.0
2020-11-12 09:30:00,167.19,168.01,167.12,168.0,169.0,168.27,167.31,167.3,167.22,166.25,166.29,167.0,167.0,167.09,11/11/2020 17:00,166.625,0,0.0,166.625,165.625,164.625,0.0
2020-11-12 13:30:00,168.0,168.25,167.27,168.25,169.15,169.12,169.12,169.0,168.27,167.0,167.09,167.22,167.3,167.31,0,0.0,0,0.0,0.0,0.0,0.0,0.0
2020-11-12 18:30:00,168.24,169.0,168.16,168.29,169.15,169.12,169.12,169.0,168.27,167.0,167.09,167.22,167.3,167.31,0,0.0,0,0.0,0.0,0.0,0.0,0.0
2020-11-12 22:30:00,168.29,169.05,168.25,169.03,170.01,169.15,169.12,169.12,169.0,167.09,167.12,167.22,167.3,167.31,0,0.0,0,0.0,0.0,0.0,0.0,0.0
2020-11-13 02:30:00,169.03,169.11,169.0,169.1,170.09,170.01,169.15,169.12,169.12,167.12,167.22,167.27,167.3,167.31,0,0.0,0,0.0,0.0,0.0,0.0,0.0
2020-11-13 06:30:00,169.11,169.12,168.17,168.26,170.09,170.01,169.15,169.12,169.12,167.22,167.27,167.3,167.31,168.16,0,0.0,0,0.0,0.0,0.0,0.0,0.0
2020-11-13 10:30:00,168.27,169.07,168.19,168.26,170.09,170.01,169.15,169.12,169.12,167.22,167.27,167.3,167.31,168.16,0,0.0,0,0.0,0.0,0.0,0.0,0.0
2020-11-13 14:30:00,168.26,168.3,168.19,168.23,170.09,170.01,169.15,169.12,169.12,167.22,167.27,167.3,167.31,168.16,0,0.0,0,0.0,0.0,0.0,0.0,0.0
2020-11-15 19:30:00,168.24,168.26,168.16,168.2,170.01,169.15,169.12,169.12,169.12,167.27,167.3,167.31,168.16,168.17,0,0.0,0,0.0,0.0,0.0,0.0,0.0
2020-11-15 23:30:00,168.2,168.3,168.18,168.29,169.15,169.12,169.12,169.12,169.07,167.27,167.3,167.31,168.16,168.17,0,0.0,0,0.0,0.0,0.0,0.0,0.0
2020-11-16 03:30:00,168.28,169.04,168.23,169.01,169.15,169.12,169.12,169.12,169.07,167.27,167.3,167.31,168.16,168.17,0,0.0,0,0.0,0.0,0.0,0.0,0.0
2020-11-16 07:30:00,169.01,169.07,167.26,168.01,169.15,169.12,169.12,169.12,169.07,167.3,167.31,168.16,168.16,168.17,0,0.0,0,0.0,0.0,0.0,0.0,0.0
2020-11-16 11:30:00,168.01,168.21,167.28,168.14,169.12,169.07,168.17,168.16,168.16,167.12,167.22,167.27,167.3,167.31,0,0.0,0,0.0,0.0,0.0,0.0,0.0
2020-11-16 15:30:00,168.14,168.21,168.12,168.12,169.12,169.07,168.17,168.16,168.16,167.12,167.22,167.27,167.3,167.31,0,0.0,0,0.0,0.0,0.0,0.0,0.0
2020-11-16 20:30:00,168.12,168.2,168.09,168.16,169.07,169.07,168.17,168.16,168.16,167.22,167.26,167.27,167.3,167.31,0,0.0,0,0.0,0.0,0.0,0.0,0.0
2020-11-17 00:30:00,168.16,168.19,168.04,168.05,169.12,169.12,169.07,169.07,168.17,167.26,167.27,167.28,167.3,167.31,0,0.0,0,0.0,0.0,0.0,0.0,0.0
2020-11-17 04:30:00,168.06,168.24,168.05,168.22,169.07,168.21,168.17,168.16,168.16,167.26,167.27,167.28,167.3,167.31,11/12/2020 17:00,167.90625,0,0.0,167.90625,166.90625,165.90625,0.0
2020-11-17 04:30:00,168.06,168.24,168.05,168.22,169.07,168.21,168.17,168.16,168.16,167.26,167.27,167.28,167.3,167.31,11/12/2020 17:00,167.90625,0,0.0,167.90625,166.90625,165.90625,0.0
2020-11-17 04:30:00,168.06,168.24,168.05,168.22,169.07,168.21,168.17,168.16,168.16,167.26,167.27,167.28,167.3,167.31,11/12/2020 17:00,167.90625,0,0.0,167.90625,166.90625,165.90625,0.0
2020-11-17 04:30:00,168.06,168.24,168.05,168.22,169.07,168.21,168.17,168.16,168.16,167.26,167.27,167.28,167.3,167.31,11/12/2020 17:00,167.90625,0,0.0,167.90625,166.90625,165.90625,0.0
2020-11-17 08:30:00,168.22,169.05,168.2,169.02,169.12,169.12,169.12,169.07,169.07,167.31,168.16,168.16,168.17,168.21,0,0.0,0,0.0,0.0,0.0,0.0,0.0
2020-11-17 12:30:00,169.02,169.13,168.29,168.31,169.12,169.12,169.12,169.07,169.07,168.04,168.16,168.16,168.17,168.21,0,0.0,0,0.0,0.0,0.0,0.0,0.0
2020-11-17 16:30:00,168.3,169.12,168.29,169.09,169.12,169.12,169.12,169.07,169.07,168.05,168.16,168.16,168.17,168.21,11/12/2020 17:00,167.90625,0,0.0,167.90625,166.90625,165.90625,0.0
2020-11-17 21:30:00,169.09,169.21,169.08,169.21,170.01,169.15,169.12,169.12,169.12,168.17,168.2,168.21,169.07,169.07,11/12/2020 17:00,167.90625,0,0.0,167.90625,166.90625,165.90625,0.0
2020-11-17 21:30:00,169.09,169.21,169.08,169.21,170.01,169.15,169.12,169.12,169.12,168.17,168.2,168.21,169.07,169.07,11/12/2020 17:00,167.90625,0,0.0,167.90625,166.90625,165.90625,0.0
2020-11-17 21:30:00,169.09,169.21,169.08,169.21,170.01,169.15,169.12,169.12,169.12,168.17,168.2,168.21,169.07,169.07,11/12/2020 17:00,167.90625,0,0.0,167.90625,166.90625,165.90625,0.0
2020-11-18 01:30:00,169.21,169.29,169.19,169.29,170.18,170.18,170.15,170.09,170.01,169.07,169.07,169.12,169.12,169.15,11/12/2020 17:00,167.90625,0,0.0,167.90625,166.90625,165.90625,0.0
2020-11-18 05:30:00,169.28,170.0,169.13,169.13,170.18,170.18,170.15,170.09,170.01,169.07,169.07,169.12,169.12,169.15,0,0.0,0,0.0,0.0,0.0,0.0,0.0
2020-11-18 09:30:00,169.13,169.24,169.03,169.15,170.18,170.18,170.15,170.09,170.01,169.07,169.07,169.08,169.12,169.12,0,0.0,0,0.0,0.0,0.0,0.0,0.0
2020-11-18 13:30:00,169.14,169.16,168.22,168.31,170.18,170.18,170.15,170.09,170.01,169.07,169.07,169.08,169.12,169.12,0,0.0,0,0.0,0.0,0.0,0.0,0.0
2020-11-18 18:30:00,168.31,169.15,168.28,169.14,170.0,169.12,169.08,169.07,169.07,168.16,168.17,168.2,168.21,168.29,11/12/2020 17:00,167.90625,0,0.0,167.90625,166.90625,165.90625,0.0
2020-11-18 22:30:00,169.14,169.26,169.14,169.25,170.15,170.09,170.01,170.0,169.24,168.17,168.2,168.21,168.29,169.08,11/12/2020 17:00,167.90625,0,0.0,167.90625,166.90625,165.90625,0.0
2020-11-19 02:30:00,169.25,169.27,169.13,169.17,170.18,170.15,170.09,170.01,170.0,168.21,168.22,168.29,169.08,169.24,0,0.0,0,0.0,0.0,0.0,0.0,0.0
2020-11-19 06:30:00,169.17,169.28,169.16,169.25,170.15,170.09,170.01,170.0,169.24,168.21,168.22,168.28,168.29,169.08,0,0.0,0,0.0,0.0,0.0,0.0,0.0
2020-11-19 10:30:00,169.25,169.27,169.16,169.22,170.18,170.15,170.09,170.01,170.0,168.21,168.22,168.28,168.29,169.08,0,0.0,0,0.0,0.0,0.0,0.0,0.0
2020-11-19 14:30:00,169.22,170.03,169.21,169.3,170.18,170.15,170.09,170.01,170.0,168.22,168.28,168.29,169.08,169.13,0,0.0,0,0.0,0.0,0.0,0.0,0.0
2020-11-19 19:30:00,169.3,170.26,169.22,170.2,170.18,170.15,170.09,170.01,170.0,168.22,168.28,168.29,169.08,169.13,11/12/2020 17:00,167.90625,0,0.0,167.90625,166.90625,165.90625,0.0
2020-11-19 19:30:00,169.3,170.26,169.22,170.2,170.18,170.15,170.09,170.01,170.0,168.22,168.28,168.29,169.08,169.13,11/12/2020 17:00,167.90625,0,0.0,167.90625,166.90625,165.90625,0.0
2020-11-19 19:30:00,169.3,170.26,169.22,170.2,170.18,170.15,170.09,170.01,170.0,168.22,168.28,168.29,169.08,169.13,11/12/2020 17:00,167.90625,0,0.0,167.90625,166.90625,165.90625,0.0
2020-11-19 19:30:00,169.3,170.26,169.22,170.2,170.18,170.15,170.09,170.01,170.0,168.22,168.28,168.29,169.08,169.13,11/12/2020 17:00,167.90625,0,0.0,167.90625,166.90625,165.90625,0.0
2020-11-19 23:30:00,170.2,170.24,170.15,170.2,171.16,171.14,171.12,171.05,170.29,170.01,170.09,170.15,170.18,170.18,11/12/2020 17:00,167.90625,0,0.0,167.90625,166.90625,165.90625,0.0
2020-11-19 23:30:00,170.2,170.24,170.15,170.2,171.16,171.14,171.12,171.05,170.29,170.01,170.09,170.15,170.18,170.18,11/12/2020 17:00,167.90625,0,0.0,167.90625,166.90625,165.90625,0.0
2020-11-20 03:30:00,170.2,170.21,170.12,170.14,171.16,171.14,171.12,171.05,170.29,170.01,170.09,170.15,170.18,170.18,0,0.0,0,0.0,0.0,0.0,0.0,0.0
2020-11-20 07:30:00,170.14,170.15,170.02,170.08,171.14,171.12,171.05,170.29,170.26,169.21,169.22,170.0,170.01,170.09,0,0.0,0,0.0,0.0,0.0,0.0,0.0
2020-11-20 11:30:00,170.08,170.18,170.0,170.08,171.05,170.29,170.26,170.24,170.09,169.16,169.21,169.22,170.0,170.01,0,0.0,0,0.0,0.0,0.0,0.0,0.0
2020-11-20 15:30:00,170.08,170.22,170.04,170.19,170.29,170.26,170.24,170.21,170.09,169.16,169.21,169.22,170.0,170.01,0,0.0,0,0.0,0.0,0.0,0.0,0.0
2020-11-22 20:30:00,170.18,170.26,170.17,170.2,171.05,170.29,170.26,170.24,170.21,169.16,169.21,169.22,170.0,170.01,0,0.0,0,0.0,0.0,0.0,0.0,0.0
2020-11-23 00:30:00,170.2,170.25,170.19,170.24,171.05,170.29,170.26,170.24,170.21,169.21,169.22,170.0,170.0,170.01,11/20/2020 17:00,170.125,0,0.0,170.125,169.125,168.125,0.0
2020-11-23 04:30:00,170.24,170.24,170.0,170.02,171.14,171.12,171.05,170.29,170.26,170.0,170.0,170.01,170.04,170.21,0,0.0,0,0.0,0.0,0.0,0.0,0.0
2020-11-23 08:30:00,170.02,170.08,169.29,170.04,170.26,170.26,170.24,170.21,170.04,169.21,169.22,170.0,170.0,170.01,0,0.0,0,0.0,0.0,0.0,0.0,0.0
2020-11-23 12:30:00,170.04,170.09,169.26,170.05,170.26,170.26,170.25,170.24,170.21,169.21,169.22,170.0,170.0,170.01,11/20/2020 17:00,170.125,0,0.0,170.125,169.125,168.125,0.0
2020-11-23 16:30:00,170.05,170.08,169.28,170.01,170.26,170.25,170.24,170.24,170.21,169.22,170.0,170.0,170.01,170.04,0,0.0,0,0.0,0.0,0.0,0.0,0.0
2020-11-23 21:30:00,170.01,170.04,169.18,169.23,170.26,170.25,170.24,170.24,170.21,169.16,169.21,169.22,170.0,170.0,0,0.0,0,0.0,0.0,0.0,0.0,0.0
2020-11-24 01:30:00,169.23,169.3,169.22,169.29,170.21,170.09,170.01,170.0,170.0,169.08,169.13,169.16,169.21,169.22,0,0.0,0,0.0,0.0,0.0,0.0,0.0
2020-11-24 05:30:00,169.29,170.02,169.19,169.3,170.09,170.08,170.01,170.0,170.0,169.08,169.13,169.16,169.21,169.22,0,0.0,0,0.0,0.0,0.0,0.0,0.0
2020-11-24 09:30:00,169.29,170.0,169.17,169.23,170.08,170.04,170.01,170.0,170.0,169.13,169.16,169.18,169.21,169.22,0,0.0,0,0.0,0.0,0.0,0.0,0.0
2020-11-24 13:30:00,169.23,169.24,169.05,169.16,170.08,170.04,170.01,170.0,170.0,169.13,169.16,169.18,169.21,169.22,0,0.0,0,0.0,0.0,0.0,0.0,0.0
2020-11-24 18:30:00,169.17,169.21,169.09,169.15,170.0,170.0,169.22,169.21,169.18,168.28,168.29,169.08,169.13,169.16,0,0.0,0,0.0,0.0,0.0,0.0,0.0
2020-11-24 22:30:00,169.14,169.15,169.02,169.1,170.0,169.22,169.21,169.18,169.16,168.22,168.28,168.29,169.08,169.13,0,0.0,0,0.0,0.0,0.0,0.0,0.0
2020-11-25 02:30:00,169.09,169.22,169.09,169.19,169.22,169.21,169.18,169.16,169.13,168.21,168.22,168.28,168.29,169.08,0,0.0,11/23/2020 17:00,170.28125,170.28125,171.28125,172.28125,0.0
2020-11-25 02:30:00,169.09,169.22,169.09,169.19,169.22,169.21,169.18,169.16,169.13,168.21,168.22,168.28,168.29,169.08,0,0.0,11/23/2020 17:00,170.28125,170.28125,171.28125,172.28125,0.0
2020-11-25 02:30:00,169.09,169.22,169.09,169.19,169.22,169.21,169.18,169.16,169.13,168.21,168.22,168.28,168.29,169.08,0,0.0,11/23/2020 17:00,170.28125,170.28125,171.28125,172.28125,0.0
2020-11-25 06:30:00,169.19,169.29,169.11,169.29,170.0,170.0,169.24,169.22,169.21,168.29,169.08,169.13,169.16,169.18,0,0.0,11/23/2020 17:00,170.28125,170.28125,171.28125,172.28125,0.0
2020-11-25 06:30:00,169.19,169.29,169.11,169.29,170.0,170.0,169.24,169.22,169.21,168.29,169.08,169.13,169.16,169.18,0,0.0,11/23/2020 17:00,170.28125,170.28125,171.28125,172.28125,0.0
2020-11-25 06:30:00,169.19,169.29,169.11,169.29,170.0,170.0,169.24,169.22,169.21,168.29,169.08,169.13,169.16,169.18,0,0.0,11/23/2020 17:00,170.28125,170.28125,171.28125,172.28125,0.0
2020-11-25 10:30:00,169.29,170.06,169.14,170.04,170.02,170.01,170.0,170.0,170.0,169.16,169.18,169.21,169.22,169.24,0,0.0,11/23/2020 17:00,170.28125,170.28125,171.28125,172.28125,0.0
2020-11-25 10:30:00,169.29,170.06,169.14,170.04,170.02,170.01,170.0,170.0,170.0,169.16,169.18,169.21,169.22,169.24,0,0.0,11/23/2020 17:00,170.28125,170.28125,171.28125,172.28125,0.0
2020-11-25 10:30:00,169.29,170.06,169.14,170.04,170.02,170.01,170.0,170.0,170.0,169.16,169.18,169.21,169.22,169.24,0,0.0,11/23/2020 17:00,170.28125,170.28125,171.28125,172.28125,0.0
2020-11-25 14:30:00,170.04,170.05,169.17,169.19,170.24,170.24,170.21,170.09,170.08,169.22,169.24,170.0,170.0,170.02,0,0.0,0,0.0,0.0,0.0,0.0,0.0
2020-11-25 19:30:00,169.19,169.21,169.07,169.15,170.08,170.04,170.02,170.0,169.24,169.09,169.11,169.13,169.16,169.18,0,0.0,0,0.0,0.0,0.0,0.0,0.0
2020-11-25 23:30:00,169.16,169.19,169.14,169.19,170.06,170.04,170.02,170.0,169.24,169.02,169.08,169.09,169.11,169.13,0,0.0,0,0.0,0.0,0.0,0.0,0.0
2020-11-26 03:30:00,169.18,169.22,169.17,169.2,170.05,170.04,170.02,170.0,169.24,169.02,169.08,169.09,169.11,169.13,0,0.0,0,0.0,0.0,0.0,0.0,0.0
2020-11-26 07:30:00,169.21,169.28,169.2,169.28,170.05,170.04,170.02,170.0,169.24,169.07,169.08,169.09,169.11,169.13,0,0.0,0,0.0,0.0,0.0,0.0,0.0
2020-11-26 11:30:00,169.28,170.02,169.25,169.3,170.06,170.05,170.04,170.02,170.0,169.08,169.09,169.11,169.13,169.14,0,0.0,0,0.0,0.0,0.0,0.0,0.0
2020-11-26 20:30:00,169.31,170.11,169.29,170.07,170.06,170.05,170.04,170.02,170.0,169.09,169.11,169.13,169.14,169.17,0,0.0,11/23/2020 17:00,170.28125,170.28125,171.28125,172.28125,0.0
2020-11-26 20:30:00,169.31,170.11,169.29,170.07,170.06,170.05,170.04,170.02,170.0,169.09,169.11,169.13,169.14,169.17,0,0.0,11/23/2020 17:00,170.28125,170.28125,171.28125,172.28125,0.0
2020-11-26 20:30:00,169.31,170.11,169.29,170.07,170.06,170.05,170.04,170.02,170.0,169.09,169.11,169.13,169.14,169.17,0,0.0,11/23/2020 17:00,170.28125,170.28125,171.28125,172.28125,0.0
2020-11-27 00:30:00,170.06,170.06,169.29,170.0,170.24,170.24,170.21,170.09,170.08,169.14,169.17,169.2,170.04,170.05,0,0.0,0,0.0,0.0,0.0,0.0,0.0
2020-11-27 04:30:00,170.0,170.03,169.24,169.27,170.09,170.08,170.06,170.05,170.04,169.13,169.14,169.17,169.2,169.25,0,0.0,0,0.0,0.0,0.0,0.0,0.0
2020-11-27 08:30:00,169.28,170.03,169.28,170.01,170.09,170.08,170.06,170.05,170.04,169.13,169.14,169.17,169.2,169.25,0,0.0,0,0.0,0.0,0.0,0.0,0.0
2020-11-27 12:30:00,170.0,170.15,169.26,170.13,170.08,170.06,170.06,170.05,170.04,169.13,169.14,169.17,169.2,169.25,0,0.0,11/23/2020 17:00,170.28125,170.28125,171.28125,172.28125,0.0
2020-11-27 12:30:00,170.0,170.15,169.26,170.13,170.08,170.06,170.06,170.05,170.04,169.13,169.14,169.17,169.2,169.25,0,0.0,11/23/2020 17:00,170.28125,170.28125,171.28125,172.28125,0.0
2020-11-27 12:30:00,170.0,170.15,169.26,170.13,170.08,170.06,170.06,170.05,170.04,169.13,169.14,169.17,169.2,169.25,0,0.0,11/23/2020 17:00,170.28125,170.28125,171.28125,172.28125,0.0
2020-11-27 12:30:00,170.0,170.15,169.26,170.13,170.08,170.06,170.06,170.05,170.04,169.13,169.14,169.17,169.2,169.25,0,0.0,11/23/2020 17:00,170.28125,170.28125,171.28125,172.28125,0.0
2020-11-29 21:15:00,170.14,170.18,170.11,170.16,170.26,170.25,170.24,170.24,170.21,169.25,170.06,170.08,170.09,170.11,0,0.0,0,0.0,0.0,0.0,0.0,0.0
2020-11-30 01:15:00,170.16,170.23,170.15,170.2,170.26,170.25,170.24,170.24,170.21,169.25,170.06,170.08,170.09,170.11,0,0.0,0,0.0,0.0,0.0,0.0,0.0
2020-11-30 05:15:00,170.2,170.24,170.13,170.17,170.26,170.25,170.24,170.24,170.21,169.26,170.06,170.08,170.09,170.11,0,0.0,0,0.0,0.0,0.0,0.0,0.0
2020-11-30 09:15:00,170.17,170.18,170.0,170.11,170.26,170.25,170.24,170.24,170.21,170.06,170.08,170.09,170.11,170.11,0,0.0,0,0.0,0.0,0.0,0.0,0.0
2020-11-30 13:15:00,170.1,170.11,170.01,170.11,170.24,170.24,170.21,170.11,170.11,169.25,169.26,170.06,170.08,170.09,0,0.0,0,0.0,0.0,0.0,0.0,0.0
2020-11-30 18:15:00,170.11,170.16,170.03,170.13,170.25,170.24,170.24,170.24,170.21,169.25,169.26,170.06,170.08,170.09,0,0.0,0,0.0,0.0,0.0,0.0,0.0
2020-11-30 22:15:00,170.14,170.16,170.04,170.09,170.24,170.24,170.24,170.21,170.18,170.06,170.08,170.09,170.11,170.11,0,0.0,0,0.0,0.0,0.0,0.0,0.0
2020-12-01 02:15:00,170.09,170.19,170.06,170.16,170.24,170.21,170.18,170.11,170.11,169.26,170.0,170.01,170.06,170.08,11/27/2020 13:15,170.28125,0,0.0,170.28125,169.28125,168.28125,0.0
2020-12-01 06:15:00,170.17,170.17,169.24,169.3,170.24,170.24,170.24,170.21,170.18,170.03,170.06,170.08,170.09,170.11,0,0.0,0,0.0,0.0,0.0,0.0,0.0
2020-12-01 10:15:00,169.3,170.03,168.18,168.18,170.08,170.06,170.03,170.01,170.0,169.17,169.2,169.24,169.25,169.26,0,0.0,0,0.0,0.0,0.0,0.0,0.0
2020-12-01 14:15:00,168.17,168.21,167.3,167.31,168.29,168.28,168.22,168.21,168.2,167.31,168.04,168.05,168.16,168.16,0,0.0,0,0.0,0.0,0.0,0.0,0.0
2020-12-01 19:15:00,167.31,168.18,167.3,168.17,168.22,168.21,168.2,168.05,168.04,167.22,167.26,167.27,167.28,167.3,0,0.0,12/01/2020 17:00,168.21875,168.21875,169.21875,170.21875,0.0
2020-12-01 19:15:00,167.31,168.18,167.3,168.17,168.22,168.21,168.2,168.05,168.04,167.22,167.26,167.27,167.28,167.3,0,0.0,12/01/2020 17:00,168.21875,168.21875,169.21875,170.21875,0.0
2020-12-01 23:15:00,168.17,168.2,168.08,168.12,168.29,168.28,168.22,168.21,168.2,167.28,167.3,167.31,168.04,168.05,0,0.0,0,0.0,0.0,0.0,0.0,0.0
2020-12-02 03:15:00,168.13,168.17,168.02,168.1,168.28,168.22,168.21,168.21,168.2,167.28,167.3,167.31,168.04,168.05,0,0.0,0,0.0,0.0,0.0,0.0,0.0
2020-12-02 07:15:00,168.11,168.16,168.04,168.13,168.28,168.22,168.21,168.21,168.2,167.3,167.3,167.31,168.04,168.05,0,0.0,0,0.0,0.0,0.0,0.0,0.0
2020-12-02 11:15:00,168.13,168.19,167.1,167.11,168.22,168.21,168.21,168.2,168.2,167.3,167.3,167.31,168.04,168.05,0,0.0,0,0.0,0.0,0.0,0.0,0.0
2020-12-02 15:15:00,167.12,167.23,167.04,167.21,167.3,167.28,167.27,167.26,167.22,166.25,166.29,167.0,167.0,167.09,0,0.0,12/01/2020 17:00,168.21875,168.21875,169.21875,170.21875,0.0
2020-12-02 20:15:00,167.21,167.3,167.16,167.29,167.3,167.28,167.27,167.26,167.22,166.29,167.0,167.0,167.09,167.12,0,0.0,12/02/2020 17:00,167.90625,167.90625,168.90625,169.90625,0.0
2020-12-02 20:15:00,167.21,167.3,167.16,167.29,167.3,167.28,167.27,167.26,167.22,166.29,167.0,167.0,167.09,167.12,0,0.0,12/02/2020 17:00,167.90625,167.90625,168.90625,169.90625,0.0
2020-12-02 20:15:00,167.21,167.3,167.16,167.29,167.3,167.28,167.27,167.26,167.22,166.29,167.0,167.0,167.09,167.12,0,0.0,12/02/2020 17:00,167.90625,167.90625,168.90625,169.90625,0.0
2020-12-03 00:15:00,167.29,167.29,167.19,167.2,168.2,168.19,167.31,167.3,167.3,167.09,167.12,167.26,167.27,167.28,0,0.0,0,0.0,0.0,0.0,0.0,0.0
2020-12-03 04:15:00,167.2,167.29,167.2,167.25,168.2,168.19,167.31,167.3,167.3,167.0,167.0,167.04,167.09,167.12,0,0.0,0,0.0,0.0,0.0,0.0,0.0
2020-12-03 08:15:00,167.25,168.04,167.22,167.25,168.19,167.31,167.3,167.3,167.3,167.0,167.04,167.09,167.12,167.16,0,0.0,0,0.0,0.0,0.0,0.0,0.0
2020-12-03 12:15:00,167.26,168.18,167.24,168.12,168.19,167.31,167.3,167.3,167.3,167.04,167.09,167.12,167.16,167.19,0,0.0,12/02/2020 17:00,167.90625,167.90625,168.90625,169.90625,0.0
2020-12-03 12:15:00,167.26,168.18,167.24,168.12,168.19,167.31,167.3,167.3,167.3,167.04,167.09,167.12,167.16,167.19,0,0.0,12/02/2020 17:00,167.90625,167.90625,168.90625,169.90625,0.0
2020-12-03 16:15:00,168.11,168.24,168.04,168.17,168.21,168.21,168.2,168.2,168.19,167.16,167.19,167.2,167.3,167.3,0,0.0,0,0.0,0.0,0.0,0.0,0.0
2020-12-03 21:15:00,168.17,168.21,168.14,168.19,168.21,168.21,168.2,168.2,168.19,167.19,167.2,167.22,167.3,167.3,0,0.0,0,0.0,0.0,0.0,0.0,0.0
2020-12-04 01:15:00,168.19,168.23,168.14,168.16,168.22,168.21,168.21,168.2,168.2,167.2,167.22,167.24,167.3,167.3,0,0.0,0,0.0,0.0,0.0,0.0,0.0
2020-12-04 05:15:00,168.16,168.18,167.31,168.01,168.21,168.21,168.2,168.2,168.19,167.22,167.24,167.3,167.3,168.04,0,0.0,0,0.0,0.0,0.0,0.0,0.0
2020-12-04 09:15:00,168.01,168.29,166.29,167.08,168.21,168.2,168.2,168.19,168.04,167.2,167.22,167.24,167.3,167.3,0,0.0,0,0.0,0.0,0.0,0.0,0.0
2020-12-04 13:15:00,167.08,167.13,166.18,167.02,167.22,167.2,167.19,167.16,167.09,166.25,166.29,167.0,167.0,167.04,0,0.0,0,0.0,0.0,0.0,0.0,0.0
2020-12-06 18:15:00,167.02,167.05,166.2,166.25,167.2,167.19,167.16,167.09,167.04,166.2,166.25,166.29,167.0,167.0,0,0.0,0,0.0,0.0,0.0,0.0,0.0
2020-12-06 22:15:00,166.26,167.13,166.24,167.1,167.09,167.04,167.0,167.0,166.29,166.14,166.17,166.19,166.2,166.25,0,0.0,12/04/2020 17:00,167.0,167.0,168.0,169.0,0.0
2020-12-06 22:15:00,166.26,167.13,166.24,167.1,167.09,167.04,167.0,167.0,166.29,166.14,166.17,166.19,166.2,166.25,0,0.0,12/04/2020 17:00,167.0,167.0,168.0,169.0,0.0
2020-12-07 02:15:00,167.1,167.15,167.07,167.14,167.24,167.22,167.2,167.19,167.16,166.19,166.2,166.25,167.0,167.04,0,0.0,0,0.0,0.0,0.0,0.0,0.0
2020-12-07 06:15:00,167.15,167.3,167.14,167.2,167.24,167.22,167.2,167.19,167.16,166.2,166.2,166.25,167.0,167.04,0,0.0,12/04/2020 17:00,167.0,167.0,168.0,169.0,0.0
2020-12-07 10:15:00,167.2,167.29,167.15,167.24,168.19,168.04,167.3,167.24,167.22,166.25,167.0,167.04,167.16,167.19,0,0.0,12/04/2020 17:00,167.0,167.0,168.0,169.0,0.0
2020-12-07 10:15:00,167.2,167.29,167.15,167.24,168.19,168.04,167.3,167.24,167.22,166.25,167.0,167.04,167.16,167.19,0,0.0,12/04/2020 17:00,167.0,167.0,168.0,169.0,0.0
2020-12-07 14:15:00,167.24,168.03,167.2,167.31,168.2,168.2,168.19,168.04,167.3,167.07,167.16,167.19,167.2,167.22,0,0.0,12/04/2020 17:00,167.0,167.0,168.0,169.0,0.0
2020-12-07 14:15:00,167.24,168.03,167.2,167.31,168.2,168.2,168.19,168.04,167.3,167.07,167.16,167.19,167.2,167.22,0,0.0,12/04/2020 17:00,167.0,167.0,168.0,169.0,0.0
2020-12-07 19:15:00,167.31,168.04,167.25,168.01,168.21,168.2,168.2,168.19,168.04,167.16,167.19,167.2,167.22,167.24,0,0.0,0,0.0,0.0,0.0,0.0,0.0
2020-12-07 23:15:00,168.01,168.05,167.27,167.28,168.21,168.2,168.2,168.19,168.04,167.16,167.19,167.2,167.22,167.24,0,0.0,0,0.0,0.0,0.0,0.0,0.0
2020-12-08 03:15:00,167.28,168.07,167.26,168.05,168.21,168.2,168.2,168.19,168.04,167.19,167.2,167.2,167.22,167.24,12/07/2020 17:00,167.0,0,0.0,167.0,166.0,165.0,169.13
2020-12-08 07:15:00,168.04,168.05,167.22,167.29,168.21,168.21,168.2,168.2,168.19,167.2,167.2,167.22,167.24,167.25,0,0.0,0,0.0,0.0,0.0,0.0,0.0
2020-12-08 11:15:00,167.29,168.3,167.27,168.17,168.21,168.21,168.2,168.2,168.19,167.2,167.2,167.22,167.24,167.25,0,0.0,0,0.0,0.0,0.0,0.0,0.0
2020-12-08 15:15:00,168.17,168.2,168.12,168.14,168.21,168.21,168.2,168.2,168.19,167.2,167.2,167.22,167.24,167.25,0,0.0,0,0.0,0.0,0.0,0.0,0.0
2020-12-08 20:15:00,168.14,168.16,167.28,168.0,168.21,168.21,168.2,168.2,168.19,167.2,167.22,167.22,167.24,167.25,0,0.0,0,0.0,0.0,0.0,0.0,0.0
2020-12-09 00:15:00,168.0,168.04,167.25,167.28,168.21,168.21,168.2,168.2,168.19,167.22,167.22,167.24,167.25,167.27,0,0.0,0,0.0,0.0,0.0,0.0,0.0
2020-12-09 04:15:00,167.28,167.3,167.25,167.28,168.21,168.2,168.2,168.2,168.19,167.22,167.22,167.24,167.25,167.27,0,0.0,0,0.0,0.0,0.0,0.0,0.0
2020-12-09 08:15:00,167.28,167.29,167.21,167.27,168.2,168.2,168.2,168.19,168.16,167.22,167.22,167.24,167.25,167.27,0,0.0,0,0.0,0.0,0.0,0.0,0.0
2020-12-09 12:15:00,167.27,168.0,167.12,167.22,168.2,168.2,168.19,168.16,168.04,167.2,167.22,167.22,167.24,167.25,0,0.0,0,0.0,0.0,0.0,0.0,0.0
2020-12-09 16:15:00,167.22,168.1,167.18,168.0,168.19,168.16,168.04,167.27,167.25,167.15,167.16,167.19,167.2,167.2,12/07/2020 17:00,167.0,0,0.0,167.0,166.0,165.0,169.13
2020-12-09 16:15:00,167.22,168.1,167.18,168.0,168.19,168.16,168.04,167.27,167.25,167.15,167.16,167.19,167.2,167.2,12/07/2020 17:00,167.0,0,0.0,167.0,166.0,165.0,169.13
2020-12-09 21:15:00,167.31,168.09,167.28,168.09,168.2,168.2,168.19,168.16,168.04,167.2,167.22,167.22,167.25,167.27,12/07/2020 17:00,167.0,0,0.0,167.0,166.0,165.0,169.13
2020-12-10 01:15:00,168.09,168.13,168.03,168.1,168.2,168.2,168.2,168.19,168.16,167.22,167.22,167.25,167.27,168.04,0,0.0,0,0.0,0.0,0.0,0.0,0.0
2020-12-10 05:15:00,168.1,168.15,168.04,168.1,168.2,168.2,168.2,168.19,168.16,167.22,167.22,167.25,167.27,168.04,0,0.0,0,0.0,0.0,0.0,0.0,0.0
2020-12-10 09:15:00,168.1,168.17,167.31,168.04,168.2,168.2,168.2,168.19,168.16,167.22,167.25,167.27,167.28,168.04,0,0.0,0,0.0,0.0,0.0,0.0,0.0
2020-12-10 13:15:00,168.05,168.17,168.0,168.13,168.2,168.2,168.2,168.19,168.16,167.22,167.25,167.27,167.28,168.04,0,0.0,0,0.0,0.0,0.0,0.0,0.0
2020-12-10 18:15:00,168.12,169.02,168.12,169.02,168.2,168.2,168.2,168.19,168.16,167.22,167.25,167.27,167.28,168.04,12/10/2020 17:00,168.6875,0,0.0,168.6875,167.6875,166.6875,0.0
2020-12-10 18:15:00,168.12,169.02,168.12,169.02,168.2,168.2,168.2,168.19,168.16,167.22,167.25,167.27,167.28,168.04,12/10/2020 17:00,168.6875,0,0.0,168.6875,167.6875,166.6875,0.0
2020-12-10 18:15:00,168.12,169.02,168.12,169.02,168.2,168.2,168.2,168.19,168.16,167.22,167.25,167.27,167.28,168.04,12/10/2020 17:00,168.6875,0,0.0,168.6875,167.6875,166.6875,0.0
2020-12-10 18:15:00,168.12,169.02,168.12,169.02,168.2,168.2,168.2,168.19,168.16,167.22,167.25,167.27,167.28,168.04,12/10/2020 17:00,168.6875,0,0.0,168.6875,167.6875,166.6875,0.0
2020-12-10 18:15:00,168.12,169.02,168.12,169.02,168.2,168.2,168.2,168.19,168.16,167.22,167.25,167.27,167.28,168.04,12/10/2020 17:00,168.6875,0,0.0,168.6875,167.6875,166.6875,0.0
2020-12-10 18:15:00,168.12,169.02,168.12,169.02,168.2,168.2,168.2,168.19,168.16,167.22,167.25,167.27,167.28,168.04,12/10/2020 17:00,168.6875,0,0.0,168.6875,167.6875,166.6875,0.0
2020-12-10 18:15:00,168.12,169.02,168.12,169.02,168.2,168.2,168.2,168.19,168.16,167.22,167.25,167.27,167.28,168.04,12/10/2020 17:00,168.6875,0,0.0,168.6875,167.6875,166.6875,0.0
2020-12-10 18:15:00,168.12,169.02,168.12,169.02,168.2,168.2,168.2,168.19,168.16,167.22,167.25,167.27,167.28,168.04,12/10/2020 17:00,168.6875,0,0.0,168.6875,167.6875,166.6875,0.0
2020-12-10 22:15:00,169.02,169.02,168.25,168.28,169.17,169.14,169.11,169.09,169.07,168.24,168.28,168.29,168.29,168.3,12/10/2020 17:00,168.6875,0,0.0,168.6875,167.6875,166.6875,0.0
2020-12-10 22:15:00,169.02,169.02,168.25,168.28,169.17,169.14,169.11,169.09,169.07,168.24,168.28,168.29,168.29,168.3,12/10/2020 17:00,168.6875,0,0.0,168.6875,167.6875,166.6875,0.0
2020-12-11 02:15:00,168.28,169.01,168.25,168.27,169.09,169.07,169.02,168.3,168.29,168.2,168.2,168.21,168.22,168.24,12/10/2020 17:00,168.6875,0,0.0,168.6875,167.6875,166.6875,0.0
2020-12-11 06:15:00,168.26,169.18,168.26,169.13,169.09,169.07,169.02,168.3,168.29,168.2,168.2,168.21,168.22,168.24,12/10/2020 17:00,168.6875,0,0.0,168.6875,167.6875,166.6875,0.0
2020-12-11 06:15:00,168.26,169.18,168.26,169.13,169.09,169.07,169.02,168.3,168.29,168.2,168.2,168.21,168.22,168.24,12/10/2020 17:00,168.6875,0,0.0,168.6875,167.6875,166.6875,0.0
2020-12-11 06:15:00,168.26,169.18,168.26,169.13,169.09,169.07,169.02,168.3,168.29,168.2,168.2,168.21,168.22,168.24,12/10/2020 17:00,168.6875,0,0.0,168.6875,167.6875,166.6875,0.0
2020-12-11 06:15:00,168.26,169.18,168.26,169.13,169.09,169.07,169.02,168.3,168.29,168.2,168.2,168.21,168.22,168.24,12/10/2020 17:00,168.6875,0,0.0,168.6875,167.6875,166.6875,0.0
2020-12-11 10:15:00,169.12,169.18,169.04,169.13,169.25,169.24,169.2,169.17,169.14,168.24,169.02,169.07,169.09,169.11,12/10/2020 17:00,168.6875,0,0.0,168.6875,167.6875,166.6875,0.0
2020-12-11 14:15:00,169.14,169.23,169.01,169.04,169.26,169.25,169.24,169.2,169.17,168.25,169.02,169.07,169.09,169.11,0,0.0,0,0.0,0.0,0.0,0.0,0.0
2020-12-13 19:15:00,169.05,169.09,168.2,168.23,169.25,169.24,169.2,169.17,169.14,168.22,168.24,168.25,168.26,169.02,0,0.0,0,0.0,0.0,0.0,0.0,0.0
2020-12-13 23:15:00,168.24,168.29,168.21,168.26,169.2,169.17,169.14,168.26,168.25,168.2,168.2,168.2,168.21,168.22,12/11/2020 17:00,169.0625,0,0.0,169.0625,168.0625,167.0625,0.0
2020-12-14 03:15:00,168.26,168.27,168.18,168.19,169.24,169.23,169.2,169.17,169.14,168.2,168.2,168.21,168.22,168.25,0,0.0,0,0.0,0.0,0.0,0.0,0.0
2020-12-14 07:15:00,168.19,168.25,168.08,168.12,169.09,168.26,168.21,168.2,168.2,167.31,168.0,168.04,168.12,168.16,0,0.0,0,0.0,0.0,0.0,0.0,0.0
2020-12-14 11:15:00,168.12,169.01,167.3,168.31,168.21,168.2,168.2,168.19,168.16,167.27,167.28,167.31,168.0,168.04,12/11/2020 17:00,169.0625,0,0.0,169.0625,168.0625,167.0625,0.0
2020-12-14 11:15:00,168.12,169.01,167.3,168.31,168.21,168.2,168.2,168.19,168.16,167.27,167.28,167.31,168.0,168.04,12/11/2020 17:00,169.0625,0,0.0,169.0625,168.0625,167.0625,0.0
2020-12-14 15:15:00,168.31,169.09,168.28,169.02,169.23,169.2,169.17,169.14,169.09,168.0,168.04,168.12,168.26,168.29,0,0.0,0,0.0,0.0,0.0,0.0,0.0
2020-12-14 20:15:00,169.03,169.05,168.31,169.02,169.23,169.2,169.17,169.14,169.09,168.0,168.04,168.12,168.26,168.29,0,0.0,0,0.0,0.0,0.0,0.0,0.0
2020-12-15 00:15:00,169.02,169.13,169.02,169.09,169.23,169.2,169.17,169.14,169.09,168.0,168.04,168.12,168.26,168.29,0,0.0,0,0.0,0.0,0.0,0.0,0.0
2020-12-15 04:15:00,169.09,169.1,169.0,169.01,169.24,169.23,169.2,169.17,169.14,168.04,168.12,168.26,168.28,168.29,0,0.0,0,0.0,0.0,0.0,0.0,0.0
2020-12-15 08:15:00,169.0,169.04,168.29,169.01,169.23,169.2,169.17,169.14,169.09,168.12,168.26,168.28,168.29,168.31,0,0.0,0,0.0,0.0,0.0,0.0,0.0
2020-12-15 12:15:00,169.02,169.02,168.16,168.24,169.2,169.17,169.14,169.13,169.09,168.12,168.26,168.28,168.29,168.31,0,0.0,0,0.0,0.0,0.0,0.0,0.0
2020-12-15 16:15:00,168.24,168.26,168.09,168.21,169.1,169.09,168.31,168.29,168.28,167.3,167.31,168.0,168.04,168.12,0,0.0,0,0.0,0.0,0.0,0.0,0.0
2020-12-15 21:15:00,168.21,168.24,168.18,168.21,169.09,169.04,168.31,168.29,168.28,167.3,167.31,168.0,168.04,168.12,0,0.0,0,0.0,0.0,0.0,0.0,0.0
2020-12-16 01:15:00,168.22,168.26,168.2,168.22,169.04,169.02,168.31,168.29,168.28,167.3,167.31,168.0,168.04,168.12,0,0.0,0,0.0,0.0,0.0,0.0,0.0
2020-12-16 05:15:00,168.22,168.25,168.08,168.08,169.04,169.02,168.31,168.29,168.28,167.31,168.0,168.04,168.09,168.12,0,0.0,0,0.0,0.0,0.0,0.0,0.0
2020-12-16 09:15:00,168.08,168.14,167.18,167.24,168.31,168.29,168.28,168.12,168.09,167.28,167.3,167.31,168.0,168.04,0,0.0,0,0.0,0.0,0.0,0.0,0.0
2020-12-16 13:15:00,167.24,168.19,167.24,168.15,168.04,168.0,167.31,167.3,167.28,167.19,167.2,167.2,167.22,167.22,0,0.0,12/15/2020 17:00,168.6875,168.6875,169.6875,170.6875,0.0
2020-12-16 13:15:00,167.24,168.19,167.24,168.15,168.04,168.0,167.31,167.3,167.28,167.19,167.2,167.2,167.22,167.22,0,0.0,12/15/2020 17:00,168.6875,168.6875,169.6875,170.6875,0.0
2020-12-16 13:15:00,167.24,168.19,167.24,168.15,168.04,168.0,167.31,167.3,167.28,167.19,167.2,167.2,167.22,167.22,0,0.0,12/15/2020 17:00,168.6875,168.6875,169.6875,170.6875,0.0
2020-12-16 13:15:00,167.24,168.19,167.24,168.15,168.04,168.0,167.31,167.3,167.28,167.19,167.2,167.2,167.22,167.22,0,0.0,12/15/2020 17:00,168.6875,168.6875,169.6875,170.6875,0.0
2020-12-16 13:15:00,167.24,168.19,167.24,168.15,168.04,168.0,167.31,167.3,167.28,167.19,167.2,167.2,167.22,167.22,0,0.0,12/15/2020 17:00,168.6875,168.6875,169.6875,170.6875,0.0
2020-12-16 13:15:00,167.24,168.19,167.24,168.15,168.04,168.0,167.31,167.3,167.28,167.19,167.2,167.2,167.22,167.22,0,0.0,12/15/2020 17:00,168.6875,168.6875,169.6875,170.6875,0.0
2020-12-16 18:15:00,168.15,168.22,167.2,168.15,168.31,168.29,168.28,168.26,168.25,167.3,167.31,168.0,168.09,168.12,0,0.0,0,0.0,0.0,0.0,0.0,0.0
2020-12-16 22:15:00,168.14,168.15,168.02,168.04,168.31,168.29,168.28,168.26,168.25,167.3,167.31,168.0,168.09,168.12,0,0.0,0,0.0,0.0,0.0,0.0,0.0
2020-12-17 02:15:00,168.04,168.13,168.04,168.08,168.31,168.29,168.28,168.26,168.25,167.22,167.28,167.3,167.31,168.0,0,0.0,0,0.0,0.0,0.0,0.0,0.0
2020-12-17 06:15:00,168.07,168.13,168.01,168.08,168.29,168.28,168.26,168.25,168.22,167.22,167.28,167.3,167.31,168.0,0,0.0,0,0.0,0.0,0.0,0.0,0.0
2020-12-17 10:15:00,168.07,169.03,168.04,169.01,168.28,168.26,168.25,168.22,168.15,167.22,167.28,167.3,167.31,168.0,0,0.0,12/15/2020 17:00,168.6875,168.6875,169.6875,170.6875,0.0
2020-12-17 10:15:00,168.07,169.03,168.04,169.01,168.28,168.26,168.25,168.22,168.15,167.22,167.28,167.3,167.31,168.0,0,0.0,12/15/2020 17:00,168.6875,168.6875,169.6875,170.6875,0.0
2020-12-17 10:15:00,168.07,169.03,168.04,169.01,168.28,168.26,168.25,168.22,168.15,167.22,167.28,167.3,167.31,168.0,0,0.0,12/15/2020 17:00,168.6875,168.6875,169.6875,170.6875,0.0
2020-12-17 10:15:00,168.07,169.03,168.04,169.01,168.28,168.26,168.25,168.22,168.15,167.22,167.28,167.3,167.31,168.0,0,0.0,12/15/2020 17:00,168.6875,168.6875,169.6875,170.6875,0.0
2020-12-17 10:15:00,168.07,169.03,168.04,169.01,168.28,168.26,168.25,168.22,168.15,167.22,167.28,167.3,167.31,168.0,0,0.0,12/15/2020 17:00,168.6875,168.6875,169.6875,170.6875,0.0
2020-12-17 14:15:00,169.0,169.04,167.23,167.28,169.13,169.1,169.09,169.04,169.02,168.22,168.25,168.26,168.28,168.31,0,0.0,0,0.0,0.0,0.0,0.0,0.0
2020-12-17 19:15:00,167.28,168.03,167.27,168.02,169.02,168.26,168.25,168.22,168.15,167.2,167.2,167.2,167.22,167.22,0,0.0,0,0.0,0.0,0.0,0.0,0.0
2020-12-17 23:15:00,168.01,168.09,168.01,168.06,169.02,168.26,168.25,168.22,168.15,167.2,167.2,167.22,167.22,167.28,0,0.0,0,0.0,0.0,0.0,0.0,0.0
2020-12-18 03:15:00,168.06,168.15,168.05,168.07,169.02,168.26,168.25,168.22,168.15,167.2,167.22,167.22,167.23,167.28,0,0.0,0,0.0,0.0,0.0,0.0,0.0
2020-12-18 07:15:00,168.06,168.06,167.23,167.31,169.02,168.26,168.25,168.22,168.15,167.22,167.22,167.23,167.27,167.28,0,0.0,0,0.0,0.0,0.0,0.0,0.0
2020-12-18 11:15:00,167.31,168.12,167.29,168.01,169.02,168.26,168.25,168.22,168.15,167.22,167.22,167.23,167.27,167.28,0,0.0,0,0.0,0.0,0.0,0.0,0.0
2020-12-18 15:15:00,168.02,168.04,167.16,167.19,168.26,168.25,168.22,168.15,168.15,167.22,167.22,167.23,167.27,167.28,0,0.0,0,0.0,0.0,0.0,0.0,0.0
2020-12-20 20:15:00,167.19,167.3,167.18,167.25,167.27,167.23,167.22,167.2,167.2,167.14,167.15,167.16,167.18,167.18,0,0.0,12/15/2020 17:00,168.6875,168.6875,169.6875,170.6875,0.0
2020-12-20 20:15:00,167.19,167.3,167.18,167.25,167.27,167.23,167.22,167.2,167.2,167.14,167.15,167.16,167.18,167.18,0,0.0,12/15/2020 17:00,168.6875,168.6875,169.6875,170.6875,0.0
2020-12-20 20:15:00,167.19,167.3,167.18,167.25,167.27,167.23,167.22,167.2,167.2,167.14,167.15,167.16,167.18,167.18,0,0.0,12/15/2020 17:00,168.6875,168.6875,169.6875,170.6875,0.0
2020-12-21 00:15:00,167.26,168.07,167.26,168.03,168.22,168.15,168.15,168.12,167.27,167.19,167.2,167.2,167.22,167.23,0,0.0,12/15/2020 17:00,168.6875,168.6875,169.6875,170.6875,0.0
2020-12-21 00:15:00,167.26,168.07,167.26,168.03,168.22,168.15,168.15,168.12,167.27,167.19,167.2,167.2,167.22,167.23,0,0.0,12/15/2020 17:00,168.6875,168.6875,169.6875,170.6875,0.0
2020-12-21 04:15:00,168.04,168.22,168.0,168.16,168.25,168.22,168.15,168.15,168.12,167.2,167.2,167.22,167.23,167.27,0,0.0,12/15/2020 17:00,168.6875,168.6875,169.6875,170.6875,0.0
2020-12-21 04:15:00,168.04,168.22,168.0,168.16,168.25,168.22,168.15,168.15,168.12,167.2,167.2,167.22,167.23,167.27,0,0.0,12/15/2020 17:00,168.6875,168.6875,169.6875,170.6875,0.0
2020-12-21 08:15:00,168.17,169.06,168.11,168.25,169.04,169.02,168.26,168.25,168.22,167.22,167.23,167.27,168.12,168.15,0,0.0,0,0.0,0.0,0.0,0.0,0.0
2020-12-21 12:15:00,168.25,168.29,167.26,167.31,169.09,169.04,169.04,169.02,168.26,167.23,167.26,167.27,168.12,168.15,0,0.0,0,0.0,0.0,0.0,0.0,0.0
2020-12-21 16:15:00,167.31,168.04,167.19,168.04,169.02,168.26,168.25,168.15,168.12,167.2,167.22,167.23,167.26,167.27,0,0.0,0,0.0,0.0,0.0,0.0,0.0
2020-12-21 21:15:00,168.03,168.04,167.29,168.02,169.02,168.26,168.25,168.15,168.12,167.2,167.22,167.23,167.26,167.27,0,0.0,0,0.0,0.0,0.0,0.0,0.0
2020-12-22 01:15:00,168.02,168.11,168.0,168.11,168.29,168.26,168.25,168.15,168.12,167.2,167.22,167.23,167.26,167.27,0,0.0,0,0.0,0.0,0.0,0.0,0.0
2020-12-22 05:15:00,168.1,168.16,168.02,168.06,168.29,168.26,168.25,168.15,168.12,167.2,167.22,167.23,167.26,167.27,0,0.0,0,0.0,0.0,0.0,0.0,0.0
2020-12-22 09:15:00,168.07,168.14,167.28,168.13,168.29,168.26,168.25,168.15,168.12,167.22,167.23,167.26,167.27,167.29,0,0.0,0,0.0,0.0,0.0,0.0,0.0
2020-12-22 13:15:00,168.13,168.17,168.01,168.11,169.02,168.29,168.26,168.25,168.15,167.22,167.23,167.26,167.27,167.29,0,0.0,0,0.0,0.0,0.0,0.0,0.0
2020-12-22 18:15:00,168.11,168.17,168.1,168.15,169.02,168.29,168.26,168.25,168.15,167.22,167.23,167.26,167.27,167.29,0,0.0,0,0.0,0.0,0.0,0.0,0.0
2020-12-22 22:15:00,168.15,168.28,168.14,168.2,169.04,169.02,168.29,168.26,168.25,167.23,167.26,167.27,167.28,167.29,0,0.0,0,0.0,0.0,0.0,0.0,0.0
2020-12-23 02:15:00,168.2,168.25,168.18,168.21,169.04,169.02,168.29,168.26,168.25,167.26,167.27,167.28,167.29,168.01,0,0.0,0,0.0,0.0,0.0,0.0,0.0
2020-12-23 06:15:00,168.21,168.21,168.06,168.09,169.04,169.02,168.29,168.26,168.25,167.27,167.28,167.29,168.01,168.1,0,0.0,0,0.0,0.0,0.0,0.0,0.0
2020-12-23 10:15:00,168.09,168.15,167.02,167.1,168.29,168.28,168.26,168.25,168.1,167.26,167.27,167.28,167.29,168.01,0,0.0,0,0.0,0.0,0.0,0.0,0.0
2020-12-23 14:15:00,167.1,167.19,166.3,167.12,167.18,167.16,167.15,167.14,167.12,166.24,166.25,167.0,167.04,167.07,0,0.0,0,0.0,0.0,0.0,0.0,0.0
2020-12-23 19:15:00,167.13,167.27,167.11,167.18,167.18,167.18,167.16,167.15,167.14,166.25,167.0,167.04,167.07,167.12,0,0.0,12/15/2020 17:00,168.6875,168.6875,169.6875,170.6875,0.0
2020-12-23 19:15:00,167.13,167.27,167.11,167.18,167.18,167.18,167.16,167.15,167.14,166.25,167.0,167.04,167.07,167.12,0,0.0,12/15/2020 17:00,168.6875,168.6875,169.6875,170.6875,0.0
2020-12-23 19:15:00,167.13,167.27,167.11,167.18,167.18,167.18,167.16,167.15,167.14,166.25,167.0,167.04,167.07,167.12,0,0.0,12/15/2020 17:00,168.6875,168.6875,169.6875,170.6875,0.0
2020-12-23 19:15:00,167.13,167.27,167.11,167.18,167.18,167.18,167.16,167.15,167.14,166.25,167.0,167.04,167.07,167.12,0,0.0,12/15/2020 17:00,168.6875,168.6875,169.6875,170.6875,0.0
2020-12-23 23:15:00,167.18,167.24,167.16,167.21,168.01,167.29,167.28,167.26,167.19,167.07,167.12,167.14,167.15,167.16,0,0.0,12/15/2020 17:00,168.6875,168.6875,169.6875,170.6875,0.0
2020-12-23 23:15:00,167.18,167.24,167.16,167.21,168.01,167.29,167.28,167.26,167.19,167.07,167.12,167.14,167.15,167.16,0,0.0,12/15/2020 17:00,168.6875,168.6875,169.6875,170.6875,0.0
2020-12-23 23:15:00,167.18,167.24,167.16,167.21,168.01,167.29,167.28,167.26,167.19,167.07,167.12,167.14,167.15,167.16,0,0.0,12/15/2020 17:00,168.6875,168.6875,169.6875,170.6875,0.0
2020-12-23 23:15:00,167.18,167.24,167.16,167.21,168.01,167.29,167.28,167.26,167.19,167.07,167.12,167.14,167.15,167.16,0,0.0,12/15/2020 17:00,168.6875,168.6875,169.6875,170.6875,0.0
2020-12-24 03:15:00,167.21,167.24,167.19,167.19,168.1,168.01,167.29,167.28,167.26,167.16,167.18,167.18,167.18,167.19,0,0.0,0,0.0,0.0,0.0,0.0,0.0
2020-12-24 07:15:00,167.19,167.28,167.18,167.27,168.01,167.29,167.28,167.27,167.26,167.15,167.16,167.18,167.18,167.18,0,0.0,12/15/2020 17:00,168.6875,168.6875,169.6875,170.6875,0.0
2020-12-24 11:15:00,167.27,168.03,167.26,168.01,168.15,168.1,168.01,167.29,167.28,167.18,167.18,167.18,167.19,167.26,0,0.0,12/15/2020 17:00,168.6875,168.6875,169.6875,170.6875,0.0
2020-12-24 11:15:00,167.27,168.03,167.26,168.01,168.15,168.1,168.01,167.29,167.28,167.18,167.18,167.18,167.19,167.26,0,0.0,12/15/2020 17:00,168.6875,168.6875,169.6875,170.6875,0.0
2020-12-27 20:00:00,168.01,168.12,167.29,167.3,168.25,168.25,168.21,168.15,168.1,167.19,167.26,167.27,167.28,167.29,0,0.0,12/15/2020 17:00,168.6875,168.6875,169.6875,170.6875,0.0
2020-12-28 00:00:00,167.3,167.31,167.21,167.26,168.25,168.21,168.15,168.1,168.01,167.19,167.26,167.27,167.28,167.29,0,0.0,0,0.0,0.0,0.0,0.0,0.0
2020-12-28 04:00:00,167.26,167.28,167.21,167.23,168.21,168.15,168.1,168.01,167.27,167.18,167.18,167.18,167.18,167.19,0,0.0,0,0.0,0.0,0.0,0.0,0.0
2020-12-28 08:00:00,167.23,167.24,167.1,167.11,168.15,168.12,168.1,168.01,167.27,167.18,167.18,167.18,167.18,167.19,0,0.0,0,0.0,0.0,0.0,0.0,0.0
2020-12-28 12:00:00,167.12,167.24,167.09,167.2,168.01,167.31,167.27,167.18,167.16,166.3,167.0,167.04,167.07,167.11,0,0.0,12/15/2020 17:00,168.6875,168.6875,169.6875,170.6875,0.0
2020-12-28 12:00:00,167.12,167.24,167.09,167.2,168.01,167.31,167.27,167.18,167.16,166.3,167.0,167.04,167.07,167.11,0,0.0,12/15/2020 17:00,168.6875,168.6875,169.6875,170.6875,0.0
2020-12-28 16:00:00,167.21,168.09,167.2,168.08,168.1,168.01,167.31,167.28,167.27,167.04,167.07,167.11,167.16,167.18,0,0.0,12/15/2020 17:00,168.6875,168.6875,169.6875,170.6875,0.0
2020-12-28 16:00:00,167.21,168.09,167.2,168.08,168.1,168.01,167.31,167.28,167.27,167.04,167.07,167.11,167.16,167.18,0,0.0,12/15/2020 17:00,168.6875,168.6875,169.6875,170.6875,0.0
2020-12-28 16:00:00,167.21,168.09,167.2,168.08,168.1,168.01,167.31,167.28,167.27,167.04,167.07,167.11,167.16,167.18,0,0.0,12/15/2020 17:00,168.6875,168.6875,169.6875,170.6875,0.0
2020-12-28 21:00:00,168.07,168.12,167.27,167.3,168.25,168.21,168.15,168.12,168.1,167.16,167.18,167.28,167.31,168.01,0,0.0,0,0.0,0.0,0.0,0.0,0.0
2020-12-29 01:00:00,167.3,168.02,167.26,167.3,168.21,168.15,168.12,168.1,167.31,167.09,167.11,167.16,167.18,167.28,0,0.0,0,0.0,0.0,0.0,0.0,0.0
2020-12-29 05:00:00,167.31,167.31,167.23,167.27,168.25,168.21,168.15,168.12,168.1,167.11,167.16,167.18,167.2,167.28,0,0.0,0,0.0,0.0,0.0,0.0,0.0
2020-12-29 09:00:00,167.27,167.29,167.19,167.25,168.12,168.12,168.1,167.31,167.28,167.09,167.11,167.16,167.18,167.2,0,0.0,0,0.0,0.0,0.0,0.0,0.0
2020-12-29 13:00:00,167.25,168.09,167.2,168.04,168.12,168.1,168.02,167.31,167.28,167.09,167.11,167.16,167.18,167.2,0,0.0,12/15/2020 17:00,168.6875,168.6875,169.6875,170.6875,0.0
2020-12-29 17:00:00,168.05,168.08,167.31,168.0,168.21,168.15,168.12,168.12,168.1,167.11,167.16,167.18,167.2,168.02,0,0.0,0,0.0,0.0,0.0,0.0,0.0
2020-12-29 21:00:00,168.0,168.06,167.31,168.02,168.15,168.12,168.12,168.1,168.02,167.11,167.16,167.18,167.19,167.2,0,0.0,0,0.0,0.0,0.0,0.0,0.0
2020-12-30 01:00:00,168.02,168.08,168.0,168.03,168.15,168.12,168.12,168.1,168.09,167.16,167.18,167.19,167.2,167.2,0,0.0,0,0.0,0.0,0.0,0.0,0.0
2020-12-30 05:00:00,168.02,168.03,167.17,167.2,168.15,168.12,168.12,168.1,168.09,167.16,167.18,167.19,167.2,167.2,0,0.0,0,0.0,0.0,0.0,0.0,0.0
2020-12-30 09:00:00,167.21,168.03,167.15,167.28,168.15,168.12,168.12,168.1,168.09,167.16,167.18,167.19,167.2,167.2,0,0.0,0,0.0,0.0,0.0,0.0,0.0
2020-12-30 13:00:00,167.28,168.07,167.26,168.05,168.12,168.12,168.1,168.09,168.08,167.16,167.18,167.19,167.2,167.2,0,0.0,0,0.0,0.0,0.0,0.0,0.0
2020-12-30 17:00:00,168.05,168.11,168.04,168.1,168.12,168.12,168.1,168.09,168.08,167.16,167.18,167.19,167.2,167.2,0,0.0,12/15/2020 17:00,168.6875,168.6875,169.6875,170.6875,0.0
2020-12-30 17:00:00,168.05,168.11,168.04,168.1,168.12,168.12,168.1,168.09,168.08,167.16,167.18,167.19,167.2,167.2,0,0.0,12/15/2020 17:00,168.6875,168.6875,169.6875,170.6875,0.0
2020-12-30 21:00:00,168.1,168.11,168.07,168.08,168.25,168.21,168.15,168.12,168.12,167.19,167.2,167.2,168.08,168.09,0,0.0,0,0.0,0.0,0.0,0.0,0.0
2020-12-31 01:00:00,168.09,168.09,168.04,168.04,168.21,168.15,168.12,168.12,168.1,167.19,167.2,167.2,167.26,168.08,0,0.0,0,0.0,0.0,0.0,0.0,0.0
2020-12-31 05:00:00,168.04,168.12,168.04,168.11,168.12,168.12,168.1,168.09,168.08,167.18,167.19,167.2,167.2,167.26,0,0.0,12/15/2020 17:00,168.6875,168.6875,169.6875,170.6875,0.0
2020-12-31 09:00:00,168.11,168.12,168.0,168.0,168.25,168.21,168.15,168.12,168.12,167.19,167.2,167.2,167.26,168.1,0,0.0,0,0.0,0.0,0.0,0.0,0.0
2020-12-31 13:00:00,168.01,168.22,168.01,168.21,168.25,168.21,168.15,168.12,168.12,167.18,167.19,167.2,167.2,167.26,0,0.0,12/15/2020 17:00,168.6875,168.6875,169.6875,170.6875,0.0
2020-12-31 13:00:00,168.01,168.22,168.01,168.21,168.25,168.21,168.15,168.12,168.12,167.18,167.19,167.2,167.2,167.26,0,0.0,12/15/2020 17:00,168.6875,168.6875,169.6875,170.6875,0.0
2020-12-31 17:00:00,168.21,168.22,168.1,168.13,168.29,168.28,168.26,168.25,168.25,167.2,167.26,168.12,168.12,168.15,0,0.0,12/15/2020 17:00,168.6875,168.6875,169.6875,170.6875,0.0
2021-01-03 21:00:00,168.09,168.09,167.26,167.28,168.25,168.21,168.15,168.12,168.12,167.19,167.2,167.2,167.26,168.0,0,0.0,0,0.0,0.0,0.0,0.0,0.0
2021-01-04 01:00:00,167.28,167.28,167.23,167.27,168.21,168.15,168.12,168.12,168.0,167.18,167.19,167.2,167.2,167.26,0,0.0,0,0.0,0.0,0.0,0.0,0.0
2021-01-04 05:00:00,167.27,168.16,167.25,168.06,168.21,168.15,168.12,168.12,168.0,167.18,167.19,167.2,167.2,167.26,12/31/2020 17:00,168.375,0,0.0,168.375,167.375,166.375,0.0
2021-01-04 09:00:00,168.05,168.12,168.0,168.0,168.22,168.21,168.15,168.12,168.12,167.19,167.2,167.2,167.26,168.0,0,0.0,0,0.0,0.0,0.0,0.0,0.0
2021-01-04 13:00:00,168.01,168.25,167.18,168.2,168.22,168.21,168.15,168.12,168.12,167.2,167.2,167.23,167.26,168.0,0,0.0,0,0.0,0.0,0.0,0.0,0.0
2021-01-04 17:00:00,168.21,168.23,168.08,168.15,168.28,168.26,168.25,168.25,168.22,167.2,167.2,167.23,167.26,168.0,0,0.0,0,0.0,0.0,0.0,0.0,0.0
2021-01-04 21:00:00,168.15,168.15,168.05,168.07,168.26,168.25,168.25,168.22,168.21,167.2,167.2,167.23,167.26,168.0,0,0.0,0,0.0,0.0,0.0,0.0,0.0
2021-01-05 01:00:00,168.07,168.1,168.05,168.08,168.25,168.25,168.25,168.22,168.21,167.2,167.2,167.23,167.26,168.0,0,0.0,0,0.0,0.0,0.0,0.0,0.0
2021-01-05 05:00:00,168.08,168.11,167.27,167.31,168.25,168.25,168.23,168.22,168.21,167.2,167.2,167.23,167.26,168.0,0,0.0,0,0.0,0.0,0.0,0.0,0.0
2021-01-05 09:00:00,167.31,168.05,167.25,168.02,168.25,168.23,168.22,168.21,168.15,167.19,167.2,167.2,167.23,167.26,0,0.0,0,0.0,0.0,0.0,0.0,0.0
2021-01-05 13:00:00,168.03,168.04,167.05,167.1,168.25,168.23,168.22,168.21,168.15,167.19,167.2,167.2,167.23,167.26,0,0.0,0,0.0,0.0,0.0,0.0,0.0
2021-01-05 17:00:00,167.1,167.23,167.07,167.12,167.2,167.19,167.18,167.15,167.11,166.3,167.0,167.04,167.07,167.09,12/31/2020 17:00,168.375,0,0.0,168.375,167.375,166.375,0.0
2021-01-05 21:00:00,167.12,167.24,166.21,166.31,167.2,167.2,167.19,167.18,167.15,167.0,167.04,167.07,167.09,167.11,0,0.0,0,0.0,0.0,0.0,0.0,0.0
2021-01-06 01:00:00,166.3,167.02,166.07,166.09,167.19,167.18,167.15,167.09,167.07,166.19,166.2,166.2,166.24,166.25,0,0.0,0,0.0,0.0,0.0,0.0,0.0
2021-01-06 05:00:00,166.09,166.11,165.2,165.26,166.25,166.24,166.2,166.19,166.18,165.04,165.15,165.2,165.27,166.01,0,0.0,0,0.0,0.0,0.0,0.0,0.0
2021-01-06 09:00:00,165.26,166.11,165.17,165.29,166.19,166.18,166.09,166.01,165.27,164.1,164.3,165.04,165.15,165.2,0,0.0,01/05/2021 17:00,168.375,168.375,169.375,170.375,0.0
2021-01-06 13:00:00,165.29,165.29,164.27,165.02,166.2,166.19,166.18,166.09,166.01,164.3,165.04,165.15,165.2,165.27,0,0.0,0,0.0,0.0,0.0,0.0,0.0
2021-01-06 17:00:00,165.01,165.15,164.3,165.07,166.18,166.09,166.01,165.2,165.04,161.21,162.28,163.3,164.1,164.3,0,0.0,0,0.0,0.0,0.0,0.0,0.0
2021-01-06 21:00:00,165.05,165.13,165.01,165.05,166.18,166.11,166.09,166.01,165.2,161.21,162.28,163.3,164.1,164.3,0,0.0,0,0.0,0.0,0.0,0.0,0.0
2021-01-07 01:00:00,165.04,165.05,164.26,164.31,166.11,166.09,166.01,165.29,165.2,162.28,163.3,164.1,164.27,164.3,0,0.0,0,0.0,0.0,0.0,0.0,0.0
2021-01-07 05:00:00,165.0,165.01,164.16,164.27,166.09,166.01,165.29,165.2,165.15,162.28,163.3,164.1,164.27,164.3,0,0.0,0,0.0,0.0,0.0,0.0,0.0
2021-01-07 09:00:00,164.27,165.11,164.17,164.2,166.01,165.29,165.2,165.15,165.13,161.14,161.21,162.28,163.3,164.1,0,0.0,0,0.0,0.0,0.0,0.0,0.0
2021-01-07 13:00:00,164.2,164.22,164.03,164.14,165.29,165.2,165.15,165.13,164.27,161.14,161.21,162.28,163.3,164.1,0,0.0,0,0.0,0.0,0.0,0.0,0.0
2021-01-07 17:00:00,164.14,164.23,164.1,164.14,165.29,165.2,165.15,165.13,164.27,161.14,161.21,162.28,163.3,164.1,0,0.0,0,0.0,0.0,0.0,0.0,0.0
2021-01-07 21:00:00,164.12,164.18,164.02,164.03,165.2,165.15,165.13,165.11,164.27,161.14,161.21,162.28,163.3,164.1,0,0.0,0,0.0,0.0,0.0,0.0,0.0
2021-01-08 01:00:00,164.04,164.04,163.29,164.0,165.15,165.13,165.11,164.27,164.1,161.05,161.14,161.21,162.28,163.3,0,0.0,0,0.0,0.0,0.0,0.0,0.0
2021-01-08 05:00:00,164.0,164.19,163.31,164.17,165.13,165.11,164.27,164.23,164.1,161.05,161.14,161.21,162.28,163.3,0,0.0,01/07/2021 17:00,165.03125,165.03125,166.03125,167.03125,0.0
2021-01-08 09:00:00,164.17,164.25,163.3,164.23,165.15,165.13,165.11,164.27,164.23,161.14,161.21,162.28,163.3,164.1,0,0.0,0,0.0,0.0,0.0,0.0,0.0
2021-01-08 13:00:00,164.24,164.27,163.19,163.29,165.2,165.15,165.13,165.11,164.27,162.28,163.29,163.3,164.1,164.23,0,0.0,0,0.0,0.0,0.0,0.0,0.0
2021-01-08 17:00:00,163.29,164.16,163.26,163.3,165.13,165.11,164.27,164.23,163.3,160.3,161.05,161.14,161.21,162.28,0,0.0,0,0.0,0.0,0.0,0.0,0.0
2021-01-10 21:00:00,163.29,164.0,163.16,163.27,165.13,165.11,164.27,164.23,163.3,160.3,161.05,161.14,161.21,162.28,0,0.0,0,0.0,0.0,0.0,0.0,0.0
2021-01-11 01:00:00,163.28,164.05,163.27,164.03,164.27,164.27,164.23,163.3,163.29,160.3,161.05,161.14,161.21,162.28,0,0.0,01/07/2021 17:00,165.03125,165.03125,166.03125,167.03125,0.0
2021-01-11 01:00:00,163.28,164.05,163.27,164.03,164.27,164.27,164.23,163.3,163.29,160.3,161.05,161.14,161.21,162.28,0,0.0,01/07/2021 17:00,165.03125,165.03125,166.03125,167.03125,0.0
2021-01-11 05:00:00,164.03,164.12,164.0,164.07,165.11,164.27,164.27,164.23,164.16,161.14,161.21,162.28,163.29,163.3,0,0.0,0,0.0,0.0,0.0,0.0,0.0
2021-01-11 09:00:00,164.07,164.13,163.26,164.07,165.11,164.27,164.27,164.23,164.16,161.21,162.28,163.16,163.29,163.3,0,0.0,0,0.0,0.0,0.0,0.0,0.0
2021-01-11 13:00:00,164.08,164.1,163.17,163.21,165.11,164.27,164.27,164.23,164.16,161.21,162.28,163.16,163.29,163.3,0,0.0,0,0.0,0.0,0.0,0.0,0.0
2021-01-11 17:00:00,163.21,163.27,163.15,163.16,165.11,164.27,164.27,164.23,164.16,161.05,161.14,161.21,162.28,163.16,0,0.0,0,0.0,0.0,0.0,0.0,0.0
2021-01-11 21:00:00,163.16,163.21,163.09,163.17,164.27,164.27,164.23,164.16,164.13,160.3,161.05,161.14,161.21,162.28,0,0.0,0,0.0,0.0,0.0,0.0,0.0
2021-01-12 01:00:00,163.16,163.19,163.12,163.18,164.27,164.23,164.16,164.13,164.1,160.3,161.05,161.14,161.21,162.28,0,0.0,0,0.0,0.0,0.0,0.0,0.0
2021-01-12 05:00:00,163.18,163.19,163.1,163.14,164.23,164.16,164.13,164.1,163.27,161.05,161.14,161.21,162.28,163.16,0,0.0,0,0.0,0.0,0.0,0.0,0.0
2021-01-12 09:00:00,163.14,163.14,162.31,163.1,164.13,164.1,163.27,163.21,163.16,161.05,161.14,161.21,162.28,163.09,0,0.0,0,0.0,0.0,0.0,0.0,0.0
2021-01-12 13:00:00,163.1,163.14,162.25,163.0,164.13,164.1,163.27,163.21,163.16,161.05,161.14,161.21,162.28,163.09,0,0.0,0,0.0,0.0,0.0,0.0,0.0
2021-01-12 17:00:00,163.01,163.26,163.01,163.25,163.27,163.21,163.19,163.16,163.09,160.3,161.05,161.14,161.21,162.28,0,0.0,01/11/2021 17:00,163.875,163.875,164.875,165.875,0.0
2021-01-12 17:00:00,163.01,163.26,163.01,163.25,163.27,163.21,163.19,163.16,163.09,160.3,161.05,161.14,161.21,162.28,0,0.0,01/11/2021 17:00,163.875,163.875,164.875,165.875,0.0
2021-01-12 17:00:00,163.01,163.26,163.01,163.25,163.27,163.21,163.19,163.16,163.09,160.3,161.05,161.14,161.21,162.28,0,0.0,01/11/2021 17:00,163.875,163.875,164.875,165.875,0.0
2021-01-12 17:00:00,163.01,163.26,163.01,163.25,163.27,163.21,163.19,163.16,163.09,160.3,161.05,161.14,161.21,162.28,0,0.0,01/11/2021 17:00,163.875,163.875,164.875,165.875,0.0
2021-01-12 21:00:00,163.25,164.1,163.24,164.07,164.23,164.16,164.13,164.1,163.27,162.28,163.09,163.16,163.19,163.21,0,0.0,01/11/2021 17:00,163.875,163.875,164.875,165.875,0.0
2021-01-13 01:00:00,164.06,164.09,163.26,163.31,164.27,164.23,164.16,164.13,164.1,163.09,163.16,163.19,163.21,163.27,0,0.0,0,0.0,0.0,0.0,0.0,0.0
2021-01-13 05:00:00,163.31,164.07,163.27,163.27,164.27,164.23,164.16,164.13,164.1,163.09,163.16,163.19,163.21,163.27,0,0.0,0,0.0,0.0,0.0,0.0,0.0
2021-01-13 09:00:00,163.27,164.02,163.22,164.02,164.23,164.16,164.13,164.1,164.1,163.09,163.16,163.19,163.21,163.24,0,0.0,0,0.0,0.0,0.0,0.0,0.0
2021-01-13 13:00:00,164.02,164.22,163.3,164.19,164.16,164.13,164.1,164.1,164.09,163.16,163.19,163.21,163.24,163.27,0,0.0,01/11/2021 17:00,163.875,163.875,164.875,165.875,0.0
2021-01-13 13:00:00,164.02,164.22,163.3,164.19,164.16,164.13,164.1,164.1,164.09,163.16,163.19,163.21,163.24,163.27,0,0.0,01/11/2021 17:00,163.875,163.875,164.875,165.875,0.0
2021-01-13 13:00:00,164.02,164.22,163.3,164.19,164.16,164.13,164.1,164.1,164.09,163.16,163.19,163.21,163.24,163.27,0,0.0,01/11/2021 17:00,163.875,163.875,164.875,165.875,0.0
2021-01-13 13:00:00,164.02,164.22,163.3,164.19,164.16,164.13,164.1,164.1,164.09,163.16,163.19,163.21,163.24,163.27,0,0.0,01/11/2021 17:00,163.875,163.875,164.875,165.875,0.0
2021-01-13 17:00:00,164.19,165.04,164.18,164.27,165.13,165.11,164.27,164.27,164.23,164.09,164.1,164.1,164.13,164.16,0,0.0,01/11/2021 17:00,163.875,163.875,164.875,165.875,0.0
2021-01-13 17:00:00,164.19,165.04,164.18,164.27,165.13,165.11,164.27,164.27,164.23,164.09,164.1,164.1,164.13,164.16,0,0.0,01/11/2021 17:00,163.875,163.875,164.875,165.875,0.0
2021-01-13 21:00:00,164.27,165.0,164.24,165.0,165.29,165.2,165.15,165.13,165.11,164.1,164.1,164.13,164.16,164.23,0,0.0,01/11/2021 17:00,163.875,163.875,164.875,165.875,0.0
2021-01-13 21:00:00,164.27,165.0,164.24,165.0,165.29,165.2,165.15,165.13,165.11,164.1,164.1,164.13,164.16,164.23,0,0.0,01/11/2021 17:00,163.875,163.875,164.875,165.875,0.0
2021-01-14 01:00:00,165.0,165.02,164.04,164.06,165.29,165.2,165.15,165.13,165.11,164.13,164.16,164.23,164.27,164.27,0,0.0,0,0.0,0.0,0.0,0.0,0.0
2021-01-14 05:00:00,164.06,164.17,164.04,164.13,164.16,164.13,164.1,164.1,164.09,163.21,163.22,163.24,163.27,163.3,0,0.0,0,0.0,0.0,0.0,0.0,0.0
2021-01-14 09:00:00,164.13,164.23,164.05,164.22,165.11,165.04,164.27,164.23,164.16,163.21,163.22,163.24,163.27,163.3,0,0.0,0,0.0,0.0,0.0,0.0,0.0
2021-01-14 13:00:00,164.21,164.23,164.07,164.17,165.11,165.04,165.02,164.27,164.23,163.21,163.22,163.24,163.27,163.3,0,0.0,0,0.0,0.0,0.0,0.0,0.0
2021-01-14 17:00:00,164.16,164.17,163.15,163.22,165.11,165.04,165.02,164.27,164.23,163.22,163.24,163.27,163.3,164.04,0,0.0,0,0.0,0.0,0.0,0.0,0.0
2021-01-14 21:00:00,163.18,164.1,163.17,164.04,163.27,163.24,163.22,163.21,163.19,162.25,162.28,163.01,163.09,163.16,0,0.0,01/11/2021 17:00,163.875,163.875,164.875,165.875,0.0
2021-01-14 21:00:00,163.18,164.1,163.17,164.04,163.27,163.24,163.22,163.21,163.19,162.25,162.28,163.01,163.09,163.16,0,0.0,01/11/2021 17:00,163.875,163.875,164.875,165.875,0.0
2021-01-15 01:00:00,164.04,164.15,164.0,164.12,165.04,165.02,164.27,164.23,164.23,163.19,163.21,163.22,163.24,163.3,0,0.0,01/11/2021 17:00,163.875,163.875,164.875,165.875,0.0
2021-01-15 05:00:00,164.12,164.14,164.03,164.04,165.02,164.27,164.23,164.23,164.17,163.21,163.22,163.24,163.3,164.04,0,0.0,0,0.0,0.0,0.0,0.0,0.0
2021-01-15 09:00:00,164.04,164.18,164.0,164.09,165.02,164.27,164.23,164.23,164.17,163.19,163.21,163.22,163.24,163.3,0,0.0,0,0.0,0.0,0.0,0.0,0.0
2021-01-15 13:00:00,164.09,164.19,163.29,164.17,165.02,164.27,164.23,164.23,164.17,163.21,163.22,163.24,163.3,164.04,0,0.0,0,0.0,0.0,0.0,0.0,0.0
2021-01-15 17:00:00,164.17,164.19,164.06,164.18,165.04,165.02,164.27,164.23,164.23,163.21,163.22,163.24,163.3,164.04,0,0.0,01/11/2021 17:00,163.875,163.875,164.875,165.875,0.0
2021-01-17 21:00:00,164.15,164.2,164.1,164.16,165.02,164.27,164.23,164.23,164.17,163.21,163.22,163.24,163.3,164.04,0,0.0,0,0.0,0.0,0.0,0.0,0.0
2021-01-18 01:00:00,164.15,164.19,164.14,164.17,165.02,164.27,164.23,164.23,164.17,163.22,163.24,163.29,163.3,164.04,0,0.0,0,0.0,0.0,0.0,0.0,0.0
2021-01-18 05:00:00,164.17,164.22,164.14,164.14,165.04,165.02,164.27,164.23,164.23,163.24,163.29,163.3,164.04,164.06,0,0.0,0,0.0,0.0,0.0,0.0,0.0
2021-01-18 09:00:00,164.14,164.14,164.05,164.06,165.02,164.27,164.23,164.23,164.17,163.29,163.3,164.04,164.06,164.1,0,0.0,0,0.0,0.0,0.0,0.0,0.0
2021-01-18 13:00:00,164.06,164.14,164.04,164.12,164.27,164.23,164.23,164.17,164.1,163.22,163.24,163.29,163.3,164.04,0,0.0,01/11/2021 17:00,163.875,163.875,164.875,165.875,0.0
2021-01-18 21:00:00,164.12,164.14,163.3,164.03,164.27,164.23,164.23,164.22,164.17,163.29,163.3,164.04,164.06,164.1,0,0.0,0,0.0,0.0,0.0,0.0,0.0
2021-01-19 01:00:00,164.02,164.03,163.24,164.02,164.23,164.23,164.22,164.17,164.06,163.21,163.22,163.24,163.29,163.3,0,0.0,0,0.0,0.0,0.0,0.0,0.0
2021-01-19 05:00:00,164.02,164.04,163.27,164.03,164.23,164.23,164.22,164.17,164.06,163.21,163.22,163.24,163.29,163.3,0,0.0,0,0.0,0.0,0.0,0.0,0.0
2021-01-19 09:00:00,164.02,164.07,163.26,164.01,164.23,164.22,164.17,164.14,164.06,163.21,163.22,163.24,163.29,163.3,0,0.0,0,0.0,0.0,0.0,0.0,0.0
2021-01-19 13:00:00,164.01,164.18,163.28,164.08,164.23,164.22,164.17,164.14,164.06,163.22,163.24,163.24,163.29,163.3,0,0.0,01/11/2021 17:00,163.875,163.875,164.875,165.875,0.0
2021-01-19 17:00:00,164.08,164.16,164.07,164.14,164.23,164.23,164.22,164.17,164.14,163.24,163.24,163.29,163.3,164.06,0,0.0,0,0.0,0.0,0.0,0.0,0.0
2021-01-19 21:00:00,164.14,164.16,164.06,164.13,164.27,164.23,164.23,164.22,164.17,163.24,163.26,163.29,163.3,164.06,0,0.0,0,0.0,0.0,0.0,0.0,0.0
2021-01-20 01:00:00,164.13,164.14,164.08,164.13,164.23,164.22,164.18,164.17,164.14,163.26,163.28,163.29,163.3,164.06,0,0.0,0,0.0,0.0,0.0,0.0,0.0
2021-01-20 05:00:00,164.14,164.15,164.08,164.1,164.23,164.23,164.22,164.18,164.17,163.26,163.28,163.29,163.3,164.06,0,0.0,0,0.0,0.0,0.0,0.0,0.0
2021-01-20 09:00:00,164.1,164.11,164.03,164.08,164.22,164.18,164.17,164.16,164.14,163.28,163.29,163.3,164.06,164.06,0,0.0,0,0.0,0.0,0.0,0.0,0.0
2021-01-20 13:00:00,164.08,164.14,164.03,164.13,164.22,164.18,164.17,164.16,164.14,163.28,163.29,163.3,164.06,164.06,0,0.0,0,0.0,0.0,0.0,0.0,0.0
2021-01-20 17:00:00,164.13,164.26,164.06,164.2,164.18,164.17,164.16,164.15,164.14,163.28,163.29,163.3,164.06,164.06,0,0.0,01/11/2021 17:00,163.875,163.875,164.875,165.875,0.0
2021-01-20 17:00:00,164.13,164.26,164.06,164.2,164.18,164.17,164.16,164.15,164.14,163.28,163.29,163.3,164.06,164.06,0,0.0,01/11/2021 17:00,163.875,163.875,164.875,165.875,0.0
2021-01-20 17:00:00,164.13,164.26,164.06,164.2,164.18,164.17,164.16,164.15,164.14,163.28,163.29,163.3,164.06,164.06,0,0.0,01/11/2021 17:00,163.875,163.875,164.875,165.875,0.0
2021-01-20 17:00:00,164.13,164.26,164.06,164.2,164.18,164.17,164.16,164.15,164.14,163.28,163.29,163.3,164.06,164.06,0,0.0,01/11/2021 17:00,163.875,163.875,164.875,165.875,0.0
2021-01-20 21:00:00,164.19,164.19,164.14,164.17,165.02,164.27,164.23,164.23,164.22,164.06,164.14,164.15,164.16,164.18,0,0.0,0,0.0,0.0,0.0,0.0,0.0
2021-01-21 01:00:00,164.18,164.23,164.16,164.23,165.02,164.27,164.23,164.23,164.22,164.06,164.06,164.14,164.15,164.16,0,0.0,01/11/2021 17:00,163.875,163.875,164.875,165.875,0.0
2021-01-21 05:00:00,164.22,164.25,164.18,164.21,165.02,164.27,164.26,164.23,164.23,164.06,164.06,164.14,164.15,164.16,0,0.0,0,0.0,0.0,0.0,0.0,0.0
2021-01-21 09:00:00,164.2,164.21,163.21,163.27,164.27,164.26,164.23,164.23,164.22,164.06,164.14,164.14,164.15,164.16,0,0.0,0,0.0,0.0,0.0,0.0,0.0
2021-01-21 13:00:00,163.27,164.06,163.2,164.01,164.06,164.06,164.03,163.29,163.28,163.21,163.22,163.24,163.24,163.26,0,0.0,01/11/2021 17:00,163.875,163.875,164.875,165.875,0.0
2021-01-21 13:00:00,163.27,164.06,163.2,164.01,164.06,164.06,164.03,163.29,163.28,163.21,163.22,163.24,163.24,163.26,0,0.0,01/11/2021 17:00,163.875,163.875,164.875,165.875,0.0
2021-01-21 17:00:00,164.01,164.03,163.25,163.28,164.14,164.14,164.06,164.06,164.03,163.24,163.24,163.26,163.28,163.29,0,0.0,0,0.0,0.0,0.0,0.0,0.0
2021-01-21 21:00:00,163.27,163.28,163.21,163.24,164.14,164.06,164.06,164.03,163.28,163.21,163.22,163.24,163.24,163.26,0,0.0,0,0.0,0.0,0.0,0.0,0.0
2021-01-22 01:00:00,163.24,163.31,163.24,163.28,164.06,164.06,164.06,164.03,163.26,163.17,163.19,163.2,163.21,163.22,0,0.0,01/11/2021 17:00,163.875,163.875,164.875,165.875,0.0
2021-01-22 05:00:00,163.28,164.12,163.27,164.06,164.06,164.06,164.06,164.03,164.03,163.21,163.22,163.24,163.24,163.26,0,0.0,01/11/2021 17:00,163.875,163.875,164.875,165.875,0.0
2021-01-22 05:00:00,163.28,164.12,163.27,164.06,164.06,164.06,164.06,164.03,164.03,163.21,163.22,163.24,163.24,163.26,0,0.0,01/11/2021 17:00,163.875,163.875,164.875,165.875,0.0
2021-01-22 09:00:00,164.05,164.19,164.03,164.13,164.14,164.14,164.06,164.06,164.06,163.24,163.24,163.26,164.03,164.03,0,0.0,01/11/2021 17:00,163.875,163.875,164.875,165.875,0.0
2021-01-22 09:00:00,164.05,164.19,164.03,164.13,164.14,164.14,164.06,164.06,164.06,163.24,163.24,163.26,164.03,164.03,0,0.0,01/11/2021 17:00,163.875,163.875,164.875,165.875,0.0
2021-01-22 13:00:00,164.13,164.15,164.0,164.1,164.21,164.16,164.15,164.14,164.14,164.03,164.03,164.06,164.06,164.06,0,0.0,01/11/2021 17:00,163.875,163.875,164.875,165.875,0.0
2021-01-22 17:00:00,164.1,164.15,164.07,164.14,164.21,164.16,164.15,164.14,164.14,164.03,164.03,164.06,164.06,164.06,0,0.0,0,0.0,0.0,0.0,0.0,0.0
2021-01-24 21:00:00,164.13,164.13,164.05,164.09,164.19,164.16,164.15,164.14,164.14,164.03,164.03,164.06,164.06,164.06,0,0.0,0,0.0,0.0,0.0,0.0,0.0
2021-01-25 01:00:00,164.09,164.09,164.03,164.06,164.19,164.16,164.15,164.14,164.14,164.03,164.03,164.06,164.06,164.06,0,0.0,0,0.0,0.0,0.0,0.0,0.0
2021-01-25 05:00:00,164.06,164.2,164.01,164.19,164.16,164.15,164.15,164.14,164.14,163.26,163.27,164.0,164.03,164.03,0,0.0,01/11/2021 17:00,163.875,163.875,164.875,165.875,0.0
2021-01-25 05:00:00,164.06,164.2,164.01,164.19,164.16,164.15,164.15,164.14,164.14,163.26,163.27,164.0,164.03,164.03,0,0.0,01/11/2021 17:00,163.875,163.875,164.875,165.875,0.0
2021-01-25 09:00:00,164.18,165.01,164.17,164.29,164.23,164.23,164.22,164.21,164.19,164.06,164.06,164.06,164.14,164.15,0,0.0,01/11/2021 17:00,163.875,163.875,164.875,165.875,0.0
2021-01-25 09:00:00,164.18,165.01,164.17,164.29,164.23,164.23,164.22,164.21,164.19,164.06,164.06,164.06,164.14,164.15,0,0.0,01/11/2021 17:00,163.875,163.875,164.875,165.875,0.0
2021-01-25 09:00:00,164.18,165.01,164.17,164.29,164.23,164.23,164.22,164.21,164.19,164.06,164.06,164.06,164.14,164.15,0,0.0,01/11/2021 17:00,163.875,163.875,164.875,165.875,0.0
2021-01-25 09:00:00,164.18,165.01,164.17,164.29,164.23,164.23,164.22,164.21,164.19,164.06,164.06,164.06,164.14,164.15,0,0.0,01/11/2021 17:00,163.875,163.875,164.875,165.875,0.0
2021-01-25 09:00:00,164.18,165.01,164.17,164.29,164.23,164.23,164.22,164.21,164.19,164.06,164.06,164.06,164.14,164.15,0,0.0,01/11/2021 17:00,163.875,163.875,164.875,165.875,0.0
2021-01-25 13:00:00,164.29,165.17,164.26,165.11,165.15,165.13,165.11,165.04,165.02,164.19,164.21,164.23,164.25,164.26,0,0.0,01/11/2021 17:00,163.875,163.875,164.875,165.875,0.0
2021-01-25 13:00:00,164.29,165.17,164.26,165.11,165.15,165.13,165.11,165.04,165.02,164.19,164.21,164.23,164.25,164.26,0,0.0,01/11/2021 17:00,163.875,163.875,164.875,165.875,0.0
2021-01-25 17:00:00,165.11,165.2,165.07,165.18,166.01,165.29,165.2,165.15,165.13,164.23,164.25,164.26,165.02,165.04,0,0.0,01/11/2021 17:00,163.875,163.875,164.875,165.875,0.0
2021-01-25 17:00:00,165.11,165.2,165.07,165.18,166.01,165.29,165.2,165.15,165.13,164.23,164.25,164.26,165.02,165.04,0,0.0,01/11/2021 17:00,163.875,163.875,164.875,165.875,0.0
2021-01-25 17:00:00,165.11,165.2,165.07,165.18,166.01,165.29,165.2,165.15,165.13,164.23,164.25,164.26,165.02,165.04,0,0.0,01/11/2021 17:00,163.875,163.875,164.875,165.875,0.0
2021-01-25 21:00:00,165.18,165.18,165.09,165.1,166.11,166.09,166.01,165.29,165.2,165.02,165.04,165.11,165.13,165.15,0,0.0,0,0.0,0.0,0.0,0.0,0.0
2021-01-26 01:00:00,165.11,165.2,165.1,165.19,166.01,165.29,165.2,165.15,165.13,164.25,164.26,164.26,165.02,165.04,0,0.0,0,0.0,0.0,0.0,0.0,0.0
2021-01-26 05:00:00,165.19,165.23,165.05,165.07,166.11,166.09,166.01,165.29,165.2,164.26,164.26,165.02,165.04,165.07,0,0.0,0,0.0,0.0,0.0,0.0,0.0
2021-01-26 09:00:00,165.07,165.15,165.03,165.1,166.11,166.09,166.01,165.29,165.2,164.25,164.26,164.26,165.02,165.04,0,0.0,0,0.0,0.0,0.0,0.0,0.0
2021-01-26 13:00:00,165.09,165.18,165.04,165.09,166.11,166.09,166.01,165.29,165.2,164.26,164.26,165.02,165.04,165.07,0,0.0,0,0.0,0.0,0.0,0.0,0.0
2021-01-26 17:00:00,165.09,165.17,165.06,165.15,166.09,166.01,165.29,165.23,165.2,164.26,164.26,165.02,165.04,165.07,0,0.0,0,0.0,0.0,0.0,0.0,0.0
2021-01-26 21:00:00,165.15,165.15,165.06,165.11,166.09,166.01,165.29,165.23,165.2,164.26,165.02,165.03,165.04,165.07,0,0.0,0,0.0,0.0,0.0,0.0,0.0
2021-01-27 01:00:00,165.11,165.15,165.1,165.14,166.01,165.29,165.23,165.2,165.18,165.02,165.03,165.04,165.04,165.07,0,0.0,0,0.0,0.0,0.0,0.0,0.0
2021-01-27 05:00:00,165.14,165.16,165.06,165.07,165.29,165.23,165.2,165.18,165.17,165.02,165.03,165.04,165.04,165.07,0,0.0,0,0.0,0.0,0.0,0.0,0.0
2021-01-27 09:00:00,165.07,165.3,165.02,165.28,165.29,165.23,165.2,165.18,165.17,164.26,165.02,165.03,165.04,165.04,01/25/2021 17:00,164.84375,0,0.0,164.84375,163.84375,162.84375,0.0
2021-01-27 09:00:00,165.07,165.3,165.02,165.28,165.29,165.23,165.2,165.18,165.17,164.26,165.02,165.03,165.04,165.04,01/25/2021 17:00,164.84375,0,0.0,164.84375,163.84375,162.84375,0.0
2021-01-27 09:00:00,165.07,165.3,165.02,165.28,165.29,165.23,165.2,165.18,165.17,164.26,165.02,165.03,165.04,165.04,01/25/2021 17:00,164.84375,0,0.0,164.84375,163.84375,162.84375,0.0
2021-01-27 09:00:00,165.07,165.3,165.02,165.28,165.29,165.23,165.2,165.18,165.17,164.26,165.02,165.03,165.04,165.04,01/25/2021 17:00,164.84375,0,0.0,164.84375,163.84375,162.84375,0.0
2021-01-27 13:00:00,165.28,166.07,165.21,165.24,166.18,166.11,166.09,166.01,165.29,165.07,165.17,165.18,165.2,165.23,0,0.0,0,0.0,0.0,0.0,0.0,0.0
2021-01-27 17:00:00,165.24,166.03,165.19,165.29,166.18,166.11,166.09,166.01,165.29,165.07,165.17,165.18,165.2,165.23,0,0.0,0,0.0,0.0,0.0,0.0,0.0
2021-01-27 21:00:00,165.27,165.31,165.19,165.22,166.18,166.11,166.09,166.01,165.29,165.07,165.17,165.18,165.2,165.23,0,0.0,0,0.0,0.0,0.0,0.0,0.0
2021-01-28 01:00:00,165.22,166.09,165.21,166.06,166.09,166.07,166.01,165.29,165.23,165.04,165.07,165.17,165.18,165.2,01/27/2021 17:00,165.40625,0,0.0,165.40625,164.40625,163.40625,0.0
2021-01-28 01:00:00,165.22,166.09,165.21,166.06,166.09,166.07,166.01,165.29,165.23,165.04,165.07,165.17,165.18,165.2,01/27/2021 17:00,165.40625,0,0.0,165.40625,164.40625,163.40625,0.0
2021-01-28 05:00:00,166.06,166.11,165.31,166.02,166.19,166.18,166.11,166.09,166.07,165.17,165.18,165.2,165.29,166.01,0,0.0,0,0.0,0.0,0.0,0.0,0.0
2021-01-28 09:00:00,166.03,166.07,165.17,165.17,166.19,166.18,166.11,166.09,166.07,165.18,165.19,165.2,165.29,166.01,0,0.0,0,0.0,0.0,0.0,0.0,0.0
2021-01-28 13:00:00,165.18,165.18,164.28,164.3,166.11,166.09,166.07,165.29,165.19,165.03,165.04,165.04,165.07,165.17,0,0.0,0,0.0,0.0,0.0,0.0,0.0
2021-01-28 17:00:00,164.3,165.06,164.2,165.05,165.04,165.04,165.03,165.02,165.02,164.21,164.23,164.25,164.26,164.26,01/27/2021 17:00,165.40625,0,0.0,165.40625,164.40625,163.40625,0.0
2021-01-28 17:00:00,164.3,165.06,164.2,165.05,165.04,165.04,165.03,165.02,165.02,164.21,164.23,164.25,164.26,164.26,01/27/2021 17:00,165.40625,0,0.0,165.40625,164.40625,163.40625,0.0
2021-01-28 17:00:00,164.3,165.06,164.2,165.05,165.04,165.04,165.03,165.02,165.02,164.21,164.23,164.25,164.26,164.26,01/27/2021 17:00,165.40625,0,0.0,165.40625,164.40625,163.40625,0.0
2021-01-28 21:00:00,165.05,165.07,164.27,164.31,165.29,165.19,165.18,165.17,165.07,164.26,164.26,165.02,165.03,165.04,0,0.0,0,0.0,0.0,0.0,0.0,0.0
2021-01-29 01:00:00,164.31,165.09,164.3,165.09,165.19,165.18,165.18,165.17,165.07,164.21,164.23,164.25,164.26,164.26,0,0.0,01/28/2021 17:00,165.40625,165.40625,166.40625,167.40625,0.0
2021-01-29 05:00:00,165.09,165.11,164.16,164.2,165.29,165.19,165.18,165.18,165.17,164.23,164.25,164.26,164.26,165.07,0,0.0,0,0.0,0.0,0.0,0.0,0.0
2021-01-29 09:00:00,164.21,164.27,163.28,164.03,165.17,164.26,164.26,164.25,164.23,164.14,164.15,164.17,164.19,164.2,0,0.0,0,0.0,0.0,0.0,0.0,0.0
2021-01-29 13:00:00,164.03,164.24,163.27,164.19,164.2,164.19,164.17,164.15,164.06,163.24,163.26,163.27,164.0,164.01,0,0.0,01/28/2021 17:00,165.40625,165.40625,166.40625,167.40625,0.0
2021-01-29 17:00:00,164.2,164.23,163.29,164.21,164.26,164.26,164.25,164.23,164.21,164.01,164.03,164.03,164.17,164.19,0,0.0,01/28/2021 17:00,165.40625,165.40625,166.40625,167.40625,0.0
2021-01-31 21:00:00,164.22,164.26,164.12,164.13,164.27,164.26,164.26,164.25,164.23,164.03,164.03,164.17,164.2,164.21,0,0.0,0,0.0,0.0,0.0,0.0,0.0
2021-02-01 01:00:00,164.14,164.14,164.07,164.1,164.26,164.26,164.25,164.23,164.21,163.27,164.0,164.01,164.03,164.03,0,0.0,0,0.0,0.0,0.0,0.0,0.0
2021-02-01 05:00:00,164.1,164.15,164.04,164.09,164.26,164.26,164.25,164.23,164.21,163.29,164.0,164.01,164.03,164.03,0,0.0,0,0.0,0.0,0.0,0.0,0.0
2021-02-01 09:00:00,164.09,164.21,164.08,164.12,164.26,164.26,164.25,164.23,164.21,163.29,164.0,164.01,164.03,164.03,0,0.0,0,0.0,0.0,0.0,0.0,0.0
2021-02-01 13:00:00,164.13,164.25,164.07,164.22,164.26,164.26,164.25,164.23,164.21,163.29,164.0,164.01,164.03,164.03,0,0.0,0,0.0,0.0,0.0,0.0,0.0
2021-02-01 17:00:00,164.21,164.25,164.08,164.1,164.26,164.26,164.26,164.25,164.23,164.0,164.01,164.03,164.03,164.04,0,0.0,0,0.0,0.0,0.0,0.0,0.0
2021-02-01 21:00:00,164.09,164.15,164.04,164.07,164.26,164.26,164.26,164.25,164.23,164.0,164.01,164.03,164.03,164.04,0,0.0,0,0.0,0.0,0.0,0.0,0.0
2021-02-02 01:00:00,164.07,164.13,164.03,164.05,164.26,164.26,164.26,164.25,164.23,164.0,164.01,164.03,164.03,164.04,0,0.0,0,0.0,0.0,0.0,0.0,0.0
2021-02-02 05:00:00,164.05,164.09,163.24,163.27,164.26,164.26,164.25,164.25,164.23,164.0,164.01,164.03,164.03,164.04,0,0.0,0,0.0,0.0,0.0,0.0,0.0
2021-02-02 09:00:00,163.27,163.28,163.16,163.19,164.04,164.03,164.01,164.0,163.29,163.22,163.24,163.24,163.24,163.26,0,0.0,0,0.0,0.0,0.0,0.0,0.0
2021-02-02 13:00:00,163.19,164.0,163.18,163.27,163.24,163.22,163.21,163.21,163.2,163.01,163.09,163.15,163.16,163.17,0,0.0,01/29/2021 17:00,164.84375,164.84375,165.84375,166.84375,0.0
2021-02-02 13:00:00,163.19,164.0,163.18,163.27,163.24,163.22,163.21,163.21,163.2,163.01,163.09,163.15,163.16,163.17,0,0.0,01/29/2021 17:00,164.84375,164.84375,165.84375,166.84375,0.0
2021-02-02 13:00:00,163.19,164.0,163.18,163.27,163.24,163.22,163.21,163.21,163.2,163.01,163.09,163.15,163.16,163.17,0,0.0,01/29/2021 17:00,164.84375,164.84375,165.84375,166.84375,0.0
2021-02-02 13:00:00,163.19,164.0,163.18,163.27,163.24,163.22,163.21,163.21,163.2,163.01,163.09,163.15,163.16,163.17,0,0.0,01/29/2021 17:00,164.84375,164.84375,165.84375,166.84375,0.0
2021-02-02 17:00:00,163.27,164.04,163.25,164.0,164.04,164.03,164.01,164.0,163.29,163.2,163.21,163.22,163.24,163.24,0,0.0,01/29/2021 17:00,164.84375,164.84375,165.84375,166.84375,0.0
2021-02-02 17:00:00,163.27,164.04,163.25,164.0,164.04,164.03,164.01,164.0,163.29,163.2,163.21,163.22,163.24,163.24,0,0.0,01/29/2021 17:00,164.84375,164.84375,165.84375,166.84375,0.0
2021-02-02 17:00:00,163.27,164.04,163.25,164.0,164.04,164.03,164.01,164.0,163.29,163.2,163.21,163.22,163.24,163.24,0,0.0,01/29/2021 17:00,164.84375,164.84375,165.84375,166.84375,0.0
2021-02-02 21:00:00,164.0,164.02,163.2,163.25,164.13,164.09,164.04,164.03,164.01,163.24,163.24,163.27,163.27,163.29,0,0.0,0,0.0,0.0,0.0,0.0,0.0
2021-02-03 01:00:00,163.25,163.27,163.23,163.26,164.09,164.04,164.03,164.01,164.0,163.2,163.21,163.22,163.24,163.24,0,0.0,0,0.0,0.0,0.0,0.0,0.0
2021-02-03 05:00:00,163.26,163.28,163.18,163.2,164.04,164.04,164.03,164.01,164.0,163.2,163.21,163.22,163.24,163.24,0,0.0,0,0.0,0.0,0.0,0.0,0.0
2021-02-03 09:00:00,163.19,163.22,163.1,163.13,164.03,164.02,164.01,164.0,163.2,163.15,163.16,163.16,163.17,163.18,0,0.0,0,0.0,0.0,0.0,0.0,0.0
2021-02-03 13:00:00,163.13,163.23,163.06,163.09,163.19,163.18,163.17,163.16,163.15,161.21,162.25,162.28,163.01,163.09,0,0.0,0,0.0,0.0,0.0,0.0,0.0
2021-02-03 17:00:00,163.1,163.14,163.01,163.02,163.19,163.18,163.17,163.16,163.15,161.21,162.25,162.28,163.01,163.09,0,0.0,0,0.0,0.0,0.0,0.0,0.0
2021-02-03 21:00:00,163.01,163.02,162.26,162.29,163.19,163.18,163.17,163.16,163.15,161.05,161.14,161.21,162.25,162.28,0,0.0,0,0.0,0.0,0.0,0.0,0.0
2021-02-04 01:00:00,162.29,162.3,162.25,162.28,163.18,163.17,163.16,163.15,163.01,161.05,161.14,161.21,162.25,162.28,0,0.0,0,0.0,0.0,0.0,0.0,0.0
2021-02-04 05:00:00,162.29,163.06,162.27,163.05,163.17,163.16,163.15,163.14,163.01,161.05,161.14,161.21,162.25,162.28,0,0.0,02/03/2021 17:00,163.46875,163.46875,164.46875,165.46875,0.0
2021-02-04 09:00:00,163.05,163.07,162.17,162.25,163.18,163.17,163.16,163.15,163.14,161.14,161.21,162.25,162.28,163.01,0,0.0,0,0.0,0.0,0.0,0.0,0.0
2021-02-04 13:00:00,162.25,163.01,162.16,162.28,163.17,163.16,163.15,163.14,162.28,160.15,160.3,161.05,161.14,161.21,0,0.0,0,0.0,0.0,0.0,0.0,0.0
2021-02-04 17:00:00,162.29,163.01,162.25,162.27,163.18,163.17,163.16,163.15,163.14,161.05,161.14,161.21,162.25,162.28,0,0.0,0,0.0,0.0,0.0,0.0,0.0
2021-02-04 21:00:00,162.25,163.05,162.25,163.03,163.16,163.15,163.14,163.07,162.28,160.15,160.3,161.05,161.14,161.21,0,0.0,02/03/2021 17:00,163.46875,163.46875,164.46875,165.46875,0.0
2021-02-05 01:00:00,163.03,163.05,162.28,162.31,163.17,163.16,163.15,163.14,163.07,161.14,161.21,162.16,162.25,162.28,0,0.0,0,0.0,0.0,0.0,0.0,0.0
2021-02-05 05:00:00,163.0,163.05,162.28,162.29,163.17,163.16,163.15,163.14,163.07,161.14,161.21,162.16,162.25,162.28,0,0.0,0,0.0,0.0,0.0,0.0,0.0
2021-02-05 09:00:00,162.29,162.3,161.3,162.04,163.17,163.16,163.15,163.14,163.07,161.21,162.16,162.25,162.25,162.28,0,0.0,0,0.0,0.0,0.0,0.0,0.0
2021-02-05 13:00:00,162.04,163.02,161.27,162.15,163.14,163.07,162.25,162.25,162.16,160.15,160.3,161.05,161.14,161.21,0,0.0,0,0.0,0.0,0.0,0.0,0.0
2021-02-05 17:00:00,162.15,162.17,162.01,162.08,163.07,163.05,162.25,162.25,162.16,160.15,160.3,161.05,161.14,161.21,0,0.0,0,0.0,0.0,0.0,0.0,0.0
2021-02-07 21:00:00,162.04,162.05,161.27,161.3,163.07,163.05,162.25,162.25,162.16,160.15,160.3,161.05,161.14,161.21,0,0.0,0,0.0,0.0,0.0,0.0,0.0
2021-02-08 01:00:00,161.3,162.0,161.23,161.28,163.05,163.02,162.25,162.25,162.16,160.15,160.3,161.05,161.14,161.21,0,0.0,0,0.0,0.0,0.0,0.0,0.0
2021-02-08 05:00:00,161.28,161.29,161.17,161.25,163.02,162.25,162.25,162.17,162.16,160.15,160.3,161.05,161.14,161.21,0,0.0,0,0.0,0.0,0.0,0.0,0.0
2021-02-08 09:00:00,161.25,162.06,161.21,162.04,162.25,162.25,162.17,162.16,162.05,160.15,160.3,161.05,161.14,161.21,0,0.0,0,0.0,0.0,0.0,0.0,0.0
2021-02-08 13:00:00,162.04,162.26,161.31,162.2,162.25,162.25,162.17,162.16,162.05,160.15,160.3,161.05,161.14,161.21,0,0.0,02/05/2021 17:00,162.3125,162.3125,163.3125,164.3125,0.0
2021-02-08 13:00:00,162.04,162.26,161.31,162.2,162.25,162.25,162.17,162.16,162.05,160.15,160.3,161.05,161.14,161.21,0,0.0,02/05/2021 17:00,162.3125,162.3125,163.3125,164.3125,0.0
2021-02-08 13:00:00,162.04,162.26,161.31,162.2,162.25,162.25,162.17,162.16,162.05,160.15,160.3,161.05,161.14,161.21,0,0.0,02/05/2021 17:00,162.3125,162.3125,163.3125,164.3125,0.0
2021-02-08 17:00:00,162.19,162.22,162.05,162.11,163.07,163.05,163.02,162.25,162.25,161.17,161.21,162.05,162.16,162.17,0,0.0,0,0.0,0.0,0.0,0.0,0.0
2021-02-08 21:00:00,162.11,162.16,162.1,162.11,163.05,163.02,162.25,162.25,162.17,161.14,161.17,161.21,161.21,162.05,0,0.0,0,0.0,0.0,0.0,0.0,0.0
2021-02-09 01:00:00,162.12,162.22,162.1,162.21,163.02,162.26,162.25,162.25,162.17,161.17,161.21,161.21,161.31,162.05,0,0.0,0,0.0,0.0,0.0,0.0,0.0
2021-02-09 05:00:00,162.21,162.3,162.12,162.28,163.05,163.02,162.26,162.25,162.25,161.21,161.21,161.31,162.05,162.05,0,0.0,02/05/2021 17:00,162.3125,162.3125,163.3125,164.3125,0.0
2021-02-09 05:00:00,162.21,162.3,162.12,162.28,163.05,163.02,162.26,162.25,162.25,161.21,161.21,161.31,162.05,162.05,0,0.0,02/05/2021 17:00,162.3125,162.3125,163.3125,164.3125,0.0
2021-02-09 09:00:00,162.28,162.3,162.21,162.26,163.15,163.14,163.07,163.05,163.02,162.05,162.05,162.25,162.25,162.26,0,0.0,02/05/2021 17:00,162.3125,162.3125,163.3125,164.3125,0.0
2021-02-09 13:00:00,162.27,163.01,162.21,162.25,163.15,163.14,163.07,163.05,163.02,162.05,162.1,162.25,162.25,162.26,0,0.0,0,0.0,0.0,0.0,0.0,0.0
2021-02-09 17:00:00,162.25,162.26,162.12,162.16,163.14,163.07,163.05,163.02,162.26,161.31,162.05,162.05,162.1,162.12,0,0.0,0,0.0,0.0,0.0,0.0,0.0
2021-02-09 21:00:00,162.16,162.17,162.1,162.13,163.14,163.07,163.05,163.02,162.26,161.31,162.05,162.05,162.1,162.12,0,0.0,0,0.0,0.0,0.0,0.0,0.0
2021-02-10 01:00:00,162.13,162.18,162.11,162.15,163.07,163.05,163.02,163.01,162.26,161.31,162.05,162.05,162.1,162.12,0,0.0,0,0.0,0.0,0.0,0.0,0.0
2021-02-10 05:00:00,162.15,162.2,162.11,162.11,163.05,163.02,163.01,162.26,162.26,161.31,162.05,162.05,162.1,162.12,0,0.0,0,0.0,0.0,0.0,0.0,0.0
2021-02-10 09:00:00,162.11,162.31,162.03,162.3,163.02,163.01,162.26,162.26,162.12,161.31,162.05,162.05,162.1,162.1,0,0.0,02/05/2021 17:00,162.3125,162.3125,163.3125,164.3125,0.0
2021-02-10 09:00:00,162.11,162.31,162.03,162.3,163.02,163.01,162.26,162.26,162.12,161.31,162.05,162.05,162.1,162.1,0,0.0,02/05/2021 17:00,162.3125,162.3125,163.3125,164.3125,0.0
2021-02-10 13:00:00,162.31,163.04,162.22,162.26,163.14,163.07,163.05,163.02,163.01,162.05,162.1,162.1,162.12,162.26,0,0.0,0,0.0,0.0,0.0,0.0,0.0
2021-02-10 17:00:00,162.27,163.07,162.23,163.06,163.14,163.07,163.05,163.02,163.01,162.05,162.1,162.1,162.12,162.26,0,0.0,02/05/2021 17:00,162.3125,162.3125,163.3125,164.3125,0.0
2021-02-10 17:00:00,162.27,163.07,162.23,163.06,163.14,163.07,163.05,163.02,163.01,162.05,162.1,162.1,162.12,162.26,0,0.0,02/05/2021 17:00,162.3125,162.3125,163.3125,164.3125,0.0
2021-02-10 17:00:00,162.27,163.07,162.23,163.06,163.14,163.07,163.05,163.02,163.01,162.05,162.1,162.1,162.12,162.26,0,0.0,02/05/2021 17:00,162.3125,162.3125,163.3125,164.3125,0.0
2021-02-10 21:00:00,163.05,163.06,163.01,163.05,163.17,163.16,163.15,163.14,163.07,162.1,162.12,162.26,163.01,163.02,0,0.0,0,0.0,0.0,0.0,0.0,0.0
2021-02-11 01:00:00,163.05,163.07,163.02,163.03,163.17,163.16,163.15,163.14,163.07,162.12,162.22,162.26,163.01,163.02,0,0.0,0,0.0,0.0,0.0,0.0,0.0
2021-02-11 05:00:00,163.03,163.14,163.0,163.12,163.16,163.15,163.14,163.07,163.05,162.22,162.23,162.26,163.01,163.02,02/10/2021 17:00,162.78125,0,0.0,162.78125,161.78125,160.78125,0.0
2021-02-11 09:00:00,163.11,163.11,163.0,163.07,163.18,163.17,163.16,163.15,163.14,162.23,162.26,163.01,163.02,163.07,0,0.0,0,0.0,0.0,0.0,0.0,0.0
2021-02-11 13:00:00,163.07,163.07,162.24,163.0,163.18,163.17,163.16,163.15,163.14,162.22,162.23,162.26,163.01,163.02,0,0.0,0,0.0,0.0,0.0,0.0,0.0
2021-02-11 17:00:00,163.01,163.02,162.15,162.16,163.15,163.14,163.14,163.07,163.02,162.1,162.12,162.22,162.23,162.26,0,0.0,0,0.0,0.0,0.0,0.0,0.0
2021-02-11 21:00:00,162.15,162.21,162.15,162.2,163.02,163.01,162.26,162.23,162.22,162.05,162.05,162.1,162.1,162.12,0,0.0,0,0.0,0.0,0.0,0.0,0.0
2021-02-12 01:00:00,162.2,162.24,162.19,162.23,163.02,163.01,162.26,162.23,162.22,162.05,162.05,162.1,162.1,162.12,0,0.0,02/11/2021 17:00,162.78125,162.78125,163.78125,164.78125,0.0
2021-02-12 05:00:00,162.22,162.28,162.18,162.24,163.02,163.02,163.01,162.26,162.23,162.05,162.05,162.1,162.1,162.12,0,0.0,02/11/2021 17:00,162.78125,162.78125,163.78125,164.78125,0.0
2021-02-12 09:00:00,162.24,162.27,161.24,161.3,163.07,163.02,163.02,163.01,162.26,162.1,162.12,162.15,162.22,162.23,0,0.0,0,0.0,0.0,0.0,0.0,0.0
2021-02-12 13:00:00,161.3,162.03,161.19,161.21,162.1,162.05,162.05,162.03,161.31,161.05,161.14,161.17,161.21,161.21,0,0.0,0,0.0,0.0,0.0,0.0,0.0
2021-02-12 17:00:00,161.22,161.25,161.1,161.11,162.1,162.05,162.05,162.03,161.31,161.05,161.14,161.17,161.21,161.21,0,0.0,0,0.0,0.0,0.0,0.0,0.0
2021-02-14 21:00:00,161.08,161.1,160.24,160.27,161.31,161.21,161.21,161.17,161.14,160.14,160.15,160.15,160.3,161.05,0,0.0,0,0.0,0.0,0.0,0.0,0.0
2021-02-15 01:00:00,160.27,160.27,160.16,160.18,161.21,161.17,161.14,161.05,160.3,160.03,160.12,160.14,160.15,160.15,0,0.0,0,0.0,0.0,0.0,0.0,0.0
2021-02-15 05:00:00,160.18,160.2,160.04,160.14,161.21,161.17,161.14,161.05,160.3,160.03,160.12,160.14,160.15,160.15,0,0.0,0,0.0,0.0,0.0,0.0,0.0
2021-02-15 09:00:00,160.14,160.22,160.11,160.17,161.1,161.05,160.3,160.15,160.15,159.17,159.26,160.02,160.03,160.12,0,0.0,02/11/2021 17:00,162.78125,162.78125,163.78125,164.78125,0.0
2021-02-15 13:00:00,160.17,160.24,160.14,160.2,161.14,161.1,161.05,160.3,160.27,160.02,160.03,160.12,160.14,160.15,0,0.0,0,0.0,0.0,0.0,0.0,0.0
2021-02-15 21:00:00,160.22,160.29,160.18,160.26,161.14,161.1,161.05,160.3,160.27,160.03,160.04,160.12,160.14,160.15,0,0.0,0,0.0,0.0,0.0,0.0,0.0
2021-02-16 01:00:00,160.26,160.3,160.22,160.29,161.14,161.1,161.05,160.3,160.27,160.04,160.11,160.12,160.14,160.15,0,0.0,02/15/2021 13:00,160.8125,160.8125,161.8125,162.8125,0.0
2021-02-16 05:00:00,160.29,161.03,160.23,160.24,161.17,161.14,161.1,161.05,160.3,160.12,160.14,160.14,160.15,160.27,0,0.0,0,0.0,0.0,0.0,0.0,0.0
2021-02-16 09:00:00,160.23,160.24,160.02,160.1,161.14,161.1,161.05,160.3,160.27,160.12,160.14,160.14,160.15,160.18,0,0.0,0,0.0,0.0,0.0,0.0,0.0
2021-02-16 13:00:00,160.09,160.12,159.17,159.23,160.18,160.14,160.14,160.12,160.11,159.17,159.26,160.02,160.03,160.04,0,0.0,0,0.0,0.0,0.0,0.0,0.0
2021-02-16 17:00:00,159.24,159.28,159.11,159.11,160.11,160.04,160.03,160.02,159.26,158.27,158.3,158.3,159.03,159.17,0,0.0,0,0.0,0.0,0.0,0.0,0.0
2021-02-16 21:00:00,159.12,159.27,158.31,159.19,160.04,160.03,160.02,159.26,159.17,158.19,158.27,158.3,158.3,159.03,0,0.0,02/16/2021 17:00,159.6875,159.6875,160.6875,161.6875,0.0
2021-02-17 01:00:00,159.19,159.26,159.18,159.21,160.11,160.04,160.03,160.02,159.26,158.27,158.3,158.3,159.03,159.17,0,0.0,0,0.0,0.0,0.0,0.0,0.0
2021-02-17 05:00:00,159.21,160.03,159.1,159.29,160.04,160.03,160.02,159.28,159.26,158.27,158.3,158.3,159.03,159.17,0,0.0,02/16/2021 17:00,159.6875,159.6875,160.6875,161.6875,0.0
2021-02-17 05:00:00,159.21,160.03,159.1,159.29,160.04,160.03,160.02,159.28,159.26,158.27,158.3,158.3,159.03,159.17,0,0.0,02/16/2021 17:00,159.6875,159.6875,160.6875,161.6875,0.0
2021-02-17 09:00:00,159.29,160.04,159.07,159.27,160.12,160.11,160.04,160.03,160.02,158.31,159.03,159.17,159.26,159.28,0,0.0,0,0.0,0.0,0.0,0.0,0.0
2021-02-17 13:00:00,159.27,160.16,159.23,160.06,160.11,160.04,160.03,160.02,159.28,158.3,158.31,159.03,159.17,159.26,0,0.0,02/16/2021 17:00,159.6875,159.6875,160.6875,161.6875,0.0
2021-02-17 13:00:00,159.27,160.16,159.23,160.06,160.11,160.04,160.03,160.02,159.28,158.3,158.31,159.03,159.17,159.26,0,0.0,02/16/2021 17:00,159.6875,159.6875,160.6875,161.6875,0.0
2021-02-17 17:00:00,160.05,160.14,159.2,160.13,160.14,160.14,160.12,160.12,160.11,159.17,159.26,160.02,160.03,160.04,0,0.0,02/16/2021 17:00,159.6875,159.6875,160.6875,161.6875,0.0
2021-02-17 17:00:00,160.05,160.14,159.2,160.13,160.14,160.14,160.12,160.12,160.11,159.17,159.26,160.02,160.03,160.04,0,0.0,02/16/2021 17:00,159.6875,159.6875,160.6875,161.6875,0.0
2021-02-17 17:00:00,160.05,160.14,159.2,160.13,160.14,160.14,160.12,160.12,160.11,159.17,159.26,160.02,160.03,160.04,0,0.0,02/16/2021 17:00,159.6875,159.6875,160.6875,161.6875,0.0
2021-02-17 21:00:00,160.15,160.22,160.08,160.17,161.03,160.3,160.27,160.24,160.18,160.04,160.11,160.12,160.14,160.14,02/17/2021 17:00,159.6875,0,0.0,159.6875,158.6875,157.6875,0.0
2021-02-18 01:00:00,160.17,160.18,160.07,160.11,161.03,160.3,160.27,160.24,160.18,160.04,160.11,160.12,160.14,160.14,0,0.0,0,0.0,0.0,0.0,0.0,0.0
2021-02-18 05:00:00,160.11,160.13,159.29,160.01,160.3,160.27,160.24,160.18,160.12,159.2,159.26,160.02,160.03,160.04,0,0.0,0,0.0,0.0,0.0,0.0,0.0
2021-02-18 09:00:00,160.01,160.07,159.18,159.21,160.27,160.24,160.22,160.18,160.12,159.03,159.07,159.17,159.2,159.26,0,0.0,0,0.0,0.0,0.0,0.0,0.0
2021-02-18 13:00:00,159.21,160.04,159.07,159.29,160.24,160.22,160.18,160.18,160.12,158.31,159.03,159.07,159.17,159.2,0,0.0,0,0.0,0.0,0.0,0.0,0.0
2021-02-18 17:00:00,159.29,160.07,159.22,159.24,160.22,160.18,160.18,160.13,160.12,158.31,159.03,159.07,159.17,159.2,0,0.0,0,0.0,0.0,0.0,0.0,0.0
2021-02-18 21:00:00,159.27,160.02,159.24,159.31,160.22,160.18,160.18,160.13,160.12,158.31,159.03,159.07,159.17,159.2,0,0.0,0,0.0,0.0,0.0,0.0,0.0
2021-02-19 01:00:00,159.3,160.04,159.23,159.24,160.22,160.18,160.18,160.13,160.12,159.03,159.07,159.07,159.17,159.2,0,0.0,0,0.0,0.0,0.0,0.0,0.0
2021-02-19 05:00:00,159.25,159.28,159.12,159.19,160.18,160.18,160.13,160.12,160.07,159.07,159.07,159.17,159.2,159.22,0,0.0,0,0.0,0.0,0.0,0.0,0.0
2021-02-19 09:00:00,159.2,159.22,159.05,159.07,160.18,160.13,160.12,160.07,159.22,158.31,159.03,159.07,159.07,159.17,0,0.0,0,0.0,0.0,0.0,0.0,0.0
2021-02-19 13:00:00,159.07,159.11,158.13,158.2,160.12,160.07,160.04,159.22,159.2,158.27,158.3,158.3,158.31,159.03,0,0.0,0,0.0,0.0,0.0,0.0,0.0
2021-02-19 17:00:00,158.21,158.21,158.08,158.2,159.03,158.31,158.3,158.3,158.27,158.08,158.09,158.1,158.14,158.19,0,0.0,0,0.0,0.0,0.0,0.0,0.0
2021-02-21 21:00:00,158.15,158.16,157.24,157.25,158.31,158.3,158.3,158.27,158.19,158.08,158.08,158.09,158.1,158.14,0,0.0,0,0.0,0.0,0.0,0.0,0.0
2021-02-22 01:00:00,157.25,158.05,157.16,157.25,158.01,158.0,157.3,157.29,157.26,157.01,157.05,157.06,157.2,157.21,0,0.0,0,0.0,0.0,0.0,0.0,0.0
2021-02-22 05:00:00,157.25,158.06,157.17,158.04,158.01,158.0,157.3,157.29,157.26,157.01,157.05,157.06,157.2,157.21,0,0.0,02/19/2021 17:00,158.84375,158.84375,159.84375,160.84375,0.0
2021-02-22 09:00:00,158.04,158.21,157.24,158.15,158.1,158.09,158.08,158.08,158.05,157.06,157.2,157.21,157.25,157.3,0,0.0,02/19/2021 17:00,158.84375,158.84375,159.84375,160.84375,0.0
2021-02-22 09:00:00,158.04,158.21,157.24,158.15,158.1,158.09,158.08,158.08,158.05,157.06,157.2,157.21,157.25,157.3,0,0.0,02/19/2021 17:00,158.84375,158.84375,159.84375,160.84375,0.0
2021-02-22 09:00:00,158.04,158.21,157.24,158.15,158.1,158.09,158.08,158.08,158.05,157.06,157.2,157.21,157.25,157.3,0,0.0,02/19/2021 17:00,158.84375,158.84375,159.84375,160.84375,0.0
2021-02-22 13:00:00,158.15,158.27,158.02,158.02,158.3,158.3,158.27,158.21,158.16,157.25,157.3,158.09,158.1,158.14,0,0.0,0,0.0,0.0,0.0,0.0,0.0
2021-02-22 17:00:00,158.02,158.08,157.18,157.28,158.3,158.3,158.27,158.21,158.16,157.17,157.2,157.21,157.25,157.3,0,0.0,0,0.0,0.0,0.0,0.0,0.0
2021-02-22 21:00:00,157.29,158.07,157.28,157.31,158.3,158.3,158.27,158.21,158.16,157.16,157.17,157.2,157.21,157.25,0,0.0,0,0.0,0.0,0.0,0.0,0.0
2021-02-23 01:00:00,157.31,158.07,157.31,158.01,158.3,158.27,158.27,158.21,158.16,157.16,157.17,157.2,157.21,157.25,0,0.0,0,0.0,0.0,0.0,0.0,0.0
2021-02-23 05:00:00,158.01,158.04,157.13,157.2,158.27,158.27,158.21,158.16,158.08,157.17,157.18,157.2,157.21,157.25,0,0.0,0,0.0,0.0,0.0,0.0,0.0
2021-02-23 09:00:00,157.2,158.0,157.16,157.18,158.21,158.16,158.08,157.25,157.21,157.05,157.06,157.16,157.17,157.18,0,0.0,0,0.0,0.0,0.0,0.0,0.0
2021-02-23 13:00:00,157.19,158.04,157.05,157.22,158.08,158.07,157.25,157.21,157.2,157.05,157.06,157.16,157.17,157.18,0,0.0,0,0.0,0.0,0.0,0.0,0.0
2021-02-23 17:00:00,157.23,158.01,157.13,158.0,158.21,158.16,158.08,158.07,157.25,157.05,157.06,157.16,157.17,157.18,0,0.0,02/22/2021 17:00,158.25,158.25,159.25,160.25,150.18
2021-02-23 21:00:00,158.0,158.11,157.2,157.29,158.27,158.21,158.16,158.08,158.07,157.06,157.16,157.17,157.18,157.25,0,0.0,0,0.0,0.0,0.0,0.0,0.0
2021-02-24 01:00:00,157.29,158.06,157.28,158.05,158.27,158.21,158.16,158.08,158.07,157.06,157.16,157.17,157.18,157.25,0,0.0,0,0.0,0.0,0.0,0.0,0.0
2021-02-24 05:00:00,158.05,158.08,157.09,157.12,158.27,158.21,158.16,158.08,158.07,157.13,157.16,157.17,157.18,157.25,0,0.0,0,0.0,0.0,0.0,0.0,0.0
2021-02-24 09:00:00,157.12,157.15,156.04,156.12,158.07,157.18,157.17,157.16,157.13,156.29,157.01,157.05,157.05,157.06,0,0.0,0,0.0,0.0,0.0,0.0,0.0
2021-02-24 13:00:00,156.13,157.09,155.3,157.07,156.24,156.24,156.19,156.19,156.15,155.27,156.03,156.08,156.09,156.1,0,0.0,02/23/2021 17:00,157.625,157.625,158.625,159.625,0.0
2021-02-24 13:00:00,156.13,157.09,155.3,157.07,156.24,156.24,156.19,156.19,156.15,155.27,156.03,156.08,156.09,156.1,0,0.0,02/23/2021 17:00,157.625,157.625,158.625,159.625,0.0
2021-02-24 13:00:00,156.13,157.09,155.3,157.07,156.24,156.24,156.19,156.19,156.15,155.27,156.03,156.08,156.09,156.1,0,0.0,02/23/2021 17:00,157.625,157.625,158.625,159.625,0.0
2021-02-24 13:00:00,156.13,157.09,155.3,157.07,156.24,156.24,156.19,156.19,156.15,155.27,156.03,156.08,156.09,156.1,0,0.0,02/23/2021 17:00,157.625,157.625,158.625,159.625,0.0
2021-02-24 13:00:00,156.13,157.09,155.3,157.07,156.24,156.24,156.19,156.19,156.15,155.27,156.03,156.08,156.09,156.1,0,0.0,02/23/2021 17:00,157.625,157.625,158.625,159.625,0.0
2021-02-24 17:00:00,157.06,157.11,156.29,157.03,158.07,157.18,157.17,157.16,157.13,156.25,156.29,157.01,157.05,157.05,0,0.0,0,0.0,0.0,0.0,0.0,0.0
2021-02-24 21:00:00,157.03,157.07,156.08,156.1,157.18,157.17,157.16,157.15,157.13,156.09,156.1,156.25,156.29,157.01,0,0.0,0,0.0,0.0,0.0,0.0,0.0
2021-02-25 01:00:00,156.09,156.22,156.09,156.18,157.17,157.16,157.15,157.13,156.1,155.26,155.27,155.3,156.03,156.08,0,0.0,0,0.0,0.0,0.0,0.0,0.0
2021-02-25 05:00:00,156.17,156.18,155.23,156.0,157.17,157.16,157.15,157.13,157.11,155.3,156.03,156.08,156.09,156.1,0,0.0,0,0.0,0.0,0.0,0.0,0.0
2021-02-25 09:00:00,156.0,156.09,155.08,156.01,157.07,156.1,156.09,156.08,156.03,155.25,155.25,155.26,155.27,155.3,0,0.0,0,0.0,0.0,0.0,0.0,0.0
2021-02-25 13:00:00,156.0,156.12,155.04,155.06,156.22,156.1,156.09,156.08,156.03,155.25,155.25,155.26,155.27,155.3,0,0.0,0,0.0,0.0,0.0,0.0,0.0
2021-02-25 17:00:00,155.07,155.3,153.08,155.09,155.26,155.25,155.25,155.23,155.2,155.03,155.03,155.04,155.04,155.06,0,0.0,0,0.0,0.0,0.0,0.0,0.0
2021-02-25 21:00:00,155.12,155.3,154.14,155.26,155.26,155.25,155.25,155.23,155.2,155.03,155.03,155.04,155.04,155.06,0,0.0,02/25/2021 17:00,156.75,156.75,157.75,158.75,0.0
2021-02-25 21:00:00,155.12,155.3,154.14,155.26,155.26,155.25,155.25,155.23,155.2,155.03,155.03,155.04,155.04,155.06,0,0.0,02/25/2021 17:00,156.75,156.75,157.75,158.75,0.0
2021-02-26 01:00:00,155.26,156.1,155.08,155.29,156.09,156.08,156.03,155.3,155.27,155.04,155.04,155.06,155.2,155.25,0,0.0,0,0.0,0.0,0.0,0.0,0.0
2021-02-26 05:00:00,155.28,156.13,155.1,156.01,156.1,156.09,156.08,156.03,155.3,155.04,155.04,155.06,155.2,155.25,0,0.0,02/25/2021 17:00,156.75,156.75,157.75,158.75,0.0
2021-02-26 09:00:00,156.0,156.25,155.27,156.13,156.12,156.1,156.09,156.08,156.03,155.04,155.06,155.2,155.25,155.3,0,0.0,02/25/2021 17:00,156.75,156.75,157.75,158.75,0.0
2021-02-26 09:00:00,156.0,156.25,155.27,156.13,156.12,156.1,156.09,156.08,156.03,155.04,155.06,155.2,155.25,155.3,0,0.0,02/25/2021 17:00,156.75,156.75,157.75,158.75,0.0
2021-02-26 13:00:00,156.13,156.17,155.09,156.08,157.13,157.11,157.07,156.22,156.18,155.25,155.3,156.03,156.1,156.12,0,0.0,02/25/2021 17:00,156.75,156.75,157.75,158.75,0.0
2021-02-26 17:00:00,156.08,158.02,156.0,157.09,157.11,157.07,156.22,156.18,156.12,155.08,155.2,155.25,155.3,156.03,0,0.0,02/25/2021 17:00,156.75,156.75,157.75,158.75,0.0
2021-02-26 17:00:00,156.08,158.02,156.0,157.09,157.11,157.07,156.22,156.18,156.12,155.08,155.2,155.25,155.3,156.03,0,0.0,02/25/2021 17:00,156.75,156.75,157.75,158.75,0.0
2021-02-26 17:00:00,156.08,158.02,156.0,157.09,157.11,157.07,156.22,156.18,156.12,155.08,155.2,155.25,155.3,156.03,0,0.0,02/25/2021 17:00,156.75,156.75,157.75,158.75,0.0
2021-02-28 21:00:00,157.08,157.26,156.3,157.06,157.17,157.16,157.15,157.13,157.11,155.3,156.03,156.18,156.22,157.07,0,0.0,0,0.0,0.0,0.0,0.0,0.0
2021-03-01 01:00:00,157.07,157.13,156.3,157.05,157.17,157.16,157.15,157.13,157.11,155.25,155.3,156.03,156.18,156.22,0,0.0,0,0.0,0.0,0.0,0.0,0.0
2021-03-01 05:00:00,157.05,157.1,156.17,156.18,157.16,157.15,157.13,157.11,157.07,155.3,156.0,156.03,156.18,156.22,0,0.0,0,0.0,0.0,0.0,0.0,0.0
2021-03-01 09:00:00,156.18,156.24,155.31,156.15,157.15,157.13,157.11,157.07,156.22,155.2,155.25,155.3,156.0,156.03,0,0.0,0,0.0,0.0,0.0,0.0,0.0
2021-03-01 13:00:00,156.15,156.29,156.03,156.06,157.13,157.11,157.07,156.22,156.18,155.2,155.25,155.3,156.0,156.03,0,0.0,0,0.0,0.0,0.0,0.0,0.0
2021-03-01 17:00:00,156.06,156.2,155.29,156.17,157.11,157.1,157.07,156.22,156.18,155.2,155.25,155.3,156.0,156.03,0,0.0,0,0.0,0.0,0.0,0.0,0.0
2021-03-01 21:00:00,156.16,156.21,156.11,156.18,157.11,157.1,157.07,156.22,156.18,155.2,155.25,155.3,156.0,156.03,0,0.0,0,0.0,0.0,0.0,0.0,0.0
2021-03-02 01:00:00,156.19,157.01,156.18,156.23,157.11,157.1,157.07,156.29,156.22,155.25,155.3,156.0,156.03,156.18,0,0.0,0,0.0,0.0,0.0,0.0,0.0
2021-03-02 05:00:00,156.23,156.28,156.04,156.05,157.13,157.11,157.1,157.07,156.29,155.25,155.29,155.3,156.0,156.03,0,0.0,0,0.0,0.0,0.0,0.0,0.0
2021-03-02 09:00:00,156.05,156.1,155.24,156.06,157.13,157.11,157.1,157.07,156.29,155.25,155.29,155.3,156.0,156.03,0,0.0,0,0.0,0.0,0.0,0.0,0.0
2021-03-02 13:00:00,156.06,156.23,156.0,156.14,157.11,157.1,157.07,157.01,156.29,155.25,155.29,155.3,156.0,156.03,0,0.0,0,0.0,0.0,0.0,0.0,0.0
2021-03-02 17:00:00,156.14,156.31,156.04,156.3,157.1,157.07,157.01,156.29,156.28,155.25,155.29,155.3,156.0,156.03,02/26/2021 17:00,155.59375,0,0.0,155.59375,154.59375,153.59375,0.0
2021-03-02 17:00:00,156.14,156.31,156.04,156.3,157.1,157.07,157.01,156.29,156.28,155.25,155.29,155.3,156.0,156.03,02/26/2021 17:00,155.59375,0,0.0,155.59375,154.59375,153.59375,0.0
2021-03-02 21:00:00,156.28,156.29,156.13,156.16,157.11,157.1,157.07,157.01,156.29,155.25,155.29,155.3,156.0,156.03,0,0.0,0,0.0,0.0,0.0,0.0,0.0
2021-03-03 01:00:00,156.16,156.2,156.16,156.19,157.1,157.07,157.01,156.29,156.28,155.29,155.3,156.0,156.0,156.03,0,0.0,0,0.0,0.0,0.0,0.0,0.0
2021-03-03 05:00:00,156.19,156.21,155.19,155.25,157.07,157.01,156.31,156.29,156.28,155.3,156.0,156.0,156.03,156.04,0,0.0,0,0.0,0.0,0.0,0.0,0.0
2021-03-03 09:00:00,155.25,156.0,155.09,155.14,156.28,156.04,156.0,156.0,155.29,155.06,155.08,155.09,155.2,155.24,0,0.0,0,0.0,0.0,0.0,0.0,0.0
2021-03-03 13:00:00,155.15,155.19,154.27,155.14,156.04,156.0,156.0,155.29,155.24,155.04,155.04,155.06,155.08,155.09,0,0.0,0,0.0,0.0,0.0,0.0,0.0
2021-03-03 17:00:00,155.14,155.23,155.0,155.04,156.04,156.0,156.0,155.29,155.24,155.04,155.04,155.06,155.08,155.09,0,0.0,0,0.0,0.0,0.0,0.0,0.0
2021-03-03 21:00:00,155.05,155.11,155.01,155.08,155.29,155.24,155.09,155.08,155.06,155.02,155.03,155.03,155.04,155.04,0,0.0,03/03/2021 17:00,156.3125,156.3125,157.3125,158.3125,0.0
2021-03-04 01:00:00,155.08,155.16,155.02,155.15,156.0,156.0,155.29,155.24,155.09,155.03,155.03,155.04,155.04,155.06,0,0.0,03/03/2021 17:00,156.3125,156.3125,157.3125,158.3125,0.0
2021-03-04 05:00:00,155.16,155.31,155.1,155.2,156.0,156.0,155.29,155.24,155.23,155.04,155.04,155.06,155.08,155.09,0,0.0,03/03/2021 17:00,156.3125,156.3125,157.3125,158.3125,0.0
2021-03-04 09:00:00,155.19,155.28,155.01,155.04,156.0,156.0,155.29,155.24,155.23,155.04,155.04,155.06,155.08,155.09,0,0.0,0,0.0,0.0,0.0,0.0,0.0
2021-03-04 13:00:00,155.05,155.23,154.02,154.08,156.0,156.0,155.29,155.24,155.23,155.02,155.03,155.03,155.04,155.04,0,0.0,0,0.0,0.0,0.0,0.0,0.0
2021-03-04 17:00:00,154.08,154.14,153.24,153.25,154.24,154.23,154.14,154.14,154.12,153.28,153.31,154.02,154.06,154.07,0,0.0,0,0.0,0.0,0.0,0.0,0.0
2021-03-04 21:00:00,153.25,154.0,153.16,153.28,153.31,153.28,153.27,153.27,153.26,153.11,153.16,153.16,153.2,153.2,0,0.0,03/04/2021 17:00,154.125,154.125,155.125,156.125,0.0
2021-03-04 21:00:00,153.25,154.0,153.16,153.28,153.31,153.28,153.27,153.27,153.26,153.11,153.16,153.16,153.2,153.2,0,0.0,03/04/2021 17:00,154.125,154.125,155.125,156.125,0.0
2021-03-05 01:00:00,153.28,153.28,153.14,153.26,154.12,154.07,154.06,154.02,153.31,153.25,153.25,153.26,153.27,153.27,0,0.0,0,0.0,0.0,0.0,0.0,0.0
2021-03-05 05:00:00,153.26,154.15,153.22,154.05,154.07,154.06,154.02,153.31,153.28,153.16,153.2,153.2,153.25,153.25,0,0.0,03/04/2021 17:00,154.125,154.125,155.125,156.125,0.0
2021-03-05 05:00:00,153.26,154.15,153.22,154.05,154.07,154.06,154.02,153.31,153.28,153.16,153.2,153.2,153.25,153.25,0,0.0,03/04/2021 17:00,154.125,154.125,155.125,156.125,0.0
2021-03-05 05:00:00,153.26,154.15,153.22,154.05,154.07,154.06,154.02,153.31,153.28,153.16,153.2,153.2,153.25,153.25,0,0.0,03/04/2021 17:00,154.125,154.125,155.125,156.125,0.0
2021-03-05 09:00:00,154.05,154.1,152.27,153.14,154.14,154.14,154.12,154.07,154.06,153.25,153.25,153.26,153.31,154.02,0,0.0,0,0.0,0.0,0.0,0.0,0.0
2021-03-05 13:00:00,153.13,154.13,153.1,154.07,154.06,153.25,153.2,153.2,153.16,153.05,153.07,153.08,153.1,153.11,0,0.0,03/04/2021 17:00,154.125,154.125,155.125,156.125,0.0
2021-03-05 13:00:00,153.13,154.13,153.1,154.07,154.06,153.25,153.2,153.2,153.16,153.05,153.07,153.08,153.1,153.11,0,0.0,03/04/2021 17:00,154.125,154.125,155.125,156.125,0.0
2021-03-05 13:00:00,153.13,154.13,153.1,154.07,154.06,153.25,153.2,153.2,153.16,153.05,153.07,153.08,153.1,153.11,0,0.0,03/04/2021 17:00,154.125,154.125,155.125,156.125,0.0
2021-03-05 13:00:00,153.13,154.13,153.1,154.07,154.06,153.25,153.2,153.2,153.16,153.05,153.07,153.08,153.1,153.11,0,0.0,03/04/2021 17:00,154.125,154.125,155.125,156.125,0.0
2021-03-05 17:00:00,154.06,154.16,153.24,153.29,154.14,154.14,154.14,154.12,154.07,153.1,153.11,153.16,153.2,153.25,0,0.0,0,0.0,0.0,0.0,0.0,0.0
2021-03-07 21:00:00,153.17,153.24,153.08,153.23,154.14,154.12,154.07,153.25,153.2,153.07,153.08,153.1,153.11,153.16,0,0.0,0,0.0,0.0,0.0,0.0,0.0
2021-03-08 01:00:00,153.24,153.3,153.22,153.25,154.14,154.14,154.14,154.12,154.07,153.08,153.1,153.11,153.16,153.2,0,0.0,0,0.0,0.0,0.0,0.0,0.0
2021-03-08 05:00:00,153.25,153.25,153.09,153.11,154.14,154.14,154.14,154.12,154.07,153.08,153.1,153.11,153.16,153.2,0,0.0,0,0.0,0.0,0.0,0.0,0.0
2021-03-08 09:00:00,153.12,153.28,153.12,153.27,154.14,154.14,154.14,154.12,154.07,153.07,153.08,153.08,153.1,153.11,0,0.0,0,0.0,0.0,0.0,0.0,0.0
2021-03-08 13:00:00,153.27,154.04,153.15,153.18,154.14,154.14,154.12,154.07,153.3,153.07,153.08,153.08,153.1,153.11,0,0.0,0,0.0,0.0,0.0,0.0,0.0
2021-03-08 17:00:00,153.19,153.27,153.13,153.24,154.14,154.14,154.12,154.07,153.3,153.08,153.08,153.09,153.1,153.11,0,0.0,0,0.0,0.0,0.0,0.0,0.0
2021-03-08 21:00:00,153.24,154.14,153.21,154.13,154.14,154.14,154.12,154.07,153.3,153.08,153.09,153.1,153.11,153.12,0,0.0,03/08/2021 17:00,153.78125,153.78125,154.78125,155.78125,0.0
2021-03-08 21:00:00,153.24,154.14,153.21,154.13,154.14,154.14,154.12,154.07,153.3,153.08,153.09,153.1,153.11,153.12,0,0.0,03/08/2021 17:00,153.78125,153.78125,154.78125,155.78125,0.0
2021-03-09 01:00:00,154.13,154.14,154.06,154.11,154.16,154.15,154.14,154.14,154.14,153.11,153.12,153.3,154.07,154.12,0,0.0,03/08/2021 17:00,153.78125,153.78125,154.78125,155.78125,0.0
2021-03-09 05:00:00,154.11,155.01,154.08,154.3,154.16,154.15,154.14,154.14,154.14,153.11,153.12,153.13,153.3,154.07,0,0.0,03/08/2021 17:00,153.78125,153.78125,154.78125,155.78125,0.0
2021-03-09 05:00:00,154.11,155.01,154.08,154.3,154.16,154.15,154.14,154.14,154.14,153.11,153.12,153.13,153.3,154.07,0,0.0,03/08/2021 17:00,153.78125,153.78125,154.78125,155.78125,0.0
2021-03-09 05:00:00,154.11,155.01,154.08,154.3,154.16,154.15,154.14,154.14,154.14,153.11,153.12,153.13,153.3,154.07,0,0.0,03/08/2021 17:00,153.78125,153.78125,154.78125,155.78125,0.0
2021-03-09 05:00:00,154.11,155.01,154.08,154.3,154.16,154.15,154.14,154.14,154.14,153.11,153.12,153.13,153.3,154.07,0,0.0,03/08/2021 17:00,153.78125,153.78125,154.78125,155.78125,0.0
2021-03-09 05:00:00,154.11,155.01,154.08,154.3,154.16,154.15,154.14,154.14,154.14,153.11,153.12,153.13,153.3,154.07,0,0.0,03/08/2021 17:00,153.78125,153.78125,154.78125,155.78125,0.0
2021-03-09 05:00:00,154.11,155.01,154.08,154.3,154.16,154.15,154.14,154.14,154.14,153.11,153.12,153.13,153.3,154.07,0,0.0,03/08/2021 17:00,153.78125,153.78125,154.78125,155.78125,0.0
2021-03-09 05:00:00,154.11,155.01,154.08,154.3,154.16,154.15,154.14,154.14,154.14,153.11,153.12,153.13,153.3,154.07,0,0.0,03/08/2021 17:00,153.78125,153.78125,154.78125,155.78125,0.0
2021-03-09 09:00:00,154.3,155.06,154.21,154.26,155.03,155.03,155.02,155.01,155.0,154.16,154.23,154.24,154.27,154.28,0,0.0,03/08/2021 17:00,153.78125,153.78125,154.78125,155.78125,0.0
2021-03-09 13:00:00,154.27,155.03,154.15,154.2,155.01,155.0,154.3,154.3,154.3,154.14,154.15,154.16,154.23,154.24,0,0.0,0,0.0,0.0,0.0,0.0,0.0
2021-03-09 17:00:00,154.19,155.03,154.18,155.03,155.01,155.0,154.3,154.3,154.3,154.14,154.14,154.14,154.15,154.16,0,0.0,03/08/2021 17:00,153.78125,153.78125,154.78125,155.78125,0.0
2021-03-09 17:00:00,154.19,155.03,154.18,155.03,155.01,155.0,154.3,154.3,154.3,154.14,154.14,154.14,154.15,154.16,0,0.0,03/08/2021 17:00,153.78125,153.78125,154.78125,155.78125,0.0
2021-03-09 17:00:00,154.19,155.03,154.18,155.03,155.01,155.0,154.3,154.3,154.3,154.14,154.14,154.14,154.15,154.16,0,0.0,03/08/2021 17:00,153.78125,153.78125,154.78125,155.78125,0.0
2021-03-09 21:00:00,155.03,155.08,154.26,155.0,155.23,155.23,155.06,155.04,155.04,154.16,154.3,154.3,155.0,155.01,03/09/2021 17:00,153.78125,0,0.0,153.78125,152.78125,151.78125,0.0
2021-03-10 01:00:00,155.0,155.01,154.25,154.28,155.06,155.04,155.04,155.03,155.03,154.15,154.15,154.16,154.3,154.3,0,0.0,0,0.0,0.0,0.0,0.0,0.0
2021-03-10 05:00:00,154.28,155.0,154.14,154.16,155.06,155.04,155.04,155.03,155.03,154.14,154.15,154.15,154.16,154.18,0,0.0,0,0.0,0.0,0.0,0.0,0.0
2021-03-10 09:00:00,154.17,154.3,154.1,154.24,155.04,155.04,155.03,155.03,154.18,154.14,154.14,154.15,154.15,154.16,03/09/2021 17:00,153.78125,0,0.0,153.78125,152.78125,151.78125,0.0
2021-03-10 13:00:00,154.23,155.06,154.19,155.02,155.04,155.04,155.03,155.03,155.01,154.14,154.15,154.15,154.16,154.18,03/09/2021 17:00,153.78125,0,0.0,153.78125,152.78125,151.78125,0.0
2021-03-10 13:00:00,154.23,155.06,154.19,155.02,155.04,155.04,155.03,155.03,155.01,154.14,154.15,154.15,154.16,154.18,03/09/2021 17:00,153.78125,0,0.0,153.78125,152.78125,151.78125,0.0
2021-03-10 17:00:00,155.03,155.11,154.27,155.03,155.23,155.08,155.06,155.04,155.04,154.15,154.15,154.16,154.18,155.01,0,0.0,0,0.0,0.0,0.0,0.0,0.0
2021-03-10 21:00:00,155.02,155.02,154.24,154.28,155.06,155.04,155.04,155.03,155.03,154.15,154.15,154.16,154.18,155.01,0,0.0,0,0.0,0.0,0.0,0.0,0.0
2021-03-11 01:00:00,154.28,155.0,154.25,155.0,155.04,155.04,155.03,155.03,155.01,154.15,154.15,154.16,154.18,154.19,0,0.0,0,0.0,0.0,0.0,0.0,0.0
2021-03-11 05:00:00,155.01,155.28,154.3,155.16,155.06,155.04,155.04,155.03,155.03,154.15,154.15,154.16,154.18,154.19,03/10/2021 17:00,154.8125,0,0.0,154.8125,153.8125,152.8125,0.0
2021-03-11 05:00:00,155.01,155.28,154.3,155.16,155.06,155.04,155.04,155.03,155.03,154.15,154.15,154.16,154.18,154.19,03/10/2021 17:00,154.8125,0,0.0,154.8125,153.8125,152.8125,0.0
2021-03-11 05:00:00,155.01,155.28,154.3,155.16,155.06,155.04,155.04,155.03,155.03,154.15,154.15,154.16,154.18,154.19,03/10/2021 17:00,154.8125,0,0.0,154.8125,153.8125,152.8125,0.0
2021-03-11 05:00:00,155.01,155.28,154.3,155.16,155.06,155.04,155.04,155.03,155.03,154.15,154.15,154.16,154.18,154.19,03/10/2021 17:00,154.8125,0,0.0,154.8125,153.8125,152.8125,0.0
2021-03-11 09:00:00,155.15,155.21,154.26,154.3,155.29,155.28,155.24,155.23,155.23,154.24,155.03,155.06,155.08,155.11,0,0.0,0,0.0,0.0,0.0,0.0,0.0
2021-03-11 13:00:00,154.3,155.04,154.12,154.22,155.23,155.23,155.11,155.08,155.06,154.16,154.18,154.19,154.24,154.25,0,0.0,0,0.0,0.0,0.0,0.0,0.0
2021-03-11 17:00:00,154.21,155.07,154.14,154.18,155.11,155.08,155.06,154.25,154.24,154.15,154.15,154.16,154.18,154.19,0,0.0,0,0.0,0.0,0.0,0.0,0.0
2021-03-11 21:00:00,154.16,154.24,154.1,154.2,155.06,154.25,154.24,154.19,154.18,154.14,154.14,154.14,154.15,154.15,0,0.0,03/11/2021 17:00,154.9375,154.9375,155.9375,156.9375,0.0
2021-03-12 01:00:00,154.2,154.2,154.08,154.09,155.11,155.08,155.06,154.25,154.24,154.15,154.15,154.16,154.18,154.19,0,0.0,0,0.0,0.0,0.0,0.0,0.0
2021-03-12 05:00:00,154.1,154.1,153.03,153.06,154.24,154.16,154.15,154.15,154.14,153.21,153.3,154.06,154.07,154.08,0,0.0,0,0.0,0.0,0.0,0.0,0.0
2021-03-12 09:00:00,153.07,153.17,153.03,153.03,153.13,153.12,153.09,153.08,153.08,152.25,152.27,153.0,153.04,153.05,0,0.0,0,0.0,0.0,0.0,0.0,0.0
2021-03-12 13:00:00,153.04,153.05,152.12,152.24,153.13,153.12,153.09,153.08,153.08,152.22,152.23,152.25,152.27,153.0,0,0.0,0,0.0,0.0,0.0,0.0,0.0
2021-03-12 17:00:00,152.24,152.28,152.16,152.24,153.08,153.04,153.0,152.27,152.25,152.15,152.17,152.19,152.22,152.23,0,0.0,0,0.0,0.0,0.0,0.0,0.0
2021-03-14 21:00:00,152.21,152.27,152.13,152.26,153.0,152.27,152.25,152.23,152.22,152.09,152.14,152.15,152.17,152.19,0,0.0,03/12/2021 17:00,153.28125,153.28125,154.28125,155.28125,0.0
2021-03-15 01:00:00,152.26,153.03,152.14,152.15,153.08,153.05,153.04,153.0,152.27,152.17,152.19,152.22,152.23,152.25,0,0.0,0,0.0,0.0,0.0,0.0,0.0
2021-03-15 05:00:00,152.15,152.29,152.13,152.27,152.27,152.23,152.22,152.19,152.17,151.2,152.05,152.09,152.12,152.14,0,0.0,03/12/2021 17:00,153.28125,153.28125,154.28125,155.28125,0.0
2021-03-15 09:00:00,152.26,153.03,152.17,152.31,153.08,153.05,153.04,153.0,152.27,152.09,152.12,152.14,152.15,152.19,0,0.0,03/12/2021 17:00,153.28125,153.28125,154.28125,155.28125,0.0
2021-03-15 13:00:00,152.31,153.14,152.29,153.05,153.08,153.08,153.05,153.04,153.0,152.12,152.14,152.15,152.19,152.27,0,0.0,03/12/2021 17:00,153.28125,153.28125,154.28125,155.28125,0.0
2021-03-15 13:00:00,152.31,153.14,152.29,153.05,153.08,153.08,153.05,153.04,153.0,152.12,152.14,152.15,152.19,152.27,0,0.0,03/12/2021 17:00,153.28125,153.28125,154.28125,155.28125,0.0
2021-03-15 17:00:00,153.05,153.14,153.01,153.08,153.13,153.12,153.09,153.08,153.08,152.15,152.19,152.27,153.0,153.04,0,0.0,03/12/2021 17:00,153.28125,153.28125,154.28125,155.28125,0.0
2021-03-15 21:00:00,153.08,153.13,153.08,153.12,153.21,153.17,153.13,153.12,153.09,152.19,152.27,153.0,153.04,153.05,03/15/2021 17:00,152.71875,0,0.0,152.71875,151.71875,150.71875,0.0
2021-03-15 21:00:00,153.08,153.13,153.08,153.12,153.21,153.17,153.13,153.12,153.09,152.19,152.27,153.0,153.04,153.05,03/15/2021 17:00,152.71875,0,0.0,152.71875,151.71875,150.71875,0.0
2021-03-16 01:00:00,153.13,153.18,153.11,153.15,154.08,154.06,153.3,153.21,153.17,153.05,153.08,153.08,153.09,153.12,03/15/2021 17:00,152.71875,0,0.0,152.71875,151.71875,150.71875,0.0
2021-03-16 01:00:00,153.13,153.18,153.11,153.15,154.08,154.06,153.3,153.21,153.17,153.05,153.08,153.08,153.09,153.12,03/15/2021 17:00,152.71875,0,0.0,152.71875,151.71875,150.71875,0.0
2021-03-16 05:00:00,153.15,153.16,152.31,153.11,154.08,154.06,153.3,153.21,153.17,153.08,153.08,153.09,153.12,153.13,0,0.0,0,0.0,0.0,0.0,0.0,0.0
2021-03-16 09:00:00,153.11,153.19,153.06,153.13,154.08,154.06,153.3,153.21,153.17,153.04,153.05,153.08,153.08,153.09,03/15/2021 17:00,152.71875,0,0.0,152.71875,151.71875,150.71875,0.0
2021-03-16 13:00:00,153.13,153.2,152.24,152.27,154.08,154.06,153.3,153.21,153.17,153.04,153.05,153.08,153.08,153.09,0,0.0,0,0.0,0.0,0.0,0.0,0.0
2021-03-16 17:00:00,152.27,153.15,152.23,152.31,153.21,153.17,153.05,153.01,152.29,152.13,152.14,152.15,152.17,152.19,03/15/2021 17:00,152.71875,0,0.0,152.71875,151.71875,150.71875,0.0
2021-03-16 21:00:00,152.3,153.04,152.24,153.0,153.3,153.21,153.17,153.05,153.01,152.15,152.17,152.19,152.27,152.29,0,0.0,0,0.0,0.0,0.0,0.0,0.0
2021-03-17 01:00:00,153.0,153.02,152.29,152.31,153.21,153.2,153.17,153.05,153.01,152.15,152.17,152.19,152.27,152.29,0,0.0,0,0.0,0.0,0.0,0.0,0.0
2021-03-17 05:00:00,152.31,153.0,152.22,152.27,153.2,153.17,153.15,153.05,153.01,152.17,152.19,152.23,152.27,152.29,0,0.0,0,0.0,0.0,0.0,0.0,0.0
2021-03-17 09:00:00,152.26,152.27,151.29,152.02,153.15,153.05,153.04,153.01,152.27,152.14,152.15,152.17,152.19,152.23,0,0.0,0,0.0,0.0,0.0,0.0,0.0
2021-03-17 13:00:00,152.01,152.14,151.21,152.03,152.14,152.13,152.12,152.09,152.05,151.13,151.14,151.15,151.16,151.2,0,0.0,0,0.0,0.0,0.0,0.0,0.0
2021-03-17 17:00:00,152.02,152.19,151.17,152.07,152.14,152.13,152.12,152.09,152.05,151.13,151.14,151.15,151.16,151.2,0,0.0,0,0.0,0.0,0.0,0.0,0.0
2021-03-17 21:00:00,152.06,152.17,151.29,152.11,152.15,152.14,152.13,152.12,152.09,151.13,151.14,151.15,151.16,151.2,0,0.0,0,0.0,0.0,0.0,0.0,0.0
2021-03-18 01:00:00,152.1,152.1,151.13,151.22,152.17,152.15,152.14,152.13,152.12,151.13,151.14,151.15,151.16,151.2,0,0.0,0,0.0,0.0,0.0,0.0,0.0
2021-03-18 05:00:00,151.23,151.27,150.13,150.24,152.17,152.15,152.14,152.13,152.12,151.13,151.14,151.15,151.16,151.2,0,0.0,0,0.0,0.0,0.0,0.0,0.0
2021-03-18 09:00:00,150.25,150.3,150.07,150.18,151.01,151.01,151.0,150.31,150.26,150.16,150.17,150.17,150.18,150.22,0,0.0,0,0.0,0.0,0.0,0.0,0.0
2021-03-18 13:00:00,150.18,151.02,150.13,150.24,151.01,151.0,150.31,150.26,150.22,150.15,150.16,150.16,150.17,150.17,0,0.0,03/17/2021 17:00,152.4375,152.4375,153.4375,154.4375,0.0
2021-03-18 17:00:00,150.23,151.15,150.21,151.14,151.01,151.01,151.0,150.31,150.26,150.16,150.17,150.17,150.18,150.22,0,0.0,03/17/2021 17:00,152.4375,152.4375,153.4375,154.4375,0.0
2021-03-18 17:00:00,150.23,151.15,150.21,151.14,151.01,151.01,151.0,150.31,150.26,150.16,150.17,150.17,150.18,150.22,0,0.0,03/17/2021 17:00,152.4375,152.4375,153.4375,154.4375,0.0
2021-03-18 17:00:00,150.23,151.15,150.21,151.14,151.01,151.01,151.0,150.31,150.26,150.16,150.17,150.17,150.18,150.22,0,0.0,03/17/2021 17:00,152.4375,152.4375,153.4375,154.4375,0.0
2021-03-18 17:00:00,150.23,151.15,150.21,151.14,151.01,151.01,151.0,150.31,150.26,150.16,150.17,150.17,150.18,150.22,0,0.0,03/17/2021 17:00,152.4375,152.4375,153.4375,154.4375,0.0
2021-03-18 21:00:00,151.1,151.17,151.06,151.09,151.15,151.14,151.13,151.11,151.11,150.17,150.18,150.22,150.26,151.02,0,0.0,0,0.0,0.0,0.0,0.0,0.0
2021-03-19 01:00:00,151.09,151.27,151.08,151.26,151.27,151.2,151.16,151.15,151.14,150.17,150.18,150.22,150.26,151.02,0,0.0,03/18/2021 17:00,151.46875,151.46875,152.46875,153.46875,0.0
2021-03-19 05:00:00,151.25,152.09,151.19,151.28,152.14,152.13,152.12,152.1,151.27,150.22,150.26,151.02,151.16,151.2,0,0.0,03/18/2021 17:00,151.46875,151.46875,152.46875,153.46875,0.0
2021-03-19 05:00:00,151.25,152.09,151.19,151.28,152.14,152.13,152.12,152.1,151.27,150.22,150.26,151.02,151.16,151.2,0,0.0,03/18/2021 17:00,151.46875,151.46875,152.46875,153.46875,0.0
2021-03-19 09:00:00,151.28,152.03,151.13,151.21,152.15,152.14,152.13,152.12,152.1,151.02,151.06,151.16,151.2,151.27,0,0.0,03/18/2021 17:00,151.46875,151.46875,152.46875,153.46875,0.0
2021-03-19 13:00:00,151.21,151.26,150.26,151.11,152.14,152.13,152.12,152.1,151.27,151.02,151.06,151.08,151.16,151.2,0,0.0,0,0.0,0.0,0.0,0.0,0.0
2021-03-19 17:00:00,151.11,151.11,151.01,151.08,152.13,152.12,152.1,152.09,151.27,150.22,150.26,151.02,151.06,151.08,0,0.0,0,0.0,0.0,0.0,0.0,0.0
2021-03-21 21:00:00,151.13,151.26,151.1,151.25,152.12,152.1,152.09,152.03,151.27,150.22,150.26,151.02,151.06,151.08,0,0.0,0,0.0,0.0,0.0,0.0,0.0
2021-03-22 01:00:00,151.25,152.11,151.24,152.07,152.12,152.1,152.09,152.03,151.27,150.26,150.26,151.02,151.06,151.08,0,0.0,03/18/2021 17:00,151.46875,151.46875,152.46875,153.46875,0.0
2021-03-22 05:00:00,152.07,152.14,151.3,152.02,152.14,152.13,152.12,152.1,152.09,151.01,151.02,151.06,151.08,152.03,0,0.0,0,0.0,0.0,0.0,0.0,0.0
2021-03-22 09:00:00,152.02,152.07,151.23,151.31,152.13,152.12,152.1,152.09,152.03,151.01,151.02,151.06,151.08,151.1,0,0.0,0,0.0,0.0,0.0,0.0,0.0
2021-03-22 13:00:00,151.3,152.13,151.23,152.12,152.13,152.12,152.1,152.09,152.03,151.01,151.02,151.06,151.08,151.1,0,0.0,03/18/2021 17:00,151.46875,151.46875,152.46875,153.46875,0.0
2021-03-22 13:00:00,151.3,152.13,151.23,152.12,152.13,152.12,152.1,152.09,152.03,151.01,151.02,151.06,151.08,151.1,0,0.0,03/18/2021 17:00,151.46875,151.46875,152.46875,153.46875,0.0
2021-03-22 17:00:00,152.12,152.13,151.29,151.3,152.17,152.15,152.14,152.14,152.13,151.06,151.08,151.1,152.09,152.1,0,0.0,0,0.0,0.0,0.0,0.0,0.0
2021-03-22 21:00:00,152.0,152.09,151.31,152.04,152.14,152.13,152.12,152.1,152.09,151.01,151.02,151.06,151.08,151.1,0,0.0,0,0.0,0.0,0.0,0.0,0.0
2021-03-23 01:00:00,152.04,152.2,151.28,152.19,152.14,152.13,152.12,152.1,152.09,151.02,151.06,151.08,151.1,151.23,03/22/2021 17:00,151.46875,0,0.0,151.46875,150.46875,149.46875,0.0
2021-03-23 01:00:00,152.04,152.2,151.28,152.19,152.14,152.13,152.12,152.1,152.09,151.02,151.06,151.08,151.1,151.23,03/22/2021 17:00,151.46875,0,0.0,151.46875,150.46875,149.46875,0.0
2021-03-23 01:00:00,152.04,152.2,151.28,152.19,152.14,152.13,152.12,152.1,152.09,151.02,151.06,151.08,151.1,151.23,03/22/2021 17:00,151.46875,0,0.0,151.46875,150.46875,149.46875,0.0
2021-03-23 01:00:00,152.04,152.2,151.28,152.19,152.14,152.13,152.12,152.1,152.09,151.02,151.06,151.08,151.1,151.23,03/22/2021 17:00,151.46875,0,0.0,151.46875,150.46875,149.46875,0.0
2021-03-23 01:00:00,152.04,152.2,151.28,152.19,152.14,152.13,152.12,152.1,152.09,151.02,151.06,151.08,151.1,151.23,03/22/2021 17:00,151.46875,0,0.0,151.46875,150.46875,149.46875,0.0
2021-03-23 05:00:00,152.19,153.02,152.13,152.28,153.02,153.01,153.0,152.27,152.23,152.13,152.14,152.14,152.17,152.17,03/22/2021 17:00,151.46875,0,0.0,151.46875,150.46875,149.46875,0.0
2021-03-23 05:00:00,152.19,153.02,152.13,152.28,153.02,153.01,153.0,152.27,152.23,152.13,152.14,152.14,152.17,152.17,03/22/2021 17:00,151.46875,0,0.0,151.46875,150.46875,149.46875,0.0
2021-03-23 05:00:00,152.19,153.02,152.13,152.28,153.02,153.01,153.0,152.27,152.23,152.13,152.14,152.14,152.17,152.17,03/22/2021 17:00,151.46875,0,0.0,151.46875,150.46875,149.46875,0.0
2021-03-23 05:00:00,152.19,153.02,152.13,152.28,153.02,153.01,153.0,152.27,152.23,152.13,152.14,152.14,152.17,152.17,03/22/2021 17:00,151.46875,0,0.0,151.46875,150.46875,149.46875,0.0
2021-03-23 09:00:00,152.28,153.1,152.23,152.27,153.05,153.04,153.02,153.01,153.0,152.17,152.17,152.19,152.23,152.27,0,0.0,0,0.0,0.0,0.0,0.0,0.0
2021-03-23 13:00:00,152.27,153.0,152.16,152.29,153.05,153.04,153.02,153.01,153.0,152.14,152.17,152.17,152.19,152.23,0,0.0,0,0.0,0.0,0.0,0.0,0.0
2021-03-23 17:00:00,152.28,153.18,152.26,153.15,153.05,153.04,153.02,153.01,153.0,152.17,152.17,152.19,152.23,152.27,03/22/2021 17:00,151.46875,0,0.0,151.46875,150.46875,149.46875,0.0
2021-03-23 17:00:00,152.28,153.18,152.26,153.15,153.05,153.04,153.02,153.01,153.0,152.17,152.17,152.19,152.23,152.27,03/22/2021 17:00,151.46875,0,0.0,151.46875,150.46875,149.46875,0.0
2021-03-23 17:00:00,152.28,153.18,152.26,153.15,153.05,153.04,153.02,153.01,153.0,152.17,152.17,152.19,152.23,152.27,03/22/2021 17:00,151.46875,0,0.0,151.46875,150.46875,149.46875,0.0
2021-03-23 17:00:00,152.28,153.18,152.26,153.15,153.05,153.04,153.02,153.01,153.0,152.17,152.17,152.19,152.23,152.27,03/22/2021 17:00,151.46875,0,0.0,151.46875,150.46875,149.46875,0.0
2021-03-23 21:00:00,153.13,153.25,153.12,153.24,153.3,153.21,153.2,153.17,153.15,152.27,153.0,153.01,153.02,153.04,03/23/2021 17:00,152.4375,0,0.0,152.4375,151.4375,150.4375,0.0
2021-03-23 21:00:00,153.13,153.25,153.12,153.24,153.3,153.21,153.2,153.17,153.15,152.27,153.0,153.01,153.02,153.04,03/23/2021 17:00,152.4375,0,0.0,152.4375,151.4375,150.4375,0.0
2021-03-23 21:00:00,153.13,153.25,153.12,153.24,153.3,153.21,153.2,153.17,153.15,152.27,153.0,153.01,153.02,153.04,03/23/2021 17:00,152.4375,0,0.0,152.4375,151.4375,150.4375,0.0
2021-03-23 21:00:00,153.13,153.25,153.12,153.24,153.3,153.21,153.2,153.17,153.15,152.27,153.0,153.01,153.02,153.04,03/23/2021 17:00,152.4375,0,0.0,152.4375,151.4375,150.4375,0.0
2021-03-24 01:00:00,153.24,154.01,153.22,154.01,154.1,154.1,154.08,154.06,153.3,153.04,153.15,153.17,153.2,153.21,0,0.0,0,0.0,0.0,0.0,0.0,0.0
2021-03-24 05:00:00,154.0,154.04,153.13,153.21,154.14,154.1,154.1,154.08,154.06,153.04,153.15,153.17,153.2,153.21,0,0.0,0,0.0,0.0,0.0,0.0,0.0
2021-03-24 09:00:00,153.21,153.22,153.06,153.1,154.14,154.1,154.1,154.08,154.06,153.04,153.12,153.15,153.17,153.2,0,0.0,0,0.0,0.0,0.0,0.0,0.0
2021-03-24 13:00:00,153.11,153.13,152.29,153.07,154.06,153.2,153.17,153.15,153.12,152.27,153.0,153.01,153.02,153.04,0,0.0,0,0.0,0.0,0.0,0.0,0.0
2021-03-24 17:00:00,153.07,153.3,153.04,153.25,154.04,153.2,153.17,153.15,153.12,152.27,153.0,153.01,153.02,153.04,03/23/2021 17:00,152.4375,0,0.0,152.4375,151.4375,150.4375,0.0
2021-03-24 21:00:00,153.25,153.3,153.15,153.19,154.1,154.1,154.08,154.06,154.04,153.0,153.01,153.02,153.04,153.12,0,0.0,0,0.0,0.0,0.0,0.0,0.0
2021-03-25 01:00:00,153.18,153.24,153.08,153.17,154.1,154.1,154.08,154.06,154.04,153.0,153.01,153.02,153.04,153.12,0,0.0,0,0.0,0.0,0.0,0.0,0.0
2021-03-25 05:00:00,153.17,153.24,153.14,153.19,154.1,154.1,154.08,154.06,154.04,153.01,153.02,153.04,153.04,153.12,0,0.0,0,0.0,0.0,0.0,0.0,0.0
2021-03-25 09:00:00,153.19,154.04,153.17,154.03,154.1,154.08,154.06,154.04,153.3,153.01,153.02,153.04,153.04,153.12,03/24/2021 17:00,153.28125,0,0.0,153.28125,152.28125,151.28125,0.0
2021-03-25 13:00:00,154.03,154.08,153.17,153.24,154.1,154.1,154.08,154.06,154.04,153.04,153.04,153.08,153.12,153.3,0,0.0,0,0.0,0.0,0.0,0.0,0.0
2021-03-25 17:00:00,153.24,153.25,153.07,153.08,154.1,154.08,154.06,154.04,153.3,153.04,153.04,153.08,153.12,153.14,0,0.0,0,0.0,0.0,0.0,0.0,0.0
2021-03-25 21:00:00,153.07,153.19,153.04,153.15,154.06,154.04,153.3,153.14,153.08,153.0,153.01,153.02,153.04,153.04,03/24/2021 17:00,153.28125,0,0.0,153.28125,152.28125,151.28125,0.0
2021-03-26 01:00:00,153.15,153.15,153.06,153.11,154.08,154.08,154.06,154.04,153.3,153.02,153.04,153.04,153.08,153.14,0,0.0,0,0.0,0.0,0.0,0.0,0.0
2021-03-26 05:00:00,153.11,153.13,152.24,152.24,154.08,154.06,154.04,153.3,153.25,153.01,153.02,153.04,153.04,153.08,0,0.0,0,0.0,0.0,0.0,0.0,0.0
2021-03-26 09:00:00,152.24,152.3,152.1,152.22,153.02,153.0,152.29,152.27,152.26,152.16,152.17,152.17,152.19,152.23,0,0.0,0,0.0,0.0,0.0,0.0,0.0
2021-03-26 13:00:00,152.21,153.14,152.19,153.01,153.02,153.0,152.29,152.27,152.26,152.14,152.16,152.17,152.17,152.19,03/24/2021 17:00,153.28125,0,0.0,153.28125,152.28125,151.28125,0.0
2021-03-26 13:00:00,152.21,153.14,152.19,153.01,153.02,153.0,152.29,152.27,152.26,152.14,152.16,152.17,152.17,152.19,03/24/2021 17:00,153.28125,0,0.0,153.28125,152.28125,151.28125,0.0
2021-03-26 17:00:00,153.02,153.05,152.17,152.2,153.19,153.15,153.08,153.04,153.04,152.17,152.17,152.19,152.26,152.29,0,0.0,0,0.0,0.0,0.0,0.0,0.0
2021-03-28 21:00:00,152.19,153.01,152.19,153.0,153.15,153.08,153.04,153.04,153.02,152.14,152.14,152.16,152.17,152.17,0,0.0,0,0.0,0.0,0.0,0.0,0.0
2021-03-29 01:00:00,153.0,153.03,152.28,153.02,153.14,153.08,153.04,153.04,153.02,152.14,152.16,152.17,152.17,152.19,0,0.0,0,0.0,0.0,0.0,0.0,0.0
2021-03-29 05:00:00,153.02,153.14,152.27,152.3,153.14,153.08,153.05,153.04,153.04,152.16,152.17,152.17,152.17,152.19,0,0.0,0,0.0,0.0,0.0,0.0,0.0
2021-03-29 09:00:00,152.3,153.12,152.28,153.03,153.08,153.05,153.04,153.04,153.02,152.17,152.17,152.17,152.19,152.19,0,0.0,0,0.0,0.0,0.0,0.0,0.0
2021-03-29 13:00:00,153.03,153.07,152.05,152.11,153.14,153.08,153.05,153.04,153.04,152.17,152.17,152.17,152.19,152.19,0,0.0,0,0.0,0.0,0.0,0.0,0.0
2021-03-29 17:00:00,152.11,152.11,151.22,152.03,152.17,152.17,152.16,152.14,152.13,151.08,151.1,151.23,151.28,152.1,0,0.0,0,0.0,0.0,0.0,0.0,0.0
2021-03-29 21:00:00,152.01,152.04,151.29,152.0,152.17,152.16,152.14,152.13,152.1,151.06,151.08,151.1,151.23,151.28,0,0.0,0,0.0,0.0,0.0,0.0,0.0
2021-03-30 01:00:00,152.0,152.0,151.1,151.14,152.17,152.16,152.14,152.13,152.1,151.06,151.08,151.1,151.23,151.28,0,0.0,0,0.0,0.0,0.0,0.0,0.0
2021-03-30 05:00:00,151.13,151.15,150.29,151.02,152.13,152.11,152.1,151.28,151.23,151.01,151.02,151.06,151.08,151.1,0,0.0,0,0.0,0.0,0.0,0.0,0.0
2021-03-30 09:00:00,151.02,151.17,151.0,151.12,151.28,151.23,151.1,151.08,151.06,150.21,150.22,150.26,150.26,151.01,0,0.0,03/29/2021 17:00,152.53125,152.53125,153.53125,154.53125,0.0
2021-03-30 09:00:00,151.02,151.17,151.0,151.12,151.28,151.23,151.1,151.08,151.06,150.21,150.22,150.26,150.26,151.01,0,0.0,03/29/2021 17:00,152.53125,152.53125,153.53125,154.53125,0.0
2021-03-30 09:00:00,151.02,151.17,151.0,151.12,151.28,151.23,151.1,151.08,151.06,150.21,150.22,150.26,150.26,151.01,0,0.0,03/29/2021 17:00,152.53125,152.53125,153.53125,154.53125,0.0
2021-03-30 13:00:00,151.12,152.1,151.11,152.03,152.1,152.04,152.0,151.28,151.23,151.01,151.02,151.06,151.08,151.1,0,0.0,03/29/2021 17:00,152.53125,152.53125,153.53125,154.53125,0.0
2021-03-30 13:00:00,151.12,152.1,151.11,152.03,152.1,152.04,152.0,151.28,151.23,151.01,151.02,151.06,151.08,151.1,0,0.0,03/29/2021 17:00,152.53125,152.53125,153.53125,154.53125,0.0
2021-03-30 13:00:00,151.12,152.1,151.11,152.03,152.1,152.04,152.0,151.28,151.23,151.01,151.02,151.06,151.08,151.1,0,0.0,03/29/2021 17:00,152.53125,152.53125,153.53125,154.53125,0.0
2021-03-30 17:00:00,152.03,152.12,151.28,152.11,152.14,152.13,152.11,152.1,152.04,151.08,151.1,151.23,151.28,152.0,0,0.0,03/29/2021 17:00,152.53125,152.53125,153.53125,154.53125,0.0
2021-03-30 17:00:00,152.03,152.12,151.28,152.11,152.14,152.13,152.11,152.1,152.04,151.08,151.1,151.23,151.28,152.0,0,0.0,03/29/2021 17:00,152.53125,152.53125,153.53125,154.53125,0.0
2021-03-30 21:00:00,152.1,152.11,152.01,152.02,152.17,152.16,152.14,152.13,152.11,151.1,151.23,151.28,152.0,152.04,0,0.0,0,0.0,0.0,0.0,0.0,0.0
2021-03-31 01:00:00,152.02,152.03,151.22,151.29,152.16,152.14,152.13,152.11,152.04,151.1,151.11,151.23,151.28,152.0,0,0.0,0,0.0,0.0,0.0,0.0,0.0
2021-03-31 05:00:00,151.29,152.05,151.26,151.28,152.13,152.12,152.11,152.04,152.0,151.08,151.1,151.11,151.23,151.28,0,0.0,0,0.0,0.0,0.0,0.0,0.0
2021-03-31 09:00:00,151.28,152.09,151.25,152.05,152.12,152.11,152.11,152.04,152.0,151.06,151.08,151.1,151.11,151.23,0,0.0,0,0.0,0.0,0.0,0.0,0.0
2021-03-31 13:00:00,152.05,152.14,151.31,152.07,152.14,152.13,152.12,152.11,152.11,151.1,151.11,151.22,151.23,151.28,0,0.0,0,0.0,0.0,0.0,0.0,0.0
2021-03-31 17:00:00,152.07,152.1,151.16,151.25,152.14,152.13,152.12,152.11,152.11,151.1,151.11,151.22,151.23,151.28,0,0.0,0,0.0,0.0,0.0,0.0,0.0
2021-03-31 21:00:00,151.25,152.0,151.2,151.21,152.14,152.13,152.12,152.11,152.11,151.08,151.1,151.11,151.22,151.23,0,0.0,0,0.0,0.0,0.0,0.0,0.0
2021-04-01 01:00:00,151.22,152.08,151.21,152.07,152.14,152.13,152.12,152.11,152.11,151.02,151.06,151.08,151.1,151.11,0,0.0,03/31/2021 17:00,151.875,151.875,152.875,153.875,0.0
2021-04-01 05:00:00,152.07,152.18,152.05,152.12,152.13,152.12,152.11,152.11,152.1,151.08,151.1,151.11,151.16,151.22,0,0.0,03/31/2021 17:00,151.875,151.875,152.875,153.875,0.0
2021-04-01 05:00:00,152.07,152.18,152.05,152.12,152.13,152.12,152.11,152.11,152.1,151.08,151.1,151.11,151.16,151.22,0,0.0,03/31/2021 17:00,151.875,151.875,152.875,153.875,0.0
2021-04-01 09:00:00,152.12,152.29,152.09,152.25,152.17,152.16,152.14,152.14,152.13,151.2,151.22,152.1,152.11,152.11,0,0.0,03/31/2021 17:00,151.875,151.875,152.875,153.875,0.0
2021-04-01 09:00:00,152.12,152.29,152.09,152.25,152.17,152.16,152.14,152.14,152.13,151.2,151.22,152.1,152.11,152.11,0,0.0,03/31/2021 17:00,151.875,151.875,152.875,153.875,0.0
2021-04-01 09:00:00,152.12,152.29,152.09,152.25,152.17,152.16,152.14,152.14,152.13,151.2,151.22,152.1,152.11,152.11,0,0.0,03/31/2021 17:00,151.875,151.875,152.875,153.875,0.0
2021-04-01 09:00:00,152.12,152.29,152.09,152.25,152.17,152.16,152.14,152.14,152.13,151.2,151.22,152.1,152.11,152.11,0,0.0,03/31/2021 17:00,151.875,151.875,152.875,153.875,0.0
2021-04-01 09:00:00,152.12,152.29,152.09,152.25,152.17,152.16,152.14,152.14,152.13,151.2,151.22,152.1,152.11,152.11,0,0.0,03/31/2021 17:00,151.875,151.875,152.875,153.875,0.0
2021-04-01 09:00:00,152.12,152.29,152.09,152.25,152.17,152.16,152.14,152.14,152.13,151.2,151.22,152.1,152.11,152.11,0,0.0,03/31/2021 17:00,151.875,151.875,152.875,153.875,0.0
2021-04-01 13:00:00,152.25,153.12,152.18,153.07,153.08,153.07,153.05,153.04,153.04,152.13,152.14,152.16,152.17,152.19,0,0.0,03/31/2021 17:00,151.875,151.875,152.875,153.875,0.0
2021-04-01 13:00:00,152.25,153.12,152.18,153.07,153.08,153.07,153.05,153.04,153.04,152.13,152.14,152.16,152.17,152.19,0,0.0,03/31/2021 17:00,151.875,151.875,152.875,153.875,0.0
2021-04-01 13:00:00,152.25,153.12,152.18,153.07,153.08,153.07,153.05,153.04,153.04,152.13,152.14,152.16,152.17,152.19,0,0.0,03/31/2021 17:00,151.875,151.875,152.875,153.875,0.0
2021-04-01 17:00:00,153.08,153.13,153.04,153.12,153.19,153.15,153.14,153.14,153.12,152.17,152.19,153.04,153.05,153.07,0,0.0,03/31/2021 17:00,151.875,151.875,152.875,153.875,0.0
2021-04-01 17:00:00,153.08,153.13,153.04,153.12,153.19,153.15,153.14,153.14,153.12,152.17,152.19,153.04,153.05,153.07,0,0.0,03/31/2021 17:00,151.875,151.875,152.875,153.875,0.0
2021-04-01 21:00:00,153.13,153.15,153.1,153.12,153.25,153.19,153.15,153.14,153.14,153.04,153.05,153.07,153.08,153.12,0,0.0,0,0.0,0.0,0.0,0.0,0.0
2021-04-02 01:00:00,153.12,153.14,153.07,153.07,153.25,153.19,153.15,153.14,153.14,152.19,153.04,153.05,153.07,153.08,0,0.0,0,0.0,0.0,0.0,0.0,0.0
2021-04-02 05:00:00,153.07,153.08,153.0,153.08,153.19,153.15,153.14,153.14,153.12,152.18,152.19,153.04,153.04,153.05,0,0.0,0,0.0,0.0,0.0,0.0,0.0
2021-04-02 09:00:00,153.08,153.26,152.29,153.02,153.15,153.15,153.14,153.14,153.12,152.19,153.04,153.04,153.05,153.07,0,0.0,0,0.0,0.0,0.0,0.0,0.0
2021-04-04 19:45:00,153.02,153.06,152.16,153.04,153.14,153.12,153.07,153.05,153.04,152.14,152.16,152.17,152.18,152.19,0,0.0,0,0.0,0.0,0.0,0.0,0.0
2021-04-04 23:45:00,153.05,153.05,152.15,152.21,153.15,153.14,153.14,153.12,153.07,152.16,152.17,152.18,152.19,153.04,0,0.0,0,0.0,0.0,0.0,0.0,0.0
2021-04-05 03:45:00,152.21,152.24,152.18,152.2,153.14,153.12,153.07,153.05,153.04,152.14,152.16,152.17,152.18,152.19,0,0.0,0,0.0,0.0,0.0,0.0,0.0
2021-04-05 07:45:00,152.21,152.25,152.15,152.16,153.12,153.07,153.06,153.05,153.04,152.14,152.16,152.17,152.18,152.19,0,0.0,0,0.0,0.0,0.0,0.0,0.0
2021-04-05 11:45:00,152.17,152.25,152.06,152.22,153.06,153.05,153.05,153.04,152.18,152.11,152.12,152.13,152.14,152.16,04/01/2021 17:00,153.125,0,0.0,153.125,152.125,151.125,0.0
2021-04-05 15:45:00,152.21,152.24,152.17,152.18,153.07,153.06,153.05,153.05,153.04,152.12,152.13,152.14,152.16,152.18,0,0.0,0,0.0,0.0,0.0,0.0,0.0
2021-04-05 20:45:00,152.19,153.03,152.18,153.0,153.07,153.06,153.05,153.05,153.04,152.12,152.13,152.14,152.16,152.18,0,0.0,0,0.0,0.0,0.0,0.0,0.0
2021-04-06 00:45:00,153.0,153.11,152.31,153.06,153.07,153.06,153.05,153.05,153.04,152.12,152.13,152.14,152.16,152.18,04/01/2021 17:00,153.125,0,0.0,153.125,152.125,151.125,0.0
2021-04-06 00:45:00,153.0,153.11,152.31,153.06,153.07,153.06,153.05,153.05,153.04,152.12,152.13,152.14,152.16,152.18,04/01/2021 17:00,153.125,0,0.0,153.125,152.125,151.125,0.0
2021-04-06 04:45:00,153.06,153.09,152.19,152.25,153.15,153.14,153.14,153.12,153.07,152.16,152.17,152.18,153.04,153.05,0,0.0,0,0.0,0.0,0.0,0.0,0.0
2021-04-06 08:45:00,152.25,153.06,152.19,153.03,153.14,153.12,153.07,153.06,153.05,152.14,152.16,152.17,152.18,152.18,0,0.0,0,0.0,0.0,0.0,0.0,0.0
2021-04-06 12:45:00,153.03,153.19,152.31,153.18,153.12,153.11,153.07,153.06,153.05,152.14,152.16,152.17,152.18,152.18,04/01/2021 17:00,153.125,0,0.0,153.125,152.125,151.125,0.0
2021-04-06 12:45:00,153.03,153.19,152.31,153.18,153.12,153.11,153.07,153.06,153.05,152.14,152.16,152.17,152.18,152.18,04/01/2021 17:00,153.125,0,0.0,153.125,152.125,151.125,0.0
2021-04-06 12:45:00,153.03,153.19,152.31,153.18,153.12,153.11,153.07,153.06,153.05,152.14,152.16,152.17,152.18,152.18,04/01/2021 17:00,153.125,0,0.0,153.125,152.125,151.125,0.0
2021-04-06 12:45:00,153.03,153.19,152.31,153.18,153.12,153.11,153.07,153.06,153.05,152.14,152.16,152.17,152.18,152.18,04/01/2021 17:00,153.125,0,0.0,153.125,152.125,151.125,0.0
2021-04-06 12:45:00,153.03,153.19,152.31,153.18,153.12,153.11,153.07,153.06,153.05,152.14,152.16,152.17,152.18,152.18,04/01/2021 17:00,153.125,0,0.0,153.125,152.125,151.125,0.0
2021-04-06 16:45:00,153.18,153.2,153.11,153.14,154.04,153.3,153.26,153.25,153.19,153.12,153.14,153.14,153.15,153.15,0,0.0,0,0.0,0.0,0.0,0.0,0.0
2021-04-06 21:45:00,153.14,153.18,153.06,153.15,153.26,153.25,153.19,153.15,153.15,152.18,152.19,153.06,153.11,153.12,04/06/2021 17:00,153.4375,0,0.0,153.4375,152.4375,151.4375,0.0
2021-04-07 01:45:00,153.15,153.17,153.1,153.13,154.04,153.3,153.26,153.25,153.19,153.06,153.11,153.12,153.14,153.14,0,0.0,0,0.0,0.0,0.0,0.0,0.0
2021-04-07 05:45:00,153.13,154.02,153.13,153.23,153.19,153.15,153.15,153.14,153.14,152.19,152.31,153.06,153.11,153.12,04/06/2021 17:00,153.4375,0,0.0,153.4375,152.4375,151.4375,0.0
2021-04-07 05:45:00,153.13,154.02,153.13,153.23,153.19,153.15,153.15,153.14,153.14,152.19,152.31,153.06,153.11,153.12,04/06/2021 17:00,153.4375,0,0.0,153.4375,152.4375,151.4375,0.0
2021-04-07 05:45:00,153.13,154.02,153.13,153.23,153.19,153.15,153.15,153.14,153.14,152.19,152.31,153.06,153.11,153.12,04/06/2021 17:00,153.4375,0,0.0,153.4375,152.4375,151.4375,0.0
2021-04-07 09:45:00,153.23,153.27,153.05,153.09,154.06,154.04,153.3,153.26,153.25,153.06,153.11,153.12,153.19,153.2,0,0.0,0,0.0,0.0,0.0,0.0,0.0
2021-04-07 13:45:00,153.09,153.26,153.08,153.14,153.25,153.2,153.19,153.12,153.11,152.18,152.19,152.31,153.06,153.06,0,0.0,0,0.0,0.0,0.0,0.0,0.0
2021-04-07 18:45:00,153.14,153.15,152.29,153.03,153.3,153.26,153.25,153.2,153.19,152.18,152.19,152.31,153.06,153.06,0,0.0,0,0.0,0.0,0.0,0.0,0.0
2021-04-07 22:45:00,153.03,153.06,153.01,153.03,153.25,153.2,153.19,153.06,153.06,152.17,152.18,152.18,152.19,152.31,0,0.0,0,0.0,0.0,0.0,0.0,0.0
2021-04-08 02:45:00,153.03,153.08,153.01,153.05,153.25,153.2,153.19,153.06,153.06,152.17,152.18,152.18,152.19,152.31,0,0.0,0,0.0,0.0,0.0,0.0,0.0
2021-04-08 06:45:00,153.06,153.17,153.05,153.17,153.26,153.25,153.2,153.19,153.15,152.18,152.18,152.19,152.29,152.31,0,0.0,04/07/2021 17:00,153.4375,153.4375,154.4375,155.4375,0.0
2021-04-08 06:45:00,153.06,153.17,153.05,153.17,153.26,153.25,153.2,153.19,153.15,152.18,152.18,152.19,152.29,152.31,0,0.0,04/07/2021 17:00,153.4375,153.4375,154.4375,155.4375,0.0
2021-04-08 10:45:00,153.16,153.31,153.05,153.22,153.26,153.26,153.25,153.2,153.19,152.19,152.29,152.31,153.06,153.15,0,0.0,0,0.0,0.0,0.0,0.0,0.0
2021-04-08 14:45:00,153.22,153.29,153.15,153.25,153.3,153.27,153.26,153.26,153.25,152.29,152.31,153.01,153.06,153.15,0,0.0,0,0.0,0.0,0.0,0.0,0.0
2021-04-08 19:45:00,153.24,154.03,153.24,153.27,153.3,153.27,153.26,153.26,153.25,152.29,152.31,153.01,153.06,153.15,04/08/2021 17:00,153.625,0,0.0,153.625,152.625,151.625,0.0
2021-04-08 19:45:00,153.24,154.03,153.24,153.27,153.3,153.27,153.26,153.26,153.25,152.29,152.31,153.01,153.06,153.15,04/08/2021 17:00,153.625,0,0.0,153.625,152.625,151.625,0.0
2021-04-08 23:45:00,153.28,154.04,153.23,153.25,154.08,154.06,154.04,154.02,153.3,153.15,153.25,153.26,153.26,153.27,0,0.0,0,0.0,0.0,0.0,0.0,0.0
2021-04-09 03:45:00,153.25,153.3,153.05,153.08,154.02,153.3,153.27,153.26,153.26,153.01,153.05,153.06,153.15,153.15,0,0.0,0,0.0,0.0,0.0,0.0,0.0
2021-04-09 07:45:00,153.08,153.14,153.05,153.08,153.26,153.26,153.25,153.15,153.15,152.29,152.31,153.01,153.05,153.06,0,0.0,0,0.0,0.0,0.0,0.0,0.0
2021-04-09 11:45:00,153.08,153.29,153.01,153.27,153.26,153.26,153.25,153.15,153.15,152.29,152.31,153.01,153.05,153.06,04/08/2021 17:00,153.625,0,0.0,153.625,152.625,151.625,0.0
2021-04-09 11:45:00,153.08,153.29,153.01,153.27,153.26,153.26,153.25,153.15,153.15,152.29,152.31,153.01,153.05,153.06,04/08/2021 17:00,153.625,0,0.0,153.625,152.625,151.625,0.0
2021-04-09 15:45:00,153.27,153.3,153.14,153.19,154.04,154.04,154.02,153.3,153.3,152.31,153.01,153.05,153.06,153.15,0,0.0,0,0.0,0.0,0.0,0.0,0.0
2021-04-11 20:45:00,153.19,153.24,153.12,153.15,154.04,154.02,153.3,153.3,153.27,152.31,153.01,153.05,153.06,153.15,0,0.0,0,0.0,0.0,0.0,0.0,0.0
2021-04-12 00:45:00,153.16,153.26,153.16,153.23,154.04,154.02,153.3,153.3,153.27,153.01,153.01,153.05,153.06,153.15,0,0.0,0,0.0,0.0,0.0,0.0,0.0
2021-04-12 04:45:00,153.23,153.31,153.19,153.24,154.02,153.3,153.3,153.3,153.27,153.01,153.01,153.05,153.06,153.15,0,0.0,0,0.0,0.0,0.0,0.0,0.0
2021-04-12 08:45:00,153.24,153.25,153.14,153.19,154.02,153.3,153.3,153.3,153.27,153.01,153.05,153.06,153.12,153.15,0,0.0,0,0.0,0.0,0.0,0.0,0.0
2021-04-12 12:45:00,153.19,153.2,153.05,153.13,154.02,153.3,153.3,153.3,153.27,153.01,153.05,153.06,153.12,153.15,0,0.0,0,0.0,0.0,0.0,0.0,0.0
2021-04-12 16:45:00,153.13,153.15,153.05,153.14,153.31,153.3,153.3,153.3,153.27,153.01,153.01,153.05,153.06,153.12,0,0.0,0,0.0,0.0,0.0,0.0,0.0
2021-04-12 21:45:00,153.14,153.17,153.06,153.11,153.3,153.3,153.3,153.27,153.25,153.01,153.01,153.05,153.06,153.12,0,0.0,0,0.0,0.0,0.0,0.0,0.0
2021-04-13 01:45:00,153.1,153.1,152.28,152.29,153.3,153.27,153.25,153.2,153.12,152.31,153.01,153.01,153.05,153.06,0,0.0,0,0.0,0.0,0.0,0.0,0.0
2021-04-13 05:45:00,152.29,153.03,152.25,152.31,153.12,153.05,153.01,153.01,152.31,152.16,152.17,152.18,152.18,152.19,0,0.0,0,0.0,0.0,0.0,0.0,0.0
2021-04-13 09:45:00,153.0,153.2,152.29,153.19,153.17,153.12,153.05,153.01,153.01,152.18,152.18,152.19,152.29,152.31,0,0.0,04/09/2021 17:00,153.59375,153.59375,154.59375,155.59375,0.0
2021-04-13 09:45:00,153.0,153.2,152.29,153.19,153.17,153.12,153.05,153.01,153.01,152.18,152.18,152.19,152.29,152.31,0,0.0,04/09/2021 17:00,153.59375,153.59375,154.59375,155.59375,0.0
2021-04-13 09:45:00,153.0,153.2,152.29,153.19,153.17,153.12,153.05,153.01,153.01,152.18,152.18,152.19,152.29,152.31,0,0.0,04/09/2021 17:00,153.59375,153.59375,154.59375,155.59375,0.0
2021-04-13 09:45:00,153.0,153.2,152.29,153.19,153.17,153.12,153.05,153.01,153.01,152.18,152.18,152.19,152.29,152.31,0,0.0,04/09/2021 17:00,153.59375,153.59375,154.59375,155.59375,0.0
2021-04-13 09:45:00,153.0,153.2,152.29,153.19,153.17,153.12,153.05,153.01,153.01,152.18,152.18,152.19,152.29,152.31,0,0.0,04/09/2021 17:00,153.59375,153.59375,154.59375,155.59375,0.0
2021-04-13 13:45:00,153.19,154.07,153.14,154.05,153.3,153.3,153.27,153.25,153.2,153.01,153.01,153.05,153.12,153.17,0,0.0,04/09/2021 17:00,153.59375,153.59375,154.59375,155.59375,0.0
2021-04-13 13:45:00,153.19,154.07,153.14,154.05,153.3,153.3,153.27,153.25,153.2,153.01,153.01,153.05,153.12,153.17,0,0.0,04/09/2021 17:00,153.59375,153.59375,154.59375,155.59375,0.0
2021-04-13 13:45:00,153.19,154.07,153.14,154.05,153.3,153.3,153.27,153.25,153.2,153.01,153.01,153.05,153.12,153.17,0,0.0,04/09/2021 17:00,153.59375,153.59375,154.59375,155.59375,0.0
2021-04-13 13:45:00,153.19,154.07,153.14,154.05,153.3,153.3,153.27,153.25,153.2,153.01,153.01,153.05,153.12,153.17,0,0.0,04/09/2021 17:00,153.59375,153.59375,154.59375,155.59375,0.0
2021-04-13 13:45:00,153.19,154.07,153.14,154.05,153.3,153.3,153.27,153.25,153.2,153.01,153.01,153.05,153.12,153.17,0,0.0,04/09/2021 17:00,153.59375,153.59375,154.59375,155.59375,0.0
2021-04-13 13:45:00,153.19,154.07,153.14,154.05,153.3,153.3,153.27,153.25,153.2,153.01,153.01,153.05,153.12,153.17,0,0.0,04/09/2021 17:00,153.59375,153.59375,154.59375,155.59375,0.0
2021-04-13 13:45:00,153.19,154.07,153.14,154.05,153.3,153.3,153.27,153.25,153.2,153.01,153.01,153.05,153.12,153.17,0,0.0,04/09/2021 17:00,153.59375,153.59375,154.59375,155.59375,0.0
2021-04-13 13:45:00,153.19,154.07,153.14,154.05,153.3,153.3,153.27,153.25,153.2,153.01,153.01,153.05,153.12,153.17,0,0.0,04/09/2021 17:00,153.59375,153.59375,154.59375,155.59375,0.0
2021-04-13 13:45:00,153.19,154.07,153.14,154.05,153.3,153.3,153.27,153.25,153.2,153.01,153.01,153.05,153.12,153.17,0,0.0,04/09/2021 17:00,153.59375,153.59375,154.59375,155.59375,0.0
2021-04-13 18:45:00,154.06,154.11,154.01,154.1,154.14,154.1,154.1,154.08,154.08,153.3,153.31,154.02,154.04,154.04,04/13/2021 17:00,153.59375,0,0.0,153.59375,152.59375,151.59375,0.0
2021-04-13 18:45:00,154.06,154.11,154.01,154.1,154.14,154.1,154.1,154.08,154.08,153.3,153.31,154.02,154.04,154.04,04/13/2021 17:00,153.59375,0,0.0,153.59375,152.59375,151.59375,0.0
2021-04-13 18:45:00,154.06,154.11,154.01,154.1,154.14,154.1,154.1,154.08,154.08,153.3,153.31,154.02,154.04,154.04,04/13/2021 17:00,153.59375,0,0.0,153.59375,152.59375,151.59375,0.0
2021-04-13 22:45:00,154.09,154.14,154.06,154.08,154.15,154.15,154.14,154.1,154.1,154.04,154.04,154.06,154.08,154.08,04/13/2021 17:00,153.59375,0,0.0,153.59375,152.59375,151.59375,0.0
2021-04-14 02:45:00,154.09,154.11,154.03,154.05,154.15,154.15,154.14,154.1,154.1,154.04,154.04,154.06,154.08,154.08,0,0.0,0,0.0,0.0,0.0,0.0,0.0
2021-04-14 06:45:00,154.04,154.07,153.29,154.04,154.15,154.14,154.1,154.1,154.08,153.3,153.3,153.31,154.01,154.02,0,0.0,0,0.0,0.0,0.0,0.0,0.0
2021-04-14 10:45:00,154.04,154.08,153.29,154.03,154.14,154.14,154.1,154.1,154.08,153.3,153.3,153.31,154.01,154.02,0,0.0,0,0.0,0.0,0.0,0.0,0.0
2021-04-14 14:45:00,154.03,154.05,153.21,153.29,154.1,154.1,154.08,154.04,154.04,153.3,153.3,153.31,154.01,154.02,0,0.0,0,0.0,0.0,0.0,0.0,0.0
2021-04-14 19:45:00,153.29,154.01,153.26,153.26,154.02,154.01,153.31,153.3,153.3,153.14,153.17,153.2,153.25,153.27,0,0.0,0,0.0,0.0,0.0,0.0,0.0
2021-04-14 23:45:00,153.27,154.01,153.24,154.01,154.02,154.01,153.31,153.3,153.3,153.12,153.14,153.17,153.2,153.25,0,0.0,0,0.0,0.0,0.0,0.0,0.0
2021-04-15 03:45:00,154.0,154.1,153.27,154.1,154.05,154.04,154.04,154.02,154.01,153.14,153.17,153.2,153.21,153.25,04/13/2021 17:00,153.59375,0,0.0,153.59375,152.59375,151.59375,0.0
2021-04-15 03:45:00,154.0,154.1,153.27,154.1,154.05,154.04,154.04,154.02,154.01,153.14,153.17,153.2,153.21,153.25,04/13/2021 17:00,153.59375,0,0.0,153.59375,152.59375,151.59375,0.0
2021-04-15 03:45:00,154.0,154.1,153.27,154.1,154.05,154.04,154.04,154.02,154.01,153.14,153.17,153.2,153.21,153.25,04/13/2021 17:00,153.59375,0,0.0,153.59375,152.59375,151.59375,0.0
2021-04-15 07:45:00,154.09,154.13,154.06,154.11,154.14,154.14,154.11,154.1,154.1,153.21,153.25,154.01,154.05,154.08,04/13/2021 17:00,153.59375,0,0.0,153.59375,152.59375,151.59375,0.0
2021-04-15 07:45:00,154.09,154.13,154.06,154.11,154.14,154.14,154.11,154.1,154.1,153.21,153.25,154.01,154.05,154.08,04/13/2021 17:00,153.59375,0,0.0,153.59375,152.59375,151.59375,0.0
2021-04-15 11:45:00,154.11,155.28,154.08,155.23,154.16,154.15,154.15,154.14,154.14,154.01,154.05,154.08,154.1,154.1,04/13/2021 17:00,153.59375,0,0.0,153.59375,152.59375,151.59375,0.0
2021-04-15 11:45:00,154.11,155.28,154.08,155.23,154.16,154.15,154.15,154.14,154.14,154.01,154.05,154.08,154.1,154.1,04/13/2021 17:00,153.59375,0,0.0,153.59375,152.59375,151.59375,0.0
2021-04-15 11:45:00,154.11,155.28,154.08,155.23,154.16,154.15,154.15,154.14,154.14,154.01,154.05,154.08,154.1,154.1,04/13/2021 17:00,153.59375,0,0.0,153.59375,152.59375,151.59375,0.0
2021-04-15 11:45:00,154.11,155.28,154.08,155.23,154.16,154.15,154.15,154.14,154.14,154.01,154.05,154.08,154.1,154.1,04/13/2021 17:00,153.59375,0,0.0,153.59375,152.59375,151.59375,0.0
2021-04-15 11:45:00,154.11,155.28,154.08,155.23,154.16,154.15,154.15,154.14,154.14,154.01,154.05,154.08,154.1,154.1,04/13/2021 17:00,153.59375,0,0.0,153.59375,152.59375,151.59375,0.0
2021-04-15 11:45:00,154.11,155.28,154.08,155.23,154.16,154.15,154.15,154.14,154.14,154.01,154.05,154.08,154.1,154.1,04/13/2021 17:00,153.59375,0,0.0,153.59375,152.59375,151.59375,0.0
2021-04-15 11:45:00,154.11,155.28,154.08,155.23,154.16,154.15,154.15,154.14,154.14,154.01,154.05,154.08,154.1,154.1,04/13/2021 17:00,153.59375,0,0.0,153.59375,152.59375,151.59375,0.0
2021-04-15 11:45:00,154.11,155.28,154.08,155.23,154.16,154.15,154.15,154.14,154.14,154.01,154.05,154.08,154.1,154.1,04/13/2021 17:00,153.59375,0,0.0,153.59375,152.59375,151.59375,0.0
2021-04-15 15:45:00,155.23,156.01,155.15,155.17,155.31,155.29,155.28,155.28,155.24,154.24,154.24,154.25,155.07,155.21,04/13/2021 17:00,153.59375,0,0.0,153.59375,152.59375,151.59375,0.0
2021-04-15 20:45:00,155.17,155.18,154.22,155.06,155.28,155.24,155.23,155.23,155.21,154.2,154.24,154.24,154.25,155.07,0,0.0,0,0.0,0.0,0.0,0.0,0.0
2021-04-16 00:45:00,155.06,155.06,154.24,154.29,155.24,155.23,155.23,155.21,155.07,154.15,154.2,154.24,154.24,154.25,0,0.0,0,0.0,0.0,0.0,0.0,0.0
2021-04-16 04:45:00,154.28,154.3,154.21,154.25,155.24,155.23,155.23,155.21,155.07,154.15,154.2,154.24,154.24,154.25,0,0.0,0,0.0,0.0,0.0,0.0,0.0
2021-04-16 08:45:00,154.25,155.15,154.25,154.27,155.23,155.23,155.21,155.18,155.07,154.14,154.15,154.2,154.24,154.24,0,0.0,0,0.0,0.0,0.0,0.0,0.0
2021-04-16 12:45:00,154.27,154.31,154.16,154.25,155.23,155.23,155.21,155.18,155.07,154.15,154.2,154.24,154.24,154.25,0,0.0,0,0.0,0.0,0.0,0.0,0.0
2021-04-16 16:45:00,154.25,155.03,154.16,154.21,155.23,155.23,155.21,155.18,155.07,154.14,154.15,154.2,154.24,154.24,0,0.0,0,0.0,0.0,0.0,0.0,0.0
2021-04-18 21:45:00,154.21,155.09,154.21,155.07,155.21,155.18,155.15,155.07,154.24,154.1,154.11,154.14,154.15,154.2,0,0.0,0,0.0,0.0,0.0,0.0,0.0
2021-04-19 01:45:00,155.08,155.09,155.0,155.01,155.23,155.23,155.21,155.18,155.15,154.11,154.14,154.15,154.2,155.07,0,0.0,0,0.0,0.0,0.0,0.0,0.0
2021-04-19 05:45:00,155.01,155.13,155.0,155.11,155.23,155.21,155.18,155.15,155.07,154.11,154.14,154.15,154.16,154.2,0,0.0,0,0.0,0.0,0.0,0.0,0.0
2021-04-19 09:45:00,155.12,155.12,154.07,154.09,155.23,155.23,155.21,155.18,155.15,154.14,154.15,154.16,154.2,154.21,0,0.0,0,0.0,0.0,0.0,0.0,0.0
2021-04-19 13:45:00,154.09,154.28,154.07,154.15,154.2,154.16,154.14,154.11,154.1,154.01,154.05,154.06,154.08,154.08,0,0.0,0,0.0,0.0,0.0,0.0,0.0
2021-04-19 18:45:00,154.14,154.18,154.1,154.14,155.15,155.13,154.21,154.2,154.16,154.01,154.05,154.06,154.08,154.08,0,0.0,0,0.0,0.0,0.0,0.0,0.0
2021-04-19 22:45:00,154.14,154.17,154.05,154.09,155.13,155.12,154.21,154.2,154.16,154.01,154.05,154.06,154.08,154.08,0,0.0,0,0.0,0.0,0.0,0.0,0.0
2021-04-20 02:45:00,154.09,154.11,153.31,154.01,155.12,154.28,154.21,154.2,154.16,154.01,154.05,154.06,154.08,154.08,0,0.0,0,0.0,0.0,0.0,0.0,0.0
2021-04-20 06:45:00,154.02,154.18,153.27,154.18,154.16,154.08,154.08,154.06,154.05,153.21,153.24,153.25,153.27,154.01,0,0.0,04/19/2021 17:00,154.75,154.75,155.75,156.75,0.0
2021-04-20 06:45:00,154.02,154.18,153.27,154.18,154.16,154.08,154.08,154.06,154.05,153.21,153.24,153.25,153.27,154.01,0,0.0,04/19/2021 17:00,154.75,154.75,155.75,156.75,0.0
2021-04-20 06:45:00,154.02,154.18,153.27,154.18,154.16,154.08,154.08,154.06,154.05,153.21,153.24,153.25,153.27,154.01,0,0.0,04/19/2021 17:00,154.75,154.75,155.75,156.75,0.0
2021-04-20 10:45:00,154.18,154.27,154.05,154.24,155.13,155.12,154.28,154.21,154.2,153.27,154.01,154.06,154.08,154.16,0,0.0,04/19/2021 17:00,154.75,154.75,155.75,156.75,0.0
2021-04-20 10:45:00,154.18,154.27,154.05,154.24,155.13,155.12,154.28,154.21,154.2,153.27,154.01,154.06,154.08,154.16,0,0.0,04/19/2021 17:00,154.75,154.75,155.75,156.75,0.0
2021-04-20 14:45:00,154.25,155.1,154.23,155.05,155.18,155.15,155.13,155.12,154.28,154.06,154.08,154.16,154.18,154.21,0,0.0,04/19/2021 17:00,154.75,154.75,155.75,156.75,0.0
2021-04-20 19:45:00,155.05,155.07,155.01,155.03,155.21,155.18,155.15,155.13,155.12,154.08,154.16,154.18,154.21,154.28,0,0.0,0,0.0,0.0,0.0,0.0,0.0
2021-04-20 23:45:00,155.03,155.07,155.0,155.02,155.21,155.18,155.15,155.13,155.12,154.08,154.16,154.18,154.21,154.28,0,0.0,0,0.0,0.0,0.0,0.0,0.0
2021-04-21 03:45:00,155.03,155.08,154.28,154.28,155.18,155.15,155.13,155.12,155.1,154.16,154.18,154.21,154.23,154.28,0,0.0,0,0.0,0.0,0.0,0.0,0.0
2021-04-21 07:45:00,154.29,155.03,154.25,155.01,155.18,155.15,155.13,155.12,155.1,154.16,154.18,154.21,154.23,154.28,0,0.0,0,0.0,0.0,0.0,0.0,0.0
2021-04-21 11:45:00,155.02,155.12,154.25,154.3,155.18,155.15,155.13,155.12,155.1,154.16,154.18,154.21,154.23,154.28,0,0.0,0,0.0,0.0,0.0,0.0,0.0
2021-04-21 15:45:00,154.3,155.09,154.3,155.07,155.18,155.15,155.13,155.12,155.1,154.16,154.18,154.21,154.23,154.28,0,0.0,0,0.0,0.0,0.0,0.0,0.0
2021-04-21 20:45:00,155.06,155.15,155.05,155.14,155.18,155.15,155.13,155.12,155.1,154.16,154.18,154.21,154.23,154.28,04/20/2021 17:00,154.75,0,0.0,154.75,153.75,152.75,0.0
2021-04-21 20:45:00,155.06,155.15,155.05,155.14,155.18,155.15,155.13,155.12,155.1,154.16,154.18,154.21,154.23,154.28,04/20/2021 17:00,154.75,0,0.0,154.75,153.75,152.75,0.0
2021-04-21 20:45:00,155.06,155.15,155.05,155.14,155.18,155.15,155.13,155.12,155.1,154.16,154.18,154.21,154.23,154.28,04/20/2021 17:00,154.75,0,0.0,154.75,153.75,152.75,0.0
2021-04-22 00:45:00,155.14,155.29,155.14,155.25,155.23,155.23,155.21,155.18,155.15,154.25,154.28,155.1,155.12,155.13,04/20/2021 17:00,154.75,0,0.0,154.75,153.75,152.75,0.0
2021-04-22 00:45:00,155.14,155.29,155.14,155.25,155.23,155.23,155.21,155.18,155.15,154.25,154.28,155.1,155.12,155.13,04/20/2021 17:00,154.75,0,0.0,154.75,153.75,152.75,0.0
2021-04-22 00:45:00,155.14,155.29,155.14,155.25,155.23,155.23,155.21,155.18,155.15,154.25,154.28,155.1,155.12,155.13,04/20/2021 17:00,154.75,0,0.0,154.75,153.75,152.75,0.0
2021-04-22 00:45:00,155.14,155.29,155.14,155.25,155.23,155.23,155.21,155.18,155.15,154.25,154.28,155.1,155.12,155.13,04/20/2021 17:00,154.75,0,0.0,154.75,153.75,152.75,0.0
2021-04-22 04:45:00,155.25,155.27,155.09,155.1,156.0,155.31,155.29,155.28,155.28,155.15,155.18,155.23,155.23,155.24,0,0.0,0,0.0,0.0,0.0,0.0,0.0
2021-04-22 08:45:00,155.1,155.13,154.3,155.06,155.23,155.18,155.15,155.13,155.12,154.23,154.25,154.28,154.3,155.05,0,0.0,0,0.0,0.0,0.0,0.0,0.0
2021-04-22 12:45:00,155.06,155.21,154.26,154.28,155.18,155.15,155.13,155.12,155.1,154.23,154.25,154.28,154.3,155.05,0,0.0,0,0.0,0.0,0.0,0.0,0.0
2021-04-22 16:45:00,154.28,155.25,154.27,155.25,155.13,155.12,155.1,155.05,154.3,154.16,154.18,154.21,154.23,154.25,04/20/2021 17:00,154.75,0,0.0,154.75,153.75,152.75,0.0
2021-04-22 16:45:00,154.28,155.25,154.27,155.25,155.13,155.12,155.1,155.05,154.3,154.16,154.18,154.21,154.23,154.25,04/20/2021 17:00,154.75,0,0.0,154.75,153.75,152.75,0.0
2021-04-22 16:45:00,154.28,155.25,154.27,155.25,155.13,155.12,155.1,155.05,154.3,154.16,154.18,154.21,154.23,154.25,04/20/2021 17:00,154.75,0,0.0,154.75,153.75,152.75,0.0
2021-04-22 21:45:00,155.24,155.27,155.13,155.14,155.29,155.29,155.28,155.28,155.27,154.23,154.25,154.28,154.3,155.05,0,0.0,0,0.0,0.0,0.0,0.0,0.0
2021-04-23 01:45:00,155.15,155.17,155.09,155.14,155.29,155.29,155.28,155.28,155.27,154.25,154.26,154.28,154.3,155.05,0,0.0,0,0.0,0.0,0.0,0.0,0.0
2021-04-23 05:45:00,155.14,155.19,155.05,155.17,155.29,155.29,155.28,155.28,155.27,154.26,154.27,154.28,154.3,155.05,0,0.0,0,0.0,0.0,0.0,0.0,0.0
2021-04-23 09:45:00,155.17,155.3,155.13,155.16,155.29,155.28,155.28,155.27,155.27,154.26,154.27,154.28,154.3,155.05,0,0.0,0,0.0,0.0,0.0,0.0,0.0
2021-04-23 13:45:00,155.16,155.18,154.31,155.1,155.29,155.28,155.28,155.27,155.27,154.26,154.27,154.28,154.3,155.05,0,0.0,0,0.0,0.0,0.0,0.0,0.0
2021-04-25 18:45:00,155.09,155.18,155.06,155.11,155.29,155.28,155.28,155.27,155.27,154.26,154.27,154.28,154.3,155.05,0,0.0,0,0.0,0.0,0.0,0.0,0.0
2021-04-25 22:45:00,155.1,155.17,155.1,155.1,155.29,155.28,155.28,155.27,155.27,154.26,154.27,154.28,154.3,155.05,0,0.0,0,0.0,0.0,0.0,0.0,0.0
2021-04-26 02:45:00,155.1,155.1,154.3,155.01,155.29,155.28,155.28,155.27,155.27,154.27,154.28,154.3,154.31,155.05,0,0.0,0,0.0,0.0,0.0,0.0,0.0
2021-04-26 06:45:00,155.01,155.09,154.3,154.31,155.28,155.28,155.27,155.27,155.18,154.26,154.27,154.28,154.3,154.31,0,0.0,0,0.0,0.0,0.0,0.0,0.0
2021-04-26 10:45:00,155.0,155.22,154.24,155.16,155.28,155.27,155.27,155.18,155.17,154.26,154.27,154.28,154.3,154.31,0,0.0,0,0.0,0.0,0.0,0.0,0.0
2021-04-26 14:45:00,155.16,155.18,155.1,155.14,155.28,155.27,155.27,155.18,155.17,154.26,154.27,154.28,154.3,154.31,0,0.0,0,0.0,0.0,0.0,0.0,0.0
2021-04-26 19:45:00,155.14,155.17,155.11,155.14,155.28,155.27,155.27,155.18,155.17,154.26,154.27,154.28,154.3,154.31,0,0.0,0,0.0,0.0,0.0,0.0,0.0
2021-04-26 23:45:00,155.14,155.14,155.08,155.08,155.27,155.27,155.22,155.18,155.17,154.26,154.27,154.28,154.3,154.31,0,0.0,0,0.0,0.0,0.0,0.0,0.0
2021-04-27 03:45:00,155.09,155.12,155.05,155.11,155.27,155.22,155.18,155.18,155.17,154.26,154.27,154.28,154.3,154.31,0,0.0,0,0.0,0.0,0.0,0.0,0.0
2021-04-27 07:45:00,155.11,155.11,155.02,155.04,155.22,155.18,155.18,155.17,155.17,154.26,154.27,154.28,154.3,154.31,0,0.0,0,0.0,0.0,0.0,0.0,0.0
2021-04-27 11:45:00,155.05,155.15,154.3,154.3,155.18,155.18,155.17,155.17,155.14,154.26,154.27,154.28,154.3,154.31,0,0.0,0,0.0,0.0,0.0,0.0,0.0
2021-04-27 15:45:00,154.31,155.03,154.1,154.18,155.18,155.18,155.17,155.17,155.14,154.25,154.26,154.27,154.28,154.3,0,0.0,0,0.0,0.0,0.0,0.0,0.0
2021-04-27 20:45:00,154.18,154.18,154.07,154.09,154.27,154.26,154.25,154.24,154.23,154.01,154.05,154.06,154.08,154.16,0,0.0,0,0.0,0.0,0.0,0.0,0.0
2021-04-28 00:45:00,154.09,154.16,154.07,154.09,154.26,154.25,154.24,154.23,154.18,153.27,154.01,154.05,154.06,154.08,0,0.0,0,0.0,0.0,0.0,0.0,0.0
2021-04-28 04:45:00,154.09,154.09,153.29,154.03,154.26,154.25,154.24,154.23,154.18,153.27,154.01,154.05,154.06,154.08,0,0.0,0,0.0,0.0,0.0,0.0,0.0
2021-04-28 08:45:00,154.03,154.13,153.29,154.11,154.24,154.23,154.18,154.18,154.05,153.24,153.25,153.27,153.27,154.01,0,0.0,04/27/2021 17:00,154.78125,154.78125,155.78125,156.78125,0.0
2021-04-28 12:45:00,154.11,154.18,154.06,154.07,154.24,154.23,154.18,154.18,154.16,153.25,153.27,153.27,154.01,154.05,0,0.0,0,0.0,0.0,0.0,0.0,0.0
2021-04-28 16:45:00,154.08,154.24,153.31,154.2,154.24,154.23,154.18,154.18,154.16,153.25,153.27,153.27,154.01,154.05,0,0.0,04/27/2021 17:00,154.78125,154.78125,155.78125,156.78125,0.0
2021-04-28 16:45:00,154.08,154.24,153.31,154.2,154.24,154.23,154.18,154.18,154.16,153.25,153.27,153.27,154.01,154.05,0,0.0,04/27/2021 17:00,154.78125,154.78125,155.78125,156.78125,0.0
2021-04-28 21:45:00,154.2,154.21,154.11,154.13,154.27,154.26,154.25,154.24,154.23,153.29,154.01,154.05,154.16,154.18,0,0.0,0,0.0,0.0,0.0,0.0,0.0
2021-04-29 01:45:00,154.13,154.15,154.1,154.11,154.25,154.24,154.23,154.18,154.16,153.27,153.27,153.29,154.01,154.05,0,0.0,0,0.0,0.0,0.0,0.0,0.0
2021-04-29 05:45:00,154.11,154.11,153.25,153.29,154.24,154.24,154.23,154.18,154.16,153.27,153.29,153.31,154.01,154.05,0,0.0,0,0.0,0.0,0.0,0.0,0.0
2021-04-29 09:45:00,153.29,154.01,153.11,153.15,154.23,154.21,154.18,154.16,153.31,153.21,153.24,153.25,153.27,153.27,0,0.0,0,0.0,0.0,0.0,0.0,0.0
2021-04-29 13:45:00,153.15,154.02,153.06,153.3,153.25,153.24,153.21,153.2,153.17,153.01,153.01,153.05,153.12,153.14,0,0.0,04/27/2021 17:00,154.78125,154.78125,155.78125,156.78125,0.0
2021-04-29 13:45:00,153.15,154.02,153.06,153.3,153.25,153.24,153.21,153.2,153.17,153.01,153.01,153.05,153.12,153.14,0,0.0,04/27/2021 17:00,154.78125,154.78125,155.78125,156.78125,0.0
2021-04-29 13:45:00,153.15,154.02,153.06,153.3,153.25,153.24,153.21,153.2,153.17,153.01,153.01,153.05,153.12,153.14,0,0.0,04/27/2021 17:00,154.78125,154.78125,155.78125,156.78125,0.0
2021-04-29 13:45:00,153.15,154.02,153.06,153.3,153.25,153.24,153.21,153.2,153.17,153.01,153.01,153.05,153.12,153.14,0,0.0,04/27/2021 17:00,154.78125,154.78125,155.78125,156.78125,0.0
2021-04-29 18:45:00,153.3,154.1,153.3,154.07,154.18,154.16,154.15,154.11,153.31,153.21,153.24,153.27,153.27,153.29,0,0.0,04/29/2021 17:00,154.25,154.25,155.25,156.25,152.2
2021-04-29 18:45:00,153.3,154.1,153.3,154.07,154.18,154.16,154.15,154.11,153.31,153.21,153.24,153.27,153.27,153.29,0,0.0,04/29/2021 17:00,154.25,154.25,155.25,156.25,152.2
2021-04-29 22:45:00,154.08,154.08,153.27,154.02,154.21,154.18,154.16,154.15,154.11,153.24,153.27,153.27,153.29,153.31,0,0.0,0,0.0,0.0,0.0,0.0,0.0
2021-04-30 02:45:00,154.02,154.08,154.02,154.08,154.21,154.18,154.16,154.15,154.11,153.24,153.27,153.27,153.29,153.31,0,0.0,0,0.0,0.0,0.0,0.0,0.0
2021-04-30 06:45:00,154.07,154.09,154.01,154.07,154.18,154.16,154.15,154.11,154.1,153.24,153.27,153.27,153.29,153.31,0,0.0,0,0.0,0.0,0.0,0.0,0.0
2021-04-30 10:45:00,154.08,154.11,153.3,154.1,154.18,154.16,154.15,154.11,154.1,153.27,153.27,153.27,153.29,153.31,0,0.0,0,0.0,0.0,0.0,0.0,0.0
2021-04-30 14:45:00,154.1,154.15,154.02,154.07,154.21,154.18,154.16,154.15,154.11,153.27,153.27,153.27,153.29,153.31,0,0.0,0,0.0,0.0,0.0,0.0,0.0
2021-05-02 19:45:00,154.08,154.14,153.31,154.04,154.18,154.16,154.15,154.11,154.1,153.27,153.27,153.27,153.29,153.31,0,0.0,0,0.0,0.0,0.0,0.0,0.0
2021-05-02 23:45:00,154.04,154.06,153.3,154.04,154.18,154.16,154.15,154.11,154.1,153.27,153.27,153.29,153.3,153.31,0,0.0,0,0.0,0.0,0.0,0.0,0.0
2021-05-03 03:45:00,154.04,154.1,154.01,154.05,154.16,154.15,154.15,154.11,154.1,153.27,153.27,153.29,153.3,153.31,0,0.0,0,0.0,0.0,0.0,0.0,0.0
2021-05-03 07:45:00,154.05,154.05,153.21,154.01,154.15,154.15,154.14,154.11,154.1,153.27,153.27,153.29,153.3,153.31,0,0.0,0,0.0,0.0,0.0,0.0,0.0
2021-05-03 11:45:00,154.01,155.1,153.25,154.13,154.15,154.15,154.14,154.11,154.1,153.27,153.27,153.29,153.3,153.31,0,0.0,04/29/2021 17:00,154.25,154.25,155.25,156.25,152.2
2021-05-03 11:45:00,154.01,155.1,153.25,154.13,154.15,154.15,154.14,154.11,154.1,153.27,153.27,153.29,153.3,153.31,0,0.0,04/29/2021 17:00,154.25,154.25,155.25,156.25,152.2
2021-05-03 15:45:00,154.13,154.23,154.1,154.19,154.18,154.16,154.15,154.15,154.14,153.29,153.3,153.31,154.1,154.11,0,0.0,04/29/2021 17:00,154.25,154.25,155.25,156.25,152.2
2021-05-03 15:45:00,154.13,154.23,154.1,154.19,154.18,154.16,154.15,154.15,154.14,153.29,153.3,153.31,154.1,154.11,0,0.0,04/29/2021 17:00,154.25,154.25,155.25,156.25,152.2
2021-05-03 20:45:00,154.19,154.27,154.15,154.24,154.25,154.24,154.24,154.23,154.21,154.1,154.11,154.14,154.15,154.15,05/03/2021 17:00,154.25,0,0.0,154.25,153.25,152.25,165.18
2021-05-03 20:45:00,154.19,154.27,154.15,154.24,154.25,154.24,154.24,154.23,154.21,154.1,154.11,154.14,154.15,154.15,05/03/2021 17:00,154.25,0,0.0,154.25,153.25,152.25,165.18
2021-05-03 20:45:00,154.19,154.27,154.15,154.24,154.25,154.24,154.24,154.23,154.21,154.1,154.11,154.14,154.15,154.15,05/03/2021 17:00,154.25,0,0.0,154.25,153.25,152.25,165.18
2021-05-04 00:45:00,154.24,154.24,154.18,154.2,154.31,154.28,154.27,154.26,154.25,154.14,154.15,154.15,154.21,154.23,0,0.0,0,0.0,0.0,0.0,0.0,0.0
2021-05-04 04:45:00,154.19,154.21,154.12,154.17,154.26,154.25,154.24,154.24,154.21,154.1,154.11,154.14,154.15,154.15,0,0.0,0,0.0,0.0,0.0,0.0,0.0
2021-05-04 08:45:00,154.17,155.02,154.11,154.3,154.26,154.25,154.24,154.24,154.21,154.1,154.11,154.14,154.15,154.15,05/03/2021 17:00,154.25,0,0.0,154.25,153.25,152.25,165.18
2021-05-04 08:45:00,154.17,155.02,154.11,154.3,154.26,154.25,154.24,154.24,154.21,154.1,154.11,154.14,154.15,154.15,05/03/2021 17:00,154.25,0,0.0,154.25,153.25,152.25,165.18
2021-05-04 08:45:00,154.17,155.02,154.11,154.3,154.26,154.25,154.24,154.24,154.21,154.1,154.11,154.14,154.15,154.15,05/03/2021 17:00,154.25,0,0.0,154.25,153.25,152.25,165.18
2021-05-04 08:45:00,154.17,155.02,154.11,154.3,154.26,154.25,154.24,154.24,154.21,154.1,154.11,154.14,154.15,154.15,05/03/2021 17:00,154.25,0,0.0,154.25,153.25,152.25,165.18
2021-05-04 12:45:00,154.3,155.23,154.28,155.01,155.15,155.14,155.1,155.03,154.31,154.24,154.25,154.26,154.27,154.27,05/03/2021 17:00,154.25,0,0.0,154.25,153.25,152.25,165.18
2021-05-04 12:45:00,154.3,155.23,154.28,155.01,155.15,155.14,155.1,155.03,154.31,154.24,154.25,154.26,154.27,154.27,05/03/2021 17:00,154.25,0,0.0,154.25,153.25,152.25,165.18
2021-05-04 12:45:00,154.3,155.23,154.28,155.01,155.15,155.14,155.1,155.03,154.31,154.24,154.25,154.26,154.27,154.27,05/03/2021 17:00,154.25,0,0.0,154.25,153.25,152.25,165.18
2021-05-04 16:45:00,155.02,155.14,154.28,155.01,155.17,155.15,155.14,155.1,155.03,154.25,154.26,154.27,154.27,154.31,0,0.0,0,0.0,0.0,0.0,0.0,0.0
2021-05-04 21:45:00,155.0,155.02,154.25,154.3,155.17,155.15,155.14,155.1,155.03,154.25,154.26,154.27,154.27,154.31,0,0.0,0,0.0,0.0,0.0,0.0,0.0
2021-05-05 01:45:00,154.3,155.01,154.27,154.3,155.17,155.15,155.14,155.1,155.03,154.24,154.25,154.26,154.27,154.27,0,0.0,0,0.0,0.0,0.0,0.0,0.0
2021-05-05 05:45:00,154.3,155.0,154.19,154.24,155.15,155.14,155.14,155.1,155.03,154.24,154.25,154.26,154.27,154.27,0,0.0,0,0.0,0.0,0.0,0.0,0.0
2021-05-05 09:45:00,154.24,155.03,154.08,154.31,155.14,155.1,155.03,155.02,154.27,154.11,154.11,154.14,154.15,154.15,0,0.0,0,0.0,0.0,0.0,0.0,0.0
2021-05-05 13:45:00,154.31,155.05,154.21,155.04,155.14,155.14,155.1,155.03,155.02,154.14,154.15,154.15,154.24,154.24,05/04/2021 17:00,154.75,0,0.0,154.75,153.75,152.75,0.0
2021-05-05 13:45:00,154.31,155.05,154.21,155.04,155.14,155.14,155.1,155.03,155.02,154.14,154.15,154.15,154.24,154.24,05/04/2021 17:00,154.75,0,0.0,154.75,153.75,152.75,0.0
2021-05-05 18:45:00,155.04,155.15,155.01,155.08,155.17,155.15,155.14,155.14,155.1,154.15,154.24,154.24,155.02,155.03,0,0.0,0,0.0,0.0,0.0,0.0,0.0
2021-05-05 22:45:00,155.08,155.09,155.02,155.05,155.17,155.15,155.14,155.14,155.1,154.15,154.24,154.24,155.02,155.03,0,0.0,0,0.0,0.0,0.0,0.0,0.0
2021-05-06 02:45:00,155.05,155.11,155.04,155.1,155.17,155.15,155.14,155.14,155.1,154.21,154.24,154.24,155.02,155.03,0,0.0,0,0.0,0.0,0.0,0.0,0.0
2021-05-06 06:45:00,155.09,155.16,155.03,155.14,155.15,155.15,155.14,155.14,155.1,154.24,154.24,155.01,155.02,155.03,05/04/2021 17:00,154.75,0,0.0,154.75,153.75,152.75,0.0
2021-05-06 10:45:00,155.14,155.23,154.29,155.14,155.18,155.17,155.17,155.15,155.15,155.01,155.02,155.02,155.03,155.1,0,0.0,0,0.0,0.0,0.0,0.0,0.0
2021-05-06 14:45:00,155.14,155.23,155.1,155.2,155.18,155.17,155.17,155.15,155.15,155.01,155.02,155.02,155.03,155.1,05/04/2021 17:00,154.75,0,0.0,154.75,153.75,152.75,0.0
2021-05-06 14:45:00,155.14,155.23,155.1,155.2,155.18,155.17,155.17,155.15,155.15,155.01,155.02,155.02,155.03,155.1,05/04/2021 17:00,154.75,0,0.0,154.75,153.75,152.75,0.0
2021-05-06 14:45:00,155.14,155.23,155.1,155.2,155.18,155.17,155.17,155.15,155.15,155.01,155.02,155.02,155.03,155.1,05/04/2021 17:00,154.75,0,0.0,154.75,153.75,152.75,0.0
2021-05-06 14:45:00,155.14,155.23,155.1,155.2,155.18,155.17,155.17,155.15,155.15,155.01,155.02,155.02,155.03,155.1,05/04/2021 17:00,154.75,0,0.0,154.75,153.75,152.75,0.0
2021-05-06 19:45:00,155.21,155.22,155.12,155.16,155.28,155.27,155.27,155.23,155.22,155.15,155.17,155.17,155.18,155.18,05/06/2021 17:00,155.46875,0,0.0,155.46875,154.46875,153.46875,0.0
2021-05-06 19:45:00,155.21,155.22,155.12,155.16,155.28,155.27,155.27,155.23,155.22,155.15,155.17,155.17,155.18,155.18,05/06/2021 17:00,155.46875,0,0.0,155.46875,154.46875,153.46875,0.0
2021-05-06 23:45:00,155.16,155.18,155.11,155.16,155.22,155.18,155.18,155.17,155.17,155.1,155.14,155.14,155.15,155.15,0,0.0,0,0.0,0.0,0.0,0.0,0.0
2021-05-07 03:45:00,155.17,155.21,155.09,155.11,155.23,155.23,155.22,155.18,155.18,155.1,155.14,155.14,155.15,155.15,0,0.0,0,0.0,0.0,0.0,0.0,0.0
2021-05-07 07:45:00,155.11,155.19,155.08,155.17,155.17,155.15,155.15,155.14,155.14,155.02,155.02,155.03,155.1,155.1,0,0.0,0,0.0,0.0,0.0,0.0,0.0
2021-05-07 11:45:00,155.17,157.15,155.04,155.12,155.23,155.22,155.22,155.18,155.18,155.02,155.02,155.03,155.1,155.1,0,0.0,0,0.0,0.0,0.0,0.0,0.0
2021-05-07 15:45:00,155.11,155.14,154.26,154.31,155.22,155.18,155.18,155.17,155.17,155.02,155.02,155.03,155.1,155.1,0,0.0,0,0.0,0.0,0.0,0.0,0.0
2021-05-09 20:45:00,154.31,155.06,154.18,154.21,155.1,155.03,155.02,155.02,155.01,154.15,154.21,154.24,154.24,154.29,0,0.0,0,0.0,0.0,0.0,0.0,0.0
2021-05-10 00:45:00,154.21,154.24,154.17,154.23,155.02,155.02,155.01,154.29,154.24,154.11,154.11,154.14,154.15,154.15,0,0.0,0,0.0,0.0,0.0,0.0,0.0
2021-05-10 04:45:00,154.24,154.25,154.16,154.19,155.03,155.02,155.02,155.01,154.29,154.11,154.14,154.15,154.15,154.21,0,0.0,0,0.0,0.0,0.0,0.0,0.0
2021-05-10 08:45:00,154.19,155.05,154.19,155.03,155.02,155.01,154.29,154.24,154.21,154.11,154.11,154.14,154.15,154.15,0,0.0,05/07/2021 17:00,155.46875,155.46875,156.46875,157.46875,0.0
2021-05-10 08:45:00,154.19,155.05,154.19,155.03,155.02,155.01,154.29,154.24,154.21,154.11,154.11,154.14,154.15,154.15,0,0.0,05/07/2021 17:00,155.46875,155.46875,156.46875,157.46875,0.0
2021-05-10 08:45:00,154.19,155.05,154.19,155.03,155.02,155.01,154.29,154.24,154.21,154.11,154.11,154.14,154.15,154.15,0,0.0,05/07/2021 17:00,155.46875,155.46875,156.46875,157.46875,0.0
2021-05-10 08:45:00,154.19,155.05,154.19,155.03,155.02,155.01,154.29,154.24,154.21,154.11,154.11,154.14,154.15,154.15,0,0.0,05/07/2021 17:00,155.46875,155.46875,156.46875,157.46875,0.0
2021-05-10 12:45:00,155.02,155.12,154.21,154.22,155.14,155.1,155.1,155.06,155.03,154.15,154.15,154.21,154.29,155.01,0,0.0,0,0.0,0.0,0.0,0.0,0.0
2021-05-10 16:45:00,154.22,154.23,154.1,154.15,155.14,155.1,155.1,155.06,155.03,154.14,154.15,154.15,154.16,154.21,0,0.0,0,0.0,0.0,0.0,0.0,0.0
2021-05-10 21:45:00,154.15,154.26,154.13,154.25,155.1,155.1,155.06,155.03,154.16,154.1,154.1,154.11,154.11,154.14,0,0.0,05/10/2021 17:00,154.75,154.75,155.75,156.75,0.0
2021-05-11 01:45:00,154.25,154.25,154.17,154.17,155.12,155.1,155.1,155.06,155.03,154.11,154.14,154.15,154.15,154.16,0,0.0,0,0.0,0.0,0.0,0.0,0.0
2021-05-11 05:45:00,154.17,154.17,154.02,154.06,155.12,155.1,155.1,155.06,155.03,154.11,154.14,154.15,154.15,154.16,0,0.0,0,0.0,0.0,0.0,0.0,0.0
2021-05-11 09:45:00,154.06,154.18,153.3,153.31,154.11,154.1,154.1,154.1,154.08,153.27,153.27,153.29,153.3,153.31,0,0.0,0,0.0,0.0,0.0,0.0,0.0
2021-05-11 13:45:00,153.31,154.07,153.24,153.31,154.11,154.1,154.1,154.1,154.08,153.27,153.27,153.27,153.29,153.3,0,0.0,0,0.0,0.0,0.0,0.0,0.0
2021-05-11 18:45:00,154.0,154.02,153.27,153.31,154.11,154.1,154.1,154.1,154.08,153.27,153.27,153.29,153.3,153.31,0,0.0,0,0.0,0.0,0.0,0.0,0.0
2021-05-11 22:45:00,153.31,154.02,153.26,153.28,154.11,154.1,154.1,154.1,154.08,153.27,153.27,153.27,153.29,153.3,0,0.0,0,0.0,0.0,0.0,0.0,0.0
2021-05-12 02:45:00,153.28,154.05,153.27,154.04,154.1,154.1,154.08,154.07,153.3,153.24,153.25,153.27,153.27,153.27,0,0.0,05/11/2021 17:00,154.25,154.25,155.25,156.25,152.2
2021-05-12 06:45:00,154.04,154.09,154.02,154.07,154.1,154.1,154.1,154.08,154.07,153.25,153.27,153.27,153.27,153.3,0,0.0,0,0.0,0.0,0.0,0.0,0.0
2021-05-12 10:45:00,154.07,154.09,153.0,153.0,154.11,154.1,154.1,154.1,154.08,153.26,153.27,153.27,153.27,153.3,0,0.0,0,0.0,0.0,0.0,0.0,0.0
2021-05-12 14:45:00,153.0,153.03,152.16,152.21,153.25,153.24,153.21,153.14,153.06,152.19,152.25,152.29,152.29,152.31,0,0.0,0,0.0,0.0,0.0,0.0,0.0
2021-05-12 19:45:00,152.21,152.3,152.16,152.2,153.14,153.06,152.29,152.29,152.25,152.16,152.17,152.18,152.18,152.19,0,0.0,0,0.0,0.0,0.0,0.0,0.0
2021-05-12 23:45:00,152.2,153.0,152.17,152.29,153.14,153.06,152.29,152.29,152.25,152.16,152.17,152.18,152.18,152.19,0,0.0,05/12/2021 17:00,153.8125,153.8125,154.8125,155.8125,0.0
2021-05-13 03:45:00,152.29,153.02,152.24,152.26,153.24,153.21,153.14,153.06,153.03,152.17,152.18,152.18,152.19,152.25,0,0.0,0,0.0,0.0,0.0,0.0,0.0
2021-05-13 07:45:00,152.26,152.26,152.14,152.24,153.14,153.06,153.03,152.29,152.29,152.17,152.18,152.18,152.19,152.25,0,0.0,0,0.0,0.0,0.0,0.0,0.0
2021-05-13 11:45:00,152.23,153.07,152.19,153.06,153.14,153.06,153.03,152.29,152.29,152.16,152.17,152.18,152.18,152.19,0,0.0,05/12/2021 17:00,153.8125,153.8125,154.8125,155.8125,0.0
2021-05-13 11:45:00,152.23,153.07,152.19,153.06,153.14,153.06,153.03,152.29,152.29,152.16,152.17,152.18,152.18,152.19,0,0.0,05/12/2021 17:00,153.8125,153.8125,154.8125,155.8125,0.0
2021-05-13 15:45:00,153.06,153.13,152.28,153.08,153.26,153.25,153.24,153.21,153.14,152.18,152.19,152.29,152.29,153.03,0,0.0,05/12/2021 17:00,153.8125,153.8125,154.8125,155.8125,0.0
2021-05-13 15:45:00,153.06,153.13,152.28,153.08,153.26,153.25,153.24,153.21,153.14,152.18,152.19,152.29,152.29,153.03,0,0.0,05/12/2021 17:00,153.8125,153.8125,154.8125,155.8125,0.0
2021-05-13 20:45:00,153.08,153.11,153.04,153.05,153.26,153.25,153.24,153.21,153.14,152.19,152.29,152.29,153.03,153.06,0,0.0,0,0.0,0.0,0.0,0.0,0.0
2021-05-14 00:45:00,153.05,153.13,153.03,153.13,153.26,153.25,153.24,153.21,153.14,152.19,152.19,152.29,152.29,153.03,0,0.0,0,0.0,0.0,0.0,0.0,0.0
2021-05-14 04:45:00,153.13,153.23,153.04,153.19,153.26,153.25,153.24,153.21,153.14,152.19,152.28,152.29,152.29,153.03,05/13/2021 17:00,152.90625,0,0.0,152.90625,151.90625,150.90625,0.0
2021-05-14 08:45:00,153.19,153.26,153.13,153.17,153.27,153.26,153.25,153.24,153.21,152.28,152.29,152.29,153.03,153.14,0,0.0,0,0.0,0.0,0.0,0.0,0.0
2021-05-14 12:45:00,153.17,153.3,153.14,153.16,153.27,153.26,153.25,153.24,153.21,152.29,152.29,153.03,153.03,153.14,0,0.0,0,0.0,0.0,0.0,0.0,0.0
2021-05-14 16:45:00,153.15,153.31,153.15,153.27,153.27,153.26,153.25,153.24,153.21,152.29,153.03,153.03,153.04,153.14,05/13/2021 17:00,152.90625,0,0.0,152.90625,151.90625,150.90625,0.0
2021-05-14 16:45:00,153.15,153.31,153.15,153.27,153.27,153.26,153.25,153.24,153.21,152.29,153.03,153.03,153.04,153.14,05/13/2021 17:00,152.90625,0,0.0,152.90625,151.90625,150.90625,0.0
2021-05-16 21:45:00,153.28,154.03,153.24,154.01,154.1,154.1,154.09,154.08,154.07,153.21,153.24,153.25,153.26,153.27,05/14/2021 17:00,153.65625,0,0.0,153.65625,152.65625,151.65625,0.0
2021-05-16 21:45:00,153.28,154.03,153.24,154.01,154.1,154.1,154.09,154.08,154.07,153.21,153.24,153.25,153.26,153.27,05/14/2021 17:00,153.65625,0,0.0,153.65625,152.65625,151.65625,0.0
2021-05-16 21:45:00,153.28,154.03,153.24,154.01,154.1,154.1,154.09,154.08,154.07,153.21,153.24,153.25,153.26,153.27,05/14/2021 17:00,153.65625,0,0.0,153.65625,152.65625,151.65625,0.0
2021-05-17 01:45:00,154.01,154.06,154.01,154.04,154.1,154.1,154.09,154.08,154.07,153.21,153.24,153.25,153.26,153.27,0,0.0,0,0.0,0.0,0.0,0.0,0.0
2021-05-17 05:45:00,154.04,154.14,154.0,154.01,154.1,154.1,154.09,154.08,154.07,153.21,153.24,153.25,153.26,153.27,0,0.0,0,0.0,0.0,0.0,0.0,0.0
2021-05-17 09:45:00,154.01,154.03,153.19,153.28,154.1,154.1,154.09,154.08,154.07,153.24,153.24,153.25,153.26,153.27,0,0.0,0,0.0,0.0,0.0,0.0,0.0
2021-05-17 13:45:00,153.27,153.31,153.2,153.25,154.1,154.1,154.09,154.08,154.07,153.21,153.24,153.24,153.25,153.26,0,0.0,0,0.0,0.0,0.0,0.0,0.0
2021-05-17 18:45:00,153.25,153.28,153.16,153.21,154.1,154.1,154.09,154.08,154.07,153.14,153.15,153.21,153.24,153.24,0,0.0,0,0.0,0.0,0.0,0.0,0.0
2021-05-17 22:45:00,153.2,153.22,153.15,153.2,154.08,154.07,154.03,153.24,153.21,153.04,153.13,153.14,153.14,153.15,0,0.0,0,0.0,0.0,0.0,0.0,0.0
2021-05-18 02:45:00,153.2,153.24,153.17,153.19,154.08,154.07,154.03,153.31,153.24,153.04,153.13,153.14,153.14,153.15,0,0.0,0,0.0,0.0,0.0,0.0,0.0
2021-05-18 06:45:00,153.19,153.22,153.15,153.17,154.07,154.03,153.31,153.28,153.24,153.04,153.13,153.14,153.14,153.15,0,0.0,0,0.0,0.0,0.0,0.0,0.0
2021-05-18 10:45:00,153.18,154.0,153.11,153.18,154.07,154.03,153.31,153.28,153.24,153.04,153.13,153.14,153.14,153.15,0,0.0,0,0.0,0.0,0.0,0.0,0.0
2021-05-18 14:45:00,153.18,153.23,153.13,153.22,154.07,154.03,153.31,153.28,153.24,153.04,153.13,153.14,153.14,153.15,0,0.0,0,0.0,0.0,0.0,0.0,0.0
2021-05-18 19:45:00,153.22,153.25,153.19,153.24,154.07,154.03,153.31,153.28,153.24,153.04,153.13,153.14,153.14,153.15,0,0.0,0,0.0,0.0,0.0,0.0,0.0
2021-05-18 23:45:00,153.24,153.25,153.19,153.21,154.07,154.03,154.0,153.31,153.28,153.11,153.13,153.14,153.14,153.15,0,0.0,0,0.0,0.0,0.0,0.0,0.0
2021-05-19 03:45:00,153.21,153.25,153.08,153.08,154.03,154.0,153.31,153.28,153.24,153.13,153.13,153.14,153.14,153.15,0,0.0,0,0.0,0.0,0.0,0.0,0.0
2021-05-19 07:45:00,153.07,153.15,153.05,153.15,153.15,153.14,153.13,153.13,153.11,152.29,152.29,153.03,153.03,153.04,0,0.0,05/18/2021 17:00,153.75,153.75,154.75,155.75,0.0
2021-05-19 07:45:00,153.07,153.15,153.05,153.15,153.15,153.14,153.13,153.13,153.11,152.29,152.29,153.03,153.03,153.04,0,0.0,05/18/2021 17:00,153.75,153.75,154.75,155.75,0.0
2021-05-19 07:45:00,153.07,153.15,153.05,153.15,153.15,153.14,153.13,153.13,153.11,152.29,152.29,153.03,153.03,153.04,0,0.0,05/18/2021 17:00,153.75,153.75,154.75,155.75,0.0
2021-05-19 07:45:00,153.07,153.15,153.05,153.15,153.15,153.14,153.13,153.13,153.11,152.29,152.29,153.03,153.03,153.04,0,0.0,05/18/2021 17:00,153.75,153.75,154.75,155.75,0.0
2021-05-19 11:45:00,153.15,154.08,153.08,153.31,154.03,154.0,153.31,153.28,153.24,153.04,153.11,153.13,153.13,153.14,0,0.0,05/18/2021 17:00,153.75,153.75,154.75,155.75,0.0
2021-05-19 11:45:00,153.15,154.08,153.08,153.31,154.03,154.0,153.31,153.28,153.24,153.04,153.11,153.13,153.13,153.14,0,0.0,05/18/2021 17:00,153.75,153.75,154.75,155.75,0.0
2021-05-19 11:45:00,153.15,154.08,153.08,153.31,154.03,154.0,153.31,153.28,153.24,153.04,153.11,153.13,153.13,153.14,0,0.0,05/18/2021 17:00,153.75,153.75,154.75,155.75,0.0
2021-05-19 15:45:00,153.31,153.31,152.25,153.07,154.09,154.08,154.07,154.03,154.0,153.13,153.14,153.15,153.24,153.28,0,0.0,0,0.0,0.0,0.0,0.0,0.0
2021-05-19 20:45:00,153.07,153.1,153.04,153.08,154.07,154.03,154.0,153.31,153.28,152.29,152.29,153.03,153.03,153.04,0,0.0,0,0.0,0.0,0.0,0.0,0.0
2021-05-20 00:45:00,153.09,153.16,153.09,153.11,154.07,154.03,154.0,153.31,153.28,152.29,152.29,153.03,153.03,153.04,0,0.0,0,0.0,0.0,0.0,0.0,0.0
2021-05-20 04:45:00,153.11,153.15,153.05,153.14,154.03,154.0,153.31,153.31,153.28,152.29,152.29,153.03,153.03,153.04,0,0.0,0,0.0,0.0,0.0,0.0,0.0
2021-05-20 08:45:00,153.15,153.19,153.06,153.19,154.03,154.0,153.31,153.31,153.28,152.29,153.03,153.03,153.04,153.04,0,0.0,0,0.0,0.0,0.0,0.0,0.0
2021-05-20 12:45:00,153.18,154.06,153.16,154.05,154.03,154.0,153.31,153.31,153.28,152.29,153.03,153.03,153.04,153.04,0,0.0,05/19/2021 17:00,153.65625,153.65625,154.65625,155.65625,0.0
2021-05-20 12:45:00,153.18,154.06,153.16,154.05,154.03,154.0,153.31,153.31,153.28,152.29,153.03,153.03,153.04,153.04,0,0.0,05/19/2021 17:00,153.65625,153.65625,154.65625,155.65625,0.0
2021-05-20 12:45:00,153.18,154.06,153.16,154.05,154.03,154.0,153.31,153.31,153.28,152.29,153.03,153.03,153.04,153.04,0,0.0,05/19/2021 17:00,153.65625,153.65625,154.65625,155.65625,0.0
2021-05-20 12:45:00,153.18,154.06,153.16,154.05,154.03,154.0,153.31,153.31,153.28,152.29,153.03,153.03,153.04,153.04,0,0.0,05/19/2021 17:00,153.65625,153.65625,154.65625,155.65625,0.0
2021-05-20 16:45:00,154.05,154.05,153.3,154.03,154.1,154.09,154.08,154.08,154.07,153.05,153.31,153.31,154.0,154.03,0,0.0,0,0.0,0.0,0.0,0.0,0.0
2021-05-20 21:45:00,154.04,154.06,153.3,154.01,154.1,154.09,154.08,154.08,154.07,153.06,153.31,153.31,154.0,154.03,0,0.0,0,0.0,0.0,0.0,0.0,0.0
2021-05-21 01:45:00,154.01,154.05,154.0,154.03,154.09,154.08,154.08,154.07,154.03,153.06,153.16,153.31,153.31,154.0,0,0.0,0,0.0,0.0,0.0,0.0,0.0
2021-05-21 05:45:00,154.03,154.13,153.3,154.06,154.1,154.09,154.08,154.08,154.07,153.06,153.16,153.31,153.31,154.0,0,0.0,0,0.0,0.0,0.0,0.0,0.0
2021-05-21 09:45:00,154.07,154.16,153.3,154.1,154.1,154.1,154.09,154.08,154.08,153.06,153.16,153.31,153.31,154.0,05/20/2021 17:00,153.8125,0,0.0,153.8125,152.8125,151.8125,0.0
2021-05-21 09:45:00,154.07,154.16,153.3,154.1,154.1,154.1,154.09,154.08,154.08,153.06,153.16,153.31,153.31,154.0,05/20/2021 17:00,153.8125,0,0.0,153.8125,152.8125,151.8125,0.0
2021-05-21 09:45:00,154.07,154.16,153.3,154.1,154.1,154.1,154.09,154.08,154.08,153.06,153.16,153.31,153.31,154.0,05/20/2021 17:00,153.8125,0,0.0,153.8125,152.8125,151.8125,0.0
2021-05-21 09:45:00,154.07,154.16,153.3,154.1,154.1,154.1,154.09,154.08,154.08,153.06,153.16,153.31,153.31,154.0,05/20/2021 17:00,153.8125,0,0.0,153.8125,152.8125,151.8125,0.0
2021-05-21 13:45:00,154.1,154.12,154.0,154.1,154.15,154.14,154.14,154.11,154.11,154.0,154.07,154.08,154.08,154.09,0,0.0,0,0.0,0.0,0.0,0.0,0.0
2021-05-23 18:45:00,154.1,154.16,154.07,154.13,154.15,154.14,154.14,154.11,154.11,154.0,154.07,154.08,154.08,154.09,05/20/2021 17:00,153.8125,0,0.0,153.8125,152.8125,151.8125,0.0
2021-05-23 18:45:00,154.1,154.16,154.07,154.13,154.15,154.14,154.14,154.11,154.11,154.0,154.07,154.08,154.08,154.09,05/20/2021 17:00,153.8125,0,0.0,153.8125,152.8125,151.8125,0.0
2021-05-23 22:45:00,154.13,154.15,154.11,154.12,154.18,154.15,154.15,154.14,154.14,154.08,154.09,154.1,154.1,154.11,05/20/2021 17:00,153.8125,0,0.0,153.8125,152.8125,151.8125,0.0
2021-05-24 02:45:00,154.12,154.17,154.11,154.15,154.18,154.15,154.15,154.14,154.14,154.08,154.09,154.1,154.1,154.11,05/20/2021 17:00,153.8125,0,0.0,153.8125,152.8125,151.8125,0.0
2021-05-24 06:45:00,154.14,154.19,154.1,154.15,154.26,154.25,154.18,154.15,154.15,154.08,154.09,154.1,154.1,154.11,0,0.0,0,0.0,0.0,0.0,0.0,0.0
2021-05-24 10:45:00,154.15,154.26,154.14,154.26,155.06,155.03,154.26,154.25,154.18,154.09,154.1,154.1,154.11,154.14,05/20/2021 17:00,153.8125,0,0.0,153.8125,152.8125,151.8125,0.0
2021-05-24 10:45:00,154.15,154.26,154.14,154.26,155.06,155.03,154.26,154.25,154.18,154.09,154.1,154.1,154.11,154.14,05/20/2021 17:00,153.8125,0,0.0,153.8125,152.8125,151.8125,0.0
2021-05-24 14:45:00,154.26,155.0,154.21,154.21,155.12,155.1,155.1,155.06,155.03,154.1,154.11,154.14,154.18,154.25,0,0.0,0,0.0,0.0,0.0,0.0,0.0
2021-05-24 19:45:00,154.21,154.27,154.19,154.24,155.1,155.06,155.03,154.26,154.25,154.1,154.1,154.11,154.14,154.18,0,0.0,0,0.0,0.0,0.0,0.0,0.0
2021-05-24 23:45:00,154.24,154.25,154.22,154.24,155.1,155.06,155.03,154.26,154.25,154.1,154.11,154.14,154.14,154.18,0,0.0,0,0.0,0.0,0.0,0.0,0.0
2021-05-25 03:45:00,154.23,155.02,154.23,155.0,155.06,155.03,155.0,154.26,154.25,154.1,154.11,154.14,154.14,154.18,05/24/2021 17:00,154.28125,0,0.0,154.28125,153.28125,152.28125,0.0
2021-05-25 07:45:00,155.0,155.04,154.28,155.0,155.12,155.1,155.1,155.06,155.03,154.14,154.14,154.18,154.19,154.26,0,0.0,0,0.0,0.0,0.0,0.0,0.0
2021-05-25 11:45:00,155.0,155.11,154.27,155.06,155.12,155.1,155.1,155.06,155.03,154.14,154.18,154.19,154.22,154.26,05/24/2021 17:00,154.28125,0,0.0,154.28125,153.28125,152.28125,0.0
2021-05-25 15:45:00,155.07,155.22,155.06,155.21,155.17,155.14,155.12,155.1,155.1,154.22,154.23,154.26,155.0,155.06,05/24/2021 17:00,154.28125,0,0.0,154.28125,153.28125,152.28125,0.0
2021-05-25 15:45:00,155.07,155.22,155.06,155.21,155.17,155.14,155.12,155.1,155.1,154.22,154.23,154.26,155.0,155.06,05/24/2021 17:00,154.28125,0,0.0,154.28125,153.28125,152.28125,0.0
2021-05-25 15:45:00,155.07,155.22,155.06,155.21,155.17,155.14,155.12,155.1,155.1,154.22,154.23,154.26,155.0,155.06,05/24/2021 17:00,154.28125,0,0.0,154.28125,153.28125,152.28125,0.0
2021-05-25 15:45:00,155.07,155.22,155.06,155.21,155.17,155.14,155.12,155.1,155.1,154.22,154.23,154.26,155.0,155.06,05/24/2021 17:00,154.28125,0,0.0,154.28125,153.28125,152.28125,0.0
2021-05-25 15:45:00,155.07,155.22,155.06,155.21,155.17,155.14,155.12,155.1,155.1,154.22,154.23,154.26,155.0,155.06,05/24/2021 17:00,154.28125,0,0.0,154.28125,153.28125,152.28125,0.0
2021-05-25 15:45:00,155.07,155.22,155.06,155.21,155.17,155.14,155.12,155.1,155.1,154.22,154.23,154.26,155.0,155.06,05/24/2021 17:00,154.28125,0,0.0,154.28125,153.28125,152.28125,0.0
2021-05-25 20:45:00,155.21,155.24,155.18,155.19,155.27,155.23,155.23,155.22,155.22,155.0,155.06,155.1,155.12,155.14,0,0.0,0,0.0,0.0,0.0,0.0,0.0
2021-05-26 00:45:00,155.19,155.2,155.12,155.15,155.27,155.23,155.23,155.22,155.22,155.0,155.06,155.1,155.12,155.14,0,0.0,0,0.0,0.0,0.0,0.0,0.0
2021-05-26 04:45:00,155.15,155.22,155.1,155.2,155.27,155.23,155.23,155.22,155.22,155.06,155.06,155.1,155.12,155.14,0,0.0,0,0.0,0.0,0.0,0.0,0.0
2021-05-26 08:45:00,155.21,155.28,155.12,155.22,155.24,155.23,155.23,155.22,155.22,155.06,155.06,155.1,155.12,155.14,0,0.0,0,0.0,0.0,0.0,0.0,0.0
2021-05-26 12:45:00,155.22,155.31,154.27,155.26,155.27,155.27,155.24,155.23,155.23,155.06,155.06,155.1,155.12,155.14,05/25/2021 17:00,155.46875,0,0.0,155.46875,154.46875,153.46875,0.0
2021-05-26 12:45:00,155.22,155.31,154.27,155.26,155.27,155.27,155.24,155.23,155.23,155.06,155.06,155.1,155.12,155.14,05/25/2021 17:00,155.46875,0,0.0,155.46875,154.46875,153.46875,0.0
2021-05-26 12:45:00,155.22,155.31,154.27,155.26,155.27,155.27,155.24,155.23,155.23,155.06,155.06,155.1,155.12,155.14,05/25/2021 17:00,155.46875,0,0.0,155.46875,154.46875,153.46875,0.0
2021-05-26 16:45:00,155.25,155.27,155.1,155.12,155.29,155.28,155.28,155.27,155.27,155.22,155.22,155.23,155.23,155.24,0,0.0,0,0.0,0.0,0.0,0.0,0.0
2021-05-26 21:45:00,155.12,155.16,155.12,155.13,155.23,155.23,155.22,155.22,155.14,154.27,155.0,155.06,155.06,155.1,0,0.0,0,0.0,0.0,0.0,0.0,0.0
2021-05-27 01:45:00,155.13,155.16,155.11,155.16,155.23,155.23,155.22,155.22,155.14,155.0,155.06,155.06,155.1,155.12,0,0.0,0,0.0,0.0,0.0,0.0,0.0
2021-05-27 05:45:00,155.17,155.19,155.05,155.09,155.24,155.23,155.23,155.22,155.22,155.06,155.06,155.1,155.1,155.12,0,0.0,0,0.0,0.0,0.0,0.0,0.0
2021-05-27 09:45:00,155.09,155.13,154.19,154.21,155.23,155.22,155.22,155.12,155.1,154.27,154.27,155.0,155.06,155.06,0,0.0,0,0.0,0.0,0.0,0.0,0.0
2021-05-27 13:45:00,154.21,154.28,154.15,154.23,154.27,154.27,154.26,154.23,154.22,154.11,154.14,154.14,154.18,154.19,05/25/2021 17:00,155.46875,0,0.0,155.46875,154.46875,153.46875,0.0
2021-05-27 18:45:00,154.23,154.3,154.21,154.25,155.06,155.0,154.27,154.27,154.26,154.14,154.14,154.18,154.19,154.22,0,0.0,05/27/2021 17:00,155.375,155.375,156.375,157.375,0.0
2021-05-27 22:45:00,154.25,154.27,154.22,154.23,155.06,155.0,154.27,154.27,154.26,154.14,154.18,154.19,154.22,154.23,0,0.0,0,0.0,0.0,0.0,0.0,0.0
2021-05-28 02:45:00,154.23,154.26,154.18,154.18,155.06,155.0,154.27,154.27,154.26,154.14,154.15,154.18,154.19,154.22,0,0.0,0,0.0,0.0,0.0,0.0,0.0
2021-05-28 06:45:00,154.18,154.28,154.17,154.27,154.3,154.27,154.27,154.26,154.19,154.1,154.11,154.14,154.14,154.15,0,0.0,05/27/2021 17:00,155.375,155.375,156.375,157.375,0.0
2021-05-28 10:45:00,154.27,155.07,154.2,155.06,155.1,155.06,155.06,155.0,154.3,154.14,154.14,154.15,154.18,154.19,0,0.0,05/27/2021 17:00,155.375,155.375,156.375,157.375,0.0
2021-05-28 10:45:00,154.27,155.07,154.2,155.06,155.1,155.06,155.06,155.0,154.3,154.14,154.14,154.15,154.18,154.19,0,0.0,05/27/2021 17:00,155.375,155.375,156.375,157.375,0.0
2021-05-28 14:45:00,155.05,155.14,154.31,155.02,155.13,155.12,155.1,155.06,155.06,154.18,154.19,154.27,154.27,154.3,0,0.0,05/27/2021 17:00,155.375,155.375,156.375,157.375,0.0
2021-05-30 19:45:00,155.01,155.03,154.23,154.26,155.13,155.12,155.1,155.06,155.06,154.18,154.19,154.27,154.27,154.3,0,0.0,0,0.0,0.0,0.0,0.0,0.0
2021-05-30 23:45:00,154.27,154.27,154.21,154.24,155.12,155.1,155.06,155.06,154.3,154.15,154.17,154.18,154.19,154.2,0,0.0,0,0.0,0.0,0.0,0.0,0.0
2021-05-31 03:45:00,154.23,154.24,154.16,154.18,155.12,155.1,155.06,155.06,154.3,154.15,154.17,154.18,154.19,154.2,0,0.0,0,0.0,0.0,0.0,0.0,0.0
2021-05-31 07:45:00,154.18,154.23,154.16,154.2,155.06,155.06,155.03,154.3,154.2,154.11,154.14,154.14,154.15,154.17,0,0.0,0,0.0,0.0,0.0,0.0,0.0
2021-05-31 11:45:00,154.21,154.31,154.19,154.3,155.06,155.06,155.03,154.3,154.27,154.14,154.15,154.17,154.18,154.2,05/28/2021 17:00,154.8125,0,0.0,154.8125,153.8125,152.8125,0.0
2021-05-31 11:45:00,154.21,154.31,154.19,154.3,155.06,155.06,155.03,154.3,154.27,154.14,154.15,154.17,154.18,154.2,05/28/2021 17:00,154.8125,0,0.0,154.8125,153.8125,152.8125,0.0
2021-05-31 20:45:00,154.3,155.0,154.24,154.26,155.12,155.1,155.06,155.06,155.03,154.15,154.17,154.18,154.2,154.27,0,0.0,0,0.0,0.0,0.0,0.0,0.0
2021-06-01 00:45:00,154.26,154.28,154.17,154.21,155.06,155.06,155.03,154.3,154.27,154.15,154.16,154.17,154.18,154.2,0,0.0,0,0.0,0.0,0.0,0.0,0.0
2021-06-01 04:45:00,154.21,154.23,154.12,154.21,155.06,155.06,155.03,154.3,154.27,154.15,154.16,154.17,154.18,154.2,0,0.0,0,0.0,0.0,0.0,0.0,0.0
2021-06-01 08:45:00,154.21,154.26,154.09,154.12,155.06,155.03,155.0,154.3,154.27,154.15,154.16,154.17,154.18,154.2,0,0.0,0,0.0,0.0,0.0,0.0,0.0
2021-06-01 12:45:00,154.12,154.24,154.03,154.19,154.17,154.16,154.15,154.14,154.14,154.09,154.1,154.1,154.1,154.11,05/28/2021 17:00,154.8125,0,0.0,154.8125,153.8125,152.8125,0.0
2021-06-01 12:45:00,154.12,154.24,154.03,154.19,154.17,154.16,154.15,154.14,154.14,154.09,154.1,154.1,154.1,154.11,05/28/2021 17:00,154.8125,0,0.0,154.8125,153.8125,152.8125,0.0
2021-06-01 12:45:00,154.12,154.24,154.03,154.19,154.17,154.16,154.15,154.14,154.14,154.09,154.1,154.1,154.1,154.11,05/28/2021 17:00,154.8125,0,0.0,154.8125,153.8125,152.8125,0.0
2021-06-01 12:45:00,154.12,154.24,154.03,154.19,154.17,154.16,154.15,154.14,154.14,154.09,154.1,154.1,154.1,154.11,05/28/2021 17:00,154.8125,0,0.0,154.8125,153.8125,152.8125,0.0
2021-06-01 16:45:00,154.2,154.28,154.19,154.28,155.03,155.0,154.3,154.28,154.27,154.11,154.14,154.15,154.16,154.17,0,0.0,0,0.0,0.0,0.0,0.0,0.0
2021-06-01 21:45:00,154.28,154.29,154.18,154.2,155.06,155.06,155.03,155.0,154.3,154.11,154.14,154.15,154.16,154.17,0,0.0,0,0.0,0.0,0.0,0.0,0.0
2021-06-02 01:45:00,154.2,154.26,154.2,154.25,155.06,155.03,155.0,154.3,154.28,154.11,154.14,154.15,154.16,154.17,0,0.0,0,0.0,0.0,0.0,0.0,0.0
2021-06-02 05:45:00,154.25,154.3,154.2,154.25,155.06,155.03,155.0,154.3,154.28,154.11,154.14,154.15,154.16,154.17,0,0.0,0,0.0,0.0,0.0,0.0,0.0
2021-06-02 09:45:00,154.25,155.06,154.24,155.05,155.06,155.03,155.0,154.3,154.28,154.14,154.15,154.16,154.17,154.18,05/28/2021 17:00,154.8125,0,0.0,154.8125,153.8125,152.8125,0.0
2021-06-02 09:45:00,154.25,155.06,154.24,155.05,155.06,155.03,155.0,154.3,154.28,154.14,154.15,154.16,154.17,154.18,05/28/2021 17:00,154.8125,0,0.0,154.8125,153.8125,152.8125,0.0
2021-06-02 09:45:00,154.25,155.06,154.24,155.05,155.06,155.03,155.0,154.3,154.28,154.14,154.15,154.16,154.17,154.18,05/28/2021 17:00,154.8125,0,0.0,154.8125,153.8125,152.8125,0.0
2021-06-02 13:45:00,155.06,155.07,154.29,155.0,155.19,155.14,155.13,155.12,155.1,154.17,154.18,154.28,155.0,155.03,0,0.0,0,0.0,0.0,0.0,0.0,0.0
2021-06-02 18:45:00,155.0,155.08,154.31,155.06,155.12,155.1,155.06,155.06,155.03,154.16,154.17,154.18,154.2,154.28,0,0.0,0,0.0,0.0,0.0,0.0,0.0
2021-06-02 22:45:00,155.06,155.1,155.04,155.07,155.19,155.14,155.13,155.12,155.1,154.18,154.2,154.24,154.28,155.0,05/28/2021 17:00,154.8125,0,0.0,154.8125,153.8125,152.8125,0.0
2021-06-03 02:45:00,155.07,155.07,155.01,155.02,155.19,155.14,155.13,155.12,155.1,154.24,154.28,154.29,155.0,155.06,0,0.0,0,0.0,0.0,0.0,0.0,0.0
2021-06-03 06:45:00,155.02,155.03,154.28,154.29,155.19,155.14,155.13,155.12,155.1,154.24,154.28,154.29,154.31,155.0,0,0.0,0,0.0,0.0,0.0,0.0,0.0
2021-06-03 10:45:00,154.3,155.06,154.21,154.23,155.12,155.1,155.1,155.0,154.31,154.18,154.2,154.24,154.28,154.29,0,0.0,0,0.0,0.0,0.0,0.0,0.0
2021-06-03 14:45:00,154.23,154.25,154.14,154.21,155.0,154.31,154.29,154.28,154.24,154.15,154.16,154.17,154.18,154.2,0,0.0,0,0.0,0.0,0.0,0.0,0.0
2021-06-03 19:45:00,154.21,154.23,154.17,154.21,155.0,154.31,154.29,154.28,154.24,154.15,154.16,154.17,154.18,154.2,0,0.0,0,0.0,0.0,0.0,0.0,0.0
2021-06-03 23:45:00,154.21,154.23,154.17,154.19,155.0,154.31,154.29,154.28,154.24,154.15,154.16,154.17,154.18,154.2,0,0.0,0,0.0,0.0,0.0,0.0,0.0
2021-06-04 03:45:00,154.19,154.27,154.18,154.23,154.29,154.28,154.25,154.24,154.2,154.14,154.15,154.16,154.17,154.18,05/28/2021 17:00,154.8125,0,0.0,154.8125,153.8125,152.8125,0.0
2021-06-04 07:45:00,154.23,154.25,154.19,154.21,154.31,154.29,154.28,154.25,154.24,154.15,154.16,154.17,154.18,154.2,0,0.0,0,0.0,0.0,0.0,0.0,0.0
2021-06-04 11:45:00,154.22,155.29,154.13,155.29,154.31,154.29,154.28,154.25,154.24,154.16,154.17,154.17,154.18,154.2,05/28/2021 17:00,154.8125,0,0.0,154.8125,153.8125,152.8125,0.0
2021-06-04 11:45:00,154.22,155.29,154.13,155.29,154.31,154.29,154.28,154.25,154.24,154.16,154.17,154.17,154.18,154.2,05/28/2021 17:00,154.8125,0,0.0,154.8125,153.8125,152.8125,0.0
2021-06-04 11:45:00,154.22,155.29,154.13,155.29,154.31,154.29,154.28,154.25,154.24,154.16,154.17,154.17,154.18,154.2,05/28/2021 17:00,154.8125,0,0.0,154.8125,153.8125,152.8125,0.0
2021-06-04 11:45:00,154.22,155.29,154.13,155.29,154.31,154.29,154.28,154.25,154.24,154.16,154.17,154.17,154.18,154.2,05/28/2021 17:00,154.8125,0,0.0,154.8125,153.8125,152.8125,0.0
2021-06-04 11:45:00,154.22,155.29,154.13,155.29,154.31,154.29,154.28,154.25,154.24,154.16,154.17,154.17,154.18,154.2,05/28/2021 17:00,154.8125,0,0.0,154.8125,153.8125,152.8125,0.0
2021-06-04 11:45:00,154.22,155.29,154.13,155.29,154.31,154.29,154.28,154.25,154.24,154.16,154.17,154.17,154.18,154.2,05/28/2021 17:00,154.8125,0,0.0,154.8125,153.8125,152.8125,0.0
2021-06-04 11:45:00,154.22,155.29,154.13,155.29,154.31,154.29,154.28,154.25,154.24,154.16,154.17,154.17,154.18,154.2,05/28/2021 17:00,154.8125,0,0.0,154.8125,153.8125,152.8125,0.0
2021-06-04 11:45:00,154.22,155.29,154.13,155.29,154.31,154.29,154.28,154.25,154.24,154.16,154.17,154.17,154.18,154.2,05/28/2021 17:00,154.8125,0,0.0,154.8125,153.8125,152.8125,0.0
2021-06-04 11:45:00,154.22,155.29,154.13,155.29,154.31,154.29,154.28,154.25,154.24,154.16,154.17,154.17,154.18,154.2,05/28/2021 17:00,154.8125,0,0.0,154.8125,153.8125,152.8125,0.0
2021-06-04 11:45:00,154.22,155.29,154.13,155.29,154.31,154.29,154.28,154.25,154.24,154.16,154.17,154.17,154.18,154.2,05/28/2021 17:00,154.8125,0,0.0,154.8125,153.8125,152.8125,0.0
2021-06-04 11:45:00,154.22,155.29,154.13,155.29,154.31,154.29,154.28,154.25,154.24,154.16,154.17,154.17,154.18,154.2,05/28/2021 17:00,154.8125,0,0.0,154.8125,153.8125,152.8125,0.0
2021-06-04 11:45:00,154.22,155.29,154.13,155.29,154.31,154.29,154.28,154.25,154.24,154.16,154.17,154.17,154.18,154.2,05/28/2021 17:00,154.8125,0,0.0,154.8125,153.8125,152.8125,0.0
2021-06-04 11:45:00,154.22,155.29,154.13,155.29,154.31,154.29,154.28,154.25,154.24,154.16,154.17,154.17,154.18,154.2,05/28/2021 17:00,154.8125,0,0.0,154.8125,153.8125,152.8125,0.0
2021-06-04 11:45:00,154.22,155.29,154.13,155.29,154.31,154.29,154.28,154.25,154.24,154.16,154.17,154.17,154.18,154.2,05/28/2021 17:00,154.8125,0,0.0,154.8125,153.8125,152.8125,0.0
2021-06-04 11:45:00,154.22,155.29,154.13,155.29,154.31,154.29,154.28,154.25,154.24,154.16,154.17,154.17,154.18,154.2,05/28/2021 17:00,154.8125,0,0.0,154.8125,153.8125,152.8125,0.0
2021-06-04 11:45:00,154.22,155.29,154.13,155.29,154.31,154.29,154.28,154.25,154.24,154.16,154.17,154.17,154.18,154.2,05/28/2021 17:00,154.8125,0,0.0,154.8125,153.8125,152.8125,0.0
2021-06-04 15:45:00,155.29,156.02,155.28,156.0,156.0,156.0,155.31,155.31,155.3,155.27,155.27,155.27,155.28,155.28,05/28/2021 17:00,154.8125,0,0.0,154.8125,153.8125,152.8125,0.0
2021-06-04 15:45:00,155.29,156.02,155.28,156.0,156.0,156.0,155.31,155.31,155.3,155.27,155.27,155.27,155.28,155.28,05/28/2021 17:00,154.8125,0,0.0,154.8125,153.8125,152.8125,0.0
2021-06-04 15:45:00,155.29,156.02,155.28,156.0,156.0,156.0,155.31,155.31,155.3,155.27,155.27,155.27,155.28,155.28,05/28/2021 17:00,154.8125,0,0.0,154.8125,153.8125,152.8125,0.0
2021-06-04 15:45:00,155.29,156.02,155.28,156.0,156.0,156.0,155.31,155.31,155.3,155.27,155.27,155.27,155.28,155.28,05/28/2021 17:00,154.8125,0,0.0,154.8125,153.8125,152.8125,0.0
2021-06-04 15:45:00,155.29,156.02,155.28,156.0,156.0,156.0,155.31,155.31,155.3,155.27,155.27,155.27,155.28,155.28,05/28/2021 17:00,154.8125,0,0.0,154.8125,153.8125,152.8125,0.0
2021-06-04 15:45:00,155.29,156.02,155.28,156.0,156.0,156.0,155.31,155.31,155.3,155.27,155.27,155.27,155.28,155.28,05/28/2021 17:00,154.8125,0,0.0,154.8125,153.8125,152.8125,0.0
2021-06-06 20:45:00,155.31,156.12,155.25,155.26,156.04,156.01,156.0,156.0,156.0,155.28,155.28,155.29,155.29,155.3,0,0.0,0,0.0,0.0,0.0,0.0,0.0
2021-06-07 00:45:00,155.26,155.29,155.24,155.27,155.28,155.28,155.27,155.27,155.27,155.1,155.1,155.13,155.14,155.19,0,0.0,0,0.0,0.0,0.0,0.0,0.0
2021-06-07 04:45:00,155.27,155.27,155.19,155.21,155.31,155.3,155.29,155.28,155.28,155.1,155.1,155.13,155.14,155.19,0,0.0,0,0.0,0.0,0.0,0.0,0.0
2021-06-07 08:45:00,155.21,155.27,155.18,155.25,155.28,155.28,155.27,155.27,155.27,155.1,155.1,155.13,155.14,155.19,0,0.0,0,0.0,0.0,0.0,0.0,0.0
2021-06-07 12:45:00,155.24,155.3,155.22,155.27,155.28,155.28,155.27,155.27,155.27,155.1,155.1,155.13,155.14,155.19,0,0.0,0,0.0,0.0,0.0,0.0,0.0
2021-06-07 16:45:00,155.27,155.29,155.23,155.26,155.3,155.29,155.29,155.28,155.28,155.1,155.1,155.13,155.14,155.19,0,0.0,0,0.0,0.0,0.0,0.0,0.0
2021-06-07 21:45:00,155.26,155.3,155.24,155.29,155.28,155.28,155.27,155.27,155.27,155.1,155.13,155.14,155.18,155.19,0,0.0,0,0.0,0.0,0.0,0.0,0.0
2021-06-08 01:45:00,155.29,156.02,155.28,156.01,156.0,156.0,155.31,155.31,155.3,155.13,155.14,155.18,155.19,155.22,0,0.0,06/07/2021 17:00,156.03125,156.03125,157.03125,158.03125,0.0
2021-06-08 01:45:00,155.29,156.02,155.28,156.01,156.0,156.0,155.31,155.31,155.3,155.13,155.14,155.18,155.19,155.22,0,0.0,06/07/2021 17:00,156.03125,156.03125,157.03125,158.03125,0.0
2021-06-08 01:45:00,155.29,156.02,155.28,156.01,156.0,156.0,155.31,155.31,155.3,155.13,155.14,155.18,155.19,155.22,0,0.0,06/07/2021 17:00,156.03125,156.03125,157.03125,158.03125,0.0
2021-06-08 01:45:00,155.29,156.02,155.28,156.01,156.0,156.0,155.31,155.31,155.3,155.13,155.14,155.18,155.19,155.22,0,0.0,06/07/2021 17:00,156.03125,156.03125,157.03125,158.03125,0.0
2021-06-08 05:45:00,156.01,156.08,155.31,156.0,156.29,156.28,156.21,156.12,156.04,155.23,155.29,156.0,156.0,156.0,0,0.0,0,0.0,0.0,0.0,0.0,0.0
2021-06-08 09:45:00,156.01,156.3,156.0,156.22,156.29,156.28,156.21,156.12,156.04,155.24,155.29,156.0,156.0,156.0,0,0.0,06/07/2021 17:00,156.03125,156.03125,157.03125,158.03125,0.0
2021-06-08 09:45:00,156.01,156.3,156.0,156.22,156.29,156.28,156.21,156.12,156.04,155.24,155.29,156.0,156.0,156.0,0,0.0,06/07/2021 17:00,156.03125,156.03125,157.03125,158.03125,0.0
2021-06-08 09:45:00,156.01,156.3,156.0,156.22,156.29,156.28,156.21,156.12,156.04,155.24,155.29,156.0,156.0,156.0,0,0.0,06/07/2021 17:00,156.03125,156.03125,157.03125,158.03125,0.0
2021-06-08 09:45:00,156.01,156.3,156.0,156.22,156.29,156.28,156.21,156.12,156.04,155.24,155.29,156.0,156.0,156.0,0,0.0,06/07/2021 17:00,156.03125,156.03125,157.03125,158.03125,0.0
2021-06-08 13:45:00,156.22,156.23,156.15,156.18,157.01,156.31,156.29,156.29,156.28,156.0,156.01,156.04,156.12,156.21,0,0.0,06/07/2021 17:00,156.03125,156.03125,157.03125,158.03125,0.0
2021-06-08 18:45:00,156.19,156.22,156.12,156.16,156.31,156.29,156.29,156.28,156.21,156.0,156.0,156.01,156.04,156.12,0,0.0,0,0.0,0.0,0.0,0.0,0.0
2021-06-08 22:45:00,156.16,156.18,156.13,156.17,156.3,156.29,156.29,156.28,156.21,156.0,156.0,156.01,156.04,156.12,0,0.0,0,0.0,0.0,0.0,0.0,0.0
2021-06-09 02:45:00,156.17,156.24,156.16,156.22,156.29,156.29,156.28,156.23,156.21,156.0,156.0,156.01,156.04,156.12,0,0.0,0,0.0,0.0,0.0,0.0,0.0
2021-06-09 06:45:00,156.23,157.03,156.21,157.01,156.31,156.3,156.29,156.29,156.28,156.0,156.01,156.04,156.12,156.12,06/08/2021 17:00,156.46875,0,0.0,156.46875,155.46875,154.46875,0.0
2021-06-09 06:45:00,156.23,157.03,156.21,157.01,156.31,156.3,156.29,156.29,156.28,156.0,156.01,156.04,156.12,156.12,06/08/2021 17:00,156.46875,0,0.0,156.46875,155.46875,154.46875,0.0
2021-06-09 06:45:00,156.23,157.03,156.21,157.01,156.31,156.3,156.29,156.29,156.28,156.0,156.01,156.04,156.12,156.12,06/08/2021 17:00,156.46875,0,0.0,156.46875,155.46875,154.46875,0.0
2021-06-09 06:45:00,156.23,157.03,156.21,157.01,156.31,156.3,156.29,156.29,156.28,156.0,156.01,156.04,156.12,156.12,06/08/2021 17:00,156.46875,0,0.0,156.46875,155.46875,154.46875,0.0
2021-06-09 10:45:00,157.01,157.25,157.0,157.09,157.13,157.13,157.11,157.1,157.07,156.13,156.23,156.29,156.3,156.31,06/08/2021 17:00,156.46875,0,0.0,156.46875,155.46875,154.46875,0.0
2021-06-09 14:45:00,157.09,157.14,157.03,157.12,157.15,157.13,157.13,157.11,157.1,156.23,156.29,156.3,156.31,157.01,06/08/2021 17:00,156.46875,0,0.0,156.46875,155.46875,154.46875,0.0
2021-06-09 14:45:00,157.09,157.14,157.03,157.12,157.15,157.13,157.13,157.11,157.1,156.23,156.29,156.3,156.31,157.01,06/08/2021 17:00,156.46875,0,0.0,156.46875,155.46875,154.46875,0.0
2021-06-09 19:45:00,157.13,157.15,157.09,157.14,157.18,157.17,157.16,157.15,157.15,156.3,156.31,157.01,157.1,157.11,06/09/2021 17:00,157.3125,0,0.0,157.3125,156.3125,155.3125,0.0
2021-06-09 19:45:00,157.13,157.15,157.09,157.14,157.18,157.17,157.16,157.15,157.15,156.3,156.31,157.01,157.1,157.11,06/09/2021 17:00,157.3125,0,0.0,157.3125,156.3125,155.3125,0.0
2021-06-09 23:45:00,157.14,157.21,157.12,157.21,157.18,157.17,157.16,157.15,157.15,157.01,157.1,157.11,157.13,157.13,06/09/2021 17:00,157.3125,0,0.0,157.3125,156.3125,155.3125,0.0
2021-06-09 23:45:00,157.14,157.21,157.12,157.21,157.18,157.17,157.16,157.15,157.15,157.01,157.1,157.11,157.13,157.13,06/09/2021 17:00,157.3125,0,0.0,157.3125,156.3125,155.3125,0.0
2021-06-09 23:45:00,157.14,157.21,157.12,157.21,157.18,157.17,157.16,157.15,157.15,157.01,157.1,157.11,157.13,157.13,06/09/2021 17:00,157.3125,0,0.0,157.3125,156.3125,155.3125,0.0
2021-06-10 03:45:00,157.22,157.23,157.1,157.11,158.08,158.07,158.02,157.26,157.25,157.15,157.15,157.16,157.17,157.18,0,0.0,0,0.0,0.0,0.0,0.0,0.0
2021-06-10 07:45:00,157.11,157.12,157.03,157.05,157.26,157.25,157.15,157.15,157.13,157.0,157.01,157.03,157.09,157.1,0,0.0,0,0.0,0.0,0.0,0.0,0.0
2021-06-10 11:45:00,157.06,157.15,156.18,157.14,157.15,157.13,157.11,157.1,157.09,156.3,156.31,157.0,157.01,157.03,06/09/2021 17:00,157.3125,0,0.0,157.3125,156.3125,155.3125,0.0
2021-06-10 15:45:00,157.13,158.03,157.13,158.0,157.26,157.25,157.23,157.15,157.15,156.31,157.0,157.01,157.03,157.09,06/09/2021 17:00,157.3125,0,0.0,157.3125,156.3125,155.3125,0.0
2021-06-10 15:45:00,157.13,158.03,157.13,158.0,157.26,157.25,157.23,157.15,157.15,156.31,157.0,157.01,157.03,157.09,06/09/2021 17:00,157.3125,0,0.0,157.3125,156.3125,155.3125,0.0
2021-06-10 15:45:00,157.13,158.03,157.13,158.0,157.26,157.25,157.23,157.15,157.15,156.31,157.0,157.01,157.03,157.09,06/09/2021 17:00,157.3125,0,0.0,157.3125,156.3125,155.3125,0.0
2021-06-10 15:45:00,157.13,158.03,157.13,158.0,157.26,157.25,157.23,157.15,157.15,156.31,157.0,157.01,157.03,157.09,06/09/2021 17:00,157.3125,0,0.0,157.3125,156.3125,155.3125,0.0
2021-06-10 15:45:00,157.13,158.03,157.13,158.0,157.26,157.25,157.23,157.15,157.15,156.31,157.0,157.01,157.03,157.09,06/09/2021 17:00,157.3125,0,0.0,157.3125,156.3125,155.3125,0.0
2021-06-10 20:45:00,158.0,158.12,157.31,158.08,158.11,158.08,158.08,158.07,158.02,157.03,157.09,157.23,157.25,157.26,06/10/2021 17:00,157.625,0,0.0,157.625,156.625,155.625,0.0
2021-06-10 20:45:00,158.0,158.12,157.31,158.08,158.11,158.08,158.08,158.07,158.02,157.03,157.09,157.23,157.25,157.26,06/10/2021 17:00,157.625,0,0.0,157.625,156.625,155.625,0.0
2021-06-11 00:45:00,158.07,158.16,158.06,158.1,158.21,158.16,158.11,158.08,158.08,157.09,157.23,157.25,157.26,158.02,06/10/2021 17:00,157.625,0,0.0,157.625,156.625,155.625,0.0
2021-06-11 04:45:00,158.1,158.14,158.04,158.14,158.27,158.27,158.21,158.16,158.11,157.26,158.02,158.07,158.08,158.08,06/10/2021 17:00,157.625,0,0.0,157.625,156.625,155.625,0.0
2021-06-11 04:45:00,158.1,158.14,158.04,158.14,158.27,158.27,158.21,158.16,158.11,157.26,158.02,158.07,158.08,158.08,06/10/2021 17:00,157.625,0,0.0,157.625,156.625,155.625,0.0
2021-06-11 08:45:00,158.13,158.16,157.3,157.31,158.3,158.27,158.27,158.21,158.16,158.02,158.07,158.08,158.08,158.11,0,0.0,0,0.0,0.0,0.0,0.0,0.0
2021-06-11 12:45:00,157.31,158.03,157.22,158.0,158.11,158.08,158.08,158.07,158.02,157.09,157.13,157.23,157.25,157.26,0,0.0,0,0.0,0.0,0.0,0.0,0.0
2021-06-11 16:45:00,158.0,158.03,157.25,158.01,158.11,158.08,158.08,158.07,158.02,157.13,157.23,157.25,157.26,157.31,0,0.0,0,0.0,0.0,0.0,0.0,0.0
2021-06-13 21:45:00,158.01,158.02,157.26,157.27,158.11,158.08,158.08,158.07,158.02,157.13,157.23,157.25,157.26,157.31,0,0.0,0,0.0,0.0,0.0,0.0,0.0
2021-06-14 01:45:00,157.26,157.29,157.25,157.28,158.08,158.08,158.07,158.02,157.31,157.09,157.13,157.22,157.23,157.25,0,0.0,0,0.0,0.0,0.0,0.0,0.0
2021-06-14 05:45:00,157.28,158.01,157.25,157.28,158.08,158.07,158.03,158.02,157.31,157.13,157.22,157.23,157.25,157.26,0,0.0,0,0.0,0.0,0.0,0.0,0.0
2021-06-14 09:45:00,157.28,158.01,157.19,157.2,158.07,158.03,158.02,158.02,157.31,157.13,157.22,157.23,157.25,157.26,0,0.0,0,0.0,0.0,0.0,0.0,0.0
2021-06-14 13:45:00,157.19,157.2,157.03,157.05,157.31,157.26,157.25,157.23,157.22,157.0,157.01,157.03,157.09,157.13,0,0.0,0,0.0,0.0,0.0,0.0,0.0
2021-06-14 18:45:00,157.04,157.12,157.03,157.09,157.26,157.25,157.23,157.22,157.13,156.3,156.31,157.0,157.01,157.03,0,0.0,0,0.0,0.0,0.0,0.0,0.0
2021-06-14 22:45:00,157.1,157.17,157.09,157.16,157.26,157.25,157.23,157.22,157.13,156.3,156.31,157.0,157.01,157.03,0,0.0,06/14/2021 17:00,157.8125,157.8125,158.8125,159.8125,0.0
2021-06-15 02:45:00,157.16,157.17,157.12,157.14,157.26,157.25,157.23,157.22,157.2,156.31,157.0,157.01,157.03,157.13,0,0.0,0,0.0,0.0,0.0,0.0,0.0
2021-06-15 06:45:00,157.14,157.18,157.05,157.07,157.26,157.25,157.23,157.22,157.2,157.0,157.01,157.03,157.03,157.13,0,0.0,0,0.0,0.0,0.0,0.0,0.0
2021-06-15 10:45:00,157.06,157.15,156.28,157.02,157.26,157.25,157.23,157.22,157.2,156.31,157.0,157.01,157.03,157.03,0,0.0,0,0.0,0.0,0.0,0.0,0.0
2021-06-15 14:45:00,157.02,157.13,156.3,157.06,157.23,157.22,157.2,157.03,157.03,156.29,156.3,156.31,157.0,157.01,0,0.0,06/14/2021 17:00,157.8125,157.8125,158.8125,159.8125,0.0
2021-06-15 14:45:00,157.02,157.13,156.3,157.06,157.23,157.22,157.2,157.03,157.03,156.29,156.3,156.31,157.0,157.01,0,0.0,06/14/2021 17:00,157.8125,157.8125,158.8125,159.8125,0.0
2021-06-15 19:45:00,157.06,157.11,157.02,157.03,157.25,157.23,157.22,157.2,157.18,156.31,157.0,157.01,157.03,157.03,0,0.0,0,0.0,0.0,0.0,0.0,0.0
2021-06-15 23:45:00,157.04,157.06,157.01,157.01,157.23,157.22,157.2,157.18,157.15,156.31,157.0,157.01,157.03,157.03,0,0.0,0,0.0,0.0,0.0,0.0,0.0
2021-06-16 03:45:00,157.01,157.06,157.01,157.04,157.22,157.2,157.18,157.15,157.13,156.29,156.3,156.3,156.31,157.0,0,0.0,0,0.0,0.0,0.0,0.0,0.0
2021-06-16 07:45:00,157.04,157.14,157.03,157.09,157.2,157.18,157.15,157.13,157.11,156.3,156.3,156.31,157.0,157.01,0,0.0,0,0.0,0.0,0.0,0.0,0.0
2021-06-16 11:45:00,157.09,157.17,157.08,157.16,157.2,157.18,157.15,157.13,157.11,156.3,156.3,156.31,157.0,157.01,0,0.0,06/14/2021 17:00,157.8125,157.8125,158.8125,159.8125,0.0
2021-06-16 11:45:00,157.09,157.17,157.08,157.16,157.2,157.18,157.15,157.13,157.11,156.3,156.3,156.31,157.0,157.01,0,0.0,06/14/2021 17:00,157.8125,157.8125,158.8125,159.8125,0.0
2021-06-16 11:45:00,157.09,157.17,157.08,157.16,157.2,157.18,157.15,157.13,157.11,156.3,156.3,156.31,157.0,157.01,0,0.0,06/14/2021 17:00,157.8125,157.8125,158.8125,159.8125,0.0
2021-06-16 15:45:00,157.16,157.18,155.31,156.17,157.25,157.23,157.22,157.2,157.18,157.01,157.01,157.11,157.13,157.15,0,0.0,0,0.0,0.0,0.0,0.0,0.0
2021-06-16 20:45:00,156.18,156.19,156.03,156.09,156.3,156.29,156.28,156.23,156.21,156.04,156.12,156.12,156.13,156.16,0,0.0,0,0.0,0.0,0.0,0.0,0.0
2021-06-17 00:45:00,156.09,156.17,156.06,156.12,156.18,156.16,156.13,156.12,156.12,156.0,156.0,156.0,156.01,156.04,0,0.0,0,0.0,0.0,0.0,0.0,0.0
2021-06-17 04:45:00,156.12,156.28,156.08,156.22,156.23,156.21,156.18,156.16,156.13,156.0,156.0,156.0,156.01,156.04,0,0.0,06/16/2021 17:00,157.03125,157.03125,158.03125,159.03125,0.0
2021-06-17 04:45:00,156.12,156.28,156.08,156.22,156.23,156.21,156.18,156.16,156.13,156.0,156.0,156.0,156.01,156.04,0,0.0,06/16/2021 17:00,157.03125,157.03125,158.03125,159.03125,0.0
2021-06-17 04:45:00,156.12,156.28,156.08,156.22,156.23,156.21,156.18,156.16,156.13,156.0,156.0,156.0,156.01,156.04,0,0.0,06/16/2021 17:00,157.03125,157.03125,158.03125,159.03125,0.0
2021-06-17 04:45:00,156.12,156.28,156.08,156.22,156.23,156.21,156.18,156.16,156.13,156.0,156.0,156.0,156.01,156.04,0,0.0,06/16/2021 17:00,157.03125,157.03125,158.03125,159.03125,0.0
2021-06-17 08:45:00,156.21,157.02,156.15,157.0,156.3,156.3,156.29,156.28,156.23,156.04,156.12,156.13,156.16,156.18,0,0.0,06/16/2021 17:00,157.03125,157.03125,158.03125,159.03125,0.0
2021-06-17 08:45:00,156.21,157.02,156.15,157.0,156.3,156.3,156.29,156.28,156.23,156.04,156.12,156.13,156.16,156.18,0,0.0,06/16/2021 17:00,157.03125,157.03125,158.03125,159.03125,0.0
2021-06-17 12:45:00,157.0,159.11,156.29,159.05,157.15,157.13,157.11,157.01,157.01,156.16,156.18,156.21,156.28,156.3,0,0.0,06/16/2021 17:00,157.03125,157.03125,158.03125,159.03125,0.0
2021-06-17 12:45:00,157.0,159.11,156.29,159.05,157.15,157.13,157.11,157.01,157.01,156.16,156.18,156.21,156.28,156.3,0,0.0,06/16/2021 17:00,157.03125,157.03125,158.03125,159.03125,0.0
2021-06-17 12:45:00,157.0,159.11,156.29,159.05,157.15,157.13,157.11,157.01,157.01,156.16,156.18,156.21,156.28,156.3,0,0.0,06/16/2021 17:00,157.03125,157.03125,158.03125,159.03125,0.0
2021-06-17 12:45:00,157.0,159.11,156.29,159.05,157.15,157.13,157.11,157.01,157.01,156.16,156.18,156.21,156.28,156.3,0,0.0,06/16/2021 17:00,157.03125,157.03125,158.03125,159.03125,0.0
2021-06-17 12:45:00,157.0,159.11,156.29,159.05,157.15,157.13,157.11,157.01,157.01,156.16,156.18,156.21,156.28,156.3,0,0.0,06/16/2021 17:00,157.03125,157.03125,158.03125,159.03125,0.0
2021-06-17 12:45:00,157.0,159.11,156.29,159.05,157.15,157.13,157.11,157.01,157.01,156.16,156.18,156.21,156.28,156.3,0,0.0,06/16/2021 17:00,157.03125,157.03125,158.03125,159.03125,0.0
2021-06-17 12:45:00,157.0,159.11,156.29,159.05,157.15,157.13,157.11,157.01,157.01,156.16,156.18,156.21,156.28,156.3,0,0.0,06/16/2021 17:00,157.03125,157.03125,158.03125,159.03125,0.0
2021-06-17 12:45:00,157.0,159.11,156.29,159.05,157.15,157.13,157.11,157.01,157.01,156.16,156.18,156.21,156.28,156.3,0,0.0,06/16/2021 17:00,157.03125,157.03125,158.03125,159.03125,0.0
2021-06-17 12:45:00,157.0,159.11,156.29,159.05,157.15,157.13,157.11,157.01,157.01,156.16,156.18,156.21,156.28,156.3,0,0.0,06/16/2021 17:00,157.03125,157.03125,158.03125,159.03125,0.0
2021-06-17 12:45:00,157.0,159.11,156.29,159.05,157.15,157.13,157.11,157.01,157.01,156.16,156.18,156.21,156.28,156.3,0,0.0,06/16/2021 17:00,157.03125,157.03125,158.03125,159.03125,0.0
2021-06-17 12:45:00,157.0,159.11,156.29,159.05,157.15,157.13,157.11,157.01,157.01,156.16,156.18,156.21,156.28,156.3,0,0.0,06/16/2021 17:00,157.03125,157.03125,158.03125,159.03125,0.0
2021-06-17 12:45:00,157.0,159.11,156.29,159.05,157.15,157.13,157.11,157.01,157.01,156.16,156.18,156.21,156.28,156.3,0,0.0,06/16/2021 17:00,157.03125,157.03125,158.03125,159.03125,0.0
2021-06-17 12:45:00,157.0,159.11,156.29,159.05,157.15,157.13,157.11,157.01,157.01,156.16,156.18,156.21,156.28,156.3,0,0.0,06/16/2021 17:00,157.03125,157.03125,158.03125,159.03125,0.0
2021-06-17 12:45:00,157.0,159.11,156.29,159.05,157.15,157.13,157.11,157.01,157.01,156.16,156.18,156.21,156.28,156.3,0,0.0,06/16/2021 17:00,157.03125,157.03125,158.03125,159.03125,0.0
2021-06-17 12:45:00,157.0,159.11,156.29,159.05,157.15,157.13,157.11,157.01,157.01,156.16,156.18,156.21,156.28,156.3,0,0.0,06/16/2021 17:00,157.03125,157.03125,158.03125,159.03125,0.0
2021-06-17 12:45:00,157.0,159.11,156.29,159.05,157.15,157.13,157.11,157.01,157.01,156.16,156.18,156.21,156.28,156.3,0,0.0,06/16/2021 17:00,157.03125,157.03125,158.03125,159.03125,0.0
2021-06-17 16:45:00,159.05,159.09,157.29,158.09,159.22,159.2,159.11,159.07,159.07,158.27,158.3,158.3,158.31,159.03,0,0.0,06/16/2021 17:00,157.03125,157.03125,158.03125,159.03125,0.0
2021-06-17 21:45:00,158.09,158.14,158.01,158.05,159.07,158.27,158.21,158.16,158.16,157.22,157.31,158.01,158.02,158.03,0,0.0,0,0.0,0.0,0.0,0.0,0.0
2021-06-18 01:45:00,158.05,158.1,158.02,158.09,159.07,158.27,158.21,158.16,158.16,157.22,157.31,158.01,158.02,158.03,0,0.0,0,0.0,0.0,0.0,0.0,0.0
2021-06-18 05:45:00,158.09,159.02,158.06,158.23,159.07,158.27,158.21,158.16,158.16,157.29,157.31,158.01,158.02,158.03,06/17/2021 17:00,158.25,0,0.0,158.25,157.25,156.25,165.18
2021-06-18 09:45:00,158.22,158.28,158.0,158.23,159.11,159.09,159.07,159.07,158.27,157.31,158.01,158.01,158.02,158.03,0,0.0,0,0.0,0.0,0.0,0.0,0.0
2021-06-18 13:45:00,158.22,159.3,158.15,159.21,159.11,159.09,159.07,159.07,158.27,157.31,158.01,158.01,158.02,158.03,06/17/2021 17:00,158.25,0,0.0,158.25,157.25,156.25,165.18
2021-06-18 13:45:00,158.22,159.3,158.15,159.21,159.11,159.09,159.07,159.07,158.27,157.31,158.01,158.01,158.02,158.03,06/17/2021 17:00,158.25,0,0.0,158.25,157.25,156.25,165.18
2021-06-18 13:45:00,158.22,159.3,158.15,159.21,159.11,159.09,159.07,159.07,158.27,157.31,158.01,158.01,158.02,158.03,06/17/2021 17:00,158.25,0,0.0,158.25,157.25,156.25,165.18
2021-06-18 13:45:00,158.22,159.3,158.15,159.21,159.11,159.09,159.07,159.07,158.27,157.31,158.01,158.01,158.02,158.03,06/17/2021 17:00,158.25,0,0.0,158.25,157.25,156.25,165.18
2021-06-18 13:45:00,158.22,159.3,158.15,159.21,159.11,159.09,159.07,159.07,158.27,157.31,158.01,158.01,158.02,158.03,06/17/2021 17:00,158.25,0,0.0,158.25,157.25,156.25,165.18
2021-06-18 13:45:00,158.22,159.3,158.15,159.21,159.11,159.09,159.07,159.07,158.27,157.31,158.01,158.01,158.02,158.03,06/17/2021 17:00,158.25,0,0.0,158.25,157.25,156.25,165.18
2021-06-20 18:45:00,159.22,160.02,159.13,159.25,160.13,160.12,160.07,160.04,159.28,159.07,159.09,159.11,159.11,159.2,06/18/2021 17:00,158.84375,0,0.0,158.84375,157.84375,156.84375,0.0
2021-06-20 18:45:00,159.22,160.02,159.13,159.25,160.13,160.12,160.07,160.04,159.28,159.07,159.09,159.11,159.11,159.2,06/18/2021 17:00,158.84375,0,0.0,158.84375,157.84375,156.84375,0.0
2021-06-20 18:45:00,159.22,160.02,159.13,159.25,160.13,160.12,160.07,160.04,159.28,159.07,159.09,159.11,159.11,159.2,06/18/2021 17:00,158.84375,0,0.0,158.84375,157.84375,156.84375,0.0
2021-06-20 18:45:00,159.22,160.02,159.13,159.25,160.13,160.12,160.07,160.04,159.28,159.07,159.09,159.11,159.11,159.2,06/18/2021 17:00,158.84375,0,0.0,158.84375,157.84375,156.84375,0.0
2021-06-20 22:45:00,159.25,160.16,159.23,160.15,160.13,160.12,160.07,160.04,159.28,159.11,159.11,159.2,159.22,159.22,06/18/2021 17:00,158.84375,0,0.0,158.84375,157.84375,156.84375,0.0
2021-06-20 22:45:00,159.25,160.16,159.23,160.15,160.13,160.12,160.07,160.04,159.28,159.11,159.11,159.2,159.22,159.22,06/18/2021 17:00,158.84375,0,0.0,158.84375,157.84375,156.84375,0.0
2021-06-20 22:45:00,159.25,160.16,159.23,160.15,160.13,160.12,160.07,160.04,159.28,159.11,159.11,159.2,159.22,159.22,06/18/2021 17:00,158.84375,0,0.0,158.84375,157.84375,156.84375,0.0
2021-06-20 22:45:00,159.25,160.16,159.23,160.15,160.13,160.12,160.07,160.04,159.28,159.11,159.11,159.2,159.22,159.22,06/18/2021 17:00,158.84375,0,0.0,158.84375,157.84375,156.84375,0.0
2021-06-20 22:45:00,159.25,160.16,159.23,160.15,160.13,160.12,160.07,160.04,159.28,159.11,159.11,159.2,159.22,159.22,06/18/2021 17:00,158.84375,0,0.0,158.84375,157.84375,156.84375,0.0
2021-06-21 02:45:00,160.15,161.21,160.15,160.21,160.27,160.24,160.22,160.18,160.18,159.22,159.28,160.04,160.07,160.13,06/18/2021 17:00,158.84375,0,0.0,158.84375,157.84375,156.84375,0.0
2021-06-21 02:45:00,160.15,161.21,160.15,160.21,160.27,160.24,160.22,160.18,160.18,159.22,159.28,160.04,160.07,160.13,06/18/2021 17:00,158.84375,0,0.0,158.84375,157.84375,156.84375,0.0
2021-06-21 06:45:00,160.21,160.25,159.2,159.3,161.03,160.3,160.27,160.24,160.22,160.04,160.07,160.13,160.18,160.18,0,0.0,0,0.0,0.0,0.0,0.0,0.0
2021-06-21 10:45:00,159.3,159.31,158.17,158.25,160.22,160.18,160.13,160.07,160.04,159.13,159.2,159.22,159.22,159.28,0,0.0,0,0.0,0.0,0.0,0.0,0.0
2021-06-21 14:45:00,158.26,159.02,158.15,158.19,159.22,159.13,159.11,159.11,159.09,158.01,158.01,158.02,158.03,158.15,0,0.0,0,0.0,0.0,0.0,0.0,0.0
2021-06-21 19:45:00,158.19,158.21,158.08,158.1,159.22,159.13,159.11,159.11,159.09,158.01,158.01,158.02,158.03,158.15,0,0.0,0,0.0,0.0,0.0,0.0,0.0
2021-06-21 23:45:00,158.1,158.24,158.07,158.09,159.13,159.11,159.11,159.09,158.15,158.0,158.01,158.01,158.02,158.03,0,0.0,0,0.0,0.0,0.0,0.0,0.0
2021-06-22 03:45:00,158.08,158.18,158.03,158.08,159.11,159.11,159.09,159.02,158.15,158.0,158.01,158.01,158.02,158.03,0,0.0,0,0.0,0.0,0.0,0.0,0.0
2021-06-22 07:45:00,158.07,158.31,158.05,158.12,159.11,159.11,159.09,159.02,158.15,158.0,158.01,158.01,158.02,158.03,0,0.0,0,0.0,0.0,0.0,0.0,0.0
2021-06-22 11:45:00,158.12,158.18,157.27,158.14,159.11,159.11,159.09,159.02,158.15,158.0,158.01,158.01,158.02,158.03,0,0.0,0,0.0,0.0,0.0,0.0,0.0
2021-06-22 15:45:00,158.14,158.23,158.12,158.21,159.11,159.11,159.09,159.02,158.15,158.0,158.01,158.01,158.02,158.03,0,0.0,06/21/2021 17:00,158.84375,158.84375,159.84375,160.84375,0.0
2021-06-22 20:45:00,158.21,158.27,158.18,158.25,159.11,159.11,159.09,159.02,158.31,158.01,158.01,158.02,158.03,158.15,0,0.0,0,0.0,0.0,0.0,0.0,0.0
2021-06-23 00:45:00,158.24,158.25,158.2,158.21,159.11,159.11,159.09,159.02,158.31,158.01,158.01,158.02,158.03,158.15,0,0.0,0,0.0,0.0,0.0,0.0,0.0
2021-06-23 04:45:00,158.21,158.22,158.08,158.16,159.11,159.11,159.09,159.02,158.31,158.01,158.02,158.03,158.12,158.15,0,0.0,0,0.0,0.0,0.0,0.0,0.0
2021-06-23 08:45:00,158.16,158.24,158.12,158.17,159.11,159.09,159.02,158.31,158.27,158.01,158.02,158.03,158.12,158.15,0,0.0,0,0.0,0.0,0.0,0.0,0.0
2021-06-23 12:45:00,158.18,158.21,158.02,158.06,159.09,159.02,158.31,158.27,158.25,158.01,158.02,158.03,158.12,158.15,0,0.0,0,0.0,0.0,0.0,0.0,0.0
2021-06-23 16:45:00,158.06,158.14,158.02,158.13,159.02,158.31,158.27,158.25,158.12,158.0,158.01,158.01,158.02,158.03,0,0.0,06/21/2021 17:00,158.84375,158.84375,159.84375,160.84375,0.0
2021-06-23 21:45:00,158.13,158.16,158.1,158.15,159.02,158.31,158.27,158.25,158.24,158.01,158.01,158.02,158.03,158.12,0,0.0,0,0.0,0.0,0.0,0.0,0.0
2021-06-24 01:45:00,158.14,158.17,158.07,158.1,158.31,158.27,158.25,158.24,158.21,158.01,158.01,158.02,158.03,158.12,0,0.0,0,0.0,0.0,0.0,0.0,0.0
2021-06-24 05:45:00,158.1,158.12,157.31,158.1,158.31,158.27,158.25,158.24,158.21,158.01,158.01,158.02,158.02,158.03,0,0.0,0,0.0,0.0,0.0,0.0,0.0
2021-06-24 09:45:00,158.1,158.2,158.07,158.17,158.31,158.27,158.25,158.24,158.21,158.01,158.01,158.02,158.02,158.03,0,0.0,0,0.0,0.0,0.0,0.0,0.0
2021-06-24 13:45:00,158.17,158.21,158.1,158.11,158.31,158.27,158.25,158.24,158.21,158.01,158.01,158.02,158.02,158.03,0,0.0,0,0.0,0.0,0.0,0.0,0.0
2021-06-24 18:45:00,158.11,158.21,158.1,158.14,158.31,158.27,158.25,158.24,158.21,158.01,158.01,158.02,158.02,158.03,0,0.0,0,0.0,0.0,0.0,0.0,0.0
2021-06-24 22:45:00,158.14,158.16,158.09,158.1,158.31,158.27,158.25,158.24,158.21,158.01,158.02,158.02,158.03,158.07,0,0.0,0,0.0,0.0,0.0,0.0,0.0
2021-06-25 02:45:00,158.1,158.17,158.08,158.16,158.31,158.27,158.25,158.24,158.21,158.01,158.02,158.02,158.03,158.07,0,0.0,0,0.0,0.0,0.0,0.0,0.0
2021-06-25 06:45:00,158.16,158.2,158.12,158.15,158.27,158.25,158.24,158.21,158.21,158.01,158.02,158.02,158.03,158.07,0,0.0,0,0.0,0.0,0.0,0.0,0.0
2021-06-25 10:45:00,158.15,158.24,157.25,157.27,158.27,158.25,158.24,158.21,158.21,158.01,158.02,158.02,158.03,158.07,0,0.0,0,0.0,0.0,0.0,0.0,0.0
2021-06-25 14:45:00,157.27,157.28,157.05,157.09,158.01,158.01,158.0,157.31,157.29,157.01,157.18,157.18,157.2,157.22,0,0.0,0,0.0,0.0,0.0,0.0,0.0
2021-06-27 19:45:00,157.09,157.22,157.08,157.19,157.29,157.27,157.2,157.18,157.18,156.28,156.29,156.3,157.0,157.01,0,0.0,0,0.0,0.0,0.0,0.0,0.0
2021-06-27 23:45:00,157.19,157.2,157.14,157.17,158.0,157.31,157.29,157.27,157.2,156.28,156.29,156.3,157.0,157.01,0,0.0,0,0.0,0.0,0.0,0.0,0.0
2021-06-28 03:45:00,157.17,157.27,157.16,157.27,157.31,157.29,157.28,157.27,157.2,156.29,156.3,157.0,157.01,157.05,0,0.0,0,0.0,0.0,0.0,0.0,0.0
2021-06-28 07:45:00,157.26,158.0,157.22,157.31,158.0,157.31,157.29,157.28,157.27,156.3,157.0,157.01,157.05,157.08,0,0.0,06/25/2021 17:00,158.34375,158.34375,159.34375,160.34375,0.0
2021-06-28 07:45:00,157.26,158.0,157.22,157.31,158.0,157.31,157.29,157.28,157.27,156.3,157.0,157.01,157.05,157.08,0,0.0,06/25/2021 17:00,158.34375,158.34375,159.34375,160.34375,0.0
2021-06-28 11:45:00,157.31,158.22,157.28,158.21,158.02,158.02,158.01,158.01,158.0,157.08,157.14,157.27,157.28,157.29,0,0.0,06/25/2021 17:00,158.34375,158.34375,159.34375,160.34375,0.0
2021-06-28 11:45:00,157.31,158.22,157.28,158.21,158.02,158.02,158.01,158.01,158.0,157.08,157.14,157.27,157.28,157.29,0,0.0,06/25/2021 17:00,158.34375,158.34375,159.34375,160.34375,0.0
2021-06-28 11:45:00,157.31,158.22,157.28,158.21,158.02,158.02,158.01,158.01,158.0,157.08,157.14,157.27,157.28,157.29,0,0.0,06/25/2021 17:00,158.34375,158.34375,159.34375,160.34375,0.0
2021-06-28 11:45:00,157.31,158.22,157.28,158.21,158.02,158.02,158.01,158.01,158.0,157.08,157.14,157.27,157.28,157.29,0,0.0,06/25/2021 17:00,158.34375,158.34375,159.34375,160.34375,0.0
2021-06-28 11:45:00,157.31,158.22,157.28,158.21,158.02,158.02,158.01,158.01,158.0,157.08,157.14,157.27,157.28,157.29,0,0.0,06/25/2021 17:00,158.34375,158.34375,159.34375,160.34375,0.0
2021-06-28 15:45:00,158.21,158.26,158.18,158.2,158.31,158.27,158.25,158.24,158.24,157.31,158.0,158.01,158.02,158.07,0,0.0,06/25/2021 17:00,158.34375,158.34375,159.34375,160.34375,0.0
2021-06-28 20:45:00,158.21,158.23,158.19,158.19,158.31,158.27,158.25,158.24,158.24,157.31,158.0,158.01,158.02,158.07,0,0.0,0,0.0,0.0,0.0,0.0,0.0
2021-06-29 00:45:00,158.2,158.24,158.18,158.22,158.25,158.24,158.24,158.21,158.21,157.31,158.0,158.01,158.02,158.07,06/28/2021 17:00,158.34375,0,0.0,158.34375,157.34375,156.34375,0.0
2021-06-29 04:45:00,158.22,158.24,158.12,158.18,158.27,158.26,158.25,158.24,158.24,158.01,158.02,158.07,158.21,158.21,0,0.0,0,0.0,0.0,0.0,0.0,0.0
2021-06-29 08:45:00,158.17,158.24,158.03,158.07,158.25,158.24,158.24,158.21,158.21,157.31,158.0,158.01,158.02,158.07,0,0.0,0,0.0,0.0,0.0,0.0,0.0
2021-06-29 12:45:00,158.06,158.22,158.02,158.2,158.24,158.24,158.21,158.21,158.07,157.29,157.31,158.0,158.01,158.02,0,0.0,0,0.0,0.0,0.0,0.0,0.0
2021-06-29 16:45:00,158.2,158.26,158.18,158.25,158.25,158.24,158.24,158.21,158.21,157.31,158.0,158.01,158.02,158.07,06/28/2021 17:00,158.34375,0,0.0,158.34375,157.34375,156.34375,0.0
2021-06-29 16:45:00,158.2,158.26,158.18,158.25,158.25,158.24,158.24,158.21,158.21,157.31,158.0,158.01,158.02,158.07,06/28/2021 17:00,158.34375,0,0.0,158.34375,157.34375,156.34375,0.0
2021-06-29 21:45:00,158.25,158.27,158.22,158.24,159.09,159.02,158.31,158.27,158.26,158.01,158.02,158.07,158.24,158.24,0,0.0,0,0.0,0.0,0.0,0.0,0.0
2021-06-30 01:45:00,158.24,158.25,158.2,158.21,159.02,158.31,158.27,158.26,158.25,158.0,158.01,158.02,158.02,158.07,0,0.0,0,0.0,0.0,0.0,0.0,0.0
2021-06-30 05:45:00,158.2,159.03,158.2,158.31,158.27,158.26,158.25,158.24,158.24,158.01,158.02,158.02,158.07,158.18,06/28/2021 17:00,158.34375,0,0.0,158.34375,157.34375,156.34375,0.0
2021-06-30 05:45:00,158.2,159.03,158.2,158.31,158.27,158.26,158.25,158.24,158.24,158.01,158.02,158.02,158.07,158.18,06/28/2021 17:00,158.34375,0,0.0,158.34375,157.34375,156.34375,0.0
2021-06-30 05:45:00,158.2,159.03,158.2,158.31,158.27,158.26,158.25,158.24,158.24,158.01,158.02,158.02,158.07,158.18,06/28/2021 17:00,158.34375,0,0.0,158.34375,157.34375,156.34375,0.0
2021-06-30 05:45:00,158.2,159.03,158.2,158.31,158.27,158.26,158.25,158.24,158.24,158.01,158.02,158.02,158.07,158.18,06/28/2021 17:00,158.34375,0,0.0,158.34375,157.34375,156.34375,0.0
2021-06-30 09:45:00,158.31,159.09,158.3,159.07,159.13,159.11,159.11,159.09,159.02,158.07,158.18,158.25,158.26,158.27,06/28/2021 17:00,158.34375,0,0.0,158.34375,157.34375,156.34375,0.0
2021-06-30 09:45:00,158.31,159.09,158.3,159.07,159.13,159.11,159.11,159.09,159.02,158.07,158.18,158.25,158.26,158.27,06/28/2021 17:00,158.34375,0,0.0,158.34375,157.34375,156.34375,0.0
2021-06-30 13:45:00,159.07,159.18,159.05,159.13,159.22,159.13,159.11,159.11,159.09,158.25,158.26,158.27,158.31,159.02,0,0.0,0,0.0,0.0,0.0,0.0,0.0
2021-06-30 18:45:00,159.13,159.15,158.25,158.29,160.07,160.04,159.31,159.28,159.22,158.25,158.26,158.27,158.31,159.02,0,0.0,0,0.0,0.0,0.0,0.0,0.0
2021-06-30 22:45:00,158.29,158.31,158.24,158.25,159.28,159.22,159.13,159.02,158.31,158.18,158.2,158.25,158.26,158.27,0,0.0,0,0.0,0.0,0.0,0.0,0.0
2021-07-01 02:45:00,158.25,158.29,158.22,158.24,159.13,159.02,158.31,158.27,158.26,158.02,158.02,158.07,158.18,158.2,0,0.0,0,0.0,0.0,0.0,0.0,0.0
2021-07-01 06:45:00,158.24,158.28,158.17,158.22,159.02,158.31,158.27,158.26,158.25,158.02,158.02,158.07,158.18,158.2,0,0.0,0,0.0,0.0,0.0,0.0,0.0
2021-07-01 10:45:00,158.22,159.07,158.19,158.25,158.31,158.31,158.27,158.26,158.25,158.02,158.02,158.07,158.18,158.2,0,0.0,0,0.0,0.0,0.0,0.0,0.0
2021-07-01 14:45:00,158.24,158.28,158.2,158.23,158.31,158.31,158.27,158.26,158.25,158.02,158.02,158.07,158.18,158.2,0,0.0,0,0.0,0.0,0.0,0.0,0.0
2021-07-01 19:45:00,158.24,159.07,158.23,159.04,158.31,158.31,158.27,158.26,158.25,158.02,158.07,158.17,158.18,158.2,0,0.0,07/01/2021 17:00,158.96875,158.96875,159.96875,160.96875,0.0
2021-07-01 23:45:00,159.04,159.07,159.01,159.04,159.28,159.22,159.18,159.15,159.13,158.17,158.18,158.19,158.2,158.31,0,0.0,0,0.0,0.0,0.0,0.0,0.0
2021-07-02 03:45:00,159.04,159.14,159.0,159.11,159.28,159.22,159.18,159.15,159.13,158.18,158.19,158.2,158.2,158.31,0,0.0,0,0.0,0.0,0.0,0.0,0.0
2021-07-02 07:45:00,159.11,159.22,159.1,159.19,159.28,159.22,159.18,159.15,159.13,158.19,158.2,158.2,158.23,158.31,0,0.0,07/01/2021 17:00,158.96875,158.96875,159.96875,160.96875,0.0
2021-07-02 07:45:00,159.11,159.22,159.1,159.19,159.28,159.22,159.18,159.15,159.13,158.19,158.2,158.2,158.23,158.31,0,0.0,07/01/2021 17:00,158.96875,158.96875,159.96875,160.96875,0.0
2021-07-02 07:45:00,159.11,159.22,159.1,159.19,159.28,159.22,159.18,159.15,159.13,158.19,158.2,158.2,158.23,158.31,0,0.0,07/01/2021 17:00,158.96875,158.96875,159.96875,160.96875,0.0
2021-07-02 11:45:00,159.19,159.27,159.02,159.14,160.07,160.04,159.31,159.28,159.22,158.23,158.31,159.13,159.15,159.18,0,0.0,0,0.0,0.0,0.0,0.0,0.0
2021-07-02 15:45:00,159.15,159.21,159.1,159.18,160.04,159.31,159.28,159.22,159.18,158.2,158.23,158.31,159.0,159.13,0,0.0,0,0.0,0.0,0.0,0.0,0.0
2021-07-04 20:45:00,159.18,159.24,159.18,159.23,160.07,160.04,159.31,159.28,159.22,158.2,158.23,158.31,159.0,159.13,0,0.0,0,0.0,0.0,0.0,0.0,0.0
2021-07-05 00:45:00,159.23,159.24,159.2,159.22,160.07,160.04,159.31,159.28,159.27,158.23,158.31,159.0,159.02,159.13,0,0.0,0,0.0,0.0,0.0,0.0,0.0
2021-07-05 04:45:00,159.22,159.23,159.16,159.19,160.07,160.04,159.31,159.28,159.27,158.31,159.0,159.02,159.1,159.13,0,0.0,0,0.0,0.0,0.0,0.0,0.0
2021-07-05 08:45:00,159.19,159.21,159.13,159.15,160.07,160.04,159.31,159.28,159.27,158.31,159.0,159.02,159.1,159.13,0,0.0,0,0.0,0.0,0.0,0.0,0.0
2021-07-05 12:45:00,159.15,159.18,159.12,159.12,160.04,159.31,159.28,159.27,159.24,158.31,159.0,159.02,159.1,159.13,0,0.0,0,0.0,0.0,0.0,0.0,0.0
2021-07-05 21:45:00,159.12,159.14,159.08,159.08,159.31,159.28,159.27,159.24,159.23,158.23,158.31,159.0,159.02,159.1,0,0.0,0,0.0,0.0,0.0,0.0,0.0
2021-07-06 01:45:00,159.08,159.1,159.07,159.07,159.27,159.24,159.23,159.21,159.1,158.2,158.23,158.31,159.0,159.02,0,0.0,0,0.0,0.0,0.0,0.0,0.0
2021-07-06 05:45:00,159.08,159.23,159.06,159.22,159.24,159.23,159.21,159.18,159.1,158.2,158.23,158.31,159.0,159.02,07/02/2021 17:00,158.96875,0,0.0,158.96875,157.96875,156.96875,0.0
2021-07-06 05:45:00,159.08,159.23,159.06,159.22,159.24,159.23,159.21,159.18,159.1,158.2,158.23,158.31,159.0,159.02,07/02/2021 17:00,158.96875,0,0.0,158.96875,157.96875,156.96875,0.0
2021-07-06 05:45:00,159.08,159.23,159.06,159.22,159.24,159.23,159.21,159.18,159.1,158.2,158.23,158.31,159.0,159.02,07/02/2021 17:00,158.96875,0,0.0,158.96875,157.96875,156.96875,0.0
2021-07-06 09:45:00,159.22,160.12,159.18,160.12,159.31,159.28,159.27,159.24,159.23,159.0,159.02,159.1,159.18,159.21,07/02/2021 17:00,158.96875,0,0.0,158.96875,157.96875,156.96875,0.0
2021-07-06 09:45:00,159.22,160.12,159.18,160.12,159.31,159.28,159.27,159.24,159.23,159.0,159.02,159.1,159.18,159.21,07/02/2021 17:00,158.96875,0,0.0,158.96875,157.96875,156.96875,0.0
2021-07-06 09:45:00,159.22,160.12,159.18,160.12,159.31,159.28,159.27,159.24,159.23,159.0,159.02,159.1,159.18,159.21,07/02/2021 17:00,158.96875,0,0.0,158.96875,157.96875,156.96875,0.0
2021-07-06 09:45:00,159.22,160.12,159.18,160.12,159.31,159.28,159.27,159.24,159.23,159.0,159.02,159.1,159.18,159.21,07/02/2021 17:00,158.96875,0,0.0,158.96875,157.96875,156.96875,0.0
2021-07-06 13:45:00,160.12,161.09,160.1,160.22,160.25,160.24,160.22,160.18,160.13,159.21,159.23,159.24,159.27,159.31,0,0.0,0,0.0,0.0,0.0,0.0,0.0
2021-07-06 18:45:00,160.22,161.07,160.19,161.01,161.03,160.3,160.27,160.25,160.24,159.21,159.23,159.24,159.27,159.31,07/06/2021 17:00,160.125,0,0.0,160.125,159.125,158.125,0.0
2021-07-06 18:45:00,160.22,161.07,160.19,161.01,161.03,160.3,160.27,160.25,160.24,159.21,159.23,159.24,159.27,159.31,07/06/2021 17:00,160.125,0,0.0,160.125,159.125,158.125,0.0
2021-07-06 18:45:00,160.22,161.07,160.19,161.01,161.03,160.3,160.27,160.25,160.24,159.21,159.23,159.24,159.27,159.31,07/06/2021 17:00,160.125,0,0.0,160.125,159.125,158.125,0.0
2021-07-06 18:45:00,160.22,161.07,160.19,161.01,161.03,160.3,160.27,160.25,160.24,159.21,159.23,159.24,159.27,159.31,07/06/2021 17:00,160.125,0,0.0,160.125,159.125,158.125,0.0
2021-07-06 22:45:00,161.01,161.08,160.3,161.04,161.17,161.14,161.1,161.05,161.03,159.31,160.22,160.24,160.25,160.3,07/06/2021 17:00,160.125,0,0.0,160.125,159.125,158.125,0.0
2021-07-07 02:45:00,161.04,161.04,160.27,160.3,161.17,161.14,161.1,161.09,161.05,160.22,160.24,160.25,160.3,161.03,0,0.0,0,0.0,0.0,0.0,0.0,0.0
2021-07-07 06:45:00,160.3,161.2,160.26,161.1,161.14,161.1,161.09,161.05,161.03,160.1,160.19,160.22,160.24,160.25,07/06/2021 17:00,160.125,0,0.0,160.125,159.125,158.125,0.0
2021-07-07 06:45:00,160.3,161.2,160.26,161.1,161.14,161.1,161.09,161.05,161.03,160.1,160.19,160.22,160.24,160.25,07/06/2021 17:00,160.125,0,0.0,160.125,159.125,158.125,0.0
2021-07-07 10:45:00,161.1,162.13,161.01,162.11,161.21,161.21,161.21,161.17,161.14,160.24,160.25,160.3,161.05,161.09,07/06/2021 17:00,160.125,0,0.0,160.125,159.125,158.125,0.0
2021-07-07 10:45:00,161.1,162.13,161.01,162.11,161.21,161.21,161.21,161.17,161.14,160.24,160.25,160.3,161.05,161.09,07/06/2021 17:00,160.125,0,0.0,160.125,159.125,158.125,0.0
2021-07-07 10:45:00,161.1,162.13,161.01,162.11,161.21,161.21,161.21,161.17,161.14,160.24,160.25,160.3,161.05,161.09,07/06/2021 17:00,160.125,0,0.0,160.125,159.125,158.125,0.0
2021-07-07 10:45:00,161.1,162.13,161.01,162.11,161.21,161.21,161.21,161.17,161.14,160.24,160.25,160.3,161.05,161.09,07/06/2021 17:00,160.125,0,0.0,160.125,159.125,158.125,0.0
2021-07-07 10:45:00,161.1,162.13,161.01,162.11,161.21,161.21,161.21,161.17,161.14,160.24,160.25,160.3,161.05,161.09,07/06/2021 17:00,160.125,0,0.0,160.125,159.125,158.125,0.0
2021-07-07 10:45:00,161.1,162.13,161.01,162.11,161.21,161.21,161.21,161.17,161.14,160.24,160.25,160.3,161.05,161.09,07/06/2021 17:00,160.125,0,0.0,160.125,159.125,158.125,0.0
2021-07-07 10:45:00,161.1,162.13,161.01,162.11,161.21,161.21,161.21,161.17,161.14,160.24,160.25,160.3,161.05,161.09,07/06/2021 17:00,160.125,0,0.0,160.125,159.125,158.125,0.0
2021-07-07 10:45:00,161.1,162.13,161.01,162.11,161.21,161.21,161.21,161.17,161.14,160.24,160.25,160.3,161.05,161.09,07/06/2021 17:00,160.125,0,0.0,160.125,159.125,158.125,0.0
2021-07-07 10:45:00,161.1,162.13,161.01,162.11,161.21,161.21,161.21,161.17,161.14,160.24,160.25,160.3,161.05,161.09,07/06/2021 17:00,160.125,0,0.0,160.125,159.125,158.125,0.0
2021-07-07 10:45:00,161.1,162.13,161.01,162.11,161.21,161.21,161.21,161.17,161.14,160.24,160.25,160.3,161.05,161.09,07/06/2021 17:00,160.125,0,0.0,160.125,159.125,158.125,0.0
2021-07-07 10:45:00,161.1,162.13,161.01,162.11,161.21,161.21,161.21,161.17,161.14,160.24,160.25,160.3,161.05,161.09,07/06/2021 17:00,160.125,0,0.0,160.125,159.125,158.125,0.0
2021-07-07 14:45:00,162.1,162.12,161.22,161.26,163.01,162.28,162.27,162.26,162.15,161.25,161.31,162.03,162.03,162.05,07/06/2021 17:00,160.125,0,0.0,160.125,159.125,158.125,0.0
2021-07-07 19:45:00,161.26,162.02,161.25,161.3,162.28,162.27,162.26,162.15,162.03,161.17,161.21,161.21,161.21,161.25,0,0.0,0,0.0,0.0,0.0,0.0,0.0
2021-07-07 23:45:00,161.3,162.09,161.28,162.02,162.27,162.26,162.15,162.13,162.03,161.17,161.21,161.21,161.21,161.25,0,0.0,0,0.0,0.0,0.0,0.0,0.0
2021-07-08 03:45:00,162.02,162.31,162.0,162.23,162.26,162.15,162.13,162.12,162.03,161.21,161.21,161.21,161.22,161.25,07/07/2021 17:00,161.3125,0,0.0,161.3125,160.3125,159.3125,0.0
2021-07-08 03:45:00,162.02,162.31,162.0,162.23,162.26,162.15,162.13,162.12,162.03,161.21,161.21,161.21,161.22,161.25,07/07/2021 17:00,161.3125,0,0.0,161.3125,160.3125,159.3125,0.0
2021-07-08 03:45:00,162.02,162.31,162.0,162.23,162.26,162.15,162.13,162.12,162.03,161.21,161.21,161.21,161.22,161.25,07/07/2021 17:00,161.3125,0,0.0,161.3125,160.3125,159.3125,0.0
2021-07-08 07:45:00,162.23,163.17,162.21,162.28,163.02,163.01,162.28,162.27,162.26,161.25,161.25,162.12,162.13,162.15,07/07/2021 17:00,161.3125,0,0.0,161.3125,160.3125,159.3125,0.0
2021-07-08 07:45:00,162.23,163.17,162.21,162.28,163.02,163.01,162.28,162.27,162.26,161.25,161.25,162.12,162.13,162.15,07/07/2021 17:00,161.3125,0,0.0,161.3125,160.3125,159.3125,0.0
2021-07-08 11:45:00,162.28,163.04,162.07,162.08,163.07,163.07,163.02,163.02,163.01,161.28,162.12,162.13,162.15,162.27,0,0.0,0,0.0,0.0,0.0,0.0,0.0
2021-07-08 15:45:00,162.08,162.19,162.04,162.19,163.01,162.28,162.27,162.13,162.12,161.22,161.25,161.25,161.28,162.0,0,0.0,0,0.0,0.0,0.0,0.0,0.0
2021-07-08 20:45:00,162.19,162.19,161.29,161.31,163.02,163.02,163.01,162.28,162.27,161.22,161.25,161.25,161.28,162.0,0,0.0,0,0.0,0.0,0.0,0.0,0.0
2021-07-09 00:45:00,161.3,162.05,161.17,161.19,163.02,163.01,162.28,162.27,162.0,161.21,161.22,161.25,161.25,161.28,0,0.0,0,0.0,0.0,0.0,0.0,0.0
2021-07-09 04:45:00,161.18,161.24,161.11,161.19,161.28,161.25,161.25,161.22,161.21,161.05,161.09,161.1,161.14,161.17,0,0.0,0,0.0,0.0,0.0,0.0,0.0
2021-07-09 08:45:00,161.19,161.21,161.08,161.19,161.28,161.25,161.25,161.22,161.21,161.05,161.09,161.1,161.14,161.17,0,0.0,0,0.0,0.0,0.0,0.0,0.0
2021-07-09 12:45:00,161.19,161.19,161.06,161.07,161.28,161.25,161.25,161.22,161.21,161.05,161.09,161.1,161.14,161.17,0,0.0,0,0.0,0.0,0.0,0.0,0.0
2021-07-09 16:45:00,161.07,161.1,161.0,161.03,161.24,161.22,161.21,161.1,161.09,160.25,160.26,160.3,161.01,161.05,0,0.0,0,0.0,0.0,0.0,0.0,0.0
2021-07-11 21:45:00,161.02,161.09,160.3,161.06,161.22,161.21,161.21,161.1,161.09,160.24,160.25,160.26,160.3,161.01,0,0.0,0,0.0,0.0,0.0,0.0,0.0
2021-07-12 01:45:00,161.06,161.07,161.0,161.06,161.21,161.21,161.19,161.1,161.09,160.24,160.25,160.26,160.3,161.01,0,0.0,0,0.0,0.0,0.0,0.0,0.0
2021-07-12 05:45:00,161.06,161.26,161.02,161.21,161.21,161.19,161.1,161.1,161.09,160.24,160.25,160.26,160.3,161.01,0,0.0,07/09/2021 17:00,161.3125,161.3125,162.3125,163.3125,0.0
2021-07-12 05:45:00,161.06,161.26,161.02,161.21,161.21,161.19,161.1,161.1,161.09,160.24,160.25,160.26,160.3,161.01,0,0.0,07/09/2021 17:00,161.3125,161.3125,162.3125,163.3125,0.0
2021-07-12 09:45:00,161.2,161.23,161.09,161.1,161.25,161.24,161.22,161.21,161.21,160.3,160.3,161.01,161.1,161.19,0,0.0,0,0.0,0.0,0.0,0.0,0.0
2021-07-12 13:45:00,161.1,161.1,160.28,161.03,161.24,161.22,161.21,161.21,161.19,160.26,160.3,160.3,161.0,161.01,0,0.0,0,0.0,0.0,0.0,0.0,0.0
2021-07-12 18:45:00,161.04,161.06,160.29,160.31,161.22,161.21,161.21,161.19,161.1,160.26,160.3,160.3,161.0,161.01,0,0.0,0,0.0,0.0,0.0,0.0,0.0
2021-07-12 22:45:00,161.0,161.02,160.28,160.29,161.21,161.21,161.19,161.1,161.01,160.24,160.25,160.26,160.3,160.3,0,0.0,0,0.0,0.0,0.0,0.0,0.0
2021-07-13 02:45:00,160.29,161.04,160.25,161.03,161.1,161.1,161.01,161.0,160.3,160.19,160.22,160.24,160.25,160.26,0,0.0,07/12/2021 17:00,161.15625,161.15625,162.15625,163.15625,0.0
2021-07-13 02:45:00,160.29,161.04,160.25,161.03,161.1,161.1,161.01,161.0,160.3,160.19,160.22,160.24,160.25,160.26,0,0.0,07/12/2021 17:00,161.15625,161.15625,162.15625,163.15625,0.0
2021-07-13 02:45:00,160.29,161.04,160.25,161.03,161.1,161.1,161.01,161.0,160.3,160.19,160.22,160.24,160.25,160.26,0,0.0,07/12/2021 17:00,161.15625,161.15625,162.15625,163.15625,0.0
2021-07-13 06:45:00,161.03,161.06,160.27,161.06,161.21,161.19,161.1,161.1,161.06,160.25,160.26,160.3,161.0,161.01,0,0.0,0,0.0,0.0,0.0,0.0,0.0
2021-07-13 10:45:00,161.06,161.23,160.23,161.15,161.21,161.21,161.19,161.1,161.1,160.25,160.26,160.3,161.0,161.01,0,0.0,07/12/2021 17:00,161.15625,161.15625,162.15625,163.15625,0.0
2021-07-13 10:45:00,161.06,161.23,160.23,161.15,161.21,161.21,161.19,161.1,161.1,160.25,160.26,160.3,161.0,161.01,0,0.0,07/12/2021 17:00,161.15625,161.15625,162.15625,163.15625,0.0
2021-07-13 14:45:00,161.15,161.16,159.25,160.01,161.23,161.22,161.21,161.21,161.19,160.3,161.0,161.01,161.06,161.1,0,0.0,0,0.0,0.0,0.0,0.0,0.0
2021-07-13 19:45:00,160.01,160.08,159.29,160.02,160.25,160.24,160.22,160.19,160.1,159.21,159.23,159.24,159.27,159.31,0,0.0,0,0.0,0.0,0.0,0.0,0.0
2021-07-13 23:45:00,160.02,160.12,159.27,160.1,160.25,160.24,160.22,160.19,160.1,159.21,159.23,159.24,159.27,159.31,0,0.0,0,0.0,0.0,0.0,0.0,0.0
2021-07-14 03:45:00,160.1,160.13,160.03,160.05,160.26,160.25,160.24,160.22,160.19,159.23,159.24,159.25,159.27,159.31,0,0.0,0,0.0,0.0,0.0,0.0,0.0
2021-07-14 07:45:00,160.05,160.19,160.04,160.15,160.25,160.24,160.22,160.19,160.1,159.23,159.24,159.25,159.27,159.31,0,0.0,07/13/2021 17:00,161.09375,161.09375,162.09375,163.09375,0.0
2021-07-14 11:45:00,160.15,161.05,160.15,161.02,160.26,160.25,160.24,160.22,160.19,159.25,159.27,159.27,159.31,160.1,0,0.0,07/13/2021 17:00,161.09375,161.09375,162.09375,163.09375,0.0
2021-07-14 15:45:00,161.02,161.1,160.31,161.07,161.21,161.19,161.16,161.1,161.06,159.31,160.03,160.1,160.19,160.26,0,0.0,07/13/2021 17:00,161.09375,161.09375,162.09375,163.09375,0.0
2021-07-14 20:45:00,161.08,161.17,161.07,161.16,161.21,161.21,161.19,161.16,161.1,160.03,160.04,160.1,160.19,160.26,0,0.0,0,0.0,0.0,0.0,0.0,0.0
2021-07-15 00:45:00,161.16,161.28,161.16,161.26,161.23,161.22,161.21,161.21,161.19,160.04,160.1,160.15,160.19,160.26,07/14/2021 17:00,161.09375,0,0.0,161.09375,160.09375,159.09375,0.0
2021-07-15 00:45:00,161.16,161.28,161.16,161.26,161.23,161.22,161.21,161.21,161.19,160.04,160.1,160.15,160.19,160.26,07/14/2021 17:00,161.09375,0,0.0,161.09375,160.09375,159.09375,0.0
2021-07-15 00:45:00,161.16,161.28,161.16,161.26,161.23,161.22,161.21,161.21,161.19,160.04,160.1,160.15,160.19,160.26,07/14/2021 17:00,161.09375,0,0.0,161.09375,160.09375,159.09375,0.0
2021-07-15 00:45:00,161.16,161.28,161.16,161.26,161.23,161.22,161.21,161.21,161.19,160.04,160.1,160.15,160.19,160.26,07/14/2021 17:00,161.09375,0,0.0,161.09375,160.09375,159.09375,0.0
2021-07-15 00:45:00,161.16,161.28,161.16,161.26,161.23,161.22,161.21,161.21,161.19,160.04,160.1,160.15,160.19,160.26,07/14/2021 17:00,161.09375,0,0.0,161.09375,160.09375,159.09375,0.0
2021-07-15 04:45:00,161.27,162.06,161.22,162.05,162.27,162.19,162.05,162.0,161.28,161.23,161.23,161.24,161.25,161.26,07/14/2021 17:00,161.09375,0,0.0,161.09375,160.09375,159.09375,0.0
2021-07-15 04:45:00,161.27,162.06,161.22,162.05,162.27,162.19,162.05,162.0,161.28,161.23,161.23,161.24,161.25,161.26,07/14/2021 17:00,161.09375,0,0.0,161.09375,160.09375,159.09375,0.0
2021-07-15 04:45:00,161.27,162.06,161.22,162.05,162.27,162.19,162.05,162.0,161.28,161.23,161.23,161.24,161.25,161.26,07/14/2021 17:00,161.09375,0,0.0,161.09375,160.09375,159.09375,0.0
2021-07-15 04:45:00,161.27,162.06,161.22,162.05,162.27,162.19,162.05,162.0,161.28,161.23,161.23,161.24,161.25,161.26,07/14/2021 17:00,161.09375,0,0.0,161.09375,160.09375,159.09375,0.0
2021-07-15 08:45:00,162.05,162.07,161.24,161.31,163.02,163.01,162.28,162.27,162.19,161.24,161.25,161.26,161.28,162.0,07/14/2021 17:00,161.09375,0,0.0,161.09375,160.09375,159.09375,0.0
2021-07-15 12:45:00,161.31,162.06,161.15,162.01,163.01,162.28,162.27,162.19,162.05,161.23,161.24,161.25,161.26,161.28,0,0.0,0,0.0,0.0,0.0,0.0,0.0
2021-07-15 16:45:00,162.01,162.19,162.01,162.14,163.01,162.28,162.27,162.19,162.05,161.23,161.24,161.25,161.26,161.28,07/14/2021 17:00,161.09375,0,0.0,161.09375,160.09375,159.09375,0.0
2021-07-15 21:45:00,162.14,162.17,162.05,162.05,163.02,163.01,162.28,162.27,162.19,161.24,161.25,161.26,161.28,162.05,0,0.0,0,0.0,0.0,0.0,0.0,0.0
2021-07-16 01:45:00,162.05,162.06,162.0,162.04,163.02,163.01,162.28,162.27,162.19,161.23,161.24,161.25,161.26,161.28,0,0.0,0,0.0,0.0,0.0,0.0,0.0
2021-07-16 05:45:00,162.04,162.07,161.21,161.29,162.28,162.27,162.19,162.19,162.05,161.23,161.24,161.25,161.26,161.28,0,0.0,0,0.0,0.0,0.0,0.0,0.0
2021-07-16 09:45:00,161.29,162.05,161.22,161.31,162.27,162.19,162.19,162.17,162.05,161.23,161.24,161.25,161.26,161.28,0,0.0,0,0.0,0.0,0.0,0.0,0.0
2021-07-16 13:45:00,161.31,162.12,161.3,162.1,162.27,162.19,162.19,162.17,162.05,161.23,161.24,161.25,161.26,161.28,0,0.0,0,0.0,0.0,0.0,0.0,0.0
2021-07-18 18:45:00,162.1,162.2,162.04,162.17,162.28,162.27,162.19,162.19,162.17,161.23,161.24,161.25,161.26,161.28,0,0.0,0,0.0,0.0,0.0,0.0,0.0
2021-07-18 22:45:00,162.17,163.05,162.17,162.27,163.01,162.28,162.27,162.19,162.19,161.23,161.24,161.25,161.26,161.28,07/15/2021 17:00,161.3125,0,0.0,161.3125,160.3125,159.3125,0.0
2021-07-18 22:45:00,162.17,163.05,162.17,162.27,163.01,162.28,162.27,162.19,162.19,161.23,161.24,161.25,161.26,161.28,07/15/2021 17:00,161.3125,0,0.0,161.3125,160.3125,159.3125,0.0
2021-07-19 02:45:00,162.27,162.28,162.21,162.21,163.04,163.02,163.02,163.01,162.28,161.28,161.3,162.17,162.19,162.19,07/15/2021 17:00,161.3125,0,0.0,161.3125,160.3125,159.3125,0.0
2021-07-19 06:45:00,162.21,163.2,162.2,163.19,163.02,163.02,163.01,162.28,162.27,161.3,162.04,162.17,162.19,162.19,07/15/2021 17:00,161.3125,0,0.0,161.3125,160.3125,159.3125,0.0
2021-07-19 06:45:00,162.21,163.2,162.2,163.19,163.02,163.02,163.01,162.28,162.27,161.3,162.04,162.17,162.19,162.19,07/15/2021 17:00,161.3125,0,0.0,161.3125,160.3125,159.3125,0.0
2021-07-19 06:45:00,162.21,163.2,162.2,163.19,163.02,163.02,163.01,162.28,162.27,161.3,162.04,162.17,162.19,162.19,07/15/2021 17:00,161.3125,0,0.0,161.3125,160.3125,159.3125,0.0
2021-07-19 06:45:00,162.21,163.2,162.2,163.19,163.02,163.02,163.01,162.28,162.27,161.3,162.04,162.17,162.19,162.19,07/15/2021 17:00,161.3125,0,0.0,161.3125,160.3125,159.3125,0.0
2021-07-19 06:45:00,162.21,163.2,162.2,163.19,163.02,163.02,163.01,162.28,162.27,161.3,162.04,162.17,162.19,162.19,07/15/2021 17:00,161.3125,0,0.0,161.3125,160.3125,159.3125,0.0
2021-07-19 06:45:00,162.21,163.2,162.2,163.19,163.02,163.02,163.01,162.28,162.27,161.3,162.04,162.17,162.19,162.19,07/15/2021 17:00,161.3125,0,0.0,161.3125,160.3125,159.3125,0.0
2021-07-19 06:45:00,162.21,163.2,162.2,163.19,163.02,163.02,163.01,162.28,162.27,161.3,162.04,162.17,162.19,162.19,07/15/2021 17:00,161.3125,0,0.0,161.3125,160.3125,159.3125,0.0
2021-07-19 06:45:00,162.21,163.2,162.2,163.19,163.02,163.02,163.01,162.28,162.27,161.3,162.04,162.17,162.19,162.19,07/15/2021 17:00,161.3125,0,0.0,161.3125,160.3125,159.3125,0.0
2021-07-19 06:45:00,162.21,163.2,162.2,163.19,163.02,163.02,163.01,162.28,162.27,161.3,162.04,162.17,162.19,162.19,07/15/2021 17:00,161.3125,0,0.0,161.3125,160.3125,159.3125,0.0
2021-07-19 06:45:00,162.21,163.2,162.2,163.19,163.02,163.02,163.01,162.28,162.27,161.3,162.04,162.17,162.19,162.19,07/15/2021 17:00,161.3125,0,0.0,161.3125,160.3125,159.3125,0.0
2021-07-19 10:45:00,163.19,164.29,163.17,164.25,164.02,164.01,164.0,163.28,163.23,163.15,163.16,163.17,163.17,163.18,07/15/2021 17:00,161.3125,0,0.0,161.3125,160.3125,159.3125,0.0
2021-07-19 10:45:00,163.19,164.29,163.17,164.25,164.02,164.01,164.0,163.28,163.23,163.15,163.16,163.17,163.17,163.18,07/15/2021 17:00,161.3125,0,0.0,161.3125,160.3125,159.3125,0.0
2021-07-19 10:45:00,163.19,164.29,163.17,164.25,164.02,164.01,164.0,163.28,163.23,163.15,163.16,163.17,163.17,163.18,07/15/2021 17:00,161.3125,0,0.0,161.3125,160.3125,159.3125,0.0
2021-07-19 10:45:00,163.19,164.29,163.17,164.25,164.02,164.01,164.0,163.28,163.23,163.15,163.16,163.17,163.17,163.18,07/15/2021 17:00,161.3125,0,0.0,161.3125,160.3125,159.3125,0.0
2021-07-19 10:45:00,163.19,164.29,163.17,164.25,164.02,164.01,164.0,163.28,163.23,163.15,163.16,163.17,163.17,163.18,07/15/2021 17:00,161.3125,0,0.0,161.3125,160.3125,159.3125,0.0
2021-07-19 10:45:00,163.19,164.29,163.17,164.25,164.02,164.01,164.0,163.28,163.23,163.15,163.16,163.17,163.17,163.18,07/15/2021 17:00,161.3125,0,0.0,161.3125,160.3125,159.3125,0.0
2021-07-19 10:45:00,163.19,164.29,163.17,164.25,164.02,164.01,164.0,163.28,163.23,163.15,163.16,163.17,163.17,163.18,07/15/2021 17:00,161.3125,0,0.0,161.3125,160.3125,159.3125,0.0
2021-07-19 10:45:00,163.19,164.29,163.17,164.25,164.02,164.01,164.0,163.28,163.23,163.15,163.16,163.17,163.17,163.18,07/15/2021 17:00,161.3125,0,0.0,161.3125,160.3125,159.3125,0.0
2021-07-19 10:45:00,163.19,164.29,163.17,164.25,164.02,164.01,164.0,163.28,163.23,163.15,163.16,163.17,163.17,163.18,07/15/2021 17:00,161.3125,0,0.0,161.3125,160.3125,159.3125,0.0
2021-07-19 10:45:00,163.19,164.29,163.17,164.25,164.02,164.01,164.0,163.28,163.23,163.15,163.16,163.17,163.17,163.18,07/15/2021 17:00,161.3125,0,0.0,161.3125,160.3125,159.3125,0.0
2021-07-19 10:45:00,163.19,164.29,163.17,164.25,164.02,164.01,164.0,163.28,163.23,163.15,163.16,163.17,163.17,163.18,07/15/2021 17:00,161.3125,0,0.0,161.3125,160.3125,159.3125,0.0
2021-07-19 10:45:00,163.19,164.29,163.17,164.25,164.02,164.01,164.0,163.28,163.23,163.15,163.16,163.17,163.17,163.18,07/15/2021 17:00,161.3125,0,0.0,161.3125,160.3125,159.3125,0.0
2021-07-19 14:45:00,164.24,164.27,164.02,164.19,164.26,164.26,164.26,164.25,164.25,164.04,164.04,164.09,164.13,164.15,07/15/2021 17:00,161.3125,0,0.0,161.3125,160.3125,159.3125,0.0
2021-07-19 19:45:00,164.19,164.29,164.1,164.1,164.26,164.26,164.26,164.25,164.25,164.04,164.04,164.09,164.13,164.15,0,0.0,0,0.0,0.0,0.0,0.0,0.0
2021-07-19 23:45:00,164.1,164.23,164.05,164.22,164.26,164.25,164.25,164.15,164.13,164.01,164.02,164.04,164.04,164.09,0,0.0,0,0.0,0.0,0.0,0.0,0.0
2021-07-20 03:45:00,164.22,164.23,164.01,164.04,164.26,164.26,164.26,164.25,164.25,164.02,164.02,164.04,164.04,164.09,0,0.0,0,0.0,0.0,0.0,0.0,0.0
2021-07-20 07:45:00,164.04,165.01,164.0,164.19,164.26,164.26,164.25,164.25,164.09,163.28,164.0,164.01,164.02,164.02,0,0.0,0,0.0,0.0,0.0,0.0,0.0
2021-07-20 11:45:00,164.2,165.23,163.3,163.3,164.26,164.26,164.26,164.25,164.25,164.01,164.02,164.02,164.04,164.04,0,0.0,0,0.0,0.0,0.0,0.0,0.0
2021-07-20 15:45:00,163.3,164.06,163.23,163.28,164.25,164.25,164.04,164.02,164.02,163.17,163.17,163.18,163.23,163.28,0,0.0,0,0.0,0.0,0.0,0.0,0.0
2021-07-20 20:45:00,163.27,164.0,163.21,163.22,164.25,164.04,164.02,164.02,163.28,163.17,163.17,163.17,163.18,163.23,0,0.0,0,0.0,0.0,0.0,0.0,0.0
2021-07-21 00:45:00,163.22,164.03,163.21,163.3,164.04,164.02,164.02,163.28,163.23,163.16,163.17,163.17,163.17,163.18,0,0.0,0,0.0,0.0,0.0,0.0,0.0
2021-07-21 04:45:00,163.3,164.1,162.3,163.0,164.25,164.06,164.04,164.02,164.02,163.16,163.17,163.17,163.17,163.18,0,0.0,0,0.0,0.0,0.0,0.0,0.0
2021-07-21 08:45:00,162.31,163.16,162.28,163.12,163.14,163.11,163.07,163.04,163.02,162.17,162.19,162.19,162.2,162.28,0,0.0,0,0.0,0.0,0.0,0.0,0.0
2021-07-21 12:45:00,163.12,163.13,162.06,162.11,164.02,163.17,163.17,163.14,163.14,162.17,162.19,162.19,162.2,162.28,0,0.0,0,0.0,0.0,0.0,0.0,0.0
2021-07-21 16:45:00,162.11,162.21,161.3,162.12,162.2,162.19,162.19,162.17,162.17,161.25,161.26,161.28,161.3,162.04,0,0.0,0,0.0,0.0,0.0,0.0,0.0
2021-07-21 21:45:00,162.12,162.21,162.12,162.19,162.2,162.19,162.19,162.17,162.17,161.25,161.26,161.28,161.3,162.04,0,0.0,07/21/2021 17:00,163.21875,163.21875,164.21875,165.21875,0.0
2021-07-22 01:45:00,162.19,162.19,162.13,162.15,163.14,163.14,163.13,162.28,162.2,161.26,161.28,161.3,162.04,162.17,0,0.0,0,0.0,0.0,0.0,0.0,0.0
2021-07-22 05:45:00,162.15,162.29,162.05,162.17,163.13,162.28,162.2,162.19,162.19,161.26,161.28,161.3,161.3,162.04,0,0.0,0,0.0,0.0,0.0,0.0,0.0
2021-07-22 09:45:00,162.16,162.29,161.28,162.19,163.13,162.28,162.2,162.19,162.19,161.26,161.28,161.3,161.3,162.04,0,0.0,0,0.0,0.0,0.0,0.0,0.0
2021-07-22 13:45:00,162.19,163.19,162.19,163.03,163.14,163.14,163.13,162.28,162.2,161.26,161.28,161.3,161.3,162.04,0,0.0,07/21/2021 17:00,163.21875,163.21875,164.21875,165.21875,0.0
2021-07-22 18:45:00,163.02,163.09,162.23,162.28,163.17,163.16,163.14,163.14,163.13,161.28,161.3,161.3,162.04,162.2,0,0.0,0,0.0,0.0,0.0,0.0,0.0
2021-07-22 22:45:00,162.27,162.31,162.23,162.27,163.17,163.16,163.14,163.14,163.13,161.28,161.3,161.3,162.04,162.2,0,0.0,0,0.0,0.0,0.0,0.0,0.0
2021-07-23 02:45:00,162.26,162.3,162.22,162.25,163.17,163.16,163.14,163.14,163.13,161.3,161.3,162.04,162.19,162.2,0,0.0,0,0.0,0.0,0.0,0.0,0.0
2021-07-23 06:45:00,162.25,162.29,162.12,162.15,163.16,163.14,163.14,163.13,163.09,161.3,161.3,162.04,162.19,162.2,0,0.0,0,0.0,0.0,0.0,0.0,0.0
2021-07-23 10:45:00,162.15,162.22,162.01,162.09,163.14,163.13,163.09,162.31,162.19,161.28,161.28,161.3,161.3,162.04,0,0.0,0,0.0,0.0,0.0,0.0,0.0
2021-07-23 14:45:00,162.09,162.22,162.06,162.18,163.13,163.09,162.31,162.3,162.19,161.28,161.28,161.3,161.3,162.04,0,0.0,0,0.0,0.0,0.0,0.0,0.0
2021-07-25 19:45:00,162.19,162.26,162.17,162.21,163.13,163.09,162.31,162.3,162.29,161.28,161.28,161.3,161.3,162.04,07/22/2021 17:00,162.875,0,0.0,162.875,161.875,160.875,0.0
2021-07-25 23:45:00,162.21,163.03,162.2,163.01,163.13,163.09,162.31,162.3,162.29,161.3,161.3,162.01,162.04,162.19,07/22/2021 17:00,162.875,0,0.0,162.875,161.875,160.875,0.0
2021-07-25 23:45:00,162.21,163.03,162.2,163.01,163.13,163.09,162.31,162.3,162.29,161.3,161.3,162.01,162.04,162.19,07/22/2021 17:00,162.875,0,0.0,162.875,161.875,160.875,0.0
2021-07-25 23:45:00,162.21,163.03,162.2,163.01,163.13,163.09,162.31,162.3,162.29,161.3,161.3,162.01,162.04,162.19,07/22/2021 17:00,162.875,0,0.0,162.875,161.875,160.875,0.0
2021-07-26 03:45:00,163.02,163.25,163.0,163.22,163.16,163.14,163.14,163.13,163.09,162.06,162.19,162.29,162.3,162.31,07/22/2021 17:00,162.875,0,0.0,162.875,161.875,160.875,0.0
2021-07-26 03:45:00,163.02,163.25,163.0,163.22,163.16,163.14,163.14,163.13,163.09,162.06,162.19,162.29,162.3,162.31,07/22/2021 17:00,162.875,0,0.0,162.875,161.875,160.875,0.0
2021-07-26 03:45:00,163.02,163.25,163.0,163.22,163.16,163.14,163.14,163.13,163.09,162.06,162.19,162.29,162.3,162.31,07/22/2021 17:00,162.875,0,0.0,162.875,161.875,160.875,0.0
2021-07-26 03:45:00,163.02,163.25,163.0,163.22,163.16,163.14,163.14,163.13,163.09,162.06,162.19,162.29,162.3,162.31,07/22/2021 17:00,162.875,0,0.0,162.875,161.875,160.875,0.0
2021-07-26 03:45:00,163.02,163.25,163.0,163.22,163.16,163.14,163.14,163.13,163.09,162.06,162.19,162.29,162.3,162.31,07/22/2021 17:00,162.875,0,0.0,162.875,161.875,160.875,0.0
2021-07-26 07:45:00,163.22,163.31,163.08,163.1,164.1,164.06,164.04,164.02,164.02,163.09,163.13,163.16,163.17,163.19,0,0.0,0,0.0,0.0,0.0,0.0,0.0
2021-07-26 11:45:00,163.1,163.14,162.17,162.24,164.02,164.02,163.19,163.16,163.13,162.2,162.29,162.3,162.31,163.09,0,0.0,0,0.0,0.0,0.0,0.0,0.0
2021-07-26 15:45:00,162.25,162.29,162.13,162.14,163.13,163.09,162.31,162.3,162.29,162.04,162.06,162.17,162.19,162.2,0,0.0,0,0.0,0.0,0.0,0.0,0.0
2021-07-26 20:45:00,162.15,162.19,162.1,162.19,162.31,162.3,162.29,162.2,162.17,161.3,161.3,162.01,162.04,162.06,07/22/2021 17:00,162.875,0,0.0,162.875,161.875,160.875,0.0
2021-07-27 00:45:00,162.19,162.22,162.15,162.19,163.09,162.31,162.3,162.29,162.2,161.3,162.01,162.04,162.06,162.17,0,0.0,0,0.0,0.0,0.0,0.0,0.0
2021-07-27 04:45:00,162.19,163.12,162.14,163.05,162.31,162.3,162.29,162.29,162.2,161.3,162.01,162.04,162.06,162.17,07/22/2021 17:00,162.875,0,0.0,162.875,161.875,160.875,0.0
2021-07-27 04:45:00,162.19,163.12,162.14,163.05,162.31,162.3,162.29,162.29,162.2,161.3,162.01,162.04,162.06,162.17,07/22/2021 17:00,162.875,0,0.0,162.875,161.875,160.875,0.0
2021-07-27 08:45:00,163.04,163.12,162.29,163.1,163.19,163.16,163.14,163.13,163.09,162.06,162.1,162.17,162.2,162.29,0,0.0,0,0.0,0.0,0.0,0.0,0.0
2021-07-27 12:45:00,163.09,163.22,163.05,163.18,163.31,163.19,163.16,163.14,163.13,162.06,162.1,162.17,162.2,162.29,07/22/2021 17:00,162.875,0,0.0,162.875,161.875,160.875,0.0
2021-07-27 16:45:00,163.19,163.21,163.13,163.16,164.06,164.04,164.02,164.02,163.31,162.14,162.17,162.2,162.29,163.14,0,0.0,0,0.0,0.0,0.0,0.0,0.0
2021-07-27 21:45:00,163.16,163.18,163.05,163.1,164.04,164.02,164.02,163.31,163.19,162.17,162.2,162.29,162.29,163.14,0,0.0,0,0.0,0.0,0.0,0.0,0.0
2021-07-28 01:45:00,163.1,163.22,163.1,163.19,164.02,163.31,163.22,163.19,163.14,162.14,162.17,162.2,162.29,162.29,0,0.0,0,0.0,0.0,0.0,0.0,0.0
2021-07-28 05:45:00,163.19,163.22,163.01,163.06,164.04,164.02,164.02,163.31,163.22,162.14,162.17,162.2,162.29,162.29,0,0.0,0,0.0,0.0,0.0,0.0,0.0
2021-07-28 09:45:00,163.06,163.1,162.25,163.06,164.02,164.02,163.31,163.22,163.19,162.14,162.17,162.2,162.29,162.29,0,0.0,0,0.0,0.0,0.0,0.0,0.0
2021-07-28 13:45:00,163.06,163.09,162.3,163.01,164.02,164.02,163.31,163.22,163.19,162.14,162.17,162.2,162.29,162.29,0,0.0,0,0.0,0.0,0.0,0.0,0.0
2021-07-28 18:45:00,163.0,163.2,162.21,163.15,164.02,163.31,163.22,163.22,163.19,162.14,162.17,162.2,162.29,162.29,0,0.0,0,0.0,0.0,0.0,0.0,0.0
2021-07-28 22:45:00,163.15,163.18,163.1,163.1,164.02,163.31,163.22,163.22,163.19,162.14,162.17,162.2,162.29,162.29,0,0.0,0,0.0,0.0,0.0,0.0,0.0
2021-07-29 02:45:00,163.1,163.14,163.05,163.06,164.02,163.31,163.22,163.22,163.19,162.14,162.17,162.2,162.29,162.29,0,0.0,0,0.0,0.0,0.0,0.0,0.0
2021-07-29 06:45:00,163.06,163.13,162.22,162.24,163.31,163.22,163.22,163.2,163.19,162.17,162.2,162.21,162.29,162.29,0,0.0,0,0.0,0.0,0.0,0.0,0.0
2021-07-29 10:45:00,162.24,163.08,162.14,162.23,163.2,163.19,163.18,162.29,162.29,162.1,162.14,162.17,162.2,162.21,0,0.0,0,0.0,0.0,0.0,0.0,0.0
2021-07-29 14:45:00,162.23,163.04,162.19,162.23,163.19,163.18,163.14,162.29,162.29,162.1,162.14,162.17,162.2,162.21,0,0.0,0,0.0,0.0,0.0,0.0,0.0
2021-07-29 19:45:00,162.23,162.31,162.2,162.27,163.18,163.14,163.13,162.29,162.29,162.1,162.14,162.17,162.2,162.21,0,0.0,0,0.0,0.0,0.0,0.0,0.0
2021-07-29 23:45:00,162.27,163.06,162.26,163.03,163.14,163.13,163.08,162.29,162.29,162.14,162.14,162.17,162.2,162.21,07/27/2021 17:00,163.21875,0,0.0,163.21875,162.21875,161.21875,0.0
2021-07-30 03:45:00,163.03,163.12,163.01,163.08,163.19,163.18,163.14,163.13,163.08,162.17,162.19,162.2,162.21,162.29,0,0.0,0,0.0,0.0,0.0,0.0,0.0
2021-07-30 07:45:00,163.09,163.12,163.01,163.11,163.2,163.19,163.18,163.14,163.13,162.2,162.2,162.21,162.29,163.08,07/27/2021 17:00,163.21875,0,0.0,163.21875,162.21875,161.21875,0.0
2021-07-30 11:45:00,163.11,163.18,163.01,163.14,163.2,163.19,163.18,163.14,163.13,162.2,162.21,162.26,162.29,163.08,07/27/2021 17:00,163.21875,0,0.0,163.21875,162.21875,161.21875,0.0
2021-07-30 15:45:00,163.14,163.19,163.08,163.14,163.22,163.22,163.2,163.19,163.18,162.21,162.26,162.29,163.08,163.13,0,0.0,0,0.0,0.0,0.0,0.0,0.0
2021-08-01 20:45:00,163.14,163.19,163.08,163.11,163.22,163.22,163.2,163.19,163.18,162.21,162.26,162.29,163.08,163.13,0,0.0,0,0.0,0.0,0.0,0.0,0.0
2021-08-02 00:45:00,163.11,163.18,163.1,163.14,163.2,163.19,163.18,163.14,163.13,162.21,162.26,162.29,163.01,163.08,0,0.0,0,0.0,0.0,0.0,0.0,0.0
2021-08-02 04:45:00,163.13,163.16,163.01,163.09,163.22,163.2,163.19,163.18,163.14,162.21,162.26,162.29,163.01,163.08,0,0.0,0,0.0,0.0,0.0,0.0,0.0
2021-08-02 08:45:00,163.09,163.22,163.05,163.21,163.2,163.19,163.19,163.18,163.14,162.21,162.26,162.29,163.01,163.08,07/27/2021 17:00,163.21875,0,0.0,163.21875,162.21875,161.21875,0.0
2021-08-02 08:45:00,163.09,163.22,163.05,163.21,163.2,163.19,163.19,163.18,163.14,162.21,162.26,162.29,163.01,163.08,07/27/2021 17:00,163.21875,0,0.0,163.21875,162.21875,161.21875,0.0
2021-08-02 08:45:00,163.09,163.22,163.05,163.21,163.2,163.19,163.19,163.18,163.14,162.21,162.26,162.29,163.01,163.08,07/27/2021 17:00,163.21875,0,0.0,163.21875,162.21875,161.21875,0.0
2021-08-02 08:45:00,163.09,163.22,163.05,163.21,163.2,163.19,163.19,163.18,163.14,162.21,162.26,162.29,163.01,163.08,07/27/2021 17:00,163.21875,0,0.0,163.21875,162.21875,161.21875,0.0
2021-08-02 12:45:00,163.21,165.01,163.16,164.26,164.02,164.02,163.31,163.22,163.22,163.08,163.14,163.18,163.19,163.2,07/27/2021 17:00,163.21875,0,0.0,163.21875,162.21875,161.21875,0.0
2021-08-02 12:45:00,163.21,165.01,163.16,164.26,164.02,164.02,163.31,163.22,163.22,163.08,163.14,163.18,163.19,163.2,07/27/2021 17:00,163.21875,0,0.0,163.21875,162.21875,161.21875,0.0
2021-08-02 12:45:00,163.21,165.01,163.16,164.26,164.02,164.02,163.31,163.22,163.22,163.08,163.14,163.18,163.19,163.2,07/27/2021 17:00,163.21875,0,0.0,163.21875,162.21875,161.21875,0.0
2021-08-02 12:45:00,163.21,165.01,163.16,164.26,164.02,164.02,163.31,163.22,163.22,163.08,163.14,163.18,163.19,163.2,07/27/2021 17:00,163.21875,0,0.0,163.21875,162.21875,161.21875,0.0
2021-08-02 12:45:00,163.21,165.01,163.16,164.26,164.02,164.02,163.31,163.22,163.22,163.08,163.14,163.18,163.19,163.2,07/27/2021 17:00,163.21875,0,0.0,163.21875,162.21875,161.21875,0.0
2021-08-02 12:45:00,163.21,165.01,163.16,164.26,164.02,164.02,163.31,163.22,163.22,163.08,163.14,163.18,163.19,163.2,07/27/2021 17:00,163.21875,0,0.0,163.21875,162.21875,161.21875,0.0
2021-08-02 16:45:00,164.26,164.27,164.13,164.19,165.18,165.17,165.11,164.29,164.27,163.31,164.02,164.06,164.1,164.25,07/27/2021 17:00,163.21875,0,0.0,163.21875,162.21875,161.21875,0.0
2021-08-02 21:45:00,164.19,164.2,164.09,164.12,164.27,164.26,164.26,164.26,164.25,163.22,163.31,164.02,164.06,164.1,0,0.0,0,0.0,0.0,0.0,0.0,0.0
2021-08-03 01:45:00,164.12,164.22,164.11,164.15,164.27,164.26,164.26,164.26,164.25,163.22,163.31,164.02,164.06,164.1,0,0.0,0,0.0,0.0,0.0,0.0,0.0
2021-08-03 05:45:00,164.15,164.23,164.04,164.07,164.27,164.26,164.26,164.26,164.25,163.22,163.31,164.02,164.06,164.1,0,0.0,0,0.0,0.0,0.0,0.0,0.0
2021-08-03 09:45:00,164.07,164.29,164.04,164.25,164.26,164.26,164.26,164.25,164.1,163.22,163.22,163.31,164.02,164.06,0,0.0,0,0.0,0.0,0.0,0.0,0.0
2021-08-03 13:45:00,164.25,165.01,164.18,164.18,164.27,164.27,164.26,164.26,164.26,163.22,163.22,163.31,164.02,164.06,0,0.0,0,0.0,0.0,0.0,0.0,0.0
2021-08-03 18:45:00,164.19,164.23,164.15,164.2,164.27,164.26,164.26,164.26,164.25,163.22,163.22,163.31,164.02,164.06,0,0.0,0,0.0,0.0,0.0,0.0,0.0
2021-08-03 22:45:00,164.2,164.21,164.13,164.15,164.27,164.26,164.26,164.26,164.25,163.22,163.31,164.02,164.04,164.06,0,0.0,0,0.0,0.0,0.0,0.0,0.0
2021-08-04 02:45:00,164.15,164.21,164.15,164.19,164.27,164.26,164.26,164.26,164.25,163.22,163.31,164.02,164.04,164.06,0,0.0,0,0.0,0.0,0.0,0.0,0.0
2021-08-04 06:45:00,164.19,164.22,164.14,164.17,164.26,164.26,164.26,164.25,164.23,163.22,163.31,164.02,164.04,164.06,0,0.0,0,0.0,0.0,0.0,0.0,0.0
2021-08-04 10:45:00,164.18,165.19,164.0,164.02,164.26,164.26,164.26,164.25,164.23,163.31,164.02,164.04,164.06,164.13,0,0.0,0,0.0,0.0,0.0,0.0,0.0
2021-08-04 14:45:00,164.02,164.3,163.31,164.27,164.25,164.23,164.13,164.06,164.04,163.19,163.2,163.22,163.22,163.31,08/02/2021 17:00,164.46875,0,0.0,164.46875,163.46875,162.46875,0.0
2021-08-04 14:45:00,164.02,164.3,163.31,164.27,164.25,164.23,164.13,164.06,164.04,163.19,163.2,163.22,163.22,163.31,08/02/2021 17:00,164.46875,0,0.0,164.46875,163.46875,162.46875,0.0
2021-08-04 14:45:00,164.02,164.3,163.31,164.27,164.25,164.23,164.13,164.06,164.04,163.19,163.2,163.22,163.22,163.31,08/02/2021 17:00,164.46875,0,0.0,164.46875,163.46875,162.46875,0.0
2021-08-04 14:45:00,164.02,164.3,163.31,164.27,164.25,164.23,164.13,164.06,164.04,163.19,163.2,163.22,163.22,163.31,08/02/2021 17:00,164.46875,0,0.0,164.46875,163.46875,162.46875,0.0
2021-08-04 14:45:00,164.02,164.3,163.31,164.27,164.25,164.23,164.13,164.06,164.04,163.19,163.2,163.22,163.22,163.31,08/02/2021 17:00,164.46875,0,0.0,164.46875,163.46875,162.46875,0.0
2021-08-04 19:45:00,164.27,165.01,164.21,164.25,165.17,165.11,165.01,165.01,164.29,164.04,164.13,164.23,164.26,164.26,0,0.0,0,0.0,0.0,0.0,0.0,0.0
2021-08-04 23:45:00,164.25,164.26,164.15,164.19,165.01,164.29,164.27,164.27,164.26,163.31,164.02,164.04,164.13,164.23,0,0.0,0,0.0,0.0,0.0,0.0,0.0
2021-08-05 03:45:00,164.19,164.28,164.16,164.23,164.29,164.27,164.27,164.26,164.23,163.31,163.31,164.02,164.04,164.13,0,0.0,0,0.0,0.0,0.0,0.0,0.0
2021-08-05 07:45:00,164.23,165.05,164.19,165.02,165.01,164.29,164.27,164.27,164.26,163.31,163.31,164.02,164.04,164.13,08/02/2021 17:00,164.46875,0,0.0,164.46875,163.46875,162.46875,0.0
2021-08-05 07:45:00,164.23,165.05,164.19,165.02,165.01,164.29,164.27,164.27,164.26,163.31,163.31,164.02,164.04,164.13,08/02/2021 17:00,164.46875,0,0.0,164.46875,163.46875,162.46875,0.0
2021-08-05 07:45:00,164.23,165.05,164.19,165.02,165.01,164.29,164.27,164.27,164.26,163.31,163.31,164.02,164.04,164.13,08/02/2021 17:00,164.46875,0,0.0,164.46875,163.46875,162.46875,0.0
2021-08-05 07:45:00,164.23,165.05,164.19,165.02,165.01,164.29,164.27,164.27,164.26,163.31,163.31,164.02,164.04,164.13,08/02/2021 17:00,164.46875,0,0.0,164.46875,163.46875,162.46875,0.0
2021-08-05 07:45:00,164.23,165.05,164.19,165.02,165.01,164.29,164.27,164.27,164.26,163.31,163.31,164.02,164.04,164.13,08/02/2021 17:00,164.46875,0,0.0,164.46875,163.46875,162.46875,0.0
2021-08-05 11:45:00,165.01,165.04,164.03,164.05,165.19,165.18,165.18,165.17,165.11,164.13,164.15,164.27,164.27,164.29,0,0.0,0,0.0,0.0,0.0,0.0,0.0
2021-08-05 15:45:00,164.05,164.15,164.03,164.1,165.01,164.29,164.27,164.27,164.15,163.22,163.31,163.31,164.02,164.04,0,0.0,0,0.0,0.0,0.0,0.0,0.0
2021-08-05 20:45:00,164.1,164.12,164.02,164.04,165.01,164.29,164.27,164.27,164.15,163.22,163.31,163.31,164.02,164.04,0,0.0,0,0.0,0.0,0.0,0.0,0.0
2021-08-06 00:45:00,164.03,164.05,163.29,163.3,164.29,164.27,164.27,164.15,164.04,163.22,163.22,163.31,163.31,164.02,0,0.0,0,0.0,0.0,0.0,0.0,0.0
2021-08-06 04:45:00,163.3,164.0,163.22,163.25,164.27,164.15,164.15,163.31,163.31,163.18,163.19,163.2,163.22,163.22,0,0.0,0,0.0,0.0,0.0,0.0,0.0
2021-08-06 08:45:00,163.25,163.27,163.0,163.01,164.15,164.15,164.12,163.31,163.31,163.18,163.19,163.2,163.22,163.22,0,0.0,0,0.0,0.0,0.0,0.0,0.0
2021-08-06 12:45:00,163.01,163.06,162.17,162.2,163.18,163.16,163.14,163.08,163.05,162.2,162.2,162.21,162.26,162.29,0,0.0,0,0.0,0.0,0.0,0.0,0.0
2021-08-06 16:45:00,162.2,162.29,162.13,162.15,163.05,163.01,163.01,162.26,162.21,162.1,162.14,162.14,162.17,162.19,0,0.0,0,0.0,0.0,0.0,0.0,0.0
2021-08-08 21:45:00,162.14,162.2,162.11,162.19,163.01,162.26,162.21,162.2,162.19,161.3,162.01,162.04,162.06,162.1,0,0.0,0,0.0,0.0,0.0,0.0,0.0
2021-08-09 01:45:00,162.19,162.2,162.12,162.15,163.01,163.01,162.26,162.21,162.2,162.04,162.06,162.1,162.14,162.14,0,0.0,0,0.0,0.0,0.0,0.0,0.0
2021-08-09 05:45:00,162.15,162.29,162.14,162.26,162.29,162.26,162.21,162.2,162.19,162.04,162.06,162.1,162.14,162.14,0,0.0,08/06/2021 17:00,163.96875,163.96875,164.96875,165.96875,0.0
2021-08-09 05:45:00,162.15,162.29,162.14,162.26,162.29,162.26,162.21,162.2,162.19,162.04,162.06,162.1,162.14,162.14,0,0.0,08/06/2021 17:00,163.96875,163.96875,164.96875,165.96875,0.0
2021-08-09 05:45:00,162.15,162.29,162.14,162.26,162.29,162.26,162.21,162.2,162.19,162.04,162.06,162.1,162.14,162.14,0,0.0,08/06/2021 17:00,163.96875,163.96875,164.96875,165.96875,0.0
2021-08-09 09:45:00,162.26,163.05,162.23,162.27,163.06,163.05,163.01,163.01,162.29,162.14,162.14,162.19,162.2,162.21,0,0.0,08/06/2021 17:00,163.96875,163.96875,164.96875,165.96875,0.0
2021-08-09 13:45:00,162.27,162.31,162.04,162.06,163.06,163.05,163.01,163.01,162.29,162.14,162.19,162.2,162.21,162.26,0,0.0,0,0.0,0.0,0.0,0.0,0.0
2021-08-09 18:45:00,162.07,162.13,162.0,162.06,162.14,162.14,162.12,162.11,162.1,161.3,161.3,162.01,162.04,162.06,0,0.0,0,0.0,0.0,0.0,0.0,0.0
2021-08-09 22:45:00,162.06,162.11,162.02,162.09,162.14,162.14,162.12,162.11,162.1,161.28,161.3,161.3,162.01,162.04,0,0.0,0,0.0,0.0,0.0,0.0,0.0
2021-08-10 02:45:00,162.09,162.14,162.03,162.09,162.14,162.14,162.12,162.11,162.1,161.3,161.3,162.01,162.04,162.06,0,0.0,0,0.0,0.0,0.0,0.0,0.0
2021-08-10 06:45:00,162.1,162.12,161.29,162.09,162.29,162.14,162.14,162.12,162.11,161.3,162.0,162.01,162.04,162.06,0,0.0,0,0.0,0.0,0.0,0.0,0.0
2021-08-10 10:45:00,162.09,162.15,161.23,161.26,162.14,162.14,162.12,162.11,162.1,161.3,162.0,162.01,162.04,162.06,0,0.0,0,0.0,0.0,0.0,0.0,0.0
2021-08-10 14:45:00,161.26,161.3,161.2,161.26,162.01,162.0,161.3,161.3,161.28,161.22,161.23,161.23,161.24,161.25,0,0.0,0,0.0,0.0,0.0,0.0,0.0
2021-08-10 19:45:00,161.27,161.29,161.16,161.16,162.01,162.0,161.3,161.3,161.28,161.23,161.23,161.24,161.25,161.26,0,0.0,0,0.0,0.0,0.0,0.0,0.0
2021-08-10 23:45:00,161.17,161.19,161.13,161.15,161.23,161.23,161.22,161.21,161.21,160.31,161.07,161.15,161.16,161.16,0,0.0,0,0.0,0.0,0.0,0.0,0.0
2021-08-11 03:45:00,161.14,161.16,161.07,161.15,161.21,161.21,161.16,161.16,161.15,160.15,160.19,160.26,160.31,161.07,0,0.0,0,0.0,0.0,0.0,0.0,0.0
2021-08-11 07:45:00,161.15,161.16,161.04,161.11,161.22,161.21,161.21,161.16,161.16,160.15,160.19,160.26,160.31,161.07,0,0.0,0,0.0,0.0,0.0,0.0,0.0
2021-08-11 11:45:00,161.11,161.28,161.06,161.15,161.21,161.19,161.16,161.16,161.15,160.15,160.19,160.26,160.31,161.07,0,0.0,0,0.0,0.0,0.0,0.0,0.0
2021-08-11 15:45:00,161.15,162.13,161.09,161.28,161.21,161.21,161.19,161.16,161.16,160.15,160.19,160.26,160.31,161.07,0,0.0,08/10/2021 17:00,162.28125,162.28125,163.28125,164.28125,0.0
2021-08-11 15:45:00,161.15,162.13,161.09,161.28,161.21,161.21,161.19,161.16,161.16,160.15,160.19,160.26,160.31,161.07,0,0.0,08/10/2021 17:00,162.28125,162.28125,163.28125,164.28125,0.0
2021-08-11 15:45:00,161.15,162.13,161.09,161.28,161.21,161.21,161.19,161.16,161.16,160.15,160.19,160.26,160.31,161.07,0,0.0,08/10/2021 17:00,162.28125,162.28125,163.28125,164.28125,0.0
2021-08-11 15:45:00,161.15,162.13,161.09,161.28,161.21,161.21,161.19,161.16,161.16,160.15,160.19,160.26,160.31,161.07,0,0.0,08/10/2021 17:00,162.28125,162.28125,163.28125,164.28125,0.0
2021-08-11 15:45:00,161.15,162.13,161.09,161.28,161.21,161.21,161.19,161.16,161.16,160.15,160.19,160.26,160.31,161.07,0,0.0,08/10/2021 17:00,162.28125,162.28125,163.28125,164.28125,0.0
2021-08-11 20:45:00,161.27,161.3,161.19,161.29,161.3,161.3,161.3,161.29,161.28,161.15,161.16,161.19,161.21,161.22,0,0.0,08/11/2021 17:00,161.8125,161.8125,162.8125,163.8125,0.0
2021-08-12 00:45:00,161.29,161.31,161.22,161.24,162.01,162.0,161.3,161.3,161.3,161.16,161.19,161.21,161.22,161.28,0,0.0,0,0.0,0.0,0.0,0.0,0.0
2021-08-12 04:45:00,161.25,162.01,161.22,161.3,162.0,161.3,161.3,161.3,161.29,161.15,161.16,161.19,161.21,161.22,0,0.0,08/11/2021 17:00,161.8125,161.8125,162.8125,163.8125,0.0
2021-08-12 08:45:00,161.3,161.3,161.1,161.1,162.1,162.06,162.04,162.01,162.0,161.19,161.19,161.21,161.22,161.29,0,0.0,0,0.0,0.0,0.0,0.0,0.0
2021-08-12 12:45:00,161.1,161.27,161.09,161.12,161.3,161.3,161.29,161.19,161.19,160.31,161.04,161.06,161.07,161.09,0,0.0,0,0.0,0.0,0.0,0.0,0.0
2021-08-12 16:45:00,161.12,161.23,161.05,161.21,161.3,161.3,161.29,161.19,161.19,160.31,161.04,161.06,161.07,161.09,0,0.0,08/11/2021 17:00,161.8125,161.8125,162.8125,163.8125,0.0
2021-08-12 21:45:00,161.21,161.28,161.19,161.27,161.3,161.3,161.3,161.3,161.29,161.04,161.06,161.07,161.09,161.19,0,0.0,0,0.0,0.0,0.0,0.0,0.0
2021-08-13 01:45:00,161.26,161.29,161.24,161.28,161.3,161.3,161.3,161.3,161.29,161.04,161.06,161.07,161.09,161.19,0,0.0,0,0.0,0.0,0.0,0.0,0.0
2021-08-13 05:45:00,161.28,162.06,161.26,161.3,161.3,161.3,161.3,161.3,161.29,161.05,161.06,161.07,161.09,161.19,0,0.0,0,0.0,0.0,0.0,0.0,0.0
2021-08-13 09:45:00,161.31,162.05,161.23,162.04,162.06,162.04,162.01,162.01,162.0,161.19,161.3,161.3,161.3,161.3,0,0.0,08/11/2021 17:00,161.8125,161.8125,162.8125,163.8125,0.0
2021-08-13 09:45:00,161.31,162.05,161.23,162.04,162.06,162.04,162.01,162.01,162.0,161.19,161.3,161.3,161.3,161.3,0,0.0,08/11/2021 17:00,161.8125,161.8125,162.8125,163.8125,0.0
2021-08-13 09:45:00,161.31,162.05,161.23,162.04,162.06,162.04,162.01,162.01,162.0,161.19,161.3,161.3,161.3,161.3,0,0.0,08/11/2021 17:00,161.8125,161.8125,162.8125,163.8125,0.0
2021-08-13 09:45:00,161.31,162.05,161.23,162.04,162.06,162.04,162.01,162.01,162.0,161.19,161.3,161.3,161.3,161.3,0,0.0,08/11/2021 17:00,161.8125,161.8125,162.8125,163.8125,0.0
2021-08-13 13:45:00,162.03,163.02,162.01,162.27,162.12,162.11,162.1,162.06,162.04,161.3,161.3,162.0,162.01,162.01,0,0.0,08/11/2021 17:00,161.8125,161.8125,162.8125,163.8125,0.0
2021-08-13 13:45:00,162.03,163.02,162.01,162.27,162.12,162.11,162.1,162.06,162.04,161.3,161.3,162.0,162.01,162.01,0,0.0,08/11/2021 17:00,161.8125,161.8125,162.8125,163.8125,0.0
2021-08-13 13:45:00,162.03,163.02,162.01,162.27,162.12,162.11,162.1,162.06,162.04,161.3,161.3,162.0,162.01,162.01,0,0.0,08/11/2021 17:00,161.8125,161.8125,162.8125,163.8125,0.0
2021-08-13 13:45:00,162.03,163.02,162.01,162.27,162.12,162.11,162.1,162.06,162.04,161.3,161.3,162.0,162.01,162.01,0,0.0,08/11/2021 17:00,161.8125,161.8125,162.8125,163.8125,0.0
2021-08-13 13:45:00,162.03,163.02,162.01,162.27,162.12,162.11,162.1,162.06,162.04,161.3,161.3,162.0,162.01,162.01,0,0.0,08/11/2021 17:00,161.8125,161.8125,162.8125,163.8125,0.0
2021-08-13 13:45:00,162.03,163.02,162.01,162.27,162.12,162.11,162.1,162.06,162.04,161.3,161.3,162.0,162.01,162.01,0,0.0,08/11/2021 17:00,161.8125,161.8125,162.8125,163.8125,0.0
2021-08-13 13:45:00,162.03,163.02,162.01,162.27,162.12,162.11,162.1,162.06,162.04,161.3,161.3,162.0,162.01,162.01,0,0.0,08/11/2021 17:00,161.8125,161.8125,162.8125,163.8125,0.0
2021-08-13 13:45:00,162.03,163.02,162.01,162.27,162.12,162.11,162.1,162.06,162.04,161.3,161.3,162.0,162.01,162.01,0,0.0,08/11/2021 17:00,161.8125,161.8125,162.8125,163.8125,0.0
2021-08-13 13:45:00,162.03,163.02,162.01,162.27,162.12,162.11,162.1,162.06,162.04,161.3,161.3,162.0,162.01,162.01,0,0.0,08/11/2021 17:00,161.8125,161.8125,162.8125,163.8125,0.0
2021-08-13 13:45:00,162.03,163.02,162.01,162.27,162.12,162.11,162.1,162.06,162.04,161.3,161.3,162.0,162.01,162.01,0,0.0,08/11/2021 17:00,161.8125,161.8125,162.8125,163.8125,0.0
2021-08-13 13:45:00,162.03,163.02,162.01,162.27,162.12,162.11,162.1,162.06,162.04,161.3,161.3,162.0,162.01,162.01,0,0.0,08/11/2021 17:00,161.8125,161.8125,162.8125,163.8125,0.0
2021-08-15 18:45:00,162.27,163.13,162.25,163.09,163.05,163.01,163.01,162.31,162.29,162.12,162.13,162.14,162.14,162.15,08/13/2021 17:00,162.28125,0,0.0,162.28125,161.28125,160.28125,0.0
2021-08-15 18:45:00,162.27,163.13,162.25,163.09,163.05,163.01,163.01,162.31,162.29,162.12,162.13,162.14,162.14,162.15,08/13/2021 17:00,162.28125,0,0.0,162.28125,161.28125,160.28125,0.0
2021-08-15 18:45:00,162.27,163.13,162.25,163.09,163.05,163.01,163.01,162.31,162.29,162.12,162.13,162.14,162.14,162.15,08/13/2021 17:00,162.28125,0,0.0,162.28125,161.28125,160.28125,0.0
2021-08-15 18:45:00,162.27,163.13,162.25,163.09,163.05,163.01,163.01,162.31,162.29,162.12,162.13,162.14,162.14,162.15,08/13/2021 17:00,162.28125,0,0.0,162.28125,161.28125,160.28125,0.0
2021-08-15 18:45:00,162.27,163.13,162.25,163.09,163.05,163.01,163.01,162.31,162.29,162.12,162.13,162.14,162.14,162.15,08/13/2021 17:00,162.28125,0,0.0,162.28125,161.28125,160.28125,0.0
2021-08-15 18:45:00,162.27,163.13,162.25,163.09,163.05,163.01,163.01,162.31,162.29,162.12,162.13,162.14,162.14,162.15,08/13/2021 17:00,162.28125,0,0.0,162.28125,161.28125,160.28125,0.0
2021-08-15 18:45:00,162.27,163.13,162.25,163.09,163.05,163.01,163.01,162.31,162.29,162.12,162.13,162.14,162.14,162.15,08/13/2021 17:00,162.28125,0,0.0,162.28125,161.28125,160.28125,0.0
2021-08-15 22:45:00,163.09,163.26,163.07,163.24,163.2,163.19,163.18,163.16,163.14,163.01,163.01,163.05,163.05,163.06,08/13/2021 17:00,162.28125,0,0.0,162.28125,161.28125,160.28125,0.0
2021-08-15 22:45:00,163.09,163.26,163.07,163.24,163.2,163.19,163.18,163.16,163.14,163.01,163.01,163.05,163.05,163.06,08/13/2021 17:00,162.28125,0,0.0,162.28125,161.28125,160.28125,0.0
2021-08-16 02:45:00,163.24,164.0,163.22,163.23,164.05,164.0,163.31,163.31,163.27,163.01,163.05,163.05,163.06,163.16,0,0.0,0,0.0,0.0,0.0,0.0,0.0
2021-08-16 06:45:00,163.22,163.29,163.09,163.12,164.05,164.0,163.31,163.31,163.27,163.01,163.05,163.05,163.06,163.16,0,0.0,0,0.0,0.0,0.0,0.0,0.0
2021-08-16 10:45:00,163.13,164.13,163.07,164.04,164.05,164.0,163.31,163.31,163.27,163.01,163.05,163.05,163.06,163.07,08/13/2021 17:00,162.28125,0,0.0,162.28125,161.28125,160.28125,0.0
2021-08-16 10:45:00,163.13,164.13,163.07,164.04,164.05,164.0,163.31,163.31,163.27,163.01,163.05,163.05,163.06,163.07,08/13/2021 17:00,162.28125,0,0.0,162.28125,161.28125,160.28125,0.0
2021-08-16 10:45:00,163.13,164.13,163.07,164.04,164.05,164.0,163.31,163.31,163.27,163.01,163.05,163.05,163.06,163.07,08/13/2021 17:00,162.28125,0,0.0,162.28125,161.28125,160.28125,0.0
2021-08-16 14:45:00,164.04,164.06,163.23,163.24,164.27,164.15,164.15,164.12,164.05,163.06,163.07,163.27,163.31,164.0,0,0.0,0,0.0,0.0,0.0,0.0,0.0
2021-08-16 19:45:00,163.24,163.25,163.15,163.18,164.15,164.12,164.05,164.0,163.27,163.01,163.05,163.05,163.06,163.07,0,0.0,0,0.0,0.0,0.0,0.0,0.0
2021-08-16 23:45:00,163.18,163.28,163.16,163.27,164.13,164.12,164.05,164.0,163.27,163.05,163.05,163.06,163.07,163.07,0,0.0,0,0.0,0.0,0.0,0.0,0.0
2021-08-17 03:45:00,163.26,164.18,163.24,164.07,164.12,164.06,164.05,164.0,163.27,163.05,163.05,163.06,163.07,163.07,08/16/2021 17:00,163.6875,0,0.0,163.6875,162.6875,161.6875,0.0
2021-08-17 03:45:00,163.26,164.18,163.24,164.07,164.12,164.06,164.05,164.0,163.27,163.05,163.05,163.06,163.07,163.07,08/16/2021 17:00,163.6875,0,0.0,163.6875,162.6875,161.6875,0.0
2021-08-17 07:45:00,164.08,164.14,164.01,164.1,164.27,164.15,164.15,164.13,164.12,163.07,163.07,163.15,164.05,164.06,0,0.0,0,0.0,0.0,0.0,0.0,0.0
2021-08-17 11:45:00,164.09,164.12,163.1,163.17,164.27,164.15,164.15,164.13,164.12,163.07,163.15,163.16,164.05,164.06,0,0.0,0,0.0,0.0,0.0,0.0,0.0
2021-08-17 15:45:00,163.18,164.02,163.16,163.21,164.15,164.13,164.12,164.06,164.05,163.06,163.07,163.07,163.15,163.16,0,0.0,0,0.0,0.0,0.0,0.0,0.0
2021-08-17 20:45:00,163.21,163.25,163.18,163.24,164.14,164.13,164.12,164.06,164.05,163.06,163.07,163.07,163.15,163.16,0,0.0,0,0.0,0.0,0.0,0.0,0.0
2021-08-18 00:45:00,163.24,163.25,163.13,163.14,164.13,164.12,164.12,164.06,164.05,163.07,163.07,163.1,163.15,163.16,0,0.0,0,0.0,0.0,0.0,0.0,0.0
2021-08-18 04:45:00,163.14,163.24,163.1,163.19,164.06,164.05,164.02,163.16,163.15,163.05,163.06,163.07,163.07,163.1,08/16/2021 17:00,163.6875,0,0.0,163.6875,162.6875,161.6875,0.0
2021-08-18 04:45:00,163.14,163.24,163.1,163.19,164.06,164.05,164.02,163.16,163.15,163.05,163.06,163.07,163.07,163.1,08/16/2021 17:00,163.6875,0,0.0,163.6875,162.6875,161.6875,0.0
2021-08-18 08:45:00,163.19,163.19,163.08,163.12,164.12,164.12,164.06,164.05,164.02,163.07,163.07,163.1,163.15,163.16,0,0.0,0,0.0,0.0,0.0,0.0,0.0
2021-08-18 12:45:00,163.11,163.17,163.06,163.12,164.12,164.06,164.05,164.02,163.25,163.05,163.06,163.07,163.07,163.1,0,0.0,0,0.0,0.0,0.0,0.0,0.0
2021-08-18 16:45:00,163.12,163.3,163.04,163.28,164.06,164.05,164.02,163.25,163.24,163.05,163.06,163.07,163.07,163.1,08/16/2021 17:00,163.6875,0,0.0,163.6875,162.6875,161.6875,0.0
2021-08-18 16:45:00,163.12,163.3,163.04,163.28,164.06,164.05,164.02,163.25,163.24,163.05,163.06,163.07,163.07,163.1,08/16/2021 17:00,163.6875,0,0.0,163.6875,162.6875,161.6875,0.0
2021-08-18 21:45:00,163.28,163.3,163.23,163.27,164.12,164.12,164.06,164.05,164.02,163.07,163.07,163.1,163.24,163.25,0,0.0,0,0.0,0.0,0.0,0.0,0.0
2021-08-19 01:45:00,163.27,163.3,163.24,163.28,164.12,164.12,164.06,164.05,164.02,163.07,163.07,163.1,163.24,163.25,0,0.0,0,0.0,0.0,0.0,0.0,0.0
2021-08-19 05:45:00,163.27,164.25,163.27,164.14,164.12,164.12,164.06,164.05,164.02,163.07,163.07,163.1,163.24,163.25,08/16/2021 17:00,163.6875,0,0.0,163.6875,162.6875,161.6875,0.0
2021-08-19 05:45:00,163.27,164.25,163.27,164.14,164.12,164.12,164.06,164.05,164.02,163.07,163.07,163.1,163.24,163.25,08/16/2021 17:00,163.6875,0,0.0,163.6875,162.6875,161.6875,0.0
2021-08-19 05:45:00,163.27,164.25,163.27,164.14,164.12,164.12,164.06,164.05,164.02,163.07,163.07,163.1,163.24,163.25,08/16/2021 17:00,163.6875,0,0.0,163.6875,162.6875,161.6875,0.0
2021-08-19 09:45:00,164.14,164.23,164.04,164.07,164.27,164.27,164.18,164.15,164.15,163.25,164.02,164.12,164.12,164.13,0,0.0,0,0.0,0.0,0.0,0.0,0.0
2021-08-19 13:45:00,164.08,164.16,164.0,164.1,164.15,164.14,164.13,164.12,164.12,163.23,163.24,163.24,163.25,164.02,0,0.0,0,0.0,0.0,0.0,0.0,0.0
2021-08-19 18:45:00,164.11,164.16,164.1,164.13,164.15,164.14,164.13,164.12,164.12,163.24,163.24,163.25,163.27,164.02,08/19/2021 17:00,164.3125,0,0.0,164.3125,163.3125,162.3125,0.0
2021-08-19 22:45:00,164.13,164.19,164.1,164.17,164.23,164.18,164.15,164.15,164.14,163.24,163.24,163.25,163.27,164.02,08/19/2021 17:00,164.3125,0,0.0,164.3125,163.3125,162.3125,0.0
2021-08-19 22:45:00,164.13,164.19,164.1,164.17,164.23,164.18,164.15,164.15,164.14,163.24,163.24,163.25,163.27,164.02,08/19/2021 17:00,164.3125,0,0.0,164.3125,163.3125,162.3125,0.0
2021-08-19 22:45:00,164.13,164.19,164.1,164.17,164.23,164.18,164.15,164.15,164.14,163.24,163.24,163.25,163.27,164.02,08/19/2021 17:00,164.3125,0,0.0,164.3125,163.3125,162.3125,0.0
2021-08-20 02:45:00,164.17,164.21,164.15,164.21,164.27,164.27,164.25,164.23,164.18,164.0,164.02,164.14,164.15,164.15,08/19/2021 17:00,164.3125,0,0.0,164.3125,163.3125,162.3125,0.0
2021-08-20 06:45:00,164.2,164.25,164.14,164.19,164.29,164.27,164.27,164.25,164.23,164.02,164.14,164.15,164.15,164.18,0,0.0,0,0.0,0.0,0.0,0.0,0.0
2021-08-20 10:45:00,164.19,164.25,164.05,164.17,164.29,164.27,164.27,164.25,164.23,164.1,164.14,164.15,164.15,164.18,0,0.0,0,0.0,0.0,0.0,0.0,0.0
2021-08-20 14:45:00,164.17,164.19,164.05,164.09,164.27,164.27,164.25,164.23,164.18,164.02,164.1,164.14,164.15,164.15,0,0.0,0,0.0,0.0,0.0,0.0,0.0
2021-08-22 19:45:00,164.09,164.16,164.09,164.1,164.23,164.18,164.15,164.14,164.1,163.24,163.25,163.27,164.0,164.02,0,0.0,0,0.0,0.0,0.0,0.0,0.0
2021-08-22 23:45:00,164.11,164.11,164.03,164.03,164.25,164.23,164.18,164.15,164.14,163.25,163.27,164.0,164.02,164.1,0,0.0,0,0.0,0.0,0.0,0.0,0.0
2021-08-23 03:45:00,164.03,164.11,164.03,164.06,164.19,164.18,164.15,164.14,164.1,163.24,163.25,163.27,164.0,164.02,0,0.0,0,0.0,0.0,0.0,0.0,0.0
2021-08-23 07:45:00,164.06,164.06,163.27,163.31,164.18,164.16,164.15,164.14,164.1,163.24,163.25,163.27,164.0,164.02,0,0.0,0,0.0,0.0,0.0,0.0,0.0
2021-08-23 11:45:00,163.31,164.14,163.29,164.1,164.15,164.14,164.1,164.02,164.0,163.23,163.24,163.24,163.25,163.27,08/19/2021 17:00,164.3125,0,0.0,164.3125,163.3125,162.3125,0.0
2021-08-23 15:45:00,164.1,164.15,164.09,164.12,164.19,164.18,164.16,164.15,164.14,163.24,163.24,163.25,163.27,164.0,08/19/2021 17:00,164.3125,0,0.0,164.3125,163.3125,162.3125,0.0
2021-08-23 20:45:00,164.13,164.14,164.06,164.07,164.19,164.18,164.16,164.15,164.14,163.25,163.27,163.27,164.0,164.1,0,0.0,0,0.0,0.0,0.0,0.0,0.0
2021-08-24 00:45:00,164.07,164.1,164.03,164.03,164.19,164.18,164.16,164.15,164.14,163.25,163.27,163.27,163.29,164.0,0,0.0,0,0.0,0.0,0.0,0.0,0.0
2021-08-24 04:45:00,164.03,164.07,163.25,164.03,164.18,164.16,164.15,164.15,164.14,163.25,163.27,163.27,163.29,164.0,0,0.0,0,0.0,0.0,0.0,0.0,0.0
2021-08-24 08:45:00,164.03,164.09,163.3,164.06,164.16,164.15,164.15,164.14,164.14,163.25,163.27,163.27,163.29,164.0,0,0.0,0,0.0,0.0,0.0,0.0,0.0
2021-08-24 12:45:00,164.06,164.06,163.18,163.2,164.15,164.15,164.14,164.14,164.1,163.25,163.27,163.27,163.29,164.0,0,0.0,0,0.0,0.0,0.0,0.0,0.0
2021-08-24 16:45:00,163.2,163.28,163.14,163.16,163.27,163.25,163.24,163.24,163.23,163.05,163.06,163.07,163.07,163.1,0,0.0,0,0.0,0.0,0.0,0.0,0.0
2021-08-24 21:45:00,163.15,163.16,163.12,163.14,163.27,163.25,163.24,163.24,163.23,163.05,163.06,163.07,163.07,163.1,0,0.0,0,0.0,0.0,0.0,0.0,0.0
2021-08-25 01:45:00,163.14,163.2,163.13,163.18,163.27,163.25,163.24,163.24,163.23,163.05,163.06,163.07,163.07,163.1,0,0.0,0,0.0,0.0,0.0,0.0,0.0
2021-08-25 05:45:00,163.18,163.24,163.12,163.15,163.27,163.25,163.24,163.24,163.23,163.05,163.06,163.07,163.07,163.1,0,0.0,0,0.0,0.0,0.0,0.0,0.0
2021-08-25 09:45:00,163.15,163.22,163.05,163.13,163.27,163.25,163.24,163.24,163.23,163.05,163.06,163.07,163.07,163.1,0,0.0,0,0.0,0.0,0.0,0.0,0.0
2021-08-25 13:45:00,163.13,163.14,162.11,162.13,163.27,163.25,163.24,163.24,163.23,163.05,163.06,163.07,163.07,163.1,0,0.0,0,0.0,0.0,0.0,0.0,0.0
2021-08-25 18:45:00,162.13,162.21,162.13,162.17,163.04,162.31,162.29,162.25,162.15,162.04,162.06,162.1,162.11,162.12,0,0.0,0,0.0,0.0,0.0,0.0,0.0
2021-08-25 22:45:00,162.17,162.22,162.17,162.22,163.05,163.04,162.31,162.29,162.25,162.06,162.1,162.11,162.12,162.13,0,0.0,0,0.0,0.0,0.0,0.0,0.0
2021-08-26 02:45:00,162.21,162.26,162.2,162.21,163.05,163.04,162.31,162.29,162.25,162.1,162.11,162.11,162.12,162.13,0,0.0,0,0.0,0.0,0.0,0.0,0.0
2021-08-26 06:45:00,162.22,162.22,162.1,162.16,163.05,163.04,162.31,162.29,162.25,162.11,162.11,162.12,162.13,162.13,0,0.0,0,0.0,0.0,0.0,0.0,0.0
2021-08-26 10:45:00,162.17,162.21,161.3,162.11,163.05,163.04,162.31,162.29,162.25,162.11,162.11,162.12,162.13,162.13,0,0.0,0,0.0,0.0,0.0,0.0,0.0
2021-08-26 14:45:00,162.12,162.23,162.1,162.23,162.29,162.26,162.25,162.13,162.13,162.04,162.06,162.1,162.11,162.11,0,0.0,08/25/2021 17:00,163.15625,163.15625,164.15625,165.15625,0.0
2021-08-26 19:45:00,162.23,162.24,162.14,162.16,163.04,162.31,162.29,162.26,162.25,162.06,162.1,162.11,162.11,162.13,0,0.0,0,0.0,0.0,0.0,0.0,0.0
2021-08-26 23:45:00,162.17,162.24,162.16,162.22,163.04,162.31,162.29,162.26,162.25,162.06,162.1,162.11,162.11,162.13,0,0.0,0,0.0,0.0,0.0,0.0,0.0
2021-08-27 03:45:00,162.21,162.25,162.17,162.18,163.04,162.31,162.29,162.26,162.25,162.1,162.1,162.11,162.11,162.13,0,0.0,0,0.0,0.0,0.0,0.0,0.0
2021-08-27 07:45:00,162.18,162.24,162.16,162.2,163.04,162.31,162.29,162.26,162.25,162.1,162.11,162.11,162.13,162.14,0,0.0,0,0.0,0.0,0.0,0.0,0.0
2021-08-27 11:45:00,162.21,163.03,162.14,163.0,163.04,162.31,162.29,162.26,162.25,162.1,162.11,162.11,162.13,162.14,0,0.0,08/25/2021 17:00,163.15625,163.15625,164.15625,165.15625,0.0
2021-08-27 11:45:00,162.21,163.03,162.14,163.0,163.04,162.31,162.29,162.26,162.25,162.1,162.11,162.11,162.13,162.14,0,0.0,08/25/2021 17:00,163.15625,163.15625,164.15625,165.15625,0.0
2021-08-27 15:45:00,163.0,163.08,162.29,163.06,163.07,163.07,163.06,163.05,163.04,162.11,162.13,162.14,162.25,162.26,0,0.0,08/25/2021 17:00,163.15625,163.15625,164.15625,165.15625,0.0
2021-08-29 20:45:00,163.06,163.13,163.05,163.11,163.22,163.14,163.1,163.07,163.07,162.13,162.14,162.25,162.26,163.04,0,0.0,08/25/2021 17:00,163.15625,163.15625,164.15625,165.15625,0.0
2021-08-29 20:45:00,163.06,163.13,163.05,163.11,163.22,163.14,163.1,163.07,163.07,162.13,162.14,162.25,162.26,163.04,0,0.0,08/25/2021 17:00,163.15625,163.15625,164.15625,165.15625,0.0
2021-08-30 00:45:00,163.11,163.12,163.06,163.09,163.24,163.24,163.23,163.22,163.14,162.26,163.04,163.07,163.07,163.1,0,0.0,08/25/2021 17:00,163.15625,163.15625,164.15625,165.15625,0.0
2021-08-30 04:45:00,163.09,163.13,163.02,163.06,163.24,163.24,163.23,163.22,163.14,162.26,162.29,163.04,163.07,163.07,0,0.0,0,0.0,0.0,0.0,0.0,0.0
2021-08-30 08:45:00,163.06,163.12,163.01,163.09,163.24,163.24,163.23,163.22,163.14,162.14,162.25,162.26,162.29,163.04,0,0.0,0,0.0,0.0,0.0,0.0,0.0
2021-08-30 12:45:00,163.09,163.23,163.06,163.16,163.24,163.24,163.23,163.22,163.14,162.14,162.25,162.26,162.29,163.04,0,0.0,08/25/2021 17:00,163.15625,163.15625,164.15625,165.15625,0.0
2021-08-30 16:45:00,163.17,163.26,163.16,163.24,163.24,163.24,163.24,163.23,163.22,162.25,162.26,162.29,163.04,163.14,0,0.0,08/25/2021 17:00,163.15625,163.15625,164.15625,165.15625,0.0
2021-08-30 16:45:00,163.17,163.26,163.16,163.24,163.24,163.24,163.24,163.23,163.22,162.25,162.26,162.29,163.04,163.14,0,0.0,08/25/2021 17:00,163.15625,163.15625,164.15625,165.15625,0.0
2021-08-30 21:45:00,163.23,163.3,163.2,163.29,163.27,163.25,163.24,163.24,163.24,162.29,163.01,163.04,163.14,163.22,08/30/2021 17:00,163.15625,0,0.0,163.15625,162.15625,161.15625,0.0
2021-08-30 21:45:00,163.23,163.3,163.2,163.29,163.27,163.25,163.24,163.24,163.24,162.29,163.01,163.04,163.14,163.22,08/30/2021 17:00,163.15625,0,0.0,163.15625,162.15625,161.15625,0.0
2021-08-30 21:45:00,163.23,163.3,163.2,163.29,163.27,163.25,163.24,163.24,163.24,162.29,163.01,163.04,163.14,163.22,08/30/2021 17:00,163.15625,0,0.0,163.15625,162.15625,161.15625,0.0
2021-08-30 21:45:00,163.23,163.3,163.2,163.29,163.27,163.25,163.24,163.24,163.24,162.29,163.01,163.04,163.14,163.22,08/30/2021 17:00,163.15625,0,0.0,163.15625,162.15625,161.15625,0.0
2021-08-31 01:45:00,163.29,163.31,163.23,163.24,164.14,164.14,164.1,164.09,164.06,163.24,163.24,163.27,163.27,163.28,0,0.0,0,0.0,0.0,0.0,0.0,0.0
2021-08-31 05:45:00,163.24,163.3,163.18,163.2,164.1,164.09,164.06,163.29,163.28,163.06,163.14,163.16,163.22,163.23,0,0.0,0,0.0,0.0,0.0,0.0,0.0
2021-08-31 09:45:00,163.21,163.27,163.12,163.27,164.06,163.29,163.28,163.24,163.22,163.01,163.04,163.06,163.14,163.16,0,0.0,0,0.0,0.0,0.0,0.0,0.0
2021-08-31 13:45:00,163.27,164.0,162.27,163.02,164.09,164.06,163.31,163.29,163.28,163.01,163.04,163.06,163.14,163.16,0,0.0,0,0.0,0.0,0.0,0.0,0.0
2021-08-31 18:45:00,163.02,163.1,163.01,163.05,163.29,163.28,163.16,163.14,163.06,162.14,162.25,162.26,162.29,163.01,0,0.0,0,0.0,0.0,0.0,0.0,0.0
2021-08-31 22:45:00,163.05,163.05,162.21,162.23,163.29,163.28,163.16,163.14,163.06,162.14,162.25,162.26,162.29,163.01,0,0.0,0,0.0,0.0,0.0,0.0,0.0
2021-09-01 02:45:00,162.23,162.28,162.21,162.28,163.14,163.06,163.01,162.29,162.26,162.11,162.11,162.13,162.14,162.14,0,0.0,0,0.0,0.0,0.0,0.0,0.0
2021-09-01 06:45:00,162.27,163.04,162.22,163.01,163.14,163.1,163.06,163.01,162.29,162.11,162.11,162.13,162.14,162.14,08/30/2021 17:00,163.15625,0,0.0,163.15625,162.15625,161.15625,0.0
2021-09-01 10:45:00,163.01,163.24,162.26,163.1,163.16,163.14,163.1,163.06,163.05,162.11,162.13,162.14,162.14,162.29,08/30/2021 17:00,163.15625,0,0.0,163.15625,162.15625,161.15625,0.0
2021-09-01 10:45:00,163.01,163.24,162.26,163.1,163.16,163.14,163.1,163.06,163.05,162.11,162.13,162.14,162.14,162.29,08/30/2021 17:00,163.15625,0,0.0,163.15625,162.15625,161.15625,0.0
2021-09-01 10:45:00,163.01,163.24,162.26,163.1,163.16,163.14,163.1,163.06,163.05,162.11,162.13,162.14,162.14,162.29,08/30/2021 17:00,163.15625,0,0.0,163.15625,162.15625,161.15625,0.0
2021-09-01 14:45:00,163.1,163.15,163.04,163.12,163.31,163.29,163.28,163.16,163.14,162.21,162.29,163.01,163.05,163.06,08/30/2021 17:00,163.15625,0,0.0,163.15625,162.15625,161.15625,0.0
2021-09-01 19:45:00,163.12,163.18,163.11,163.14,163.31,163.29,163.28,163.16,163.14,162.29,163.01,163.05,163.06,163.1,0,0.0,0,0.0,0.0,0.0,0.0,0.0
2021-09-01 23:45:00,163.13,163.17,163.11,163.11,163.29,163.28,163.24,163.16,163.14,162.29,163.01,163.05,163.06,163.1,0,0.0,0,0.0,0.0,0.0,0.0,0.0
2021-09-02 03:45:00,163.11,163.18,163.11,163.16,163.29,163.28,163.24,163.16,163.14,163.01,163.04,163.05,163.06,163.1,0,0.0,0,0.0,0.0,0.0,0.0,0.0
2021-09-02 07:45:00,163.15,163.24,163.13,163.2,163.31,163.29,163.28,163.24,163.16,163.01,163.04,163.05,163.06,163.1,08/30/2021 17:00,163.15625,0,0.0,163.15625,162.15625,161.15625,0.0
2021-09-02 11:45:00,163.2,163.25,163.09,163.16,164.0,163.31,163.29,163.28,163.24,163.04,163.05,163.06,163.1,163.16,0,0.0,0,0.0,0.0,0.0,0.0,0.0
2021-09-02 15:45:00,163.16,163.22,163.14,163.22,164.0,163.31,163.29,163.28,163.24,163.01,163.04,163.05,163.06,163.1,0,0.0,0,0.0,0.0,0.0,0.0,0.0
2021-09-02 20:45:00,163.21,163.25,163.19,163.2,164.0,163.31,163.29,163.28,163.24,163.04,163.05,163.06,163.1,163.16,0,0.0,0,0.0,0.0,0.0,0.0,0.0
2021-09-03 00:45:00,163.2,163.23,163.17,163.17,164.0,163.31,163.29,163.28,163.24,163.05,163.06,163.09,163.1,163.16,0,0.0,0,0.0,0.0,0.0,0.0,0.0
2021-09-03 04:45:00,163.18,163.22,163.14,163.15,164.0,163.31,163.29,163.28,163.24,163.06,163.09,163.1,163.14,163.16,0,0.0,0,0.0,0.0,0.0,0.0,0.0
2021-09-03 08:45:00,163.14,164.05,162.26,162.27,163.31,163.29,163.28,163.25,163.24,163.04,163.05,163.06,163.09,163.1,0,0.0,0,0.0,0.0,0.0,0.0,0.0
2021-09-03 12:45:00,162.27,163.04,162.22,163.01,163.14,163.1,163.09,163.05,163.04,162.14,162.14,162.21,162.22,162.26,0,0.0,0,0.0,0.0,0.0,0.0,0.0
2021-09-03 16:45:00,163.01,163.02,162.28,162.31,163.14,163.1,163.09,163.05,163.04,162.14,162.14,162.21,162.22,162.26,0,0.0,0,0.0,0.0,0.0,0.0,0.0
2021-09-05 21:45:00,162.31,163.0,162.25,162.28,163.14,163.1,163.09,163.05,163.04,162.14,162.14,162.21,162.22,162.26,0,0.0,0,0.0,0.0,0.0,0.0,0.0
2021-09-06 01:45:00,162.28,162.3,162.27,162.28,163.1,163.09,163.05,163.04,163.04,162.14,162.21,162.22,162.22,162.26,0,0.0,0,0.0,0.0,0.0,0.0,0.0
2021-09-06 05:45:00,162.28,162.3,162.22,162.23,163.09,163.05,163.04,163.04,163.02,162.14,162.21,162.22,162.22,162.26,0,0.0,0,0.0,0.0,0.0,0.0,0.0
2021-09-06 09:45:00,162.23,162.26,162.21,162.24,163.04,163.04,163.02,163.0,162.26,162.14,162.14,162.21,162.22,162.22,0,0.0,0,0.0,0.0,0.0,0.0,0.0
2021-09-06 18:45:00,162.24,162.27,162.23,162.26,163.04,163.04,163.02,163.0,162.26,162.14,162.14,162.21,162.22,162.22,0,0.0,0,0.0,0.0,0.0,0.0,0.0
2021-09-06 22:45:00,162.25,162.27,162.19,162.22,163.04,163.02,163.0,162.3,162.26,162.14,162.14,162.21,162.22,162.22,0,0.0,0,0.0,0.0,0.0,0.0,0.0
2021-09-07 02:45:00,162.22,162.24,162.13,162.17,163.04,163.02,163.0,162.3,162.26,162.11,162.13,162.14,162.14,162.21,0,0.0,0,0.0,0.0,0.0,0.0,0.0
2021-09-07 06:45:00,162.17,162.2,162.04,162.08,162.3,162.26,162.22,162.22,162.21,162.11,162.11,162.13,162.14,162.14,0,0.0,0,0.0,0.0,0.0,0.0,0.0
2021-09-07 10:45:00,162.08,162.09,161.25,161.31,162.21,162.14,162.14,162.11,162.1,162.01,162.01,162.01,162.04,162.06,0,0.0,0,0.0,0.0,0.0,0.0,0.0
2021-09-07 14:45:00,161.3,162.12,161.26,162.05,162.14,162.11,162.1,162.01,162.01,161.07,161.09,161.19,161.19,161.23,0,0.0,09/03/2021 17:00,163.125,163.125,164.125,165.125,0.0
2021-09-07 19:45:00,162.05,162.06,161.29,162.01,162.2,162.14,162.14,162.11,162.1,161.3,161.3,161.3,161.3,162.01,0,0.0,0,0.0,0.0,0.0,0.0,0.0
2021-09-07 23:45:00,162.01,162.08,162.01,162.08,162.2,162.14,162.14,162.11,162.1,161.3,161.3,161.3,161.3,161.3,0,0.0,0,0.0,0.0,0.0,0.0,0.0
2021-09-08 03:45:00,162.08,162.18,161.3,162.15,162.14,162.14,162.12,162.11,162.1,161.3,161.3,161.3,161.3,162.01,0,0.0,09/07/2021 17:00,162.46875,162.46875,163.46875,164.46875,0.0
2021-09-08 03:45:00,162.08,162.18,161.3,162.15,162.14,162.14,162.12,162.11,162.1,161.3,161.3,161.3,161.3,162.01,0,0.0,09/07/2021 17:00,162.46875,162.46875,163.46875,164.46875,0.0
2021-09-08 03:45:00,162.08,162.18,161.3,162.15,162.14,162.14,162.12,162.11,162.1,161.3,161.3,161.3,161.3,162.01,0,0.0,09/07/2021 17:00,162.46875,162.46875,163.46875,164.46875,0.0
2021-09-08 07:45:00,162.14,162.2,162.11,162.15,162.24,162.22,162.22,162.21,162.2,161.3,162.01,162.1,162.11,162.12,0,0.0,09/07/2021 17:00,162.46875,162.46875,163.46875,164.46875,0.0
2021-09-08 11:45:00,162.15,162.23,162.08,162.12,162.24,162.22,162.22,162.21,162.2,162.1,162.11,162.12,162.14,162.14,0,0.0,09/07/2021 17:00,162.46875,162.46875,163.46875,164.46875,0.0
2021-09-08 15:45:00,162.12,162.29,162.11,162.24,162.24,162.22,162.22,162.21,162.2,161.3,161.3,162.01,162.1,162.11,0,0.0,09/07/2021 17:00,162.46875,162.46875,163.46875,164.46875,0.0
2021-09-08 15:45:00,162.12,162.29,162.11,162.24,162.24,162.22,162.22,162.21,162.2,161.3,161.3,162.01,162.1,162.11,0,0.0,09/07/2021 17:00,162.46875,162.46875,163.46875,164.46875,0.0
2021-09-08 15:45:00,162.12,162.29,162.11,162.24,162.24,162.22,162.22,162.21,162.2,161.3,161.3,162.01,162.1,162.11,0,0.0,09/07/2021 17:00,162.46875,162.46875,163.46875,164.46875,0.0
2021-09-08 20:45:00,162.25,162.25,162.18,162.24,163.02,163.0,162.3,162.27,162.26,162.2,162.21,162.22,162.22,162.24,09/08/2021 17:00,162.46875,0,0.0,162.46875,161.46875,160.46875,0.0
2021-09-09 00:45:00,162.24,162.25,162.2,162.25,163.02,163.0,162.3,162.27,162.26,162.12,162.2,162.21,162.22,162.22,09/08/2021 17:00,162.46875,0,0.0,162.46875,161.46875,160.46875,0.0
2021-09-09 04:45:00,162.25,163.02,162.22,162.3,163.0,162.3,162.29,162.27,162.26,162.2,162.21,162.22,162.22,162.24,09/08/2021 17:00,162.46875,0,0.0,162.46875,161.46875,160.46875,0.0
2021-09-09 04:45:00,162.25,163.02,162.22,162.3,163.0,162.3,162.29,162.27,162.26,162.2,162.21,162.22,162.22,162.24,09/08/2021 17:00,162.46875,0,0.0,162.46875,161.46875,160.46875,0.0
2021-09-09 04:45:00,162.25,163.02,162.22,162.3,163.0,162.3,162.29,162.27,162.26,162.2,162.21,162.22,162.22,162.24,09/08/2021 17:00,162.46875,0,0.0,162.46875,161.46875,160.46875,0.0
2021-09-09 08:45:00,162.3,163.0,162.18,162.27,163.05,163.04,163.04,163.02,163.0,162.22,162.24,162.26,162.27,162.29,0,0.0,0,0.0,0.0,0.0,0.0,0.0
2021-09-09 12:45:00,162.28,163.08,162.19,163.06,163.04,163.02,163.0,162.3,162.29,162.22,162.22,162.24,162.26,162.27,09/08/2021 17:00,162.46875,0,0.0,162.46875,161.46875,160.46875,0.0
2021-09-09 12:45:00,162.28,163.08,162.19,163.06,163.04,163.02,163.0,162.3,162.29,162.22,162.22,162.24,162.26,162.27,09/08/2021 17:00,162.46875,0,0.0,162.46875,161.46875,160.46875,0.0
2021-09-09 12:45:00,162.28,163.08,162.19,163.06,163.04,163.02,163.0,162.3,162.29,162.22,162.22,162.24,162.26,162.27,09/08/2021 17:00,162.46875,0,0.0,162.46875,161.46875,160.46875,0.0
2021-09-09 12:45:00,162.28,163.08,162.19,163.06,163.04,163.02,163.0,162.3,162.29,162.22,162.22,162.24,162.26,162.27,09/08/2021 17:00,162.46875,0,0.0,162.46875,161.46875,160.46875,0.0
2021-09-09 12:45:00,162.28,163.08,162.19,163.06,163.04,163.02,163.0,162.3,162.29,162.22,162.22,162.24,162.26,162.27,09/08/2021 17:00,162.46875,0,0.0,162.46875,161.46875,160.46875,0.0
2021-09-09 16:45:00,163.06,164.0,163.06,163.25,163.25,163.24,163.14,163.1,163.09,162.3,163.0,163.02,163.04,163.04,09/08/2021 17:00,162.46875,0,0.0,162.46875,161.46875,160.46875,0.0
2021-09-09 16:45:00,163.06,164.0,163.06,163.25,163.25,163.24,163.14,163.1,163.09,162.3,163.0,163.02,163.04,163.04,09/08/2021 17:00,162.46875,0,0.0,162.46875,161.46875,160.46875,0.0
2021-09-09 16:45:00,163.06,164.0,163.06,163.25,163.25,163.24,163.14,163.1,163.09,162.3,163.0,163.02,163.04,163.04,09/08/2021 17:00,162.46875,0,0.0,162.46875,161.46875,160.46875,0.0
2021-09-09 21:45:00,163.24,163.25,163.18,163.22,164.0,163.31,163.29,163.28,163.25,163.02,163.04,163.04,163.09,163.14,0,0.0,0,0.0,0.0,0.0,0.0,0.0
2021-09-10 01:45:00,163.22,163.22,163.16,163.17,163.31,163.29,163.28,163.25,163.24,163.02,163.04,163.04,163.09,163.14,0,0.0,0,0.0,0.0,0.0,0.0,0.0
2021-09-10 05:45:00,163.17,163.2,163.02,163.03,163.31,163.29,163.28,163.25,163.24,163.04,163.04,163.06,163.09,163.14,0,0.0,0,0.0,0.0,0.0,0.0,0.0
2021-09-10 09:45:00,163.03,163.15,163.02,163.12,163.25,163.25,163.24,163.06,163.04,162.26,162.27,162.3,163.0,163.02,09/09/2021 17:00,162.96875,0,0.0,162.96875,161.96875,160.96875,0.0
2021-09-10 13:45:00,163.11,163.11,162.19,162.26,163.28,163.25,163.25,163.24,163.22,162.27,162.3,163.0,163.02,163.06,0,0.0,0,0.0,0.0,0.0,0.0,0.0
2021-09-12 18:45:00,162.26,162.3,162.25,162.27,163.2,163.02,163.0,162.3,162.27,162.2,162.21,162.22,162.22,162.24,0,0.0,0,0.0,0.0,0.0,0.0,0.0
2021-09-12 22:45:00,162.28,163.01,162.23,163.0,163.2,163.15,163.02,163.0,162.3,162.22,162.22,162.24,162.26,162.27,0,0.0,0,0.0,0.0,0.0,0.0,0.0
2021-09-13 02:45:00,163.01,163.05,162.28,162.3,163.22,163.2,163.15,163.11,163.02,162.22,162.22,162.24,162.26,163.0,0,0.0,0,0.0,0.0,0.0,0.0,0.0
2021-09-13 06:45:00,162.3,163.05,162.24,163.01,163.2,163.15,163.11,163.02,163.0,162.21,162.22,162.22,162.24,162.26,0,0.0,0,0.0,0.0,0.0,0.0,0.0
2021-09-13 10:45:00,163.02,163.14,163.01,163.12,163.24,163.22,163.2,163.15,163.11,162.22,162.22,162.23,162.24,162.26,0,0.0,09/10/2021 17:00,162.96875,162.96875,163.96875,164.96875,0.0
2021-09-13 14:45:00,163.12,163.14,163.06,163.12,163.25,163.24,163.22,163.2,163.15,162.22,162.23,162.24,162.26,163.11,0,0.0,0,0.0,0.0,0.0,0.0,0.0
2021-09-13 19:45:00,163.12,163.13,163.06,163.09,163.25,163.24,163.22,163.2,163.15,162.23,162.24,162.24,162.26,163.11,0,0.0,0,0.0,0.0,0.0,0.0,0.0
2021-09-13 23:45:00,163.08,163.1,162.31,163.03,163.24,163.22,163.2,163.15,163.11,162.23,162.24,162.24,162.26,163.01,0,0.0,0,0.0,0.0,0.0,0.0,0.0
2021-09-14 03:45:00,163.03,163.1,163.0,163.01,163.22,163.2,163.15,163.14,163.11,162.23,162.24,162.24,162.26,163.01,0,0.0,0,0.0,0.0,0.0,0.0,0.0
2021-09-14 07:45:00,163.01,163.03,162.28,162.3,163.2,163.15,163.14,163.13,163.11,162.22,162.23,162.24,162.24,162.26,0,0.0,0,0.0,0.0,0.0,0.0,0.0
2021-09-14 11:45:00,162.3,164.27,162.23,164.12,163.15,163.14,163.13,163.11,163.01,162.22,162.23,162.24,162.24,162.26,09/13/2021 17:00,162.96875,0,0.0,162.96875,161.96875,160.96875,0.0
2021-09-14 11:45:00,162.3,164.27,162.23,164.12,163.15,163.14,163.13,163.11,163.01,162.22,162.23,162.24,162.24,162.26,09/13/2021 17:00,162.96875,0,0.0,162.96875,161.96875,160.96875,0.0
2021-09-14 11:45:00,162.3,164.27,162.23,164.12,163.15,163.14,163.13,163.11,163.01,162.22,162.23,162.24,162.24,162.26,09/13/2021 17:00,162.96875,0,0.0,162.96875,161.96875,160.96875,0.0
2021-09-14 11:45:00,162.3,164.27,162.23,164.12,163.15,163.14,163.13,163.11,163.01,162.22,162.23,162.24,162.24,162.26,09/13/2021 17:00,162.96875,0,0.0,162.96875,161.96875,160.96875,0.0
2021-09-14 11:45:00,162.3,164.27,162.23,164.12,163.15,163.14,163.13,163.11,163.01,162.22,162.23,162.24,162.24,162.26,09/13/2021 17:00,162.96875,0,0.0,162.96875,161.96875,160.96875,0.0
2021-09-14 11:45:00,162.3,164.27,162.23,164.12,163.15,163.14,163.13,163.11,163.01,162.22,162.23,162.24,162.24,162.26,09/13/2021 17:00,162.96875,0,0.0,162.96875,161.96875,160.96875,0.0
2021-09-14 11:45:00,162.3,164.27,162.23,164.12,163.15,163.14,163.13,163.11,163.01,162.22,162.23,162.24,162.24,162.26,09/13/2021 17:00,162.96875,0,0.0,162.96875,161.96875,160.96875,0.0
2021-09-14 11:45:00,162.3,164.27,162.23,164.12,163.15,163.14,163.13,163.11,163.01,162.22,162.23,162.24,162.24,162.26,09/13/2021 17:00,162.96875,0,0.0,162.96875,161.96875,160.96875,0.0
2021-09-14 11:45:00,162.3,164.27,162.23,164.12,163.15,163.14,163.13,163.11,163.01,162.22,162.23,162.24,162.24,162.26,09/13/2021 17:00,162.96875,0,0.0,162.96875,161.96875,160.96875,0.0
2021-09-14 11:45:00,162.3,164.27,162.23,164.12,163.15,163.14,163.13,163.11,163.01,162.22,162.23,162.24,162.24,162.26,09/13/2021 17:00,162.96875,0,0.0,162.96875,161.96875,160.96875,0.0
2021-09-14 11:45:00,162.3,164.27,162.23,164.12,163.15,163.14,163.13,163.11,163.01,162.22,162.23,162.24,162.24,162.26,09/13/2021 17:00,162.96875,0,0.0,162.96875,161.96875,160.96875,0.0
2021-09-14 11:45:00,162.3,164.27,162.23,164.12,163.15,163.14,163.13,163.11,163.01,162.22,162.23,162.24,162.24,162.26,09/13/2021 17:00,162.96875,0,0.0,162.96875,161.96875,160.96875,0.0
2021-09-14 11:45:00,162.3,164.27,162.23,164.12,163.15,163.14,163.13,163.11,163.01,162.22,162.23,162.24,162.24,162.26,09/13/2021 17:00,162.96875,0,0.0,162.96875,161.96875,160.96875,0.0
2021-09-14 11:45:00,162.3,164.27,162.23,164.12,163.15,163.14,163.13,163.11,163.01,162.22,162.23,162.24,162.24,162.26,09/13/2021 17:00,162.96875,0,0.0,162.96875,161.96875,160.96875,0.0
2021-09-14 11:45:00,162.3,164.27,162.23,164.12,163.15,163.14,163.13,163.11,163.01,162.22,162.23,162.24,162.24,162.26,09/13/2021 17:00,162.96875,0,0.0,162.96875,161.96875,160.96875,0.0
2021-09-14 15:45:00,164.11,164.2,164.06,164.14,164.16,164.15,164.15,164.14,164.14,164.0,164.05,164.06,164.09,164.1,09/13/2021 17:00,162.96875,0,0.0,162.96875,161.96875,160.96875,0.0
2021-09-14 15:45:00,164.11,164.2,164.06,164.14,164.16,164.15,164.15,164.14,164.14,164.0,164.05,164.06,164.09,164.1,09/13/2021 17:00,162.96875,0,0.0,162.96875,161.96875,160.96875,0.0
2021-09-14 20:45:00,164.13,164.18,164.05,164.08,164.16,164.15,164.15,164.14,164.14,164.0,164.05,164.06,164.09,164.1,0,0.0,0,0.0,0.0,0.0,0.0,0.0
2021-09-15 00:45:00,164.08,164.12,164.06,164.1,164.15,164.14,164.14,164.1,164.09,163.31,164.0,164.0,164.05,164.06,0,0.0,0,0.0,0.0,0.0,0.0,0.0
2021-09-15 04:45:00,164.09,164.18,164.06,164.14,164.15,164.15,164.14,164.14,164.1,163.31,164.0,164.0,164.05,164.06,0,0.0,0,0.0,0.0,0.0,0.0,0.0
2021-09-15 08:45:00,164.15,164.29,164.14,164.18,164.23,164.2,164.19,164.18,164.16,164.05,164.05,164.06,164.14,164.14,09/14/2021 17:00,164.25,0,0.0,164.25,163.25,162.25,164.18
2021-09-15 08:45:00,164.15,164.29,164.14,164.18,164.23,164.2,164.19,164.18,164.16,164.05,164.05,164.06,164.14,164.14,09/14/2021 17:00,164.25,0,0.0,164.25,163.25,162.25,164.18
2021-09-15 08:45:00,164.15,164.29,164.14,164.18,164.23,164.2,164.19,164.18,164.16,164.05,164.05,164.06,164.14,164.14,09/14/2021 17:00,164.25,0,0.0,164.25,163.25,162.25,164.18
2021-09-15 12:45:00,164.18,164.19,163.21,163.26,164.25,164.25,164.23,164.2,164.19,164.05,164.06,164.14,164.15,164.16,0,0.0,0,0.0,0.0,0.0,0.0,0.0
2021-09-15 16:45:00,163.26,164.03,163.26,164.01,164.05,164.05,164.0,164.0,163.31,163.15,163.2,163.22,163.25,163.25,0,0.0,0,0.0,0.0,0.0,0.0,0.0
2021-09-15 21:45:00,164.01,164.06,163.29,164.06,164.15,164.14,164.06,164.05,164.05,163.15,163.2,163.22,163.25,163.25,0,0.0,09/15/2021 17:00,164.375,164.375,165.375,166.375,0.0
2021-09-16 01:45:00,164.06,164.07,164.03,164.03,164.19,164.18,164.16,164.15,164.14,163.21,163.22,163.25,163.25,164.05,0,0.0,0,0.0,0.0,0.0,0.0,0.0
2021-09-16 05:45:00,164.03,164.05,163.22,163.25,164.18,164.16,164.15,164.14,164.06,163.21,163.22,163.25,163.25,163.26,0,0.0,0,0.0,0.0,0.0,0.0,0.0
2021-09-16 09:45:00,163.25,164.02,163.05,163.07,164.16,164.15,164.14,164.06,163.26,163.14,163.15,163.2,163.21,163.22,0,0.0,0,0.0,0.0,0.0,0.0,0.0
2021-09-16 13:45:00,163.08,163.28,163.04,163.2,163.21,163.2,163.15,163.14,163.13,162.23,162.24,162.24,162.26,163.01,0,0.0,0,0.0,0.0,0.0,0.0,0.0
2021-09-16 18:45:00,163.21,163.22,163.14,163.16,164.05,163.26,163.25,163.25,163.22,162.24,162.24,162.26,163.01,163.2,0,0.0,0,0.0,0.0,0.0,0.0,0.0
2021-09-16 22:45:00,163.15,163.19,163.11,163.14,163.25,163.25,163.22,163.21,163.2,162.23,162.24,162.24,162.26,163.01,0,0.0,0,0.0,0.0,0.0,0.0,0.0
2021-09-17 02:45:00,163.15,163.21,163.14,163.18,163.25,163.25,163.22,163.21,163.2,162.24,162.24,162.26,163.01,163.04,0,0.0,0,0.0,0.0,0.0,0.0,0.0
2021-09-17 06:45:00,163.18,163.24,163.12,163.17,163.25,163.22,163.22,163.21,163.2,162.24,162.24,162.26,163.01,163.04,0,0.0,0,0.0,0.0,0.0,0.0,0.0
2021-09-17 10:45:00,163.17,163.19,162.13,162.18,163.25,163.22,163.22,163.21,163.2,162.24,162.26,163.01,163.04,163.11,0,0.0,0,0.0,0.0,0.0,0.0,0.0
2021-09-17 14:45:00,162.18,162.27,162.14,162.26,162.23,162.23,162.2,162.19,162.19,162.08,162.1,162.11,162.11,162.12,0,0.0,09/16/2021 17:00,163.75,163.75,164.75,165.75,0.0
2021-09-17 14:45:00,162.18,162.27,162.14,162.26,162.23,162.23,162.2,162.19,162.19,162.08,162.1,162.11,162.11,162.12,0,0.0,09/16/2021 17:00,163.75,163.75,164.75,165.75,0.0
2021-09-17 14:45:00,162.18,162.27,162.14,162.26,162.23,162.23,162.2,162.19,162.19,162.08,162.1,162.11,162.11,162.12,0,0.0,09/16/2021 17:00,163.75,163.75,164.75,165.75,0.0
2021-09-19 19:45:00,162.25,162.29,162.21,162.29,163.22,163.21,163.2,163.11,163.04,162.19,162.19,162.23,162.23,162.24,0,0.0,09/16/2021 17:00,163.75,163.75,164.75,165.75,0.0
2021-09-19 19:45:00,162.25,162.29,162.21,162.29,163.22,163.21,163.2,163.11,163.04,162.19,162.19,162.23,162.23,162.24,0,0.0,09/16/2021 17:00,163.75,163.75,164.75,165.75,0.0
2021-09-19 23:45:00,162.28,163.02,162.24,162.31,163.21,163.2,163.19,163.11,163.04,162.19,162.19,162.23,162.23,162.24,0,0.0,0,0.0,0.0,0.0,0.0,0.0
2021-09-20 03:45:00,163.0,163.08,162.29,163.04,163.21,163.2,163.19,163.11,163.04,162.19,162.19,162.23,162.23,162.24,0,0.0,0,0.0,0.0,0.0,0.0,0.0
2021-09-20 07:45:00,163.05,163.26,163.04,163.22,163.22,163.21,163.2,163.19,163.11,162.21,162.23,162.23,162.24,163.04,0,0.0,09/16/2021 17:00,163.75,163.75,164.75,165.75,0.0
2021-09-20 07:45:00,163.05,163.26,163.04,163.22,163.22,163.21,163.2,163.19,163.11,162.21,162.23,162.23,162.24,163.04,0,0.0,09/16/2021 17:00,163.75,163.75,164.75,165.75,0.0
2021-09-20 11:45:00,163.22,164.04,163.14,163.24,163.28,163.26,163.25,163.25,163.24,162.24,163.04,163.11,163.19,163.21,0,0.0,09/16/2021 17:00,163.75,163.75,164.75,165.75,0.0
2021-09-20 11:45:00,163.22,164.04,163.14,163.24,163.28,163.26,163.25,163.25,163.24,162.24,163.04,163.11,163.19,163.21,0,0.0,09/16/2021 17:00,163.75,163.75,164.75,165.75,0.0
2021-09-20 15:45:00,163.25,164.11,163.24,163.31,164.06,164.05,164.02,163.28,163.26,163.11,163.19,163.21,163.22,163.24,0,0.0,09/16/2021 17:00,163.75,163.75,164.75,165.75,0.0
2021-09-20 15:45:00,163.25,164.11,163.24,163.31,164.06,164.05,164.02,163.28,163.26,163.11,163.19,163.21,163.22,163.24,0,0.0,09/16/2021 17:00,163.75,163.75,164.75,165.75,0.0
2021-09-20 15:45:00,163.25,164.11,163.24,163.31,164.06,164.05,164.02,163.28,163.26,163.11,163.19,163.21,163.22,163.24,0,0.0,09/16/2021 17:00,163.75,163.75,164.75,165.75,0.0
2021-09-20 15:45:00,163.25,164.11,163.24,163.31,164.06,164.05,164.02,163.28,163.26,163.11,163.19,163.21,163.22,163.24,0,0.0,09/16/2021 17:00,163.75,163.75,164.75,165.75,0.0
2021-09-20 20:45:00,164.0,164.06,163.26,163.28,164.14,164.07,164.06,164.05,164.02,163.21,163.22,163.24,163.26,163.28,0,0.0,0,0.0,0.0,0.0,0.0,0.0
2021-09-21 00:45:00,163.28,163.31,163.21,163.22,164.14,164.07,164.06,164.05,164.02,163.19,163.21,163.22,163.24,163.26,0,0.0,0,0.0,0.0,0.0,0.0,0.0
2021-09-21 04:45:00,163.22,163.29,163.11,163.15,164.06,164.05,164.02,163.28,163.24,163.04,163.11,163.14,163.19,163.21,0,0.0,0,0.0,0.0,0.0,0.0,0.0
2021-09-21 08:45:00,163.15,163.31,163.13,163.27,164.02,163.28,163.24,163.22,163.19,162.29,163.04,163.04,163.11,163.14,0,0.0,0,0.0,0.0,0.0,0.0,0.0
2021-09-21 12:45:00,163.27,164.02,163.21,163.27,164.06,164.06,164.05,164.02,163.28,162.29,163.04,163.04,163.11,163.14,0,0.0,0,0.0,0.0,0.0,0.0,0.0
2021-09-21 16:45:00,163.27,164.01,163.24,163.27,164.06,164.06,164.05,164.02,163.28,163.04,163.04,163.11,163.11,163.14,0,0.0,0,0.0,0.0,0.0,0.0,0.0
2021-09-21 21:45:00,163.27,164.04,163.17,163.21,164.06,164.06,164.05,164.02,163.28,163.04,163.11,163.11,163.13,163.14,0,0.0,0,0.0,0.0,0.0,0.0,0.0
2021-09-22 01:45:00,163.21,163.28,163.2,163.22,164.06,164.06,164.05,164.02,163.28,163.04,163.11,163.11,163.13,163.14,0,0.0,0,0.0,0.0,0.0,0.0,0.0
2021-09-22 05:45:00,163.23,163.3,163.19,163.25,164.06,164.06,164.05,164.02,163.28,163.04,163.11,163.11,163.13,163.14,0,0.0,0,0.0,0.0,0.0,0.0,0.0
2021-09-22 09:45:00,163.25,164.02,163.18,163.26,164.06,164.05,164.04,164.02,163.28,163.11,163.11,163.13,163.14,163.17,0,0.0,0,0.0,0.0,0.0,0.0,0.0
2021-09-22 13:45:00,163.27,164.1,163.24,164.06,164.06,164.05,164.04,164.02,163.28,163.11,163.11,163.13,163.14,163.17,09/20/2021 17:00,163.75,0,0.0,163.75,162.75,161.75,0.0
2021-09-22 13:45:00,163.27,164.1,163.24,164.06,164.06,164.05,164.04,164.02,163.28,163.11,163.11,163.13,163.14,163.17,09/20/2021 17:00,163.75,0,0.0,163.75,162.75,161.75,0.0
2021-09-22 13:45:00,163.27,164.1,163.24,164.06,164.06,164.05,164.04,164.02,163.28,163.11,163.11,163.13,163.14,163.17,09/20/2021 17:00,163.75,0,0.0,163.75,162.75,161.75,0.0
2021-09-22 18:45:00,164.05,164.21,163.26,164.14,164.14,164.11,164.07,164.06,164.06,163.13,163.14,163.17,164.02,164.04,09/22/2021 17:00,164.46875,0,0.0,164.46875,163.46875,162.46875,0.0
2021-09-22 18:45:00,164.05,164.21,163.26,164.14,164.14,164.11,164.07,164.06,164.06,163.13,163.14,163.17,164.02,164.04,09/22/2021 17:00,164.46875,0,0.0,164.46875,163.46875,162.46875,0.0
2021-09-22 18:45:00,164.05,164.21,163.26,164.14,164.14,164.11,164.07,164.06,164.06,163.13,163.14,163.17,164.02,164.04,09/22/2021 17:00,164.46875,0,0.0,164.46875,163.46875,162.46875,0.0
2021-09-22 22:45:00,164.15,164.19,164.1,164.11,164.2,164.19,164.19,164.18,164.16,164.05,164.06,164.07,164.11,164.14,0,0.0,0,0.0,0.0,0.0,0.0,0.0
2021-09-23 02:45:00,164.11,164.13,164.03,164.08,164.19,164.18,164.16,164.15,164.14,164.02,164.04,164.05,164.06,164.07,0,0.0,0,0.0,0.0,0.0,0.0,0.0
2021-09-23 06:45:00,164.07,164.08,163.24,163.31,164.18,164.16,164.15,164.14,164.11,163.26,164.02,164.04,164.05,164.06,0,0.0,0,0.0,0.0,0.0,0.0,0.0
2021-09-23 10:45:00,163.31,164.09,162.3,163.01,164.07,164.06,164.05,164.04,164.02,163.14,163.17,163.18,163.24,163.26,0,0.0,0,0.0,0.0,0.0,0.0,0.0
2021-09-23 14:45:00,163.0,163.01,162.06,162.12,163.17,163.14,163.13,163.11,163.04,162.23,162.23,162.24,162.24,162.29,0,0.0,0,0.0,0.0,0.0,0.0,0.0
2021-09-23 19:45:00,162.11,162.13,161.25,161.3,162.18,162.18,162.14,162.13,162.12,161.3,161.3,162.01,162.08,162.1,0,0.0,0,0.0,0.0,0.0,0.0,0.0
2021-09-23 23:45:00,161.31,162.01,161.22,161.23,162.14,162.13,162.12,162.11,162.08,161.3,161.3,161.3,161.3,161.3,0,0.0,0,0.0,0.0,0.0,0.0,0.0
2021-09-24 03:45:00,161.23,161.29,161.15,161.26,161.3,161.3,161.29,161.26,161.25,161.06,161.07,161.09,161.19,161.19,0,0.0,09/23/2021 17:00,164.46875,164.46875,165.46875,166.46875,0.0
2021-09-24 07:45:00,161.26,162.12,161.25,162.02,161.3,161.3,161.3,161.3,161.29,161.09,161.19,161.19,161.23,161.25,0,0.0,09/23/2021 17:00,164.46875,164.46875,165.46875,166.46875,0.0
2021-09-24 07:45:00,161.26,162.12,161.25,162.02,161.3,161.3,161.3,161.3,161.29,161.09,161.19,161.19,161.23,161.25,0,0.0,09/23/2021 17:00,164.46875,164.46875,165.46875,166.46875,0.0
2021-09-24 07:45:00,161.26,162.12,161.25,162.02,161.3,161.3,161.3,161.3,161.29,161.09,161.19,161.19,161.23,161.25,0,0.0,09/23/2021 17:00,164.46875,164.46875,165.46875,166.46875,0.0
2021-09-24 11:45:00,162.01,162.05,161.05,161.11,162.13,162.13,162.12,162.11,162.08,161.25,161.26,161.29,161.3,161.3,0,0.0,0,0.0,0.0,0.0,0.0,0.0
2021-09-24 15:45:00,161.11,161.16,161.0,161.05,162.12,162.11,162.08,161.23,161.19,161.04,161.05,161.06,161.07,161.09,0,0.0,0,0.0,0.0,0.0,0.0,0.0
2021-09-26 20:45:00,161.05,161.08,160.28,161.04,161.23,161.19,161.09,161.07,161.06,160.15,160.19,160.26,160.31,161.04,0,0.0,0,0.0,0.0,0.0,0.0,0.0
2021-09-27 00:45:00,161.04,161.12,161.03,161.12,161.19,161.09,161.07,161.06,161.05,160.1,160.15,160.19,160.26,160.31,0,0.0,09/24/2021 17:00,161.375,161.375,162.375,163.375,0.0
2021-09-27 00:45:00,161.04,161.12,161.03,161.12,161.19,161.09,161.07,161.06,161.05,160.1,160.15,160.19,160.26,160.31,0,0.0,09/24/2021 17:00,161.375,161.375,162.375,163.375,0.0
2021-09-27 00:45:00,161.04,161.12,161.03,161.12,161.19,161.09,161.07,161.06,161.05,160.1,160.15,160.19,160.26,160.31,0,0.0,09/24/2021 17:00,161.375,161.375,162.375,163.375,0.0
2021-09-27 00:45:00,161.04,161.12,161.03,161.12,161.19,161.09,161.07,161.06,161.05,160.1,160.15,160.19,160.26,160.31,0,0.0,09/24/2021 17:00,161.375,161.375,162.375,163.375,0.0
2021-09-27 04:45:00,161.11,161.13,160.24,160.25,162.08,162.05,161.23,161.19,161.16,161.04,161.05,161.06,161.07,161.09,0,0.0,0,0.0,0.0,0.0,0.0,0.0
2021-09-27 08:45:00,160.26,160.29,160.0,160.13,161.23,161.19,161.16,161.04,160.31,160.03,160.04,160.1,160.15,160.19,0,0.0,0,0.0,0.0,0.0,0.0,0.0
2021-09-27 12:45:00,160.13,160.31,160.11,160.29,161.19,161.16,161.04,160.31,160.15,159.27,159.31,160.03,160.04,160.1,0,0.0,09/24/2021 17:00,161.375,161.375,162.375,163.375,0.0
2021-09-27 16:45:00,160.29,161.0,160.2,160.21,161.19,161.16,161.13,161.04,160.31,159.31,160.03,160.04,160.1,160.15,0,0.0,0,0.0,0.0,0.0,0.0,0.0
2021-09-27 21:45:00,160.22,160.31,160.21,160.28,161.19,161.16,161.13,161.04,160.31,160.0,160.03,160.04,160.1,160.15,0,0.0,0,0.0,0.0,0.0,0.0,0.0
2021-09-28 01:45:00,160.28,160.28,160.05,160.09,161.19,161.16,161.13,161.04,160.31,160.03,160.04,160.1,160.11,160.15,0,0.0,0,0.0,0.0,0.0,0.0,0.0
2021-09-28 05:45:00,160.09,160.09,159.12,159.25,161.13,161.04,161.0,160.31,160.11,159.27,159.31,160.0,160.03,160.04,0,0.0,0,0.0,0.0,0.0,0.0,0.0
2021-09-28 09:45:00,159.25,159.31,159.01,159.02,160.03,160.0,159.31,159.27,159.27,159.18,159.18,159.21,159.23,159.24,0,0.0,0,0.0,0.0,0.0,0.0,0.0
2021-09-28 13:45:00,159.02,159.3,158.28,159.22,159.23,159.21,159.18,159.18,159.06,158.2,158.2,158.23,158.31,159.0,0,0.0,09/27/2021 17:00,161.125,161.125,162.125,163.125,0.0
2021-09-28 13:45:00,159.02,159.3,158.28,159.22,159.23,159.21,159.18,159.18,159.06,158.2,158.2,158.23,158.31,159.0,0,0.0,09/27/2021 17:00,161.125,161.125,162.125,163.125,0.0
2021-09-28 18:45:00,159.21,159.23,159.01,159.06,159.27,159.27,159.25,159.24,159.23,158.31,159.0,159.02,159.06,159.18,0,0.0,0,0.0,0.0,0.0,0.0,0.0
2021-09-28 22:45:00,159.07,159.14,158.27,159.14,159.27,159.27,159.25,159.24,159.23,158.23,158.31,159.0,159.02,159.06,0,0.0,0,0.0,0.0,0.0,0.0,0.0
2021-09-29 02:45:00,159.14,159.25,159.07,159.24,159.27,159.27,159.25,159.24,159.23,158.23,158.31,159.0,159.02,159.06,0,0.0,0,0.0,0.0,0.0,0.0,0.0
2021-09-29 06:45:00,159.25,160.07,159.22,160.01,159.31,159.31,159.3,159.27,159.27,158.31,159.0,159.02,159.06,159.24,0,0.0,09/28/2021 17:00,160.8125,160.8125,161.8125,162.8125,0.0
2021-09-29 06:45:00,159.25,160.07,159.22,160.01,159.31,159.31,159.3,159.27,159.27,158.31,159.0,159.02,159.06,159.24,0,0.0,09/28/2021 17:00,160.8125,160.8125,161.8125,162.8125,0.0
2021-09-29 06:45:00,159.25,160.07,159.22,160.01,159.31,159.31,159.3,159.27,159.27,158.31,159.0,159.02,159.06,159.24,0,0.0,09/28/2021 17:00,160.8125,160.8125,161.8125,162.8125,0.0
2021-09-29 06:45:00,159.25,160.07,159.22,160.01,159.31,159.31,159.3,159.27,159.27,158.31,159.0,159.02,159.06,159.24,0,0.0,09/28/2021 17:00,160.8125,160.8125,161.8125,162.8125,0.0
2021-09-29 06:45:00,159.25,160.07,159.22,160.01,159.31,159.31,159.3,159.27,159.27,158.31,159.0,159.02,159.06,159.24,0,0.0,09/28/2021 17:00,160.8125,160.8125,161.8125,162.8125,0.0
2021-09-29 10:45:00,160.0,160.08,159.18,159.28,160.28,160.11,160.09,160.04,160.03,159.06,159.25,159.27,159.3,159.31,0,0.0,0,0.0,0.0,0.0,0.0,0.0
2021-09-29 14:45:00,159.28,159.29,158.31,159.03,160.09,160.04,160.03,159.31,159.3,159.02,159.06,159.07,159.25,159.27,0,0.0,0,0.0,0.0,0.0,0.0,0.0
2021-09-29 19:45:00,159.03,159.28,159.03,159.27,160.04,160.03,159.31,159.3,159.07,158.23,158.27,158.31,159.0,159.02,0,0.0,09/28/2021 17:00,160.8125,160.8125,161.8125,162.8125,0.0
2021-09-29 23:45:00,159.27,160.0,159.27,159.3,160.08,160.04,160.03,159.31,159.3,158.27,158.31,159.0,159.02,159.07,0,0.0,0,0.0,0.0,0.0,0.0,0.0
2021-09-30 03:45:00,159.3,159.3,159.08,159.15,160.09,160.08,160.04,160.03,159.31,158.31,158.31,159.0,159.02,159.07,0,0.0,0,0.0,0.0,0.0,0.0,0.0
2021-09-30 07:45:00,159.15,159.29,159.1,159.2,160.08,160.04,160.03,159.31,159.3,158.31,159.0,159.02,159.03,159.07,0,0.0,0,0.0,0.0,0.0,0.0,0.0
2021-09-30 11:45:00,159.2,159.2,158.31,159.1,160.04,160.03,160.0,159.31,159.3,158.31,159.0,159.02,159.03,159.07,0,0.0,0,0.0,0.0,0.0,0.0,0.0
2021-09-30 15:45:00,159.1,159.24,159.09,159.19,160.03,160.0,159.31,159.3,159.3,158.31,159.0,159.02,159.03,159.07,0,0.0,0,0.0,0.0,0.0,0.0,0.0
2021-09-30 20:45:00,159.19,160.08,159.17,159.25,160.0,159.31,159.3,159.3,159.29,158.31,159.0,159.02,159.03,159.07,0,0.0,0,0.0,0.0,0.0,0.0,0.0
2021-10-01 00:45:00,159.26,160.14,159.26,160.13,160.0,159.31,159.3,159.3,159.29,158.31,159.0,159.02,159.03,159.07,0,0.0,09/28/2021 17:00,160.8125,160.8125,161.8125,162.8125,0.0
2021-10-01 00:45:00,159.26,160.14,159.26,160.13,160.0,159.31,159.3,159.3,159.29,158.31,159.0,159.02,159.03,159.07,0,0.0,09/28/2021 17:00,160.8125,160.8125,161.8125,162.8125,0.0
2021-10-01 00:45:00,159.26,160.14,159.26,160.13,160.0,159.31,159.3,159.3,159.29,158.31,159.0,159.02,159.03,159.07,0,0.0,09/28/2021 17:00,160.8125,160.8125,161.8125,162.8125,0.0
2021-10-01 00:45:00,159.26,160.14,159.26,160.13,160.0,159.31,159.3,159.3,159.29,158.31,159.0,159.02,159.03,159.07,0,0.0,09/28/2021 17:00,160.8125,160.8125,161.8125,162.8125,0.0
2021-10-01 00:45:00,159.26,160.14,159.26,160.13,160.0,159.31,159.3,159.3,159.29,158.31,159.0,159.02,159.03,159.07,0,0.0,09/28/2021 17:00,160.8125,160.8125,161.8125,162.8125,0.0
2021-10-01 00:45:00,159.26,160.14,159.26,160.13,160.0,159.31,159.3,159.3,159.29,158.31,159.0,159.02,159.03,159.07,0,0.0,09/28/2021 17:00,160.8125,160.8125,161.8125,162.8125,0.0
2021-10-01 04:45:00,160.13,160.14,159.23,159.31,161.04,161.0,160.31,160.31,160.28,160.03,160.04,160.08,160.09,160.11,0,0.0,0,0.0,0.0,0.0,0.0,0.0
2021-10-01 08:45:00,159.31,160.1,159.27,160.04,160.31,160.28,160.09,160.08,160.0,159.07,159.09,159.17,159.29,159.3,0,0.0,09/28/2021 17:00,160.8125,160.8125,161.8125,162.8125,0.0
2021-10-01 12:45:00,160.04,160.1,159.24,160.0,160.31,160.31,160.28,160.09,160.08,159.07,159.09,159.17,159.29,159.3,0,0.0,0,0.0,0.0,0.0,0.0,0.0
2021-10-01 16:45:00,159.31,160.19,159.31,160.17,160.31,160.28,160.14,160.09,160.08,159.09,159.17,159.23,159.29,159.3,0,0.0,09/28/2021 17:00,160.8125,160.8125,161.8125,162.8125,0.0
2021-10-01 16:45:00,159.31,160.19,159.31,160.17,160.31,160.28,160.14,160.09,160.08,159.09,159.17,159.23,159.29,159.3,0,0.0,09/28/2021 17:00,160.8125,160.8125,161.8125,162.8125,0.0
2021-10-03 21:45:00,160.18,160.25,160.17,160.21,161.04,161.0,160.31,160.31,160.28,159.17,159.23,159.29,159.3,160.14,0,0.0,0,0.0,0.0,0.0,0.0,0.0
2021-10-04 01:45:00,160.2,160.21,160.09,160.11,161.04,161.0,160.31,160.31,160.28,159.23,159.24,159.29,159.3,160.14,0,0.0,0,0.0,0.0,0.0,0.0,0.0
2021-10-04 05:45:00,160.11,160.2,159.3,160.02,161.0,160.31,160.31,160.28,160.14,159.23,159.24,159.29,159.3,159.31,0,0.0,0,0.0,0.0,0.0,0.0,0.0
2021-10-04 09:45:00,160.01,160.12,159.26,159.3,160.31,160.31,160.28,160.25,160.14,159.23,159.24,159.29,159.3,159.31,0,0.0,0,0.0,0.0,0.0,0.0,0.0
2021-10-04 13:45:00,159.3,160.19,159.2,160.1,160.28,160.25,160.21,160.14,159.31,159.09,159.17,159.23,159.24,159.29,10/01/2021 17:00,159.78125,0,0.0,159.78125,158.78125,157.78125,0.0
2021-10-04 18:45:00,160.1,160.12,160.04,160.07,160.28,160.25,160.21,160.2,160.14,159.23,159.24,159.29,159.3,159.31,0,0.0,0,0.0,0.0,0.0,0.0,0.0
2021-10-04 22:45:00,160.07,160.17,160.05,160.1,160.28,160.25,160.21,160.2,160.14,159.23,159.24,159.29,159.3,159.31,0,0.0,0,0.0,0.0,0.0,0.0,0.0
2021-10-05 02:45:00,160.09,160.1,160.01,160.03,160.25,160.21,160.2,160.19,160.14,159.23,159.24,159.29,159.3,159.31,0,0.0,0,0.0,0.0,0.0,0.0,0.0
2021-10-05 06:45:00,160.03,160.13,159.3,159.31,160.25,160.21,160.2,160.19,160.14,159.23,159.24,159.29,159.3,159.31,0,0.0,0,0.0,0.0,0.0,0.0,0.0
2021-10-05 10:45:00,159.31,160.09,159.06,159.06,160.21,160.2,160.19,160.17,160.14,159.2,159.23,159.24,159.29,159.3,0,0.0,0,0.0,0.0,0.0,0.0,0.0
2021-10-05 14:45:00,159.06,159.18,159.04,159.12,159.24,159.23,159.2,159.17,159.09,158.31,158.31,159.0,159.02,159.03,10/01/2021 17:00,159.78125,0,0.0,159.78125,158.78125,157.78125,0.0
2021-10-05 19:45:00,159.11,159.14,159.04,159.06,159.29,159.24,159.23,159.2,159.17,158.31,159.0,159.02,159.03,159.09,0,0.0,0,0.0,0.0,0.0,0.0,0.0
2021-10-05 23:45:00,159.06,159.07,158.25,158.26,159.29,159.24,159.23,159.2,159.17,158.31,158.31,159.0,159.02,159.03,0,0.0,0,0.0,0.0,0.0,0.0,0.0
2021-10-06 03:45:00,158.26,158.29,158.11,158.22,159.0,158.31,158.31,158.31,158.27,158.18,158.19,158.2,158.2,158.23,0,0.0,0,0.0,0.0,0.0,0.0,0.0
2021-10-06 07:45:00,158.23,159.04,158.2,159.0,159.0,158.31,158.31,158.31,158.27,158.17,158.18,158.19,158.2,158.2,0,0.0,10/05/2021 17:00,159.78125,159.78125,160.78125,161.78125,0.0
2021-10-06 07:45:00,158.23,159.04,158.2,159.0,159.0,158.31,158.31,158.31,158.27,158.17,158.18,158.19,158.2,158.2,0,0.0,10/05/2021 17:00,159.78125,159.78125,160.78125,161.78125,0.0
2021-10-06 07:45:00,158.23,159.04,158.2,159.0,159.0,158.31,158.31,158.31,158.27,158.17,158.18,158.19,158.2,158.2,0,0.0,10/05/2021 17:00,159.78125,159.78125,160.78125,161.78125,0.0
2021-10-06 11:45:00,159.0,159.28,158.28,159.28,159.17,159.14,159.07,159.03,159.02,158.2,158.23,158.27,158.31,158.31,0,0.0,10/05/2021 17:00,159.78125,159.78125,160.78125,161.78125,0.0
2021-10-06 11:45:00,159.0,159.28,158.28,159.28,159.17,159.14,159.07,159.03,159.02,158.2,158.23,158.27,158.31,158.31,0,0.0,10/05/2021 17:00,159.78125,159.78125,160.78125,161.78125,0.0
2021-10-06 11:45:00,159.0,159.28,158.28,159.28,159.17,159.14,159.07,159.03,159.02,158.2,158.23,158.27,158.31,158.31,0,0.0,10/05/2021 17:00,159.78125,159.78125,160.78125,161.78125,0.0
2021-10-06 11:45:00,159.0,159.28,158.28,159.28,159.17,159.14,159.07,159.03,159.02,158.2,158.23,158.27,158.31,158.31,0,0.0,10/05/2021 17:00,159.78125,159.78125,160.78125,161.78125,0.0
2021-10-06 11:45:00,159.0,159.28,158.28,159.28,159.17,159.14,159.07,159.03,159.02,158.2,158.23,158.27,158.31,158.31,0,0.0,10/05/2021 17:00,159.78125,159.78125,160.78125,161.78125,0.0
2021-10-06 11:45:00,159.0,159.28,158.28,159.28,159.17,159.14,159.07,159.03,159.02,158.2,158.23,158.27,158.31,158.31,0,0.0,10/05/2021 17:00,159.78125,159.78125,160.78125,161.78125,0.0
2021-10-06 11:45:00,159.0,159.28,158.28,159.28,159.17,159.14,159.07,159.03,159.02,158.2,158.23,158.27,158.31,158.31,0,0.0,10/05/2021 17:00,159.78125,159.78125,160.78125,161.78125,0.0
2021-10-06 11:45:00,159.0,159.28,158.28,159.28,159.17,159.14,159.07,159.03,159.02,158.2,158.23,158.27,158.31,158.31,0,0.0,10/05/2021 17:00,159.78125,159.78125,160.78125,161.78125,0.0
2021-10-06 11:45:00,159.0,159.28,158.28,159.28,159.17,159.14,159.07,159.03,159.02,158.2,158.23,158.27,158.31,158.31,0,0.0,10/05/2021 17:00,159.78125,159.78125,160.78125,161.78125,0.0
2021-10-06 11:45:00,159.0,159.28,158.28,159.28,159.17,159.14,159.07,159.03,159.02,158.2,158.23,158.27,158.31,158.31,0,0.0,10/05/2021 17:00,159.78125,159.78125,160.78125,161.78125,0.0
2021-10-06 11:45:00,159.0,159.28,158.28,159.28,159.17,159.14,159.07,159.03,159.02,158.2,158.23,158.27,158.31,158.31,0,0.0,10/05/2021 17:00,159.78125,159.78125,160.78125,161.78125,0.0
2021-10-06 15:45:00,159.28,159.3,159.14,159.2,160.14,160.13,160.09,159.3,159.29,159.17,159.18,159.2,159.23,159.24,0,0.0,0,0.0,0.0,0.0,0.0,0.0
2021-10-06 20:45:00,159.2,159.23,159.12,159.13,160.14,160.13,160.09,159.3,159.29,159.03,159.07,159.14,159.17,159.18,0,0.0,0,0.0,0.0,0.0,0.0,0.0
2021-10-07 00:45:00,159.13,159.14,159.08,159.1,160.09,159.3,159.29,159.18,159.14,158.31,159.0,159.02,159.03,159.07,0,0.0,0,0.0,0.0,0.0,0.0,0.0
2021-10-07 04:45:00,159.1,159.29,159.04,159.18,159.3,159.3,159.29,159.18,159.14,158.31,159.0,159.02,159.03,159.07,0,0.0,0,0.0,0.0,0.0,0.0,0.0
2021-10-07 08:45:00,159.18,159.24,159.07,159.1,160.13,160.09,159.3,159.3,159.29,158.31,159.0,159.02,159.03,159.07,0,0.0,0,0.0,0.0,0.0,0.0,0.0
2021-10-07 12:45:00,159.11,159.13,158.19,158.22,160.09,159.3,159.3,159.29,159.18,158.31,159.0,159.02,159.03,159.07,0,0.0,0,0.0,0.0,0.0,0.0,0.0
2021-10-07 16:45:00,158.22,158.27,158.15,158.18,159.29,159.29,159.18,159.07,158.28,158.18,158.19,158.2,158.2,158.2,0,0.0,0,0.0,0.0,0.0,0.0,0.0
2021-10-07 21:45:00,158.19,158.2,158.09,158.1,159.07,158.28,158.2,158.2,158.2,158.02,158.07,158.11,158.17,158.18,0,0.0,0,0.0,0.0,0.0,0.0,0.0
2021-10-08 01:45:00,158.11,158.14,158.04,158.04,158.2,158.2,158.19,158.18,158.17,158.0,158.01,158.02,158.02,158.07,0,0.0,0,0.0,0.0,0.0,0.0,0.0
2021-10-08 05:45:00,158.03,158.12,158.0,158.07,158.2,158.19,158.18,158.17,158.11,157.31,158.0,158.01,158.02,158.02,0,0.0,0,0.0,0.0,0.0,0.0,0.0
2021-10-08 09:45:00,158.07,158.26,158.01,158.01,158.2,158.19,158.18,158.17,158.11,157.31,158.0,158.01,158.02,158.02,0,0.0,0,0.0,0.0,0.0,0.0,0.0
2021-10-08 13:45:00,158.01,158.08,157.21,157.3,158.19,158.18,158.17,158.11,158.02,157.28,157.28,157.29,157.31,158.0,0,0.0,0,0.0,0.0,0.0,0.0,0.0
2021-10-10 18:45:00,157.3,158.04,157.2,157.21,158.19,158.18,158.17,158.11,158.02,157.22,157.27,157.28,157.28,157.29,0,0.0,0,0.0,0.0,0.0,0.0,0.0
2021-10-10 22:45:00,157.21,157.28,157.17,157.17,158.11,158.02,157.28,157.28,157.22,157.01,157.05,157.08,157.14,157.16,0,0.0,0,0.0,0.0,0.0,0.0,0.0
2021-10-11 02:45:00,157.18,157.19,157.09,157.16,158.08,158.02,157.28,157.28,157.22,157.01,157.05,157.08,157.14,157.16,0,0.0,0,0.0,0.0,0.0,0.0,0.0
2021-10-11 06:45:00,157.16,157.21,157.08,157.09,158.04,158.02,157.28,157.28,157.22,157.0,157.01,157.05,157.08,157.14,0,0.0,0,0.0,0.0,0.0,0.0,0.0
2021-10-11 10:45:00,157.09,157.28,157.08,157.19,157.28,157.28,157.22,157.16,157.14,156.3,157.0,157.01,157.05,157.08,0,0.0,10/08/2021 17:00,158.0625,158.0625,159.0625,160.0625,0.0
2021-10-11 10:45:00,157.09,157.28,157.08,157.19,157.28,157.28,157.22,157.16,157.14,156.3,157.0,157.01,157.05,157.08,0,0.0,10/08/2021 17:00,158.0625,158.0625,159.0625,160.0625,0.0
2021-10-11 14:45:00,157.18,157.25,157.17,157.23,158.02,157.28,157.28,157.28,157.22,157.01,157.05,157.08,157.14,157.16,0,0.0,10/08/2021 17:00,158.0625,158.0625,159.0625,160.0625,0.0
2021-10-11 19:45:00,157.22,157.25,157.17,157.23,158.04,158.02,157.28,157.28,157.28,157.01,157.05,157.08,157.14,157.16,0,0.0,0,0.0,0.0,0.0,0.0,0.0
2021-10-11 23:45:00,157.23,158.0,157.19,157.29,158.02,157.28,157.28,157.28,157.28,157.08,157.08,157.14,157.16,157.22,0,0.0,10/11/2021 17:00,157.84375,157.84375,158.84375,159.84375,0.0
2021-10-11 23:45:00,157.23,158.0,157.19,157.29,158.02,157.28,157.28,157.28,157.28,157.08,157.08,157.14,157.16,157.22,0,0.0,10/11/2021 17:00,157.84375,157.84375,158.84375,159.84375,0.0
2021-10-12 03:45:00,157.29,158.08,157.27,158.04,158.17,158.11,158.08,158.04,158.02,157.16,157.22,157.28,157.28,157.28,0,0.0,10/11/2021 17:00,157.84375,157.84375,158.84375,159.84375,0.0
2021-10-12 03:45:00,157.29,158.08,157.27,158.04,158.17,158.11,158.08,158.04,158.02,157.16,157.22,157.28,157.28,157.28,0,0.0,10/11/2021 17:00,157.84375,157.84375,158.84375,159.84375,0.0
2021-10-12 07:45:00,158.04,158.13,157.26,158.08,158.19,158.18,158.17,158.11,158.08,157.22,157.28,157.28,157.28,158.02,0,0.0,10/11/2021 17:00,157.84375,157.84375,158.84375,159.84375,0.0
2021-10-12 11:45:00,158.07,158.2,158.02,158.09,158.19,158.18,158.17,158.11,158.08,157.28,157.28,157.28,158.02,158.04,0,0.0,10/11/2021 17:00,157.84375,157.84375,158.84375,159.84375,0.0
2021-10-12 15:45:00,158.1,158.31,158.07,158.31,158.2,158.19,158.18,158.17,158.11,157.28,157.28,158.02,158.04,158.08,0,0.0,10/11/2021 17:00,157.84375,157.84375,158.84375,159.84375,0.0
2021-10-12 15:45:00,158.1,158.31,158.07,158.31,158.2,158.19,158.18,158.17,158.11,157.28,157.28,158.02,158.04,158.08,0,0.0,10/11/2021 17:00,157.84375,157.84375,158.84375,159.84375,0.0
2021-10-12 15:45:00,158.1,158.31,158.07,158.31,158.2,158.19,158.18,158.17,158.11,157.28,157.28,158.02,158.04,158.08,0,0.0,10/11/2021 17:00,157.84375,157.84375,158.84375,159.84375,0.0
2021-10-12 15:45:00,158.1,158.31,158.07,158.31,158.2,158.19,158.18,158.17,158.11,157.28,157.28,158.02,158.04,158.08,0,0.0,10/11/2021 17:00,157.84375,157.84375,158.84375,159.84375,0.0
2021-10-12 15:45:00,158.1,158.31,158.07,158.31,158.2,158.19,158.18,158.17,158.11,157.28,157.28,158.02,158.04,158.08,0,0.0,10/11/2021 17:00,157.84375,157.84375,158.84375,159.84375,0.0
2021-10-12 15:45:00,158.1,158.31,158.07,158.31,158.2,158.19,158.18,158.17,158.11,157.28,157.28,158.02,158.04,158.08,0,0.0,10/11/2021 17:00,157.84375,157.84375,158.84375,159.84375,0.0
2021-10-12 15:45:00,158.1,158.31,158.07,158.31,158.2,158.19,158.18,158.17,158.11,157.28,157.28,158.02,158.04,158.08,0,0.0,10/11/2021 17:00,157.84375,157.84375,158.84375,159.84375,0.0
2021-10-12 15:45:00,158.1,158.31,158.07,158.31,158.2,158.19,158.18,158.17,158.11,157.28,157.28,158.02,158.04,158.08,0,0.0,10/11/2021 17:00,157.84375,157.84375,158.84375,159.84375,0.0
2021-10-12 15:45:00,158.1,158.31,158.07,158.31,158.2,158.19,158.18,158.17,158.11,157.28,157.28,158.02,158.04,158.08,0,0.0,10/11/2021 17:00,157.84375,157.84375,158.84375,159.84375,0.0
2021-10-12 15:45:00,158.1,158.31,158.07,158.31,158.2,158.19,158.18,158.17,158.11,157.28,157.28,158.02,158.04,158.08,0,0.0,10/11/2021 17:00,157.84375,157.84375,158.84375,159.84375,0.0
2021-10-12 15:45:00,158.1,158.31,158.07,158.31,158.2,158.19,158.18,158.17,158.11,157.28,157.28,158.02,158.04,158.08,0,0.0,10/11/2021 17:00,157.84375,157.84375,158.84375,159.84375,0.0
2021-10-12 20:45:00,158.31,159.03,158.25,158.3,159.29,159.24,159.18,159.13,159.07,158.2,158.2,158.26,158.27,158.28,0,0.0,0,0.0,0.0,0.0,0.0,0.0
2021-10-13 00:45:00,158.31,159.01,158.2,158.26,159.29,159.24,159.18,159.13,159.07,158.2,158.2,158.26,158.27,158.28,0,0.0,0,0.0,0.0,0.0,0.0,0.0
2021-10-13 04:45:00,158.26,159.09,158.19,159.06,159.24,159.18,159.13,159.07,158.27,158.19,158.2,158.2,158.2,158.2,0,0.0,0,0.0,0.0,0.0,0.0,0.0
2021-10-13 08:45:00,159.06,159.15,158.22,158.25,159.29,159.24,159.18,159.13,159.07,158.2,158.2,158.2,158.2,158.26,0,0.0,0,0.0,0.0,0.0,0.0,0.0
2021-10-13 12:45:00,158.26,160.03,158.24,159.19,159.29,159.24,159.18,159.13,159.07,158.19,158.2,158.2,158.2,158.2,10/12/2021 17:00,158.0625,0,0.0,158.0625,157.0625,156.0625,0.0
2021-10-13 16:45:00,159.19,160.03,159.13,160.0,159.3,159.3,159.29,159.29,159.24,158.2,158.2,158.2,158.2,159.13,10/12/2021 17:00,158.0625,0,0.0,158.0625,157.0625,156.0625,0.0
2021-10-13 16:45:00,159.19,160.03,159.13,160.0,159.3,159.3,159.29,159.29,159.24,158.2,158.2,158.2,158.2,159.13,10/12/2021 17:00,158.0625,0,0.0,158.0625,157.0625,156.0625,0.0
2021-10-13 16:45:00,159.19,160.03,159.13,160.0,159.3,159.3,159.29,159.29,159.24,158.2,158.2,158.2,158.2,159.13,10/12/2021 17:00,158.0625,0,0.0,158.0625,157.0625,156.0625,0.0
2021-10-13 21:45:00,159.31,160.02,159.21,159.22,160.19,160.17,160.14,160.13,160.09,158.22,159.13,159.24,159.29,159.3,0,0.0,0,0.0,0.0,0.0,0.0,0.0
2021-10-14 01:45:00,159.22,159.23,159.17,159.2,160.13,160.09,159.3,159.29,159.24,158.2,158.2,158.22,158.24,159.13,0,0.0,0,0.0,0.0,0.0,0.0,0.0
2021-10-14 05:45:00,159.2,160.01,159.11,159.27,160.09,160.03,159.3,159.29,159.24,158.2,158.22,158.24,159.13,159.13,0,0.0,0,0.0,0.0,0.0,0.0,0.0
2021-10-14 09:45:00,159.27,160.09,159.23,159.27,160.09,160.03,160.02,159.3,159.29,158.2,158.22,158.24,159.13,159.13,0,0.0,0,0.0,0.0,0.0,0.0,0.0
2021-10-14 13:45:00,159.27,160.16,159.27,160.09,160.09,160.03,160.02,159.3,159.29,158.2,158.22,158.24,159.13,159.13,10/13/2021 17:00,159.0,0,0.0,159.0,158.0,157.0,165.18
2021-10-14 13:45:00,159.27,160.16,159.27,160.09,160.09,160.03,160.02,159.3,159.29,158.2,158.22,158.24,159.13,159.13,10/13/2021 17:00,159.0,0,0.0,159.0,158.0,157.0,165.18
2021-10-14 18:45:00,160.09,160.16,160.07,160.11,160.2,160.19,160.17,160.14,160.13,159.11,159.13,159.13,160.02,160.03,10/14/2021 17:00,159.9375,0,0.0,159.9375,158.9375,157.9375,0.0
2021-10-14 22:45:00,160.11,160.13,160.04,160.07,160.2,160.19,160.17,160.14,160.13,159.13,159.23,160.02,160.03,160.09,0,0.0,0,0.0,0.0,0.0,0.0,0.0
2021-10-15 02:45:00,160.07,160.07,160.01,160.01,160.19,160.17,160.14,160.13,160.09,159.13,159.23,159.27,160.02,160.03,0,0.0,0,0.0,0.0,0.0,0.0,0.0
2021-10-15 06:45:00,160.0,160.01,159.19,159.25,160.14,160.13,160.09,160.03,160.02,159.11,159.13,159.13,159.23,159.27,0,0.0,0,0.0,0.0,0.0,0.0,0.0
2021-10-15 10:45:00,159.25,160.01,159.11,159.18,160.13,160.09,160.03,160.02,159.27,158.24,159.11,159.13,159.13,159.23,0,0.0,0,0.0,0.0,0.0,0.0,0.0
2021-10-15 14:45:00,159.18,159.21,159.08,159.15,160.07,160.03,160.02,159.27,159.23,158.22,158.24,159.11,159.13,159.13,0,0.0,0,0.0,0.0,0.0,0.0,0.0
2021-10-17 19:45:00,159.16,159.22,159.07,159.09,160.07,160.03,160.02,159.27,159.23,158.22,158.24,159.11,159.13,159.13,0,0.0,0,0.0,0.0,0.0,0.0,0.0
2021-10-17 23:45:00,159.09,159.2,159.03,159.03,159.27,159.23,159.13,159.13,159.11,158.2,158.2,158.2,158.22,158.24,0,0.0,0,0.0,0.0,0.0,0.0,0.0
2021-10-18 03:45:00,159.03,159.13,158.3,159.07,159.27,159.23,159.13,159.13,159.11,158.2,158.2,158.2,158.22,158.24,0,0.0,0,0.0,0.0,0.0,0.0,0.0
2021-10-18 07:45:00,159.07,159.19,159.0,159.13,159.23,159.22,159.13,159.13,159.11,158.2,158.2,158.2,158.22,158.24,0,0.0,10/15/2021 17:00,159.9375,159.9375,160.9375,161.9375,0.0
2021-10-18 11:45:00,159.13,159.24,158.26,159.16,160.01,159.27,159.23,159.22,159.2,158.2,158.2,158.22,158.24,159.11,0,0.0,10/15/2021 17:00,159.9375,159.9375,160.9375,161.9375,0.0
2021-10-18 15:45:00,159.16,159.28,159.09,159.25,160.01,159.27,159.23,159.22,159.2,158.2,158.22,158.24,159.11,159.13,0,0.0,10/15/2021 17:00,159.9375,159.9375,160.9375,161.9375,0.0
2021-10-18 15:45:00,159.16,159.28,159.09,159.25,160.01,159.27,159.23,159.22,159.2,158.2,158.22,158.24,159.11,159.13,0,0.0,10/15/2021 17:00,159.9375,159.9375,160.9375,161.9375,0.0
2021-10-18 15:45:00,159.16,159.28,159.09,159.25,160.01,159.27,159.23,159.22,159.2,158.2,158.22,158.24,159.11,159.13,0,0.0,10/15/2021 17:00,159.9375,159.9375,160.9375,161.9375,0.0
2021-10-18 20:45:00,159.25,159.26,159.1,159.23,160.07,160.03,160.02,160.01,159.27,159.11,159.13,159.2,159.22,159.23,0,0.0,0,0.0,0.0,0.0,0.0,0.0
2021-10-19 00:45:00,159.23,159.29,159.22,159.25,160.07,160.03,160.02,160.01,159.27,158.26,159.11,159.13,159.2,159.22,0,0.0,0,0.0,0.0,0.0,0.0,0.0
2021-10-19 04:45:00,159.25,159.3,159.12,159.17,160.07,160.03,160.02,160.01,159.27,159.11,159.13,159.2,159.22,159.23,0,0.0,0,0.0,0.0,0.0,0.0,0.0
2021-10-19 08:45:00,159.17,159.17,158.3,159.03,160.02,160.01,159.27,159.22,159.2,158.26,159.09,159.1,159.11,159.13,0,0.0,0,0.0,0.0,0.0,0.0,0.0
2021-10-19 12:45:00,159.03,159.05,158.14,158.17,159.27,159.22,159.2,159.1,159.09,158.2,158.2,158.22,158.24,158.26,0,0.0,0,0.0,0.0,0.0,0.0,0.0
2021-10-19 16:45:00,158.17,158.21,158.1,158.1,158.26,158.24,158.22,158.2,158.19,158.02,158.04,158.07,158.08,158.11,0,0.0,0,0.0,0.0,0.0,0.0,0.0
2021-10-19 21:45:00,158.11,158.14,157.23,157.28,158.26,158.24,158.22,158.2,158.19,158.02,158.02,158.04,158.07,158.08,0,0.0,0,0.0,0.0,0.0,0.0,0.0
2021-10-20 01:45:00,157.28,158.05,157.24,158.01,158.19,158.08,158.07,158.04,158.02,157.16,157.17,157.19,157.22,157.26,0,0.0,0,0.0,0.0,0.0,0.0,0.0
2021-10-20 05:45:00,158.01,158.09,157.29,158.07,158.19,158.08,158.07,158.04,158.02,157.22,157.26,157.28,157.28,157.28,0,0.0,10/19/2021 17:00,158.53125,158.53125,159.53125,160.53125,0.0
2021-10-20 09:45:00,158.07,158.2,158.0,158.06,158.21,158.2,158.19,158.14,158.08,157.26,157.28,157.28,157.28,158.02,0,0.0,0,0.0,0.0,0.0,0.0,0.0
2021-10-20 13:45:00,158.07,158.2,157.27,158.03,158.21,158.2,158.19,158.14,158.08,157.26,157.28,157.28,157.28,158.02,0,0.0,0,0.0,0.0,0.0,0.0,0.0
2021-10-20 18:45:00,158.04,158.11,157.23,157.28,158.2,158.19,158.14,158.08,158.07,157.26,157.28,157.28,157.28,158.02,0,0.0,0,0.0,0.0,0.0,0.0,0.0
2021-10-20 22:45:00,157.28,157.28,157.15,157.2,158.2,158.19,158.14,158.08,158.07,157.19,157.22,157.23,157.24,157.26,0,0.0,0,0.0,0.0,0.0,0.0,0.0
2021-10-21 02:45:00,157.2,158.09,157.16,158.08,157.28,157.28,157.26,157.24,157.23,157.08,157.14,157.16,157.17,157.19,0,0.0,10/19/2021 17:00,158.53125,158.53125,159.53125,160.53125,0.0
2021-10-21 02:45:00,157.2,158.09,157.16,158.08,157.28,157.28,157.26,157.24,157.23,157.08,157.14,157.16,157.17,157.19,0,0.0,10/19/2021 17:00,158.53125,158.53125,159.53125,160.53125,0.0
2021-10-21 02:45:00,157.2,158.09,157.16,158.08,157.28,157.28,157.26,157.24,157.23,157.08,157.14,157.16,157.17,157.19,0,0.0,10/19/2021 17:00,158.53125,158.53125,159.53125,160.53125,0.0
2021-10-21 02:45:00,157.2,158.09,157.16,158.08,157.28,157.28,157.26,157.24,157.23,157.08,157.14,157.16,157.17,157.19,0,0.0,10/19/2021 17:00,158.53125,158.53125,159.53125,160.53125,0.0
2021-10-21 06:45:00,158.07,158.1,157.29,158.04,158.2,158.19,158.14,158.11,158.08,157.17,157.19,157.23,157.24,157.26,0,0.0,0,0.0,0.0,0.0,0.0,0.0
2021-10-21 10:45:00,158.04,158.09,157.12,157.25,158.2,158.19,158.14,158.11,158.08,157.17,157.19,157.23,157.24,157.26,0,0.0,0,0.0,0.0,0.0,0.0,0.0
2021-10-21 14:45:00,157.26,158.02,157.2,157.27,158.2,158.19,158.14,158.11,158.08,157.16,157.17,157.19,157.23,157.24,0,0.0,0,0.0,0.0,0.0,0.0,0.0
2021-10-21 19:45:00,157.27,157.31,157.12,157.2,158.19,158.14,158.11,158.1,158.08,157.16,157.17,157.19,157.23,157.24,0,0.0,0,0.0,0.0,0.0,0.0,0.0
2021-10-21 23:45:00,157.2,157.28,157.16,157.27,158.14,158.11,158.1,158.09,158.08,157.14,157.15,157.16,157.17,157.19,0,0.0,0,0.0,0.0,0.0,0.0,0.0
2021-10-22 03:45:00,157.27,158.05,157.23,157.27,158.11,158.1,158.09,158.08,158.02,157.14,157.15,157.16,157.17,157.19,0,0.0,0,0.0,0.0,0.0,0.0,0.0
2021-10-22 07:45:00,157.28,158.0,157.22,157.29,158.11,158.1,158.09,158.08,158.02,157.14,157.15,157.16,157.17,157.19,0,0.0,0,0.0,0.0,0.0,0.0,0.0
2021-10-22 11:45:00,157.29,158.24,157.21,158.22,158.11,158.1,158.09,158.08,158.02,157.15,157.16,157.16,157.17,157.19,0,0.0,10/21/2021 17:00,158.0625,158.0625,159.0625,160.0625,0.0
2021-10-22 11:45:00,157.29,158.24,157.21,158.22,158.11,158.1,158.09,158.08,158.02,157.15,157.16,157.16,157.17,157.19,0,0.0,10/21/2021 17:00,158.0625,158.0625,159.0625,160.0625,0.0
2021-10-22 11:45:00,157.29,158.24,157.21,158.22,158.11,158.1,158.09,158.08,158.02,157.15,157.16,157.16,157.17,157.19,0,0.0,10/21/2021 17:00,158.0625,158.0625,159.0625,160.0625,0.0
2021-10-22 11:45:00,157.29,158.24,157.21,158.22,158.11,158.1,158.09,158.08,158.02,157.15,157.16,157.16,157.17,157.19,0,0.0,10/21/2021 17:00,158.0625,158.0625,159.0625,160.0625,0.0
2021-10-22 11:45:00,157.29,158.24,157.21,158.22,158.11,158.1,158.09,158.08,158.02,157.15,157.16,157.16,157.17,157.19,0,0.0,10/21/2021 17:00,158.0625,158.0625,159.0625,160.0625,0.0
2021-10-22 11:45:00,157.29,158.24,157.21,158.22,158.11,158.1,158.09,158.08,158.02,157.15,157.16,157.16,157.17,157.19,0,0.0,10/21/2021 17:00,158.0625,158.0625,159.0625,160.0625,0.0
2021-10-22 11:45:00,157.29,158.24,157.21,158.22,158.11,158.1,158.09,158.08,158.02,157.15,157.16,157.16,157.17,157.19,0,0.0,10/21/2021 17:00,158.0625,158.0625,159.0625,160.0625,0.0
2021-10-22 11:45:00,157.29,158.24,157.21,158.22,158.11,158.1,158.09,158.08,158.02,157.15,157.16,157.16,157.17,157.19,0,0.0,10/21/2021 17:00,158.0625,158.0625,159.0625,160.0625,0.0
2021-10-22 15:45:00,158.22,158.29,158.1,158.19,159.1,159.09,159.05,158.26,158.24,158.11,158.14,158.19,158.2,158.21,0,0.0,0,0.0,0.0,0.0,0.0,0.0
2021-10-24 20:45:00,158.18,158.27,158.14,158.21,158.24,158.22,158.21,158.2,158.19,158.02,158.09,158.1,158.11,158.14,0,0.0,0,0.0,0.0,0.0,0.0,0.0
2021-10-25 00:45:00,158.22,158.26,158.16,158.17,159.1,159.09,159.05,158.26,158.24,158.1,158.11,158.14,158.19,158.21,0,0.0,0,0.0,0.0,0.0,0.0,0.0
2021-10-25 04:45:00,158.18,158.21,158.04,158.07,158.29,158.26,158.24,158.22,158.21,158.09,158.1,158.1,158.11,158.14,0,0.0,0,0.0,0.0,0.0,0.0,0.0
2021-10-25 08:45:00,158.07,158.15,158.01,158.01,158.14,158.11,158.1,158.1,158.09,157.16,157.17,157.19,157.21,158.02,0,0.0,0,0.0,0.0,0.0,0.0,0.0
2021-10-25 12:45:00,158.01,158.3,157.29,158.26,158.11,158.1,158.1,158.09,158.02,157.16,157.16,157.17,157.19,157.21,0,0.0,10/21/2021 17:00,158.0625,158.0625,159.0625,160.0625,0.0
2021-10-25 12:45:00,158.01,158.3,157.29,158.26,158.11,158.1,158.1,158.09,158.02,157.16,157.16,157.17,157.19,157.21,0,0.0,10/21/2021 17:00,158.0625,158.0625,159.0625,160.0625,0.0
2021-10-25 12:45:00,158.01,158.3,157.29,158.26,158.11,158.1,158.1,158.09,158.02,157.16,157.16,157.17,157.19,157.21,0,0.0,10/21/2021 17:00,158.0625,158.0625,159.0625,160.0625,0.0
2021-10-25 16:45:00,158.26,158.26,158.17,158.23,159.1,159.09,159.05,158.29,158.27,157.19,157.21,158.1,158.22,158.24,0,0.0,0,0.0,0.0,0.0,0.0,0.0
2021-10-25 21:45:00,158.22,158.24,158.14,158.17,159.05,158.29,158.27,158.26,158.26,157.16,157.17,157.19,157.21,158.1,0,0.0,0,0.0,0.0,0.0,0.0,0.0
2021-10-26 01:45:00,158.17,158.2,158.15,158.18,158.3,158.29,158.27,158.26,158.26,157.17,157.19,157.21,157.29,158.1,0,0.0,0,0.0,0.0,0.0,0.0,0.0
2021-10-26 05:45:00,158.18,159.03,158.16,159.01,158.29,158.27,158.26,158.26,158.26,157.17,157.19,157.21,157.29,158.1,10/25/2021 17:00,158.59375,0,0.0,158.59375,157.59375,156.59375,0.0
2021-10-26 05:45:00,158.18,159.03,158.16,159.01,158.29,158.27,158.26,158.26,158.26,157.17,157.19,157.21,157.29,158.1,10/25/2021 17:00,158.59375,0,0.0,158.59375,157.59375,156.59375,0.0
2021-10-26 05:45:00,158.18,159.03,158.16,159.01,158.29,158.27,158.26,158.26,158.26,157.17,157.19,157.21,157.29,158.1,10/25/2021 17:00,158.59375,0,0.0,158.59375,157.59375,156.59375,0.0
2021-10-26 05:45:00,158.18,159.03,158.16,159.01,158.29,158.27,158.26,158.26,158.26,157.17,157.19,157.21,157.29,158.1,10/25/2021 17:00,158.59375,0,0.0,158.59375,157.59375,156.59375,0.0
2021-10-26 05:45:00,158.18,159.03,158.16,159.01,158.29,158.27,158.26,158.26,158.26,157.17,157.19,157.21,157.29,158.1,10/25/2021 17:00,158.59375,0,0.0,158.59375,157.59375,156.59375,0.0
2021-10-26 09:45:00,159.0,159.06,158.22,158.28,159.2,159.17,159.1,159.09,159.05,158.26,158.26,158.27,158.29,158.3,10/25/2021 17:00,158.59375,0,0.0,158.59375,157.59375,156.59375,0.0
2021-10-26 13:45:00,158.28,159.08,158.13,159.03,159.1,159.09,159.05,158.3,158.29,158.15,158.26,158.26,158.26,158.27,0,0.0,0,0.0,0.0,0.0,0.0,0.0
2021-10-26 18:45:00,159.03,159.12,158.31,159.06,159.2,159.17,159.1,159.09,159.05,158.15,158.26,158.26,158.26,158.27,10/25/2021 17:00,158.59375,0,0.0,158.59375,157.59375,156.59375,0.0
2021-10-26 22:45:00,159.06,159.08,158.29,158.31,159.22,159.2,159.17,159.1,159.09,158.26,158.26,158.26,158.27,159.05,0,0.0,0,0.0,0.0,0.0,0.0,0.0
2021-10-27 02:45:00,159.0,159.11,159.0,159.1,159.2,159.17,159.1,159.09,159.05,158.15,158.26,158.26,158.26,158.27,10/25/2021 17:00,158.59375,0,0.0,158.59375,157.59375,156.59375,0.0
2021-10-27 06:45:00,159.09,159.26,159.06,159.24,159.22,159.2,159.17,159.12,159.1,158.15,158.26,158.26,158.26,158.27,10/25/2021 17:00,158.59375,0,0.0,158.59375,157.59375,156.59375,0.0
2021-10-27 06:45:00,159.09,159.26,159.06,159.24,159.22,159.2,159.17,159.12,159.1,158.15,158.26,158.26,158.26,158.27,10/25/2021 17:00,158.59375,0,0.0,158.59375,157.59375,156.59375,0.0
2021-10-27 06:45:00,159.09,159.26,159.06,159.24,159.22,159.2,159.17,159.12,159.1,158.15,158.26,158.26,158.26,158.27,10/25/2021 17:00,158.59375,0,0.0,158.59375,157.59375,156.59375,0.0
2021-10-27 10:45:00,159.24,160.18,159.21,160.17,160.03,160.02,160.01,159.3,159.27,158.29,159.09,159.1,159.12,159.17,10/25/2021 17:00,158.59375,0,0.0,158.59375,157.59375,156.59375,0.0
2021-10-27 10:45:00,159.24,160.18,159.21,160.17,160.03,160.02,160.01,159.3,159.27,158.29,159.09,159.1,159.12,159.17,10/25/2021 17:00,158.59375,0,0.0,158.59375,157.59375,156.59375,0.0
2021-10-27 10:45:00,159.24,160.18,159.21,160.17,160.03,160.02,160.01,159.3,159.27,158.29,159.09,159.1,159.12,159.17,10/25/2021 17:00,158.59375,0,0.0,158.59375,157.59375,156.59375,0.0
2021-10-27 10:45:00,159.24,160.18,159.21,160.17,160.03,160.02,160.01,159.3,159.27,158.29,159.09,159.1,159.12,159.17,10/25/2021 17:00,158.59375,0,0.0,158.59375,157.59375,156.59375,0.0
2021-10-27 10:45:00,159.24,160.18,159.21,160.17,160.03,160.02,160.01,159.3,159.27,158.29,159.09,159.1,159.12,159.17,10/25/2021 17:00,158.59375,0,0.0,158.59375,157.59375,156.59375,0.0
2021-10-27 10:45:00,159.24,160.18,159.21,160.17,160.03,160.02,160.01,159.3,159.27,158.29,159.09,159.1,159.12,159.17,10/25/2021 17:00,158.59375,0,0.0,158.59375,157.59375,156.59375,0.0
2021-10-27 14:45:00,160.17,161.1,160.06,161.07,160.28,160.25,160.21,160.2,160.19,160.01,160.07,160.13,160.13,160.16,10/25/2021 17:00,158.59375,0,0.0,158.59375,157.59375,156.59375,0.0
2021-10-27 14:45:00,160.17,161.1,160.06,161.07,160.28,160.25,160.21,160.2,160.19,160.01,160.07,160.13,160.13,160.16,10/25/2021 17:00,158.59375,0,0.0,158.59375,157.59375,156.59375,0.0
2021-10-27 14:45:00,160.17,161.1,160.06,161.07,160.28,160.25,160.21,160.2,160.19,160.01,160.07,160.13,160.13,160.16,10/25/2021 17:00,158.59375,0,0.0,158.59375,157.59375,156.59375,0.0
2021-10-27 14:45:00,160.17,161.1,160.06,161.07,160.28,160.25,160.21,160.2,160.19,160.01,160.07,160.13,160.13,160.16,10/25/2021 17:00,158.59375,0,0.0,158.59375,157.59375,156.59375,0.0
2021-10-27 14:45:00,160.17,161.1,160.06,161.07,160.28,160.25,160.21,160.2,160.19,160.01,160.07,160.13,160.13,160.16,10/25/2021 17:00,158.59375,0,0.0,158.59375,157.59375,156.59375,0.0
2021-10-27 14:45:00,160.17,161.1,160.06,161.07,160.28,160.25,160.21,160.2,160.19,160.01,160.07,160.13,160.13,160.16,10/25/2021 17:00,158.59375,0,0.0,158.59375,157.59375,156.59375,0.0
2021-10-27 14:45:00,160.17,161.1,160.06,161.07,160.28,160.25,160.21,160.2,160.19,160.01,160.07,160.13,160.13,160.16,10/25/2021 17:00,158.59375,0,0.0,158.59375,157.59375,156.59375,0.0
2021-10-27 14:45:00,160.17,161.1,160.06,161.07,160.28,160.25,160.21,160.2,160.19,160.01,160.07,160.13,160.13,160.16,10/25/2021 17:00,158.59375,0,0.0,158.59375,157.59375,156.59375,0.0
2021-10-27 14:45:00,160.17,161.1,160.06,161.07,160.28,160.25,160.21,160.2,160.19,160.01,160.07,160.13,160.13,160.16,10/25/2021 17:00,158.59375,0,0.0,158.59375,157.59375,156.59375,0.0
2021-10-27 14:45:00,160.17,161.1,160.06,161.07,160.28,160.25,160.21,160.2,160.19,160.01,160.07,160.13,160.13,160.16,10/25/2021 17:00,158.59375,0,0.0,158.59375,157.59375,156.59375,0.0
2021-10-27 19:45:00,161.07,161.07,160.21,160.27,162.05,161.23,161.19,161.16,161.13,160.28,160.31,160.31,161.0,161.04,0,0.0,0,0.0,0.0,0.0,0.0,0.0
2021-10-27 23:45:00,160.28,161.0,160.22,160.23,161.19,161.16,161.13,161.0,160.31,160.17,160.19,160.2,160.21,160.25,0,0.0,0,0.0,0.0,0.0,0.0,0.0
2021-10-28 03:45:00,160.23,161.02,160.21,160.24,161.1,161.0,160.31,160.28,160.25,160.16,160.17,160.19,160.2,160.21,0,0.0,0,0.0,0.0,0.0,0.0,0.0
2021-10-28 07:45:00,160.24,161.11,160.24,161.07,161.07,161.0,160.31,160.28,160.25,160.16,160.17,160.19,160.2,160.21,10/27/2021 17:00,160.96875,0,0.0,160.96875,159.96875,158.96875,0.0
2021-10-28 11:45:00,161.08,161.13,160.15,160.23,161.23,161.19,161.16,161.13,161.1,160.17,160.19,160.2,160.21,161.07,0,0.0,0,0.0,0.0,0.0,0.0,0.0
2021-10-28 15:45:00,160.22,160.25,160.14,160.2,161.19,161.16,161.13,161.1,161.07,160.16,160.17,160.19,160.2,160.21,0,0.0,0,0.0,0.0,0.0,0.0,0.0
2021-10-28 20:45:00,160.2,160.22,160.08,160.2,161.16,161.13,161.1,161.07,160.21,160.13,160.13,160.16,160.17,160.19,0,0.0,0,0.0,0.0,0.0,0.0,0.0
2021-10-29 00:45:00,160.2,160.26,159.3,159.3,161.13,161.13,161.1,161.07,160.21,160.13,160.13,160.16,160.17,160.19,0,0.0,0,0.0,0.0,0.0,0.0,0.0
2021-10-29 04:45:00,159.3,160.09,159.22,159.25,160.13,160.13,160.07,160.06,160.01,159.1,159.12,159.17,159.21,159.27,0,0.0,0,0.0,0.0,0.0,0.0,0.0
2021-10-29 08:45:00,159.25,160.05,159.2,159.29,160.13,160.07,160.06,160.01,159.3,159.09,159.1,159.12,159.17,159.21,0,0.0,0,0.0,0.0,0.0,0.0,0.0
2021-10-29 12:45:00,159.29,161.03,159.25,160.25,160.13,160.07,160.06,160.01,159.3,159.09,159.1,159.12,159.17,159.21,0,0.0,10/28/2021 17:00,160.96875,160.96875,161.96875,162.96875,0.0
2021-10-29 16:45:00,160.25,161.12,160.23,161.0,161.13,161.13,161.1,161.07,160.26,159.1,159.12,159.17,159.21,160.06,0,0.0,10/28/2021 17:00,160.96875,160.96875,161.96875,162.96875,0.0
2021-10-31 21:45:00,161.0,161.04,160.22,160.28,161.16,161.13,161.13,161.1,161.07,159.17,159.2,159.21,160.06,160.26,0,0.0,0,0.0,0.0,0.0,0.0,0.0
2021-11-01 01:45:00,160.28,161.04,160.22,161.0,161.16,161.13,161.13,161.1,161.07,159.2,159.21,159.25,160.06,160.26,0,0.0,0,0.0,0.0,0.0,0.0,0.0
2021-11-01 05:45:00,161.01,161.05,160.13,160.19,161.13,161.13,161.12,161.1,161.07,159.2,159.21,159.25,160.06,160.26,0,0.0,0,0.0,0.0,0.0,0.0,0.0
2021-11-01 09:45:00,160.18,160.23,159.31,160.01,161.13,161.12,161.1,161.07,160.26,159.17,159.2,159.21,159.25,160.06,0,0.0,0,0.0,0.0,0.0,0.0,0.0
2021-11-01 13:45:00,160.01,160.16,160.0,160.14,161.13,161.12,161.1,161.07,160.26,159.12,159.17,159.2,159.21,159.25,0,0.0,0,0.0,0.0,0.0,0.0,0.0
2021-11-01 18:45:00,160.14,160.26,160.11,160.2,161.12,161.1,161.07,161.05,160.26,159.12,159.17,159.2,159.21,159.25,0,0.0,0,0.0,0.0,0.0,0.0,0.0
2021-11-01 22:45:00,160.2,160.24,160.17,160.23,161.12,161.1,161.07,161.05,160.26,159.17,159.2,159.21,159.25,159.31,0,0.0,0,0.0,0.0,0.0,0.0,0.0
2021-11-02 02:45:00,160.23,161.0,160.22,160.28,161.12,161.1,161.07,161.05,160.26,159.2,159.21,159.25,159.31,160.0,0,0.0,0,0.0,0.0,0.0,0.0,0.0
2021-11-02 06:45:00,160.28,160.3,160.19,160.26,161.13,161.12,161.1,161.07,161.05,159.21,159.25,159.31,160.0,160.11,0,0.0,0,0.0,0.0,0.0,0.0,0.0
2021-11-02 10:45:00,160.27,161.03,160.16,160.3,161.13,161.12,161.1,161.07,161.05,159.25,159.31,160.0,160.11,160.17,0,0.0,0,0.0,0.0,0.0,0.0,0.0
2021-11-02 14:45:00,160.31,161.1,160.29,160.3,161.13,161.12,161.1,161.07,161.05,159.25,159.31,160.0,160.11,160.17,0,0.0,0,0.0,0.0,0.0,0.0,0.0
2021-11-02 19:45:00,160.3,161.02,160.22,160.28,161.13,161.12,161.1,161.07,161.05,159.25,159.31,160.0,160.11,160.17,0,0.0,0,0.0,0.0,0.0,0.0,0.0
2021-11-02 23:45:00,160.28,161.04,160.26,161.03,161.13,161.12,161.1,161.07,161.05,159.31,160.0,160.11,160.16,160.17,0,0.0,0,0.0,0.0,0.0,0.0,0.0
2021-11-03 03:45:00,161.04,161.11,161.02,161.05,161.12,161.1,161.1,161.07,161.05,159.31,160.0,160.11,160.16,160.17,0,0.0,0,0.0,0.0,0.0,0.0,0.0
2021-11-03 07:45:00,161.06,161.19,161.04,161.11,161.13,161.12,161.1,161.1,161.07,160.11,160.16,160.17,160.22,161.05,10/29/2021 17:00,160.96875,0,0.0,160.96875,159.96875,158.96875,0.0
2021-11-03 07:45:00,161.06,161.19,161.04,161.11,161.13,161.12,161.1,161.1,161.07,160.11,160.16,160.17,160.22,161.05,10/29/2021 17:00,160.96875,0,0.0,160.96875,159.96875,158.96875,0.0
2021-11-03 07:45:00,161.06,161.19,161.04,161.11,161.13,161.12,161.1,161.1,161.07,160.11,160.16,160.17,160.22,161.05,10/29/2021 17:00,160.96875,0,0.0,160.96875,159.96875,158.96875,0.0
2021-11-03 07:45:00,161.06,161.19,161.04,161.11,161.13,161.12,161.1,161.1,161.07,160.11,160.16,160.17,160.22,161.05,10/29/2021 17:00,160.96875,0,0.0,160.96875,159.96875,158.96875,0.0
2021-11-03 11:45:00,161.11,161.15,160.25,160.29,161.19,161.16,161.13,161.13,161.12,160.26,161.05,161.07,161.1,161.1,0,0.0,0,0.0,0.0,0.0,0.0,0.0
2021-11-03 15:45:00,160.3,161.04,160.03,160.15,161.12,161.1,161.1,161.07,161.05,160.11,160.16,160.17,160.22,160.26,0,0.0,0,0.0,0.0,0.0,0.0,0.0
2021-11-03 20:45:00,160.15,160.18,159.23,160.01,161.05,160.26,160.22,160.17,160.16,159.21,159.25,159.31,160.0,160.11,0,0.0,0,0.0,0.0,0.0,0.0,0.0
2021-11-04 00:45:00,160.01,160.02,159.24,159.28,160.26,160.22,160.17,160.16,160.11,159.2,159.21,159.25,159.31,160.0,0,0.0,0,0.0,0.0,0.0,0.0,0.0
2021-11-04 04:45:00,159.28,160.14,159.23,160.14,160.17,160.16,160.11,160.0,159.31,159.12,159.17,159.2,159.21,159.25,10/29/2021 17:00,160.96875,0,0.0,160.96875,159.96875,158.96875,0.0
2021-11-04 04:45:00,159.28,160.14,159.23,160.14,160.17,160.16,160.11,160.0,159.31,159.12,159.17,159.2,159.21,159.25,10/29/2021 17:00,160.96875,0,0.0,160.96875,159.96875,158.96875,0.0
2021-11-04 04:45:00,159.28,160.14,159.23,160.14,160.17,160.16,160.11,160.0,159.31,159.12,159.17,159.2,159.21,159.25,10/29/2021 17:00,160.96875,0,0.0,160.96875,159.96875,158.96875,0.0
2021-11-04 08:45:00,160.14,160.27,160.07,160.1,160.26,160.22,160.18,160.17,160.16,159.21,159.25,159.31,160.0,160.11,0,0.0,0,0.0,0.0,0.0,0.0,0.0
2021-11-04 12:45:00,160.09,161.11,160.09,161.07,160.26,160.22,160.18,160.17,160.16,159.2,159.21,159.25,159.31,160.0,10/29/2021 17:00,160.96875,0,0.0,160.96875,159.96875,158.96875,0.0
2021-11-04 12:45:00,160.09,161.11,160.09,161.07,160.26,160.22,160.18,160.17,160.16,159.2,159.21,159.25,159.31,160.0,10/29/2021 17:00,160.96875,0,0.0,160.96875,159.96875,158.96875,0.0
2021-11-04 12:45:00,160.09,161.11,160.09,161.07,160.26,160.22,160.18,160.17,160.16,159.2,159.21,159.25,159.31,160.0,10/29/2021 17:00,160.96875,0,0.0,160.96875,159.96875,158.96875,0.0
2021-11-04 12:45:00,160.09,161.11,160.09,161.07,160.26,160.22,160.18,160.17,160.16,159.2,159.21,159.25,159.31,160.0,10/29/2021 17:00,160.96875,0,0.0,160.96875,159.96875,158.96875,0.0
2021-11-04 12:45:00,160.09,161.11,160.09,161.07,160.26,160.22,160.18,160.17,160.16,159.2,159.21,159.25,159.31,160.0,10/29/2021 17:00,160.96875,0,0.0,160.96875,159.96875,158.96875,0.0
2021-11-04 12:45:00,160.09,161.11,160.09,161.07,160.26,160.22,160.18,160.17,160.16,159.2,159.21,159.25,159.31,160.0,10/29/2021 17:00,160.96875,0,0.0,160.96875,159.96875,158.96875,0.0
2021-11-04 16:45:00,161.07,161.21,161.05,161.07,161.13,161.13,161.12,161.1,161.1,160.17,160.18,160.22,160.26,161.04,0,0.0,0,0.0,0.0,0.0,0.0,0.0
2021-11-04 21:45:00,161.08,161.08,160.27,161.07,161.13,161.13,161.12,161.1,161.1,160.18,160.22,160.26,161.04,161.07,0,0.0,0,0.0,0.0,0.0,0.0,0.0
2021-11-05 01:45:00,161.06,161.09,160.31,161.04,161.13,161.12,161.1,161.1,161.07,160.17,160.18,160.22,160.26,161.04,0,0.0,0,0.0,0.0,0.0,0.0,0.0
2021-11-05 05:45:00,161.03,161.21,161.03,161.14,161.12,161.1,161.1,161.07,161.04,160.16,160.17,160.18,160.22,160.26,11/04/2021 17:00,161.125,0,0.0,161.125,160.125,159.125,0.0
2021-11-05 05:45:00,161.03,161.21,161.03,161.14,161.12,161.1,161.1,161.07,161.04,160.16,160.17,160.18,160.22,160.26,11/04/2021 17:00,161.125,0,0.0,161.125,160.125,159.125,0.0
2021-11-05 09:45:00,161.13,162.16,161.06,162.03,161.21,161.19,161.19,161.16,161.15,160.22,160.26,160.27,161.04,161.12,11/04/2021 17:00,161.125,0,0.0,161.125,160.125,159.125,0.0
2021-11-05 09:45:00,161.13,162.16,161.06,162.03,161.21,161.19,161.19,161.16,161.15,160.22,160.26,160.27,161.04,161.12,11/04/2021 17:00,161.125,0,0.0,161.125,160.125,159.125,0.0
2021-11-05 09:45:00,161.13,162.16,161.06,162.03,161.21,161.19,161.19,161.16,161.15,160.22,160.26,160.27,161.04,161.12,11/04/2021 17:00,161.125,0,0.0,161.125,160.125,159.125,0.0
2021-11-05 09:45:00,161.13,162.16,161.06,162.03,161.21,161.19,161.19,161.16,161.15,160.22,160.26,160.27,161.04,161.12,11/04/2021 17:00,161.125,0,0.0,161.125,160.125,159.125,0.0
2021-11-05 09:45:00,161.13,162.16,161.06,162.03,161.21,161.19,161.19,161.16,161.15,160.22,160.26,160.27,161.04,161.12,11/04/2021 17:00,161.125,0,0.0,161.125,160.125,159.125,0.0
2021-11-05 09:45:00,161.13,162.16,161.06,162.03,161.21,161.19,161.19,161.16,161.15,160.22,160.26,160.27,161.04,161.12,11/04/2021 17:00,161.125,0,0.0,161.125,160.125,159.125,0.0
2021-11-05 09:45:00,161.13,162.16,161.06,162.03,161.21,161.19,161.19,161.16,161.15,160.22,160.26,160.27,161.04,161.12,11/04/2021 17:00,161.125,0,0.0,161.125,160.125,159.125,0.0
2021-11-05 13:45:00,162.04,163.01,162.03,162.26,162.12,162.12,162.11,162.08,162.05,161.16,161.19,161.19,161.21,161.23,11/04/2021 17:00,161.125,0,0.0,161.125,160.125,159.125,0.0
2021-11-05 13:45:00,162.04,163.01,162.03,162.26,162.12,162.12,162.11,162.08,162.05,161.16,161.19,161.19,161.21,161.23,11/04/2021 17:00,161.125,0,0.0,161.125,160.125,159.125,0.0
2021-11-05 13:45:00,162.04,163.01,162.03,162.26,162.12,162.12,162.11,162.08,162.05,161.16,161.19,161.19,161.21,161.23,11/04/2021 17:00,161.125,0,0.0,161.125,160.125,159.125,0.0
2021-11-05 13:45:00,162.04,163.01,162.03,162.26,162.12,162.12,162.11,162.08,162.05,161.16,161.19,161.19,161.21,161.23,11/04/2021 17:00,161.125,0,0.0,161.125,160.125,159.125,0.0
2021-11-05 13:45:00,162.04,163.01,162.03,162.26,162.12,162.12,162.11,162.08,162.05,161.16,161.19,161.19,161.21,161.23,11/04/2021 17:00,161.125,0,0.0,161.125,160.125,159.125,0.0
2021-11-05 13:45:00,162.04,163.01,162.03,162.26,162.12,162.12,162.11,162.08,162.05,161.16,161.19,161.19,161.21,161.23,11/04/2021 17:00,161.125,0,0.0,161.125,160.125,159.125,0.0
2021-11-05 13:45:00,162.04,163.01,162.03,162.26,162.12,162.12,162.11,162.08,162.05,161.16,161.19,161.19,161.21,161.23,11/04/2021 17:00,161.125,0,0.0,161.125,160.125,159.125,0.0
2021-11-05 13:45:00,162.04,163.01,162.03,162.26,162.12,162.12,162.11,162.08,162.05,161.16,161.19,161.19,161.21,161.23,11/04/2021 17:00,161.125,0,0.0,161.125,160.125,159.125,0.0
2021-11-05 13:45:00,162.04,163.01,162.03,162.26,162.12,162.12,162.11,162.08,162.05,161.16,161.19,161.19,161.21,161.23,11/04/2021 17:00,161.125,0,0.0,161.125,160.125,159.125,0.0
2021-11-05 13:45:00,162.04,163.01,162.03,162.26,162.12,162.12,162.11,162.08,162.05,161.16,161.19,161.19,161.21,161.23,11/04/2021 17:00,161.125,0,0.0,161.125,160.125,159.125,0.0
2021-11-07 18:45:00,162.26,163.09,162.2,162.27,163.13,163.11,163.04,163.01,162.29,162.14,162.18,162.18,162.21,162.24,11/05/2021 17:00,162.375,0,0.0,162.375,161.375,160.375,0.0
2021-11-07 22:45:00,162.26,162.27,162.17,162.2,163.13,163.11,163.04,163.01,162.29,162.14,162.18,162.18,162.21,162.24,11/05/2021 17:00,162.375,0,0.0,162.375,161.375,160.375,0.0
2021-11-08 02:45:00,162.2,162.29,162.2,162.25,163.13,163.11,163.04,163.01,162.29,162.13,162.13,162.14,162.18,162.18,0,0.0,0,0.0,0.0,0.0,0.0,0.0
2021-11-08 06:45:00,162.25,162.26,162.11,162.16,163.11,163.09,163.04,163.01,162.29,162.13,162.13,162.14,162.18,162.18,0,0.0,0,0.0,0.0,0.0,0.0,0.0
2021-11-08 10:45:00,162.16,162.3,162.11,162.16,163.11,163.09,163.04,163.01,162.29,162.11,162.12,162.13,162.13,162.14,0,0.0,0,0.0,0.0,0.0,0.0,0.0
2021-11-08 14:45:00,162.16,162.22,162.09,162.15,163.11,163.09,163.04,163.01,162.29,162.11,162.12,162.13,162.13,162.14,0,0.0,0,0.0,0.0,0.0,0.0,0.0
2021-11-08 19:45:00,162.16,162.2,162.1,162.17,163.11,163.09,163.04,163.01,162.29,162.11,162.12,162.13,162.13,162.14,0,0.0,0,0.0,0.0,0.0,0.0,0.0
2021-11-08 23:45:00,162.17,163.06,162.17,162.31,163.09,163.04,163.01,162.3,162.29,162.11,162.12,162.13,162.13,162.14,0,0.0,11/08/2021 17:00,162.5625,162.5625,163.5625,164.5625,0.0
2021-11-08 23:45:00,162.17,163.06,162.17,162.31,163.09,163.04,163.01,162.3,162.29,162.11,162.12,162.13,162.13,162.14,0,0.0,11/08/2021 17:00,162.5625,162.5625,163.5625,164.5625,0.0
2021-11-09 03:45:00,162.3,162.3,162.17,162.23,163.13,163.11,163.09,163.04,163.01,162.12,162.13,162.13,162.14,162.29,0,0.0,0,0.0,0.0,0.0,0.0,0.0
2021-11-09 07:45:00,162.23,163.09,162.19,163.01,163.11,163.09,163.04,163.01,162.3,162.11,162.12,162.13,162.13,162.14,0,0.0,0,0.0,0.0,0.0,0.0,0.0
2021-11-09 11:45:00,163.01,163.31,163.01,163.29,163.14,163.13,163.11,163.09,163.04,162.11,162.12,162.13,162.13,162.14,0,0.0,11/08/2021 17:00,162.5625,162.5625,163.5625,164.5625,0.0
2021-11-09 11:45:00,163.01,163.31,163.01,163.29,163.14,163.13,163.11,163.09,163.04,162.11,162.12,162.13,162.13,162.14,0,0.0,11/08/2021 17:00,162.5625,162.5625,163.5625,164.5625,0.0
2021-11-09 11:45:00,163.01,163.31,163.01,163.29,163.14,163.13,163.11,163.09,163.04,162.11,162.12,162.13,162.13,162.14,0,0.0,11/08/2021 17:00,162.5625,162.5625,163.5625,164.5625,0.0
2021-11-09 11:45:00,163.01,163.31,163.01,163.29,163.14,163.13,163.11,163.09,163.04,162.11,162.12,162.13,162.13,162.14,0,0.0,11/08/2021 17:00,162.5625,162.5625,163.5625,164.5625,0.0
2021-11-09 11:45:00,163.01,163.31,163.01,163.29,163.14,163.13,163.11,163.09,163.04,162.11,162.12,162.13,162.13,162.14,0,0.0,11/08/2021 17:00,162.5625,162.5625,163.5625,164.5625,0.0
2021-11-09 11:45:00,163.01,163.31,163.01,163.29,163.14,163.13,163.11,163.09,163.04,162.11,162.12,162.13,162.13,162.14,0,0.0,11/08/2021 17:00,162.5625,162.5625,163.5625,164.5625,0.0
2021-11-09 11:45:00,163.01,163.31,163.01,163.29,163.14,163.13,163.11,163.09,163.04,162.11,162.12,162.13,162.13,162.14,0,0.0,11/08/2021 17:00,162.5625,162.5625,163.5625,164.5625,0.0
2021-11-09 11:45:00,163.01,163.31,163.01,163.29,163.14,163.13,163.11,163.09,163.04,162.11,162.12,162.13,162.13,162.14,0,0.0,11/08/2021 17:00,162.5625,162.5625,163.5625,164.5625,0.0
2021-11-09 15:45:00,163.29,164.06,163.19,163.22,164.07,164.06,164.05,164.04,164.02,163.14,163.17,163.18,163.24,163.26,0,0.0,11/08/2021 17:00,162.5625,162.5625,163.5625,164.5625,0.0
2021-11-09 20:45:00,163.22,164.0,163.19,163.19,164.07,164.06,164.05,164.04,164.02,163.11,163.13,163.14,163.17,163.18,0,0.0,0,0.0,0.0,0.0,0.0,0.0
2021-11-10 00:45:00,163.18,163.27,163.15,163.22,164.07,164.06,164.05,164.04,164.02,163.09,163.11,163.13,163.14,163.17,0,0.0,0,0.0,0.0,0.0,0.0,0.0
2021-11-10 04:45:00,163.22,163.25,163.07,163.11,164.06,164.06,164.05,164.04,164.02,163.11,163.13,163.14,163.17,163.18,0,0.0,0,0.0,0.0,0.0,0.0,0.0
2021-11-10 08:45:00,163.11,163.25,163.05,163.15,164.06,164.05,164.04,164.02,164.0,162.19,163.01,163.01,163.04,163.09,0,0.0,0,0.0,0.0,0.0,0.0,0.0
2021-11-10 12:45:00,163.14,163.28,162.19,162.19,164.05,164.04,164.02,164.0,163.27,163.01,163.01,163.04,163.09,163.11,0,0.0,0,0.0,0.0,0.0,0.0,0.0
2021-11-10 16:45:00,162.19,162.24,161.14,162.01,164.0,163.27,163.09,163.01,163.01,162.12,162.13,162.13,162.14,162.17,0,0.0,0,0.0,0.0,0.0,0.0,0.0
2021-11-10 21:45:00,162.01,162.17,161.28,161.29,162.12,162.1,162.09,162.05,162.03,161.16,161.19,161.19,161.21,161.23,0,0.0,0,0.0,0.0,0.0,0.0,0.0
2021-11-11 01:45:00,161.29,162.07,161.29,162.06,162.12,162.1,162.09,162.05,162.03,161.16,161.19,161.19,161.21,161.23,0,0.0,11/10/2021 17:00,162.375,162.375,163.375,164.375,0.0
2021-11-11 05:45:00,162.06,162.12,162.0,162.11,162.17,162.13,162.12,162.1,162.09,161.19,161.19,161.21,161.23,162.03,0,0.0,11/10/2021 17:00,162.375,162.375,163.375,164.375,0.0
2021-11-11 09:45:00,162.12,162.15,162.02,162.1,162.24,162.19,162.17,162.17,162.13,161.23,161.28,162.03,162.09,162.1,0,0.0,11/10/2021 17:00,162.375,162.375,163.375,164.375,0.0
2021-11-11 13:45:00,162.1,162.11,161.3,161.3,162.19,162.17,162.17,162.13,162.12,161.23,161.28,161.29,162.03,162.09,0,0.0,0,0.0,0.0,0.0,0.0,0.0
2021-11-11 18:45:00,161.31,162.01,161.26,162.01,162.19,162.17,162.17,162.13,162.12,161.19,161.21,161.23,161.28,161.29,0,0.0,0,0.0,0.0,0.0,0.0,0.0
2021-11-11 22:45:00,162.0,162.09,161.3,162.06,162.17,162.17,162.15,162.13,162.12,161.19,161.21,161.23,161.28,161.29,0,0.0,0,0.0,0.0,0.0,0.0,0.0
2021-11-12 02:45:00,162.05,162.09,162.03,162.06,162.17,162.15,162.13,162.12,162.11,161.19,161.21,161.23,161.28,161.29,0,0.0,0,0.0,0.0,0.0,0.0,0.0
2021-11-12 06:45:00,162.06,162.11,161.23,162.01,162.17,162.15,162.13,162.12,162.11,161.21,161.23,161.26,161.28,161.29,0,0.0,0,0.0,0.0,0.0,0.0,0.0
2021-11-12 10:45:00,162.0,162.13,161.26,161.29,162.17,162.15,162.13,162.12,162.11,161.21,161.23,161.26,161.28,161.29,0,0.0,0,0.0,0.0,0.0,0.0,0.0
2021-11-12 14:45:00,161.29,162.01,161.11,161.16,162.17,162.15,162.13,162.12,162.11,161.19,161.21,161.23,161.26,161.28,0,0.0,0,0.0,0.0,0.0,0.0,0.0
2021-11-14 19:45:00,161.17,161.29,161.15,161.27,161.29,161.28,161.26,161.21,161.19,161.13,161.13,161.14,161.15,161.16,0,0.0,11/12/2021 17:00,161.59375,161.59375,162.59375,163.59375,0.0
2021-11-14 23:45:00,161.27,162.01,161.23,161.31,162.13,162.12,162.11,161.29,161.28,161.13,161.14,161.15,161.16,161.26,0,0.0,11/12/2021 17:00,161.59375,161.59375,162.59375,163.59375,0.0
2021-11-14 23:45:00,161.27,162.01,161.23,161.31,162.13,162.12,162.11,161.29,161.28,161.13,161.14,161.15,161.16,161.26,0,0.0,11/12/2021 17:00,161.59375,161.59375,162.59375,163.59375,0.0
2021-11-15 03:45:00,161.31,162.07,161.28,162.01,162.15,162.13,162.13,162.12,162.11,161.15,161.16,161.26,161.28,161.29,0,0.0,0,0.0,0.0,0.0,0.0,0.0
2021-11-15 07:45:00,162.0,162.06,161.26,161.29,162.15,162.13,162.13,162.12,162.11,161.15,161.16,161.26,161.28,161.29,0,0.0,0,0.0,0.0,0.0,0.0,0.0
2021-11-15 11:45:00,161.29,162.02,160.17,160.18,162.15,162.13,162.13,162.12,162.11,161.15,161.16,161.23,161.26,161.28,0,0.0,0,0.0,0.0,0.0,0.0,0.0
2021-11-15 15:45:00,160.18,160.21,160.06,160.09,161.06,161.04,161.03,160.31,160.27,160.0,160.07,160.09,160.16,160.17,0,0.0,0,0.0,0.0,0.0,0.0,0.0
2021-11-15 20:45:00,160.08,160.26,160.08,160.2,161.03,160.31,160.27,160.18,160.09,159.23,159.25,159.31,160.0,160.07,0,0.0,0,0.0,0.0,0.0,0.0,0.0
2021-11-16 00:45:00,160.2,160.27,160.15,160.26,161.06,161.04,161.03,160.31,160.27,159.25,159.31,160.0,160.07,160.09,0,0.0,0,0.0,0.0,0.0,0.0,0.0
2021-11-16 04:45:00,160.27,160.27,160.13,160.24,161.11,161.06,161.04,161.03,160.31,159.31,160.0,160.06,160.07,160.09,0,0.0,0,0.0,0.0,0.0,0.0,0.0
2021-11-16 08:45:00,160.24,160.27,160.07,160.1,161.06,161.04,161.03,160.31,160.27,160.0,160.06,160.07,160.08,160.09,0,0.0,0,0.0,0.0,0.0,0.0,0.0
2021-11-16 12:45:00,160.1,160.28,160.03,160.09,161.06,161.04,161.03,160.31,160.27,160.0,160.06,160.07,160.08,160.09,0,0.0,0,0.0,0.0,0.0,0.0,0.0
2021-11-16 16:45:00,160.09,160.13,159.28,159.31,161.06,161.04,161.03,160.31,160.27,159.31,160.0,160.06,160.07,160.08,0,0.0,0,0.0,0.0,0.0,0.0,0.0
2021-11-16 21:45:00,159.3,160.06,159.27,159.3,160.09,160.08,160.07,160.06,159.31,159.17,159.2,159.21,159.23,159.25,0,0.0,0,0.0,0.0,0.0,0.0,0.0
2021-11-17 01:45:00,159.3,160.01,159.25,160.01,160.27,160.09,160.08,160.07,160.06,159.17,159.2,159.21,159.23,159.25,0,0.0,0,0.0,0.0,0.0,0.0,0.0
2021-11-17 05:45:00,160.0,160.07,159.29,160.03,160.13,160.09,160.08,160.07,160.06,159.17,159.2,159.21,159.23,159.25,0,0.0,0,0.0,0.0,0.0,0.0,0.0
2021-11-17 09:45:00,160.03,160.06,159.24,160.01,160.13,160.09,160.08,160.07,160.06,159.17,159.2,159.21,159.23,159.25,0,0.0,0,0.0,0.0,0.0,0.0,0.0
2021-11-17 13:45:00,160.02,160.23,159.29,160.2,160.13,160.09,160.08,160.07,160.06,159.17,159.2,159.21,159.23,159.25,0,0.0,11/16/2021 17:00,160.40625,160.40625,161.40625,162.40625,0.0
2021-11-17 13:45:00,160.02,160.23,159.29,160.2,160.13,160.09,160.08,160.07,160.06,159.17,159.2,159.21,159.23,159.25,0,0.0,11/16/2021 17:00,160.40625,160.40625,161.40625,162.40625,0.0
2021-11-17 13:45:00,160.02,160.23,159.29,160.2,160.13,160.09,160.08,160.07,160.06,159.17,159.2,159.21,159.23,159.25,0,0.0,11/16/2021 17:00,160.40625,160.40625,161.40625,162.40625,0.0
2021-11-17 13:45:00,160.02,160.23,159.29,160.2,160.13,160.09,160.08,160.07,160.06,159.17,159.2,159.21,159.23,159.25,0,0.0,11/16/2021 17:00,160.40625,160.40625,161.40625,162.40625,0.0
2021-11-17 13:45:00,160.02,160.23,159.29,160.2,160.13,160.09,160.08,160.07,160.06,159.17,159.2,159.21,159.23,159.25,0,0.0,11/16/2021 17:00,160.40625,160.40625,161.40625,162.40625,0.0
2021-11-17 18:45:00,160.19,161.03,160.14,160.27,161.04,161.03,160.31,160.28,160.27,160.06,160.07,160.08,160.09,160.13,0,0.0,0,0.0,0.0,0.0,0.0,0.0
2021-11-17 22:45:00,160.27,161.05,160.25,161.02,161.06,161.04,161.03,160.31,160.28,160.06,160.07,160.08,160.09,160.13,11/17/2021 17:00,160.53125,0,0.0,160.53125,159.53125,158.53125,0.0
2021-11-17 22:45:00,160.27,161.05,160.25,161.02,161.06,161.04,161.03,160.31,160.28,160.06,160.07,160.08,160.09,160.13,11/17/2021 17:00,160.53125,0,0.0,160.53125,159.53125,158.53125,0.0
2021-11-18 02:45:00,161.03,161.05,160.28,161.01,161.13,161.12,161.11,161.06,161.04,160.09,160.13,160.27,160.28,160.31,11/17/2021 17:00,160.53125,0,0.0,160.53125,159.53125,158.53125,0.0
2021-11-18 06:45:00,161.02,161.09,160.24,160.25,161.12,161.11,161.06,161.04,161.03,160.13,160.14,160.27,160.28,160.31,0,0.0,0,0.0,0.0,0.0,0.0,0.0
2021-11-18 10:45:00,160.25,161.1,160.18,160.31,161.11,161.06,161.04,161.03,160.28,160.07,160.08,160.09,160.13,160.14,0,0.0,0,0.0,0.0,0.0,0.0,0.0
2021-11-18 14:45:00,160.31,161.09,160.29,161.03,161.12,161.11,161.06,161.04,161.03,160.07,160.08,160.09,160.13,160.14,0,0.0,0,0.0,0.0,0.0,0.0,0.0
2021-11-18 19:45:00,161.04,161.08,160.3,161.02,161.13,161.13,161.12,161.11,161.06,160.08,160.09,160.13,160.14,161.03,0,0.0,0,0.0,0.0,0.0,0.0,0.0
2021-11-18 23:45:00,161.02,161.03,160.27,160.28,161.11,161.1,161.06,161.04,161.03,160.08,160.09,160.13,160.14,160.18,0,0.0,0,0.0,0.0,0.0,0.0,0.0
2021-11-19 03:45:00,160.28,161.0,160.21,160.24,161.1,161.09,161.06,161.04,161.03,160.08,160.09,160.13,160.14,160.18,0,0.0,0,0.0,0.0,0.0,0.0,0.0
2021-11-19 07:45:00,160.24,162.07,160.24,162.05,161.09,161.08,161.06,161.04,161.03,160.08,160.09,160.13,160.14,160.18,11/18/2021 17:00,160.84375,0,0.0,160.84375,159.84375,158.84375,0.0
2021-11-19 07:45:00,160.24,162.07,160.24,162.05,161.09,161.08,161.06,161.04,161.03,160.08,160.09,160.13,160.14,160.18,11/18/2021 17:00,160.84375,0,0.0,160.84375,159.84375,158.84375,0.0
2021-11-19 07:45:00,160.24,162.07,160.24,162.05,161.09,161.08,161.06,161.04,161.03,160.08,160.09,160.13,160.14,160.18,11/18/2021 17:00,160.84375,0,0.0,160.84375,159.84375,158.84375,0.0
2021-11-19 07:45:00,160.24,162.07,160.24,162.05,161.09,161.08,161.06,161.04,161.03,160.08,160.09,160.13,160.14,160.18,11/18/2021 17:00,160.84375,0,0.0,160.84375,159.84375,158.84375,0.0
2021-11-19 07:45:00,160.24,162.07,160.24,162.05,161.09,161.08,161.06,161.04,161.03,160.08,160.09,160.13,160.14,160.18,11/18/2021 17:00,160.84375,0,0.0,160.84375,159.84375,158.84375,0.0
2021-11-19 07:45:00,160.24,162.07,160.24,162.05,161.09,161.08,161.06,161.04,161.03,160.08,160.09,160.13,160.14,160.18,11/18/2021 17:00,160.84375,0,0.0,160.84375,159.84375,158.84375,0.0
2021-11-19 07:45:00,160.24,162.07,160.24,162.05,161.09,161.08,161.06,161.04,161.03,160.08,160.09,160.13,160.14,160.18,11/18/2021 17:00,160.84375,0,0.0,160.84375,159.84375,158.84375,0.0
2021-11-19 07:45:00,160.24,162.07,160.24,162.05,161.09,161.08,161.06,161.04,161.03,160.08,160.09,160.13,160.14,160.18,11/18/2021 17:00,160.84375,0,0.0,160.84375,159.84375,158.84375,0.0
2021-11-19 11:45:00,162.05,162.09,161.15,162.02,162.13,162.12,162.11,162.07,162.06,161.11,161.14,161.15,161.23,162.02,11/18/2021 17:00,160.84375,0,0.0,160.84375,159.84375,158.84375,0.0
2021-11-19 11:45:00,162.05,162.09,161.15,162.02,162.13,162.12,162.11,162.07,162.06,161.11,161.14,161.15,161.23,162.02,11/18/2021 17:00,160.84375,0,0.0,160.84375,159.84375,158.84375,0.0
2021-11-19 15:45:00,162.02,162.05,161.24,161.26,162.13,162.12,162.11,162.07,162.06,161.1,161.11,161.14,161.15,161.23,0,0.0,0,0.0,0.0,0.0,0.0,0.0
2021-11-21 20:45:00,161.26,162.0,161.18,161.21,162.12,162.11,162.07,162.06,162.02,161.1,161.11,161.14,161.15,161.23,0,0.0,0,0.0,0.0,0.0,0.0,0.0
2021-11-22 00:45:00,161.2,161.26,161.17,161.25,162.11,162.09,162.07,162.06,162.02,161.1,161.11,161.14,161.15,161.15,0,0.0,0,0.0,0.0,0.0,0.0,0.0
2021-11-22 04:45:00,161.25,162.0,161.17,161.19,162.09,162.07,162.06,162.05,162.02,161.1,161.11,161.14,161.15,161.15,0,0.0,0,0.0,0.0,0.0,0.0,0.0
2021-11-22 08:45:00,161.19,161.22,161.04,161.17,162.09,162.07,162.06,162.05,162.02,161.1,161.11,161.14,161.15,161.15,0,0.0,0,0.0,0.0,0.0,0.0,0.0
2021-11-22 12:45:00,161.16,161.16,160.25,160.29,162.09,162.07,162.06,162.05,162.02,161.1,161.11,161.14,161.15,161.15,0,0.0,0,0.0,0.0,0.0,0.0,0.0
2021-11-22 16:45:00,160.29,160.3,160.1,160.15,162.0,161.15,161.1,161.09,161.08,160.13,160.14,160.18,160.21,160.24,0,0.0,0,0.0,0.0,0.0,0.0,0.0
2021-11-22 21:45:00,160.15,160.22,160.08,160.1,161.09,161.08,160.24,160.21,160.18,160.07,160.08,160.09,160.13,160.14,0,0.0,0,0.0,0.0,0.0,0.0,0.0
2021-11-23 01:45:00,160.09,160.13,160.07,160.11,160.24,160.21,160.18,160.14,160.13,159.25,159.29,160.06,160.07,160.08,0,0.0,0,0.0,0.0,0.0,0.0,0.0
2021-11-23 05:45:00,160.12,160.21,160.07,160.1,160.24,160.21,160.18,160.14,160.13,159.29,160.06,160.07,160.08,160.09,0,0.0,0,0.0,0.0,0.0,0.0,0.0
2021-11-23 09:45:00,160.1,160.14,159.2,160.0,160.22,160.21,160.18,160.14,160.13,159.29,160.06,160.07,160.08,160.09,0,0.0,0,0.0,0.0,0.0,0.0,0.0
2021-11-23 13:45:00,160.01,160.05,159.18,159.21,160.22,160.21,160.18,160.14,160.13,159.21,159.23,159.24,159.25,159.29,0,0.0,0,0.0,0.0,0.0,0.0,0.0
2021-11-23 18:45:00,159.21,159.23,159.04,159.15,160.13,159.29,159.25,159.24,159.23,159.09,159.1,159.12,159.17,159.2,0,0.0,0,0.0,0.0,0.0,0.0,0.0
2021-11-23 22:45:00,159.15,159.3,159.14,159.28,159.24,159.23,159.21,159.2,159.17,159.0,159.06,159.09,159.1,159.12,0,0.0,11/23/2021 17:00,159.9375,159.9375,160.9375,161.9375,0.0
2021-11-23 22:45:00,159.15,159.3,159.14,159.28,159.24,159.23,159.21,159.2,159.17,159.0,159.06,159.09,159.1,159.12,0,0.0,11/23/2021 17:00,159.9375,159.9375,160.9375,161.9375,0.0
2021-11-23 22:45:00,159.15,159.3,159.14,159.28,159.24,159.23,159.21,159.2,159.17,159.0,159.06,159.09,159.1,159.12,0,0.0,11/23/2021 17:00,159.9375,159.9375,160.9375,161.9375,0.0
2021-11-23 22:45:00,159.15,159.3,159.14,159.28,159.24,159.23,159.21,159.2,159.17,159.0,159.06,159.09,159.1,159.12,0,0.0,11/23/2021 17:00,159.9375,159.9375,160.9375,161.9375,0.0
2021-11-23 22:45:00,159.15,159.3,159.14,159.28,159.24,159.23,159.21,159.2,159.17,159.0,159.06,159.09,159.1,159.12,0,0.0,11/23/2021 17:00,159.9375,159.9375,160.9375,161.9375,0.0
2021-11-24 02:45:00,159.28,160.05,159.28,160.0,160.14,160.14,160.13,160.05,159.29,159.2,159.21,159.23,159.24,159.25,0,0.0,11/23/2021 17:00,159.9375,159.9375,160.9375,161.9375,0.0
2021-11-24 06:45:00,160.0,160.04,159.22,159.3,160.18,160.14,160.14,160.13,160.05,159.21,159.23,159.24,159.25,159.29,0,0.0,0,0.0,0.0,0.0,0.0,0.0
2021-11-24 10:45:00,159.29,160.0,159.02,159.25,160.18,160.14,160.14,160.13,160.05,159.2,159.21,159.23,159.24,159.25,0,0.0,0,0.0,0.0,0.0,0.0,0.0
2021-11-24 14:45:00,159.25,160.09,159.22,160.07,160.14,160.14,160.13,160.05,160.05,159.14,159.2,159.21,159.23,159.24,0,0.0,11/23/2021 17:00,159.9375,159.9375,160.9375,161.9375,0.0
2021-11-24 14:45:00,159.25,160.09,159.22,160.07,160.14,160.14,160.13,160.05,160.05,159.14,159.2,159.21,159.23,159.24,0,0.0,11/23/2021 17:00,159.9375,159.9375,160.9375,161.9375,0.0
2021-11-24 19:45:00,160.07,160.14,160.03,160.07,160.21,160.18,160.14,160.14,160.13,159.23,159.24,159.25,160.05,160.05,0,0.0,0,0.0,0.0,0.0,0.0,0.0
2021-11-24 23:45:00,160.07,160.08,160.03,160.04,160.21,160.18,160.14,160.14,160.13,159.23,159.24,159.25,160.05,160.05,0,0.0,0,0.0,0.0,0.0,0.0,0.0
2021-11-25 03:45:00,160.04,160.07,160.02,160.06,160.14,160.14,160.13,160.05,160.05,159.21,159.22,159.23,159.24,159.25,0,0.0,0,0.0,0.0,0.0,0.0,0.0
2021-11-25 07:45:00,160.06,160.11,160.05,160.09,160.18,160.14,160.14,160.14,160.13,159.21,159.22,159.23,159.24,159.25,0,0.0,0,0.0,0.0,0.0,0.0,0.0
2021-11-25 11:45:00,160.09,160.16,160.09,160.13,160.18,160.14,160.14,160.14,160.13,159.21,159.22,159.23,159.24,159.25,0,0.0,0,0.0,0.0,0.0,0.0,0.0
2021-11-25 20:45:00,160.14,161.11,160.11,161.08,160.24,160.22,160.21,160.21,160.18,159.23,159.24,159.25,160.02,160.13,11/24/2021 17:00,159.9375,0,0.0,159.9375,158.9375,157.9375,0.0
2021-11-25 20:45:00,160.14,161.11,160.11,161.08,160.24,160.22,160.21,160.21,160.18,159.23,159.24,159.25,160.02,160.13,11/24/2021 17:00,159.9375,0,0.0,159.9375,158.9375,157.9375,0.0
2021-11-25 20:45:00,160.14,161.11,160.11,161.08,160.24,160.22,160.21,160.21,160.18,159.23,159.24,159.25,160.02,160.13,11/24/2021 17:00,159.9375,0,0.0,159.9375,158.9375,157.9375,0.0
2021-11-25 20:45:00,160.14,161.11,160.11,161.08,160.24,160.22,160.21,160.21,160.18,159.23,159.24,159.25,160.02,160.13,11/24/2021 17:00,159.9375,0,0.0,159.9375,158.9375,157.9375,0.0
2021-11-25 20:45:00,160.14,161.11,160.11,161.08,160.24,160.22,160.21,160.21,160.18,159.23,159.24,159.25,160.02,160.13,11/24/2021 17:00,159.9375,0,0.0,159.9375,158.9375,157.9375,0.0
2021-11-26 00:45:00,161.07,162.01,161.07,162.01,161.16,161.15,161.1,161.09,161.08,160.21,160.21,160.22,160.24,160.3,11/24/2021 17:00,159.9375,0,0.0,159.9375,158.9375,157.9375,0.0
2021-11-26 00:45:00,161.07,162.01,161.07,162.01,161.16,161.15,161.1,161.09,161.08,160.21,160.21,160.22,160.24,160.3,11/24/2021 17:00,159.9375,0,0.0,159.9375,158.9375,157.9375,0.0
2021-11-26 00:45:00,161.07,162.01,161.07,162.01,161.16,161.15,161.1,161.09,161.08,160.21,160.21,160.22,160.24,160.3,11/24/2021 17:00,159.9375,0,0.0,159.9375,158.9375,157.9375,0.0
2021-11-26 00:45:00,161.07,162.01,161.07,162.01,161.16,161.15,161.1,161.09,161.08,160.21,160.21,160.22,160.24,160.3,11/24/2021 17:00,159.9375,0,0.0,159.9375,158.9375,157.9375,0.0
2021-11-26 00:45:00,161.07,162.01,161.07,162.01,161.16,161.15,161.1,161.09,161.08,160.21,160.21,160.22,160.24,160.3,11/24/2021 17:00,159.9375,0,0.0,159.9375,158.9375,157.9375,0.0
2021-11-26 00:45:00,161.07,162.01,161.07,162.01,161.16,161.15,161.1,161.09,161.08,160.21,160.21,160.22,160.24,160.3,11/24/2021 17:00,159.9375,0,0.0,159.9375,158.9375,157.9375,0.0
2021-11-26 00:45:00,161.07,162.01,161.07,162.01,161.16,161.15,161.1,161.09,161.08,160.21,160.21,160.22,160.24,160.3,11/24/2021 17:00,159.9375,0,0.0,159.9375,158.9375,157.9375,0.0
2021-11-26 00:45:00,161.07,162.01,161.07,162.01,161.16,161.15,161.1,161.09,161.08,160.21,160.21,160.22,160.24,160.3,11/24/2021 17:00,159.9375,0,0.0,159.9375,158.9375,157.9375,0.0
2021-11-26 04:45:00,162.01,162.28,161.29,162.11,162.09,162.07,162.06,162.05,162.02,160.3,161.15,161.16,161.22,162.0,11/24/2021 17:00,159.9375,0,0.0,159.9375,158.9375,157.9375,0.0
2021-11-26 04:45:00,162.01,162.28,161.29,162.11,162.09,162.07,162.06,162.05,162.02,160.3,161.15,161.16,161.22,162.0,11/24/2021 17:00,159.9375,0,0.0,159.9375,158.9375,157.9375,0.0
2021-11-26 04:45:00,162.01,162.28,161.29,162.11,162.09,162.07,162.06,162.05,162.02,160.3,161.15,161.16,161.22,162.0,11/24/2021 17:00,159.9375,0,0.0,159.9375,158.9375,157.9375,0.0
2021-11-26 04:45:00,162.01,162.28,161.29,162.11,162.09,162.07,162.06,162.05,162.02,160.3,161.15,161.16,161.22,162.0,11/24/2021 17:00,159.9375,0,0.0,159.9375,158.9375,157.9375,0.0
2021-11-26 08:45:00,162.11,162.23,161.29,162.09,162.17,162.15,162.13,162.13,162.12,162.0,162.05,162.06,162.07,162.09,0,0.0,0,0.0,0.0,0.0,0.0,0.0
2021-11-26 12:45:00,162.09,163.02,162.04,162.25,162.15,162.13,162.13,162.12,162.11,161.22,162.0,162.05,162.06,162.07,11/24/2021 17:00,159.9375,0,0.0,159.9375,158.9375,157.9375,0.0
2021-11-26 12:45:00,162.09,163.02,162.04,162.25,162.15,162.13,162.13,162.12,162.11,161.22,162.0,162.05,162.06,162.07,11/24/2021 17:00,159.9375,0,0.0,159.9375,158.9375,157.9375,0.0
2021-11-26 12:45:00,162.09,163.02,162.04,162.25,162.15,162.13,162.13,162.12,162.11,161.22,162.0,162.05,162.06,162.07,11/24/2021 17:00,159.9375,0,0.0,159.9375,158.9375,157.9375,0.0
2021-11-26 12:45:00,162.09,163.02,162.04,162.25,162.15,162.13,162.13,162.12,162.11,161.22,162.0,162.05,162.06,162.07,11/24/2021 17:00,159.9375,0,0.0,159.9375,158.9375,157.9375,0.0
2021-11-26 12:45:00,162.09,163.02,162.04,162.25,162.15,162.13,162.13,162.12,162.11,161.22,162.0,162.05,162.06,162.07,11/24/2021 17:00,159.9375,0,0.0,159.9375,158.9375,157.9375,0.0
2021-11-26 12:45:00,162.09,163.02,162.04,162.25,162.15,162.13,162.13,162.12,162.11,161.22,162.0,162.05,162.06,162.07,11/24/2021 17:00,159.9375,0,0.0,159.9375,158.9375,157.9375,0.0
2021-11-28 21:30:00,162.25,163.08,162.04,162.06,163.28,163.27,163.09,163.01,163.01,162.15,162.17,162.17,162.19,162.24,0,0.0,0,0.0,0.0,0.0,0.0,0.0
2021-11-29 01:30:00,162.06,162.21,162.05,162.2,162.15,162.13,162.11,162.09,162.07,161.16,161.22,161.29,162.0,162.05,11/26/2021 13:15,162.375,0,0.0,162.375,161.375,160.375,0.0
2021-11-29 05:30:00,162.2,162.22,162.05,162.06,163.27,163.09,163.01,163.01,162.24,161.22,161.29,162.0,162.05,162.06,0,0.0,0,0.0,0.0,0.0,0.0,0.0
2021-11-29 09:30:00,162.07,162.13,161.2,161.21,163.09,163.08,163.01,163.01,162.24,161.29,162.0,162.04,162.05,162.06,0,0.0,0,0.0,0.0,0.0,0.0,0.0
2021-11-29 13:30:00,161.21,162.19,161.2,162.12,162.05,162.04,162.0,161.29,161.22,160.24,160.3,161.07,161.15,161.16,11/26/2021 13:15,162.375,0,0.0,162.375,161.375,160.375,0.0
2021-11-29 13:30:00,161.21,162.19,161.2,162.12,162.05,162.04,162.0,161.29,161.22,160.24,160.3,161.07,161.15,161.16,11/26/2021 13:15,162.375,0,0.0,162.375,161.375,160.375,0.0
2021-11-29 18:30:00,162.12,162.23,162.04,162.17,163.08,163.01,163.01,162.24,162.22,161.07,161.15,161.16,161.29,162.04,0,0.0,0,0.0,0.0,0.0,0.0,0.0
2021-11-29 22:30:00,162.17,162.19,162.06,162.15,163.08,163.01,163.01,162.24,162.22,161.07,161.15,161.16,161.29,162.04,0,0.0,0,0.0,0.0,0.0,0.0,0.0
2021-11-30 02:30:00,162.15,163.17,162.14,163.09,163.08,163.01,163.01,162.24,162.22,161.15,161.16,161.2,161.29,162.04,0,0.0,11/29/2021 17:00,162.53125,162.53125,163.53125,164.53125,0.0
2021-11-30 02:30:00,162.15,163.17,162.14,163.09,163.08,163.01,163.01,162.24,162.22,161.15,161.16,161.2,161.29,162.04,0,0.0,11/29/2021 17:00,162.53125,162.53125,163.53125,164.53125,0.0
2021-11-30 02:30:00,162.15,163.17,162.14,163.09,163.08,163.01,163.01,162.24,162.22,161.15,161.16,161.2,161.29,162.04,0,0.0,11/29/2021 17:00,162.53125,162.53125,163.53125,164.53125,0.0
2021-11-30 06:30:00,163.09,163.26,163.05,163.15,164.04,164.02,164.0,163.28,163.27,162.04,162.04,162.22,163.01,163.08,0,0.0,0,0.0,0.0,0.0,0.0,0.0
2021-11-30 10:30:00,163.15,164.04,163.12,163.3,164.04,164.02,164.0,163.28,163.27,162.04,162.06,162.22,163.01,163.08,0,0.0,11/29/2021 17:00,162.53125,162.53125,163.53125,164.53125,0.0
2021-11-30 10:30:00,163.15,164.04,163.12,163.3,164.04,164.02,164.0,163.28,163.27,162.04,162.06,162.22,163.01,163.08,0,0.0,11/29/2021 17:00,162.53125,162.53125,163.53125,164.53125,0.0
2021-11-30 10:30:00,163.15,164.04,163.12,163.3,164.04,164.02,164.0,163.28,163.27,162.04,162.06,162.22,163.01,163.08,0,0.0,11/29/2021 17:00,162.53125,162.53125,163.53125,164.53125,0.0
2021-11-30 14:30:00,163.3,164.03,162.28,163.26,164.06,164.05,164.04,164.02,164.0,162.22,163.01,163.08,163.27,163.28,0,0.0,0,0.0,0.0,0.0,0.0,0.0
2021-11-30 19:30:00,163.26,163.31,163.02,163.11,164.04,164.02,164.0,163.28,163.27,162.06,162.14,162.22,163.01,163.08,0,0.0,0,0.0,0.0,0.0,0.0,0.0
2021-11-30 23:30:00,163.11,163.13,162.26,163.06,164.04,164.02,164.0,163.28,163.27,162.06,162.14,162.22,163.01,163.08,0,0.0,0,0.0,0.0,0.0,0.0,0.0
2021-12-01 03:30:00,163.06,163.17,163.03,163.05,164.02,164.0,163.28,163.27,163.08,162.04,162.06,162.14,162.22,163.01,0,0.0,0,0.0,0.0,0.0,0.0,0.0
2021-12-01 07:30:00,163.05,163.13,162.25,163.08,164.0,163.31,163.28,163.27,163.08,162.04,162.06,162.14,162.22,163.01,0,0.0,0,0.0,0.0,0.0,0.0,0.0
2021-12-01 11:30:00,163.09,163.13,162.25,163.08,164.02,164.0,163.31,163.28,163.27,162.06,162.14,162.22,163.01,163.08,0,0.0,0,0.0,0.0,0.0,0.0,0.0
2021-12-01 15:30:00,163.09,164.13,163.07,164.07,164.0,163.31,163.28,163.27,163.17,162.06,162.14,162.22,163.01,163.08,11/30/2021 17:00,162.53125,0,0.0,162.53125,161.53125,160.53125,0.0
2021-12-01 15:30:00,163.09,164.13,163.07,164.07,164.0,163.31,163.28,163.27,163.17,162.06,162.14,162.22,163.01,163.08,11/30/2021 17:00,162.53125,0,0.0,162.53125,161.53125,160.53125,0.0
2021-12-01 15:30:00,163.09,164.13,163.07,164.07,164.0,163.31,163.28,163.27,163.17,162.06,162.14,162.22,163.01,163.08,11/30/2021 17:00,162.53125,0,0.0,162.53125,161.53125,160.53125,0.0
2021-12-01 15:30:00,163.09,164.13,163.07,164.07,164.0,163.31,163.28,163.27,163.17,162.06,162.14,162.22,163.01,163.08,11/30/2021 17:00,162.53125,0,0.0,162.53125,161.53125,160.53125,0.0
2021-12-01 15:30:00,163.09,164.13,163.07,164.07,164.0,163.31,163.28,163.27,163.17,162.06,162.14,162.22,163.01,163.08,11/30/2021 17:00,162.53125,0,0.0,162.53125,161.53125,160.53125,0.0
2021-12-01 15:30:00,163.09,164.13,163.07,164.07,164.0,163.31,163.28,163.27,163.17,162.06,162.14,162.22,163.01,163.08,11/30/2021 17:00,162.53125,0,0.0,162.53125,161.53125,160.53125,0.0
2021-12-01 20:30:00,164.08,164.25,164.03,164.15,164.15,164.14,164.13,164.11,164.09,164.0,164.03,164.04,164.06,164.07,12/01/2021 17:00,163.875,0,0.0,163.875,162.875,161.875,0.0
2021-12-01 20:30:00,164.08,164.25,164.03,164.15,164.15,164.14,164.13,164.11,164.09,164.0,164.03,164.04,164.06,164.07,12/01/2021 17:00,163.875,0,0.0,163.875,162.875,161.875,0.0
2021-12-02 00:30:00,164.15,164.16,164.02,164.03,164.19,164.19,164.19,164.18,164.16,164.03,164.04,164.06,164.09,164.13,0,0.0,0,0.0,0.0,0.0,0.0,0.0
2021-12-02 04:30:00,164.03,164.08,163.28,164.0,164.15,164.13,164.09,164.06,164.04,163.01,163.07,163.17,163.31,164.0,0,0.0,0,0.0,0.0,0.0,0.0,0.0
2021-12-02 08:30:00,164.0,164.26,163.29,164.2,164.13,164.09,164.06,164.04,164.03,162.25,163.01,163.07,163.17,163.31,12/01/2021 17:00,163.875,0,0.0,163.875,162.875,161.875,0.0
2021-12-02 08:30:00,164.0,164.26,163.29,164.2,164.13,164.09,164.06,164.04,164.03,162.25,163.01,163.07,163.17,163.31,12/01/2021 17:00,163.875,0,0.0,163.875,162.875,161.875,0.0
2021-12-02 08:30:00,164.0,164.26,163.29,164.2,164.13,164.09,164.06,164.04,164.03,162.25,163.01,163.07,163.17,163.31,12/01/2021 17:00,163.875,0,0.0,163.875,162.875,161.875,0.0
2021-12-02 12:30:00,164.2,164.28,163.23,163.28,164.25,164.25,164.25,164.23,164.21,163.31,164.0,164.19,164.19,164.19,0,0.0,0,0.0,0.0,0.0,0.0,0.0
2021-12-02 16:30:00,163.28,164.11,163.25,164.02,164.19,164.19,164.19,164.0,163.31,162.22,162.25,163.01,163.07,163.17,0,0.0,0,0.0,0.0,0.0,0.0,0.0
2021-12-02 21:30:00,164.02,164.2,163.31,164.14,164.21,164.2,164.19,164.19,164.19,162.22,162.25,163.01,163.07,163.17,0,0.0,0,0.0,0.0,0.0,0.0,0.0
2021-12-03 01:30:00,164.14,164.19,164.08,164.09,164.21,164.2,164.19,164.19,164.19,162.25,163.01,163.07,163.17,163.23,0,0.0,0,0.0,0.0,0.0,0.0,0.0
2021-12-03 05:30:00,164.09,164.15,163.3,164.12,164.21,164.2,164.19,164.19,164.19,163.01,163.07,163.17,163.23,163.25,0,0.0,0,0.0,0.0,0.0,0.0,0.0
2021-12-03 09:30:00,164.13,164.23,163.25,163.28,164.2,164.2,164.19,164.19,164.19,163.01,163.07,163.17,163.23,163.25,0,0.0,0,0.0,0.0,0.0,0.0,0.0
2021-12-03 13:30:00,163.27,165.19,163.2,165.18,164.2,164.2,164.19,164.19,164.19,163.01,163.07,163.17,163.23,163.25,12/01/2021 17:00,163.875,0,0.0,163.875,162.875,161.875,0.0
2021-12-03 13:30:00,163.27,165.19,163.2,165.18,164.2,164.2,164.19,164.19,164.19,163.01,163.07,163.17,163.23,163.25,12/01/2021 17:00,163.875,0,0.0,163.875,162.875,161.875,0.0
2021-12-03 13:30:00,163.27,165.19,163.2,165.18,164.2,164.2,164.19,164.19,164.19,163.01,163.07,163.17,163.23,163.25,12/01/2021 17:00,163.875,0,0.0,163.875,162.875,161.875,0.0
2021-12-03 13:30:00,163.27,165.19,163.2,165.18,164.2,164.2,164.19,164.19,164.19,163.01,163.07,163.17,163.23,163.25,12/01/2021 17:00,163.875,0,0.0,163.875,162.875,161.875,0.0
2021-12-03 13:30:00,163.27,165.19,163.2,165.18,164.2,164.2,164.19,164.19,164.19,163.01,163.07,163.17,163.23,163.25,12/01/2021 17:00,163.875,0,0.0,163.875,162.875,161.875,0.0
2021-12-03 13:30:00,163.27,165.19,163.2,165.18,164.2,164.2,164.19,164.19,164.19,163.01,163.07,163.17,163.23,163.25,12/01/2021 17:00,163.875,0,0.0,163.875,162.875,161.875,0.0
2021-12-03 13:30:00,163.27,165.19,163.2,165.18,164.2,164.2,164.19,164.19,164.19,163.01,163.07,163.17,163.23,163.25,12/01/2021 17:00,163.875,0,0.0,163.875,162.875,161.875,0.0
2021-12-03 13:30:00,163.27,165.19,163.2,165.18,164.2,164.2,164.19,164.19,164.19,163.01,163.07,163.17,163.23,163.25,12/01/2021 17:00,163.875,0,0.0,163.875,162.875,161.875,0.0
2021-12-03 13:30:00,163.27,165.19,163.2,165.18,164.2,164.2,164.19,164.19,164.19,163.01,163.07,163.17,163.23,163.25,12/01/2021 17:00,163.875,0,0.0,163.875,162.875,161.875,0.0
2021-12-03 13:30:00,163.27,165.19,163.2,165.18,164.2,164.2,164.19,164.19,164.19,163.01,163.07,163.17,163.23,163.25,12/01/2021 17:00,163.875,0,0.0,163.875,162.875,161.875,0.0
2021-12-03 13:30:00,163.27,165.19,163.2,165.18,164.2,164.2,164.19,164.19,164.19,163.01,163.07,163.17,163.23,163.25,12/01/2021 17:00,163.875,0,0.0,163.875,162.875,161.875,0.0
2021-12-03 13:30:00,163.27,165.19,163.2,165.18,164.2,164.2,164.19,164.19,164.19,163.01,163.07,163.17,163.23,163.25,12/01/2021 17:00,163.875,0,0.0,163.875,162.875,161.875,0.0
2021-12-03 13:30:00,163.27,165.19,163.2,165.18,164.2,164.2,164.19,164.19,164.19,163.01,163.07,163.17,163.23,163.25,12/01/2021 17:00,163.875,0,0.0,163.875,162.875,161.875,0.0
2021-12-05 18:30:00,165.18,166.04,165.1,165.16,166.07,165.29,165.23,165.19,165.19,164.28,164.29,165.04,165.05,165.11,12/03/2021 17:00,165.40625,0,0.0,165.40625,164.40625,163.40625,0.0
2021-12-05 22:30:00,165.16,165.17,165.08,165.1,165.23,165.19,165.19,165.18,165.18,164.28,164.29,165.04,165.05,165.11,0,0.0,0,0.0,0.0,0.0,0.0,0.0
2021-12-06 02:30:00,165.1,165.14,165.05,165.13,165.19,165.19,165.18,165.18,165.11,164.27,164.28,164.29,165.04,165.05,0,0.0,0,0.0,0.0,0.0,0.0,0.0
2021-12-06 06:30:00,165.14,165.15,164.3,165.04,165.23,165.19,165.19,165.18,165.18,164.27,164.28,164.29,165.04,165.05,0,0.0,0,0.0,0.0,0.0,0.0,0.0
2021-12-06 10:30:00,165.04,165.17,164.29,165.06,165.19,165.18,165.18,165.17,165.05,164.25,164.25,164.27,164.28,164.29,0,0.0,0,0.0,0.0,0.0,0.0,0.0
2021-12-06 14:30:00,165.06,165.08,164.02,164.06,165.19,165.19,165.18,165.18,165.17,164.25,164.27,164.28,164.29,165.04,0,0.0,0,0.0,0.0,0.0,0.0,0.0
2021-12-06 19:30:00,164.06,164.16,164.03,164.11,164.25,164.23,164.21,164.2,164.2,163.07,163.17,163.2,163.23,163.25,0,0.0,0,0.0,0.0,0.0,0.0,0.0
2021-12-06 23:30:00,164.1,164.11,163.29,163.3,164.25,164.23,164.21,164.2,164.2,163.07,163.17,163.2,163.23,163.25,0,0.0,0,0.0,0.0,0.0,0.0,0.0
2021-12-07 03:30:00,163.3,164.0,163.25,164.0,164.25,164.23,164.21,164.2,164.2,163.07,163.17,163.2,163.23,163.25,0,0.0,0,0.0,0.0,0.0,0.0,0.0
2021-12-07 07:30:00,164.0,164.09,163.29,164.07,164.23,164.21,164.2,164.2,164.16,163.07,163.17,163.2,163.23,163.25,0,0.0,0,0.0,0.0,0.0,0.0,0.0
2021-12-07 11:30:00,164.07,164.16,163.27,164.1,164.21,164.2,164.2,164.16,164.11,163.07,163.17,163.2,163.23,163.25,0,0.0,0,0.0,0.0,0.0,0.0,0.0
2021-12-07 15:30:00,164.1,164.11,163.16,163.19,164.21,164.2,164.2,164.16,164.11,163.17,163.2,163.23,163.25,163.25,0,0.0,0,0.0,0.0,0.0,0.0,0.0
2021-12-07 20:30:00,163.2,164.01,163.15,163.29,164.16,164.11,163.25,163.25,163.23,162.22,162.25,163.01,163.07,163.17,0,0.0,12/07/2021 17:00,164.1875,164.1875,165.1875,166.1875,0.0
2021-12-07 20:30:00,163.2,164.01,163.15,163.29,164.16,164.11,163.25,163.25,163.23,162.22,162.25,163.01,163.07,163.17,0,0.0,12/07/2021 17:00,164.1875,164.1875,165.1875,166.1875,0.0
2021-12-07 20:30:00,163.2,164.01,163.15,163.29,164.16,164.11,163.25,163.25,163.23,162.22,162.25,163.01,163.07,163.17,0,0.0,12/07/2021 17:00,164.1875,164.1875,165.1875,166.1875,0.0
2021-12-07 20:30:00,163.2,164.01,163.15,163.29,164.16,164.11,163.25,163.25,163.23,162.22,162.25,163.01,163.07,163.17,0,0.0,12/07/2021 17:00,164.1875,164.1875,165.1875,166.1875,0.0
2021-12-08 00:30:00,163.29,164.0,163.27,163.29,164.2,164.2,164.16,164.16,164.11,163.17,163.2,163.23,163.25,163.25,0,0.0,0,0.0,0.0,0.0,0.0,0.0
2021-12-08 04:30:00,163.28,164.02,163.23,164.01,164.2,164.16,164.16,164.11,164.11,163.17,163.2,163.23,163.25,163.25,0,0.0,0,0.0,0.0,0.0,0.0,0.0
2021-12-08 08:30:00,164.01,164.18,163.1,163.12,164.2,164.16,164.16,164.11,164.11,163.17,163.2,163.23,163.25,163.25,0,0.0,0,0.0,0.0,0.0,0.0,0.0
2021-12-08 12:30:00,163.11,163.13,162.07,162.13,164.16,164.11,164.11,163.17,163.15,162.14,162.22,162.25,163.01,163.07,0,0.0,0,0.0,0.0,0.0,0.0,0.0
2021-12-08 16:30:00,162.12,162.25,162.04,162.08,163.15,163.07,162.25,162.22,162.14,161.2,161.29,162.04,162.04,162.06,0,0.0,0,0.0,0.0,0.0,0.0,0.0
2021-12-08 21:30:00,162.08,162.17,162.04,162.07,163.15,163.07,162.25,162.22,162.14,161.2,161.29,162.04,162.04,162.06,0,0.0,0,0.0,0.0,0.0,0.0,0.0
2021-12-09 01:30:00,162.07,162.21,162.07,162.18,163.13,163.07,162.25,162.22,162.14,161.2,161.29,162.04,162.04,162.06,0,0.0,12/08/2021 17:00,162.78125,162.78125,163.78125,164.78125,0.0
2021-12-09 05:30:00,162.18,162.29,162.16,162.26,163.13,163.07,162.25,162.25,162.22,161.29,162.04,162.04,162.06,162.14,0,0.0,12/08/2021 17:00,162.78125,162.78125,163.78125,164.78125,0.0
2021-12-09 05:30:00,162.18,162.29,162.16,162.26,163.13,163.07,162.25,162.25,162.22,161.29,162.04,162.04,162.06,162.14,0,0.0,12/08/2021 17:00,162.78125,162.78125,163.78125,164.78125,0.0
2021-12-09 09:30:00,162.26,163.09,162.23,162.3,164.11,163.17,163.15,163.13,163.07,162.04,162.06,162.14,162.25,162.25,0,0.0,0,0.0,0.0,0.0,0.0,0.0
2021-12-09 13:30:00,162.3,163.08,162.16,162.3,164.11,163.17,163.15,163.13,163.07,162.06,162.07,162.14,162.25,162.25,0,0.0,0,0.0,0.0,0.0,0.0,0.0
2021-12-09 18:30:00,162.3,163.05,162.24,162.25,164.11,163.17,163.15,163.13,163.07,162.06,162.07,162.14,162.25,162.25,0,0.0,0,0.0,0.0,0.0,0.0,0.0
2021-12-09 22:30:00,162.26,163.06,162.26,162.29,163.17,163.15,163.13,163.09,163.07,162.06,162.07,162.14,162.25,162.25,0,0.0,0,0.0,0.0,0.0,0.0,0.0
2021-12-10 02:30:00,162.29,162.31,162.19,162.2,163.15,163.13,163.09,163.08,163.07,162.07,162.14,162.16,162.25,162.25,0,0.0,0,0.0,0.0,0.0,0.0,0.0
2021-12-10 06:30:00,162.2,162.25,162.17,162.21,163.13,163.09,163.08,163.07,162.25,162.04,162.06,162.07,162.14,162.16,0,0.0,0,0.0,0.0,0.0,0.0,0.0
2021-12-10 10:30:00,162.21,163.2,162.18,163.1,163.09,163.08,163.07,163.06,162.25,162.04,162.06,162.07,162.14,162.16,12/09/2021 17:00,162.78125,0,0.0,162.78125,161.78125,160.78125,0.0
2021-12-10 10:30:00,162.21,163.2,162.18,163.1,163.09,163.08,163.07,163.06,162.25,162.04,162.06,162.07,162.14,162.16,12/09/2021 17:00,162.78125,0,0.0,162.78125,161.78125,160.78125,0.0
2021-12-10 10:30:00,162.21,163.2,162.18,163.1,163.09,163.08,163.07,163.06,162.25,162.04,162.06,162.07,162.14,162.16,12/09/2021 17:00,162.78125,0,0.0,162.78125,161.78125,160.78125,0.0
2021-12-10 10:30:00,162.21,163.2,162.18,163.1,163.09,163.08,163.07,163.06,162.25,162.04,162.06,162.07,162.14,162.16,12/09/2021 17:00,162.78125,0,0.0,162.78125,161.78125,160.78125,0.0
2021-12-10 14:30:00,163.1,163.25,163.02,163.03,164.11,164.11,163.17,163.15,163.13,162.16,163.06,163.07,163.08,163.09,0,0.0,0,0.0,0.0,0.0,0.0,0.0
2021-12-12 19:30:00,163.02,163.08,162.27,162.29,163.15,163.13,163.09,163.08,163.06,162.06,162.07,162.14,162.16,162.17,0,0.0,0,0.0,0.0,0.0,0.0,0.0
2021-12-12 23:30:00,162.3,162.31,162.22,162.29,163.15,163.13,163.09,163.08,163.06,162.07,162.14,162.16,162.17,162.18,0,0.0,0,0.0,0.0,0.0,0.0,0.0
2021-12-13 03:30:00,162.29,163.04,162.26,163.03,163.15,163.13,163.09,163.08,163.06,162.07,162.14,162.16,162.17,162.18,0,0.0,0,0.0,0.0,0.0,0.0,0.0
2021-12-13 07:30:00,163.03,163.14,163.03,163.13,163.13,163.09,163.08,163.08,163.06,162.07,162.14,162.16,162.17,162.18,12/09/2021 17:00,162.78125,0,0.0,162.78125,161.78125,160.78125,0.0
2021-12-13 11:30:00,163.13,164.09,163.11,164.08,164.11,164.11,163.25,163.17,163.15,162.16,162.17,162.18,162.22,163.08,12/09/2021 17:00,162.78125,0,0.0,162.78125,161.78125,160.78125,0.0
2021-12-13 11:30:00,163.13,164.09,163.11,164.08,164.11,164.11,163.25,163.17,163.15,162.16,162.17,162.18,162.22,163.08,12/09/2021 17:00,162.78125,0,0.0,162.78125,161.78125,160.78125,0.0
2021-12-13 11:30:00,163.13,164.09,163.11,164.08,164.11,164.11,163.25,163.17,163.15,162.16,162.17,162.18,162.22,163.08,12/09/2021 17:00,162.78125,0,0.0,162.78125,161.78125,160.78125,0.0
2021-12-13 15:30:00,164.09,164.14,164.02,164.07,164.18,164.16,164.16,164.11,164.11,162.26,163.08,163.13,163.15,163.25,0,0.0,0,0.0,0.0,0.0,0.0,0.0
2021-12-13 20:30:00,164.07,164.15,164.04,164.09,164.18,164.16,164.16,164.11,164.11,163.03,163.08,163.13,163.15,163.25,0,0.0,0,0.0,0.0,0.0,0.0,0.0
2021-12-14 00:30:00,164.09,164.12,164.07,164.09,164.18,164.16,164.16,164.11,164.11,163.08,163.11,163.13,163.15,163.25,0,0.0,0,0.0,0.0,0.0,0.0,0.0
2021-12-14 04:30:00,164.08,164.11,163.31,163.31,164.18,164.16,164.16,164.11,164.11,163.11,163.13,163.15,163.25,164.02,0,0.0,0,0.0,0.0,0.0,0.0,0.0
2021-12-14 08:30:00,163.31,164.07,163.28,164.02,164.16,164.15,164.11,164.11,164.02,163.08,163.11,163.13,163.15,163.25,0,0.0,0,0.0,0.0,0.0,0.0,0.0
2021-12-14 12:30:00,164.02,164.13,163.08,163.31,164.16,164.15,164.12,164.11,164.11,163.08,163.11,163.13,163.15,163.25,0,0.0,0,0.0,0.0,0.0,0.0,0.0
2021-12-14 16:30:00,164.0,164.03,163.28,163.28,164.15,164.12,164.11,164.11,164.02,163.08,163.11,163.13,163.15,163.25,0,0.0,0,0.0,0.0,0.0,0.0,0.0
2021-12-14 21:30:00,163.29,164.02,163.26,164.0,164.15,164.12,164.11,164.11,164.02,163.08,163.11,163.13,163.15,163.25,0,0.0,0,0.0,0.0,0.0,0.0,0.0
2021-12-15 01:30:00,164.0,164.02,163.28,164.02,164.13,164.12,164.11,164.11,164.02,163.08,163.11,163.13,163.15,163.25,0,0.0,0,0.0,0.0,0.0,0.0,0.0
2021-12-15 05:30:00,164.02,164.07,163.25,164.0,164.13,164.12,164.11,164.11,164.03,163.08,163.11,163.13,163.15,163.25,0,0.0,0,0.0,0.0,0.0,0.0,0.0
2021-12-15 09:30:00,164.01,164.01,163.09,163.09,164.12,164.11,164.11,164.03,164.02,163.08,163.11,163.13,163.15,163.25,0,0.0,0,0.0,0.0,0.0,0.0,0.0
2021-12-15 13:30:00,163.09,164.04,163.09,163.24,164.03,164.02,163.25,163.13,163.11,162.22,162.26,163.03,163.08,163.08,12/13/2021 17:00,164.1875,0,0.0,164.1875,163.1875,162.1875,0.0
2021-12-15 18:30:00,163.24,163.29,163.01,163.13,164.11,164.07,164.03,164.02,163.25,162.26,163.03,163.08,163.08,163.11,0,0.0,0,0.0,0.0,0.0,0.0,0.0
2021-12-15 22:30:00,163.13,163.18,163.03,163.15,164.11,164.07,164.03,164.02,163.25,162.26,163.03,163.08,163.08,163.11,0,0.0,0,0.0,0.0,0.0,0.0,0.0
2021-12-16 02:30:00,163.15,163.2,163.08,163.15,164.07,164.04,164.03,164.02,163.25,162.26,163.03,163.08,163.08,163.11,0,0.0,0,0.0,0.0,0.0,0.0,0.0
2021-12-16 06:30:00,163.16,163.26,163.13,163.23,164.04,164.03,164.02,163.29,163.25,163.01,163.03,163.08,163.08,163.11,0,0.0,0,0.0,0.0,0.0,0.0,0.0
2021-12-16 10:30:00,163.24,164.03,162.27,164.0,164.04,164.03,164.02,163.29,163.25,163.03,163.03,163.08,163.08,163.11,12/13/2021 17:00,164.1875,0,0.0,164.1875,163.1875,162.1875,0.0
2021-12-16 14:30:00,163.31,164.0,163.16,163.24,164.11,164.07,164.04,164.03,164.02,163.03,163.08,163.08,163.11,163.29,0,0.0,0,0.0,0.0,0.0,0.0,0.0
2021-12-16 19:30:00,163.24,163.31,163.17,163.24,164.07,164.04,164.03,164.02,163.29,163.03,163.03,163.08,163.08,163.11,0,0.0,0,0.0,0.0,0.0,0.0,0.0
2021-12-16 23:30:00,163.24,164.02,163.22,164.0,164.04,164.03,164.03,164.02,163.29,163.03,163.03,163.08,163.08,163.11,0,0.0,0,0.0,0.0,0.0,0.0,0.0
2021-12-17 03:30:00,164.01,164.04,163.26,163.29,164.07,164.04,164.03,164.03,164.02,163.03,163.08,163.08,163.11,163.16,0,0.0,0,0.0,0.0,0.0,0.0,0.0
2021-12-17 07:30:00,163.3,164.09,163.21,164.09,164.07,164.04,164.03,164.03,164.02,163.08,163.08,163.11,163.16,163.17,12/13/2021 17:00,164.1875,0,0.0,164.1875,163.1875,162.1875,0.0
2021-12-17 07:30:00,163.3,164.09,163.21,164.09,164.07,164.04,164.03,164.03,164.02,163.08,163.08,163.11,163.16,163.17,12/13/2021 17:00,164.1875,0,0.0,164.1875,163.1875,162.1875,0.0
2021-12-17 07:30:00,163.3,164.09,163.21,164.09,164.07,164.04,164.03,164.03,164.02,163.08,163.08,163.11,163.16,163.17,12/13/2021 17:00,164.1875,0,0.0,164.1875,163.1875,162.1875,0.0
2021-12-17 07:30:00,163.3,164.09,163.21,164.09,164.07,164.04,164.03,164.03,164.02,163.08,163.08,163.11,163.16,163.17,12/13/2021 17:00,164.1875,0,0.0,164.1875,163.1875,162.1875,0.0
2021-12-17 11:30:00,164.08,164.23,164.04,164.08,164.15,164.13,164.12,164.11,164.11,164.02,164.03,164.03,164.04,164.07,12/13/2021 17:00,164.1875,0,0.0,164.1875,163.1875,162.1875,0.0
2021-12-17 15:30:00,164.07,164.21,164.02,164.05,164.15,164.13,164.12,164.11,164.11,163.17,164.02,164.03,164.03,164.04,0,0.0,0,0.0,0.0,0.0,0.0,0.0
2021-12-19 20:30:00,164.05,164.29,164.04,164.2,164.13,164.12,164.11,164.11,164.07,163.21,164.02,164.03,164.03,164.04,12/13/2021 17:00,164.1875,0,0.0,164.1875,163.1875,162.1875,0.0
2021-12-19 20:30:00,164.05,164.29,164.04,164.2,164.13,164.12,164.11,164.11,164.07,163.21,164.02,164.03,164.03,164.04,12/13/2021 17:00,164.1875,0,0.0,164.1875,163.1875,162.1875,0.0
2021-12-19 20:30:00,164.05,164.29,164.04,164.2,164.13,164.12,164.11,164.11,164.07,163.21,164.02,164.03,164.03,164.04,12/13/2021 17:00,164.1875,0,0.0,164.1875,163.1875,162.1875,0.0
2021-12-19 20:30:00,164.05,164.29,164.04,164.2,164.13,164.12,164.11,164.11,164.07,163.21,164.02,164.03,164.03,164.04,12/13/2021 17:00,164.1875,0,0.0,164.1875,163.1875,162.1875,0.0
2021-12-19 20:30:00,164.05,164.29,164.04,164.2,164.13,164.12,164.11,164.11,164.07,163.21,164.02,164.03,164.03,164.04,12/13/2021 17:00,164.1875,0,0.0,164.1875,163.1875,162.1875,0.0
2021-12-19 20:30:00,164.05,164.29,164.04,164.2,164.13,164.12,164.11,164.11,164.07,163.21,164.02,164.03,164.03,164.04,12/13/2021 17:00,164.1875,0,0.0,164.1875,163.1875,162.1875,0.0
2021-12-20 00:30:00,164.2,164.31,164.18,164.29,164.25,164.25,164.25,164.23,164.21,164.13,164.15,164.16,164.16,164.18,12/13/2021 17:00,164.1875,0,0.0,164.1875,163.1875,162.1875,0.0
2021-12-20 00:30:00,164.2,164.31,164.18,164.29,164.25,164.25,164.25,164.23,164.21,164.13,164.15,164.16,164.16,164.18,12/13/2021 17:00,164.1875,0,0.0,164.1875,163.1875,162.1875,0.0
2021-12-20 04:30:00,164.29,165.11,164.2,164.24,165.18,165.17,165.17,165.08,165.04,164.13,164.15,164.16,164.16,164.18,0,0.0,0,0.0,0.0,0.0,0.0,0.0
2021-12-20 08:30:00,164.23,164.24,164.09,164.1,165.17,165.17,165.08,165.04,164.29,164.13,164.15,164.16,164.16,164.18,0,0.0,0,0.0,0.0,0.0,0.0,0.0
2021-12-20 12:30:00,164.1,164.17,164.0,164.0,164.15,164.13,164.12,164.11,164.11,164.02,164.03,164.03,164.04,164.04,0,0.0,0,0.0,0.0,0.0,0.0,0.0
2021-12-20 16:30:00,164.01,164.06,163.18,163.19,164.04,164.04,164.03,164.03,164.02,163.08,163.11,163.16,163.17,163.21,0,0.0,0,0.0,0.0,0.0,0.0,0.0
2021-12-20 21:30:00,163.18,163.27,163.16,163.17,164.04,164.03,164.03,164.02,163.21,163.08,163.08,163.11,163.16,163.17,0,0.0,0,0.0,0.0,0.0,0.0,0.0
2021-12-21 01:30:00,163.16,163.21,163.15,163.16,164.03,164.03,164.02,163.21,163.17,163.03,163.03,163.08,163.08,163.11,0,0.0,0,0.0,0.0,0.0,0.0,0.0
2021-12-21 05:30:00,163.16,163.27,163.07,163.08,164.03,164.03,164.02,163.21,163.17,163.03,163.03,163.08,163.08,163.11,0,0.0,0,0.0,0.0,0.0,0.0,0.0
2021-12-21 09:30:00,163.07,163.13,162.16,162.19,163.21,163.17,163.16,163.08,163.08,162.26,162.27,163.01,163.03,163.03,0,0.0,0,0.0,0.0,0.0,0.0,0.0
2021-12-21 13:30:00,162.19,162.24,162.06,162.24,163.03,163.01,162.27,162.26,162.22,162.07,162.14,162.16,162.17,162.18,12/13/2021 17:00,164.1875,0,0.0,164.1875,163.1875,162.1875,0.0
2021-12-21 18:30:00,162.24,163.05,162.12,163.04,163.03,163.03,163.01,162.27,162.26,162.14,162.16,162.17,162.18,162.22,0,0.0,12/21/2021 17:00,162.78125,162.78125,163.78125,164.78125,0.0
2021-12-21 18:30:00,162.24,163.05,162.12,163.04,163.03,163.03,163.01,162.27,162.26,162.14,162.16,162.17,162.18,162.22,0,0.0,12/21/2021 17:00,162.78125,162.78125,163.78125,164.78125,0.0
2021-12-21 18:30:00,162.24,163.05,162.12,163.04,163.03,163.03,163.01,162.27,162.26,162.14,162.16,162.17,162.18,162.22,0,0.0,12/21/2021 17:00,162.78125,162.78125,163.78125,164.78125,0.0
2021-12-21 18:30:00,162.24,163.05,162.12,163.04,163.03,163.03,163.01,162.27,162.26,162.14,162.16,162.17,162.18,162.22,0,0.0,12/21/2021 17:00,162.78125,162.78125,163.78125,164.78125,0.0
2021-12-21 22:30:00,163.04,163.07,162.27,163.0,163.17,163.16,163.13,163.08,163.08,162.26,162.27,163.01,163.03,163.03,0,0.0,0,0.0,0.0,0.0,0.0,0.0
2021-12-22 02:30:00,163.0,163.03,162.27,163.0,163.17,163.16,163.13,163.08,163.08,162.17,162.18,162.22,162.26,162.27,0,0.0,0,0.0,0.0,0.0,0.0,0.0
2021-12-22 06:30:00,162.31,163.0,162.2,162.24,163.17,163.16,163.13,163.08,163.08,162.17,162.18,162.22,162.26,162.27,0,0.0,0,0.0,0.0,0.0,0.0,0.0
2021-12-22 10:30:00,162.24,163.11,162.22,162.3,163.16,163.13,163.08,163.08,163.07,162.14,162.16,162.17,162.18,162.22,0,0.0,0,0.0,0.0,0.0,0.0,0.0
2021-12-22 14:30:00,162.3,163.06,162.24,163.04,163.16,163.13,163.08,163.08,163.07,162.14,162.16,162.17,162.18,162.22,0,0.0,12/21/2021 17:00,162.78125,162.78125,163.78125,164.78125,0.0
2021-12-22 19:30:00,163.05,163.09,163.01,163.07,163.16,163.13,163.08,163.08,163.07,162.16,162.17,162.18,162.2,162.22,0,0.0,0,0.0,0.0,0.0,0.0,0.0
2021-12-22 23:30:00,163.07,163.1,163.05,163.06,163.16,163.13,163.11,163.08,163.08,162.17,162.18,162.2,162.22,162.22,0,0.0,0,0.0,0.0,0.0,0.0,0.0
2021-12-23 03:30:00,163.07,163.07,162.31,163.0,163.16,163.13,163.11,163.08,163.08,162.18,162.2,162.22,162.22,162.24,0,0.0,0,0.0,0.0,0.0,0.0,0.0
2021-12-23 07:30:00,163.01,163.02,162.25,162.25,163.13,163.11,163.08,163.08,163.07,162.18,162.2,162.22,162.22,162.24,0,0.0,0,0.0,0.0,0.0,0.0,0.0
2021-12-23 11:30:00,162.26,163.06,162.03,162.11,163.11,163.1,163.08,163.08,163.07,162.18,162.2,162.22,162.22,162.24,0,0.0,0,0.0,0.0,0.0,0.0,0.0
2021-12-23 15:30:00,162.11,162.12,162.06,162.11,162.2,162.18,162.17,162.16,162.12,162.04,162.04,162.06,162.06,162.07,0,0.0,0,0.0,0.0,0.0,0.0,0.0
2021-12-26 20:30:00,162.1,162.17,162.09,162.16,162.2,162.18,162.17,162.16,162.12,162.04,162.04,162.06,162.06,162.07,0,0.0,12/23/2021 17:00,162.53125,162.53125,163.53125,164.53125,0.0
2021-12-27 00:30:00,162.16,162.18,162.15,162.16,162.24,162.22,162.2,162.18,162.17,162.04,162.06,162.06,162.07,162.12,0,0.0,0,0.0,0.0,0.0,0.0,0.0
2021-12-27 04:30:00,162.17,162.2,162.09,162.12,163.06,162.24,162.22,162.2,162.18,162.06,162.06,162.07,162.12,162.16,0,0.0,0,0.0,0.0,0.0,0.0,0.0
2021-12-27 08:30:00,162.12,162.16,162.09,162.13,162.22,162.2,162.18,162.17,162.16,162.04,162.06,162.06,162.06,162.07,0,0.0,0,0.0,0.0,0.0,0.0,0.0
2021-12-27 12:30:00,162.12,162.2,162.09,162.16,162.22,162.2,162.18,162.17,162.16,162.04,162.06,162.06,162.06,162.07,0,0.0,0,0.0,0.0,0.0,0.0,0.0
2021-12-27 16:30:00,162.15,162.21,162.13,162.18,162.22,162.2,162.18,162.17,162.16,162.06,162.06,162.06,162.07,162.12,0,0.0,12/23/2021 17:00,162.53125,162.53125,163.53125,164.53125,0.0
2021-12-27 21:30:00,162.18,162.19,162.13,162.18,163.07,163.06,162.24,162.22,162.2,162.06,162.07,162.12,162.16,162.17,0,0.0,12/23/2021 17:00,162.53125,162.53125,163.53125,164.53125,0.0
2021-12-28 01:30:00,162.17,162.22,162.17,162.18,163.06,162.24,162.22,162.2,162.18,162.06,162.07,162.09,162.12,162.16,0,0.0,0,0.0,0.0,0.0,0.0,0.0
2021-12-28 05:30:00,162.19,162.2,162.11,162.14,163.07,163.06,162.24,162.22,162.2,162.09,162.12,162.16,162.17,162.18,0,0.0,0,0.0,0.0,0.0,0.0,0.0
2021-12-28 09:30:00,162.13,163.02,162.1,162.31,163.06,162.24,162.22,162.2,162.18,162.06,162.06,162.07,162.09,162.12,0,0.0,12/23/2021 17:00,162.53125,162.53125,163.53125,164.53125,0.0
2021-12-28 09:30:00,162.13,163.02,162.1,162.31,163.06,162.24,162.22,162.2,162.18,162.06,162.06,162.07,162.09,162.12,0,0.0,12/23/2021 17:00,162.53125,162.53125,163.53125,164.53125,0.0
2021-12-28 09:30:00,162.13,163.02,162.1,162.31,163.06,162.24,162.22,162.2,162.18,162.06,162.06,162.07,162.09,162.12,0,0.0,12/23/2021 17:00,162.53125,162.53125,163.53125,164.53125,0.0
2021-12-28 13:30:00,163.0,163.03,162.14,162.15,163.08,163.08,163.07,163.07,163.06,162.12,162.18,162.2,162.22,162.24,0,0.0,0,0.0,0.0,0.0,0.0,0.0
2021-12-28 18:30:00,162.14,162.17,162.05,162.15,163.08,163.08,163.07,163.07,163.06,162.06,162.06,162.07,162.09,162.12,0,0.0,0,0.0,0.0,0.0,0.0,0.0
2021-12-28 22:30:00,162.16,162.2,162.15,162.18,163.08,163.08,163.07,163.07,163.06,162.06,162.06,162.07,162.09,162.12,0,0.0,0,0.0,0.0,0.0,0.0,0.0
2021-12-29 02:30:00,162.18,162.2,162.16,162.16,163.08,163.07,163.07,163.06,163.03,162.06,162.06,162.07,162.09,162.12,0,0.0,0,0.0,0.0,0.0,0.0,0.0
2021-12-29 06:30:00,162.16,162.17,162.01,162.02,163.08,163.07,163.07,163.06,163.03,162.06,162.06,162.07,162.09,162.12,0,0.0,0,0.0,0.0,0.0,0.0,0.0
2021-12-29 10:30:00,162.02,162.06,161.05,161.09,162.06,162.05,162.04,162.04,162.03,161.07,161.15,161.16,161.2,161.29,0,0.0,0,0.0,0.0,0.0,0.0,0.0
2021-12-29 14:30:00,161.09,161.1,160.25,161.01,162.04,162.04,162.03,161.2,161.16,160.21,160.22,160.24,160.3,161.07,0,0.0,0,0.0,0.0,0.0,0.0,0.0
2021-12-29 19:30:00,161.02,161.05,160.25,161.0,162.04,162.03,161.2,161.16,161.07,160.21,160.21,160.22,160.24,160.3,0,0.0,0,0.0,0.0,0.0,0.0,0.0
2021-12-29 23:30:00,161.0,161.01,160.29,160.31,162.04,162.03,161.2,161.16,161.07,160.21,160.21,160.22,160.24,160.3,0,0.0,0,0.0,0.0,0.0,0.0,0.0
2021-12-30 03:30:00,160.31,161.05,160.3,161.04,162.03,161.2,161.16,161.1,161.07,160.21,160.21,160.22,160.24,160.3,0,0.0,0,0.0,0.0,0.0,0.0,0.0
2021-12-30 07:30:00,161.04,161.12,161.02,161.05,162.03,161.2,161.16,161.1,161.07,160.21,160.22,160.24,160.25,160.3,0,0.0,0,0.0,0.0,0.0,0.0,0.0
2021-12-30 11:30:00,161.05,161.17,160.28,161.09,162.03,161.2,161.16,161.1,161.07,160.22,160.24,160.25,160.29,160.3,0,0.0,12/29/2021 17:00,162.0,162.0,163.0,164.0,0.0
2021-12-30 15:30:00,161.09,161.23,161.08,161.2,162.04,162.03,161.2,161.16,161.1,160.24,160.25,160.29,160.3,161.07,0,0.0,12/29/2021 17:00,162.0,162.0,163.0,164.0,0.0
2021-12-30 20:30:00,161.2,161.28,161.15,161.21,162.06,162.05,162.04,162.04,162.03,160.25,160.29,160.3,161.07,161.1,0,0.0,12/29/2021 17:00,162.0,162.0,163.0,164.0,0.0
2021-12-31 00:30:00,161.21,161.23,161.16,161.17,162.06,162.05,162.04,162.04,162.03,160.29,160.3,161.07,161.1,161.2,0,0.0,0,0.0,0.0,0.0,0.0,0.0
2021-12-31 04:30:00,161.17,161.22,161.14,161.21,162.06,162.05,162.04,162.04,162.03,160.29,160.3,161.07,161.08,161.1,0,0.0,0,0.0,0.0,0.0,0.0,0.0
2021-12-31 08:30:00,161.22,161.31,161.19,161.31,162.05,162.04,162.04,162.03,161.28,160.29,160.3,161.07,161.08,161.1,0,0.0,12/29/2021 17:00,162.0,162.0,163.0,164.0,0.0
2021-12-31 12:30:00,161.31,162.07,161.16,162.04,162.06,162.05,162.04,162.04,162.03,160.3,161.07,161.08,161.1,161.28,0,0.0,12/29/2021 17:00,162.0,162.0,163.0,164.0,0.0
2021-12-31 16:30:00,162.04,162.1,161.21,161.24,162.06,162.06,162.06,162.06,162.05,161.08,161.1,161.14,161.28,162.03,0,0.0,0,0.0,0.0,0.0,0.0,0.0
2022-01-02 21:30:00,161.24,161.29,161.17,161.27,162.06,162.05,162.04,162.04,161.28,160.3,161.07,161.08,161.1,161.14,0,0.0,0,0.0,0.0,0.0,0.0,0.0
2022-01-03 01:30:00,161.27,161.27,161.21,161.22,162.06,162.05,162.04,162.04,161.28,161.07,161.08,161.1,161.14,161.16,0,0.0,0,0.0,0.0,0.0,0.0,0.0
2022-01-03 05:30:00,161.22,161.23,161.12,161.18,162.06,162.05,162.04,162.04,161.28,161.07,161.08,161.1,161.14,161.16,0,0.0,0,0.0,0.0,0.0,0.0,0.0
2022-01-03 09:30:00,161.18,161.23,160.12,160.14,162.05,162.04,162.04,161.29,161.28,161.07,161.08,161.1,161.14,161.16,0,0.0,0,0.0,0.0,0.0,0.0,0.0
2022-01-03 13:30:00,160.15,160.22,159.17,159.18,160.29,160.28,160.25,160.22,160.21,160.09,160.11,160.14,160.14,160.14,0,0.0,0,0.0,0.0,0.0,0.0,0.0
2022-01-03 18:30:00,159.18,159.24,159.08,159.22,160.11,160.09,160.05,160.02,159.22,159.06,159.09,159.1,159.12,159.14,0,0.0,0,0.0,0.0,0.0,0.0,0.0
2022-01-03 22:30:00,159.21,159.26,159.14,159.15,160.11,160.09,160.05,160.02,159.22,159.06,159.09,159.1,159.12,159.14,0,0.0,0,0.0,0.0,0.0,0.0,0.0
2022-01-04 02:30:00,159.15,159.22,159.14,159.19,160.11,160.09,160.05,160.02,159.22,159.06,159.09,159.1,159.12,159.14,0,0.0,0,0.0,0.0,0.0,0.0,0.0
2022-01-04 06:30:00,159.19,159.22,159.1,159.16,160.11,160.09,160.05,160.02,159.22,159.08,159.09,159.1,159.12,159.14,0,0.0,0,0.0,0.0,0.0,0.0,0.0
2022-01-04 10:30:00,159.16,159.17,158.16,158.25,160.09,160.05,160.02,159.26,159.22,159.08,159.09,159.1,159.12,159.14,0,0.0,0,0.0,0.0,0.0,0.0,0.0
2022-01-04 14:30:00,158.25,158.27,158.05,158.17,159.0,158.29,158.27,158.26,158.26,157.29,158.1,158.13,158.14,158.15,0,0.0,0,0.0,0.0,0.0,0.0,0.0
2022-01-04 19:30:00,158.17,158.31,158.15,158.26,159.0,158.29,158.27,158.26,158.26,157.29,158.1,158.13,158.14,158.15,0,0.0,0,0.0,0.0,0.0,0.0,0.0
2022-01-04 23:30:00,158.26,159.0,158.23,158.3,159.04,159.02,159.0,158.29,158.27,157.29,158.1,158.13,158.14,158.15,0,0.0,01/04/2022 17:00,158.59375,158.59375,159.59375,160.59375,0.0
2022-01-05 03:30:00,158.31,159.01,158.25,158.28,159.08,159.06,159.04,159.02,159.0,158.1,158.13,158.14,158.15,158.29,0,0.0,0,0.0,0.0,0.0,0.0,0.0
2022-01-05 07:30:00,158.28,159.02,158.21,158.24,159.08,159.06,159.04,159.02,159.0,158.1,158.13,158.14,158.15,158.15,0,0.0,0,0.0,0.0,0.0,0.0,0.0
2022-01-05 11:30:00,158.25,159.0,158.16,158.17,159.08,159.06,159.04,159.02,159.0,158.1,158.13,158.14,158.15,158.15,0,0.0,0,0.0,0.0,0.0,0.0,0.0
2022-01-05 15:30:00,158.17,158.19,157.29,158.03,159.08,159.06,159.04,159.02,159.0,158.1,158.13,158.14,158.15,158.15,0,0.0,0,0.0,0.0,0.0,0.0,0.0
2022-01-05 20:30:00,158.02,158.08,157.29,158.07,158.15,158.15,158.14,158.13,158.05,157.16,157.17,157.19,157.21,157.29,0,0.0,01/05/2022 17:00,158.40625,158.40625,159.40625,160.40625,0.0
2022-01-06 00:30:00,158.07,158.12,157.17,157.19,159.0,158.15,158.15,158.14,158.13,157.17,157.19,157.21,157.29,158.05,0,0.0,0,0.0,0.0,0.0,0.0,0.0
2022-01-06 04:30:00,157.2,157.26,157.11,157.22,158.15,158.14,158.13,157.29,157.21,157.15,157.16,157.16,157.17,157.19,0,0.0,01/05/2022 17:00,158.40625,158.40625,159.40625,160.40625,0.0
2022-01-06 08:30:00,157.22,157.24,157.07,157.18,158.15,158.15,158.14,158.13,157.29,157.16,157.16,157.17,157.19,157.21,0,0.0,0,0.0,0.0,0.0,0.0,0.0
2022-01-06 12:30:00,157.18,157.27,157.13,157.2,158.14,158.13,158.12,157.29,157.19,157.14,157.15,157.16,157.16,157.17,0,0.0,01/05/2022 17:00,158.40625,158.40625,159.40625,160.40625,0.0
2022-01-06 16:30:00,157.2,157.3,157.2,157.28,158.15,158.14,158.13,158.12,157.29,157.15,157.16,157.16,157.17,157.19,0,0.0,0,0.0,0.0,0.0,0.0,0.0
2022-01-06 21:30:00,157.27,158.04,157.26,157.28,158.15,158.14,158.13,158.12,157.29,157.15,157.16,157.16,157.17,157.19,0,0.0,0,0.0,0.0,0.0,0.0,0.0
2022-01-07 01:30:00,157.28,157.31,157.24,157.26,158.15,158.14,158.13,158.12,157.29,157.15,157.16,157.16,157.17,157.19,0,0.0,0,0.0,0.0,0.0,0.0,0.0
2022-01-07 05:30:00,157.25,157.28,157.21,157.26,158.15,158.14,158.13,158.12,157.29,157.16,157.16,157.17,157.19,157.2,0,0.0,0,0.0,0.0,0.0,0.0,0.0
2022-01-07 09:30:00,157.26,157.29,156.31,157.17,158.14,158.13,158.12,158.04,157.29,157.16,157.16,157.17,157.19,157.2,0,0.0,0,0.0,0.0,0.0,0.0,0.0
2022-01-07 13:30:00,157.17,157.19,156.12,157.01,158.12,158.04,157.31,157.29,157.2,157.13,157.14,157.15,157.16,157.16,0,0.0,0,0.0,0.0,0.0,0.0,0.0
2022-01-09 18:30:00,157.01,157.04,156.18,156.25,157.12,157.08,157.08,157.07,157.05,156.21,156.28,156.29,156.3,157.0,0,0.0,0,0.0,0.0,0.0,0.0,0.0
2022-01-09 22:30:00,156.26,156.28,156.14,156.17,157.08,157.08,157.07,157.05,156.29,156.13,156.15,156.16,156.18,156.21,0,0.0,0,0.0,0.0,0.0,0.0,0.0
2022-01-10 02:30:00,156.17,156.21,156.14,156.16,157.08,157.08,157.07,157.05,156.29,156.12,156.12,156.13,156.15,156.16,0,0.0,0,0.0,0.0,0.0,0.0,0.0
2022-01-10 06:30:00,156.16,156.31,156.11,156.28,157.08,157.07,157.05,157.04,156.29,156.08,156.12,156.12,156.13,156.15,0,0.0,0,0.0,0.0,0.0,0.0,0.0
2022-01-10 10:30:00,156.28,157.03,156.13,156.21,157.08,157.07,157.05,157.04,156.29,156.12,156.12,156.13,156.15,156.16,0,0.0,0,0.0,0.0,0.0,0.0,0.0
2022-01-10 14:30:00,156.21,157.07,156.18,157.02,157.08,157.07,157.05,157.04,156.29,156.12,156.12,156.13,156.15,156.16,0,0.0,01/07/2022 17:00,157.15625,157.15625,158.15625,159.15625,0.0
2022-01-10 19:30:00,157.02,157.18,157.01,157.15,157.08,157.08,157.07,157.05,157.04,156.12,156.13,156.15,156.16,156.29,0,0.0,01/07/2022 17:00,157.15625,157.15625,158.15625,159.15625,0.0
2022-01-10 19:30:00,157.02,157.18,157.01,157.15,157.08,157.08,157.07,157.05,157.04,156.12,156.13,156.15,156.16,156.29,0,0.0,01/07/2022 17:00,157.15625,157.15625,158.15625,159.15625,0.0
2022-01-10 19:30:00,157.02,157.18,157.01,157.15,157.08,157.08,157.07,157.05,157.04,156.12,156.13,156.15,156.16,156.29,0,0.0,01/07/2022 17:00,157.15625,157.15625,158.15625,159.15625,0.0
2022-01-10 19:30:00,157.02,157.18,157.01,157.15,157.08,157.08,157.07,157.05,157.04,156.12,156.13,156.15,156.16,156.29,0,0.0,01/07/2022 17:00,157.15625,157.15625,158.15625,159.15625,0.0
2022-01-10 19:30:00,157.02,157.18,157.01,157.15,157.08,157.08,157.07,157.05,157.04,156.12,156.13,156.15,156.16,156.29,0,0.0,01/07/2022 17:00,157.15625,157.15625,158.15625,159.15625,0.0
2022-01-10 23:30:00,157.15,157.18,157.1,157.12,157.29,157.2,157.19,157.17,157.16,157.07,157.08,157.08,157.12,157.13,0,0.0,01/07/2022 17:00,157.15625,157.15625,158.15625,159.15625,0.0
2022-01-11 03:30:00,157.12,157.17,157.1,157.17,157.2,157.19,157.17,157.16,157.15,157.04,157.05,157.07,157.08,157.08,0,0.0,01/07/2022 17:00,157.15625,157.15625,158.15625,159.15625,0.0
2022-01-11 03:30:00,157.12,157.17,157.1,157.17,157.2,157.19,157.17,157.16,157.15,157.04,157.05,157.07,157.08,157.08,0,0.0,01/07/2022 17:00,157.15625,157.15625,158.15625,159.15625,0.0
2022-01-11 07:30:00,157.17,157.25,157.13,157.16,157.31,157.29,157.29,157.2,157.19,157.08,157.08,157.12,157.15,157.16,0,0.0,01/07/2022 17:00,157.15625,157.15625,158.15625,159.15625,0.0
2022-01-11 11:30:00,157.15,157.19,157.01,157.15,157.29,157.2,157.19,157.17,157.16,157.05,157.07,157.08,157.08,157.12,0,0.0,0,0.0,0.0,0.0,0.0,0.0
2022-01-11 15:30:00,157.15,157.24,157.08,157.19,157.29,157.29,157.2,157.19,157.17,157.05,157.07,157.08,157.08,157.12,0,0.0,01/07/2022 17:00,157.15625,157.15625,158.15625,159.15625,0.0
2022-01-11 20:30:00,157.19,157.27,157.18,157.24,157.31,157.29,157.29,157.25,157.2,157.08,157.08,157.12,157.15,157.17,01/11/2022 17:00,157.15625,0,0.0,157.15625,156.15625,155.15625,0.0
2022-01-11 20:30:00,157.19,157.27,157.18,157.24,157.31,157.29,157.29,157.25,157.2,157.08,157.08,157.12,157.15,157.17,01/11/2022 17:00,157.15625,0,0.0,157.15625,156.15625,155.15625,0.0
2022-01-12 00:30:00,157.24,157.27,157.22,157.26,158.04,157.31,157.29,157.29,157.25,157.12,157.15,157.17,157.19,157.2,01/11/2022 17:00,157.15625,0,0.0,157.15625,156.15625,155.15625,0.0
2022-01-12 04:30:00,157.26,157.28,157.14,157.21,158.12,158.04,157.31,157.29,157.29,157.15,157.17,157.19,157.2,157.25,0,0.0,0,0.0,0.0,0.0,0.0,0.0
2022-01-12 08:30:00,157.21,157.28,157.19,157.25,158.04,157.31,157.29,157.29,157.25,157.12,157.15,157.17,157.19,157.2,0,0.0,0,0.0,0.0,0.0,0.0,0.0
2022-01-12 12:30:00,157.23,158.09,157.16,157.3,158.04,157.31,157.29,157.29,157.25,157.12,157.15,157.17,157.19,157.2,01/11/2022 17:00,157.15625,0,0.0,157.15625,156.15625,155.15625,0.0
2022-01-12 12:30:00,157.23,158.09,157.16,157.3,158.04,157.31,157.29,157.29,157.25,157.12,157.15,157.17,157.19,157.2,01/11/2022 17:00,157.15625,0,0.0,157.15625,156.15625,155.15625,0.0
2022-01-12 16:30:00,157.31,158.06,157.18,157.18,158.15,158.14,158.13,158.12,158.04,157.17,157.19,157.2,157.29,157.29,0,0.0,0,0.0,0.0,0.0,0.0,0.0
2022-01-12 21:30:00,157.18,157.19,157.1,157.15,158.12,158.04,157.31,157.29,157.19,157.08,157.12,157.14,157.15,157.17,0,0.0,0,0.0,0.0,0.0,0.0,0.0
2022-01-13 01:30:00,157.16,157.23,157.14,157.2,158.09,158.04,157.31,157.29,157.19,157.08,157.08,157.12,157.14,157.15,0,0.0,0,0.0,0.0,0.0,0.0,0.0
2022-01-13 05:30:00,157.2,157.2,157.1,157.16,158.09,158.06,158.04,157.31,157.29,157.08,157.08,157.12,157.14,157.15,0,0.0,0,0.0,0.0,0.0,0.0,0.0
2022-01-13 09:30:00,157.16,157.31,157.14,157.27,158.09,158.06,158.04,157.31,157.29,157.08,157.08,157.12,157.14,157.15,0,0.0,0,0.0,0.0,0.0,0.0,0.0
2022-01-13 13:30:00,157.27,158.05,157.19,158.02,158.09,158.06,158.04,157.31,157.29,157.08,157.08,157.12,157.14,157.15,01/11/2022 17:00,157.15625,0,0.0,157.15625,156.15625,155.15625,0.0
2022-01-13 18:30:00,158.02,158.2,158.01,158.04,158.13,158.12,158.09,158.06,158.04,157.1,157.12,157.14,157.15,157.31,0,0.0,0,0.0,0.0,0.0,0.0,0.0
2022-01-13 22:30:00,158.04,158.08,157.29,158.02,158.14,158.13,158.12,158.09,158.06,157.12,157.14,157.14,157.15,157.31,0,0.0,0,0.0,0.0,0.0,0.0,0.0
2022-01-14 02:30:00,158.02,158.06,157.31,158.06,158.13,158.12,158.09,158.06,158.04,157.14,157.14,157.15,157.19,157.31,01/13/2022 17:00,158.125,0,0.0,158.125,157.125,156.125,0.0
2022-01-14 06:30:00,158.06,158.11,157.17,157.19,158.15,158.14,158.13,158.12,158.09,157.14,157.15,157.19,157.31,158.04,0,0.0,0,0.0,0.0,0.0,0.0,0.0
2022-01-14 10:30:00,157.19,158.1,157.08,157.17,158.12,158.09,158.06,158.04,157.31,157.1,157.12,157.14,157.14,157.15,0,0.0,0,0.0,0.0,0.0,0.0,0.0
2022-01-14 14:30:00,157.17,157.25,157.02,157.05,158.09,158.06,158.04,157.31,157.19,157.1,157.12,157.14,157.14,157.15,0,0.0,0,0.0,0.0,0.0,0.0,0.0
2022-01-16 19:30:00,157.04,157.08,156.15,156.17,157.14,157.14,157.1,157.08,157.05,156.16,156.18,156.29,157.01,157.01,0,0.0,0,0.0,0.0,0.0,0.0,0.0
2022-01-16 23:30:00,156.17,156.18,155.28,155.29,157.08,157.04,157.01,157.01,156.18,156.12,156.13,156.13,156.15,156.16,0,0.0,0,0.0,0.0,0.0,0.0,0.0
2022-01-17 03:30:00,155.29,156.13,155.29,156.12,156.01,156.0,156.0,155.31,155.31,155.19,155.22,155.23,155.24,155.28,0,0.0,01/14/2022 17:00,158.125,158.125,159.125,160.125,0.0
2022-01-17 03:30:00,155.29,156.13,155.29,156.12,156.01,156.0,156.0,155.31,155.31,155.19,155.22,155.23,155.24,155.28,0,0.0,01/14/2022 17:00,158.125,158.125,159.125,160.125,0.0
2022-01-17 03:30:00,155.29,156.13,155.29,156.12,156.01,156.0,156.0,155.31,155.31,155.19,155.22,155.23,155.24,155.28,0,0.0,01/14/2022 17:00,158.125,158.125,159.125,160.125,0.0
2022-01-17 03:30:00,155.29,156.13,155.29,156.12,156.01,156.0,156.0,155.31,155.31,155.19,155.22,155.23,155.24,155.28,0,0.0,01/14/2022 17:00,158.125,158.125,159.125,160.125,0.0
2022-01-17 03:30:00,155.29,156.13,155.29,156.12,156.01,156.0,156.0,155.31,155.31,155.19,155.22,155.23,155.24,155.28,0,0.0,01/14/2022 17:00,158.125,158.125,159.125,160.125,0.0
2022-01-17 03:30:00,155.29,156.13,155.29,156.12,156.01,156.0,156.0,155.31,155.31,155.19,155.22,155.23,155.24,155.28,0,0.0,01/14/2022 17:00,158.125,158.125,159.125,160.125,0.0
2022-01-17 07:30:00,156.11,156.14,156.04,156.13,157.01,156.18,156.15,156.13,156.12,155.31,156.0,156.03,156.06,156.08,0,0.0,01/14/2022 17:00,158.125,158.125,159.125,160.125,0.0
2022-01-17 07:30:00,156.11,156.14,156.04,156.13,157.01,156.18,156.15,156.13,156.12,155.31,156.0,156.03,156.06,156.08,0,0.0,01/14/2022 17:00,158.125,158.125,159.125,160.125,0.0
2022-01-17 11:30:00,156.13,156.14,156.04,156.08,157.01,157.01,156.18,156.18,156.15,156.03,156.06,156.08,156.11,156.12,0,0.0,0,0.0,0.0,0.0,0.0,0.0
2022-01-17 20:30:00,156.07,156.15,156.05,156.07,156.18,156.18,156.15,156.13,156.08,155.31,155.31,156.0,156.03,156.06,0,0.0,0,0.0,0.0,0.0,0.0,0.0
2022-01-18 00:30:00,156.06,156.1,155.21,155.3,157.01,156.18,156.18,156.15,156.13,155.29,155.31,155.31,156.0,156.03,0,0.0,0,0.0,0.0,0.0,0.0,0.0
2022-01-18 04:30:00,155.31,156.1,155.26,156.04,157.01,156.18,156.18,156.15,156.13,155.24,155.28,155.28,155.29,155.29,0,0.0,0,0.0,0.0,0.0,0.0,0.0
2022-01-18 08:30:00,156.03,156.21,156.01,156.09,156.18,156.18,156.15,156.15,156.13,155.24,155.28,155.28,155.29,155.29,0,0.0,0,0.0,0.0,0.0,0.0,0.0
2022-01-18 12:30:00,156.09,156.17,155.18,155.22,156.18,156.18,156.15,156.15,156.13,155.24,155.28,155.28,155.29,155.29,0,0.0,0,0.0,0.0,0.0,0.0,0.0
2022-01-18 16:30:00,155.21,155.26,155.08,155.12,155.28,155.28,155.24,155.23,155.22,155.1,155.13,155.14,155.18,155.19,0,0.0,0,0.0,0.0,0.0,0.0,0.0
2022-01-18 21:30:00,155.12,155.16,155.07,155.11,155.21,155.19,155.18,155.14,155.13,154.31,155.06,155.07,155.1,155.1,0,0.0,0,0.0,0.0,0.0,0.0,0.0
2022-01-19 01:30:00,155.1,155.17,155.07,155.17,155.21,155.19,155.18,155.14,155.13,154.25,154.29,154.31,155.06,155.07,0,0.0,0,0.0,0.0,0.0,0.0,0.0
2022-01-19 05:30:00,155.16,155.17,154.31,155.07,155.23,155.22,155.21,155.19,155.18,154.31,155.06,155.07,155.1,155.1,0,0.0,0,0.0,0.0,0.0,0.0,0.0
2022-01-19 09:30:00,155.07,155.23,155.04,155.19,155.22,155.21,155.19,155.18,155.1,154.24,154.25,154.29,154.31,155.06,0,0.0,01/18/2022 17:00,155.6875,155.6875,156.6875,157.6875,0.0
2022-01-19 13:30:00,155.19,156.11,155.15,156.08,155.26,155.24,155.23,155.22,155.21,154.29,154.31,155.06,155.07,155.18,0,0.0,01/18/2022 17:00,155.6875,155.6875,156.6875,157.6875,0.0
2022-01-19 13:30:00,155.19,156.11,155.15,156.08,155.26,155.24,155.23,155.22,155.21,154.29,154.31,155.06,155.07,155.18,0,0.0,01/18/2022 17:00,155.6875,155.6875,156.6875,157.6875,0.0
2022-01-19 13:30:00,155.19,156.11,155.15,156.08,155.26,155.24,155.23,155.22,155.21,154.29,154.31,155.06,155.07,155.18,0,0.0,01/18/2022 17:00,155.6875,155.6875,156.6875,157.6875,0.0
2022-01-19 13:30:00,155.19,156.11,155.15,156.08,155.26,155.24,155.23,155.22,155.21,154.29,154.31,155.06,155.07,155.18,0,0.0,01/18/2022 17:00,155.6875,155.6875,156.6875,157.6875,0.0
2022-01-19 13:30:00,155.19,156.11,155.15,156.08,155.26,155.24,155.23,155.22,155.21,154.29,154.31,155.06,155.07,155.18,0,0.0,01/18/2022 17:00,155.6875,155.6875,156.6875,157.6875,0.0
2022-01-19 13:30:00,155.19,156.11,155.15,156.08,155.26,155.24,155.23,155.22,155.21,154.29,154.31,155.06,155.07,155.18,0,0.0,01/18/2022 17:00,155.6875,155.6875,156.6875,157.6875,0.0
2022-01-19 13:30:00,155.19,156.11,155.15,156.08,155.26,155.24,155.23,155.22,155.21,154.29,154.31,155.06,155.07,155.18,0,0.0,01/18/2022 17:00,155.6875,155.6875,156.6875,157.6875,0.0
2022-01-19 18:30:00,156.07,156.11,155.1,155.22,156.18,156.17,156.15,156.15,156.13,155.24,155.26,155.28,155.28,155.29,0,0.0,0,0.0,0.0,0.0,0.0,0.0
2022-01-19 22:30:00,155.22,156.05,155.19,155.26,156.17,156.15,156.15,156.13,155.26,155.04,155.06,155.07,155.18,155.21,0,0.0,0,0.0,0.0,0.0,0.0,0.0
2022-01-20 02:30:00,155.26,155.28,155.2,155.26,156.18,156.17,156.15,156.15,156.13,155.06,155.07,155.18,155.21,155.22,0,0.0,0,0.0,0.0,0.0,0.0,0.0
2022-01-20 06:30:00,155.25,156.07,155.25,156.05,156.15,156.15,156.13,156.11,155.26,155.07,155.1,155.18,155.21,155.22,01/19/2022 17:00,155.6875,0,0.0,155.6875,154.6875,153.6875,0.0
2022-01-20 10:30:00,156.06,156.1,155.31,156.04,156.17,156.15,156.15,156.13,156.11,155.1,155.18,155.19,155.21,155.22,0,0.0,0,0.0,0.0,0.0,0.0,0.0
2022-01-20 14:30:00,156.04,156.08,155.31,156.07,156.17,156.15,156.15,156.13,156.11,155.18,155.19,155.2,155.21,155.22,0,0.0,0,0.0,0.0,0.0,0.0,0.0
2022-01-20 19:30:00,156.08,157.06,156.07,157.05,156.17,156.15,156.15,156.13,156.11,155.19,155.2,155.21,155.22,155.25,01/19/2022 17:00,155.6875,0,0.0,155.6875,154.6875,153.6875,0.0
2022-01-20 19:30:00,156.08,157.06,156.07,157.05,156.17,156.15,156.15,156.13,156.11,155.19,155.2,155.21,155.22,155.25,01/19/2022 17:00,155.6875,0,0.0,155.6875,154.6875,153.6875,0.0
2022-01-20 19:30:00,156.08,157.06,156.07,157.05,156.17,156.15,156.15,156.13,156.11,155.19,155.2,155.21,155.22,155.25,01/19/2022 17:00,155.6875,0,0.0,155.6875,154.6875,153.6875,0.0
2022-01-20 19:30:00,156.08,157.06,156.07,157.05,156.17,156.15,156.15,156.13,156.11,155.19,155.2,155.21,155.22,155.25,01/19/2022 17:00,155.6875,0,0.0,155.6875,154.6875,153.6875,0.0
2022-01-20 19:30:00,156.08,157.06,156.07,157.05,156.17,156.15,156.15,156.13,156.11,155.19,155.2,155.21,155.22,155.25,01/19/2022 17:00,155.6875,0,0.0,155.6875,154.6875,153.6875,0.0
2022-01-20 19:30:00,156.08,157.06,156.07,157.05,156.17,156.15,156.15,156.13,156.11,155.19,155.2,155.21,155.22,155.25,01/19/2022 17:00,155.6875,0,0.0,155.6875,154.6875,153.6875,0.0
2022-01-20 19:30:00,156.08,157.06,156.07,157.05,156.17,156.15,156.15,156.13,156.11,155.19,155.2,155.21,155.22,155.25,01/19/2022 17:00,155.6875,0,0.0,155.6875,154.6875,153.6875,0.0
2022-01-20 23:30:00,157.04,157.14,157.01,157.08,157.14,157.14,157.1,157.08,157.08,156.18,156.18,156.21,157.01,157.01,01/19/2022 17:00,155.6875,0,0.0,155.6875,154.6875,153.6875,0.0
2022-01-20 23:30:00,157.04,157.14,157.01,157.08,157.14,157.14,157.1,157.08,157.08,156.18,156.18,156.21,157.01,157.01,01/19/2022 17:00,155.6875,0,0.0,155.6875,154.6875,153.6875,0.0
2022-01-20 23:30:00,157.04,157.14,157.01,157.08,157.14,157.14,157.1,157.08,157.08,156.18,156.18,156.21,157.01,157.01,01/19/2022 17:00,155.6875,0,0.0,155.6875,154.6875,153.6875,0.0
2022-01-21 03:30:00,157.08,157.11,156.31,156.31,157.25,157.19,157.14,157.14,157.1,156.18,156.18,156.21,157.01,157.01,0,0.0,0,0.0,0.0,0.0,0.0,0.0
2022-01-21 07:30:00,157.0,157.04,156.26,157.04,157.14,157.14,157.1,157.08,157.08,156.15,156.17,156.18,156.18,156.21,0,0.0,0,0.0,0.0,0.0,0.0,0.0
2022-01-21 11:30:00,157.05,158.0,157.0,157.08,157.14,157.14,157.1,157.08,157.08,156.15,156.17,156.18,156.18,156.21,0,0.0,0,0.0,0.0,0.0,0.0,0.0
2022-01-21 15:30:00,157.08,157.3,157.08,157.23,157.19,157.14,157.14,157.14,157.1,156.15,156.17,156.18,156.18,156.21,01/19/2022 17:00,155.6875,0,0.0,155.6875,154.6875,153.6875,0.0
2022-01-21 15:30:00,157.08,157.3,157.08,157.23,157.19,157.14,157.14,157.14,157.1,156.15,156.17,156.18,156.18,156.21,01/19/2022 17:00,155.6875,0,0.0,155.6875,154.6875,153.6875,0.0
2022-01-21 15:30:00,157.08,157.3,157.08,157.23,157.19,157.14,157.14,157.14,157.1,156.15,156.17,156.18,156.18,156.21,01/19/2022 17:00,155.6875,0,0.0,155.6875,154.6875,153.6875,0.0
2022-01-21 15:30:00,157.08,157.3,157.08,157.23,157.19,157.14,157.14,157.14,157.1,156.15,156.17,156.18,156.18,156.21,01/19/2022 17:00,155.6875,0,0.0,155.6875,154.6875,153.6875,0.0
2022-01-21 15:30:00,157.08,157.3,157.08,157.23,157.19,157.14,157.14,157.14,157.1,156.15,156.17,156.18,156.18,156.21,01/19/2022 17:00,155.6875,0,0.0,155.6875,154.6875,153.6875,0.0
2022-01-23 20:30:00,157.24,157.25,157.04,157.05,158.09,158.06,158.04,157.31,157.25,157.1,157.14,157.14,157.14,157.19,0,0.0,0,0.0,0.0,0.0,0.0,0.0
2022-01-24 00:30:00,157.05,157.11,157.04,157.07,158.0,157.31,157.25,157.14,157.08,156.18,156.18,156.21,156.26,157.0,0,0.0,0,0.0,0.0,0.0,0.0,0.0
2022-01-24 04:30:00,157.07,158.09,157.07,158.04,157.31,157.3,157.25,157.14,157.08,156.18,156.18,156.21,156.26,157.0,01/21/2022 17:00,156.78125,0,0.0,156.78125,155.78125,154.78125,0.0
2022-01-24 04:30:00,157.07,158.09,157.07,158.04,157.31,157.3,157.25,157.14,157.08,156.18,156.18,156.21,156.26,157.0,01/21/2022 17:00,156.78125,0,0.0,156.78125,155.78125,154.78125,0.0
2022-01-24 04:30:00,157.07,158.09,157.07,158.04,157.31,157.3,157.25,157.14,157.08,156.18,156.18,156.21,156.26,157.0,01/21/2022 17:00,156.78125,0,0.0,156.78125,155.78125,154.78125,0.0
2022-01-24 04:30:00,157.07,158.09,157.07,158.04,157.31,157.3,157.25,157.14,157.08,156.18,156.18,156.21,156.26,157.0,01/21/2022 17:00,156.78125,0,0.0,156.78125,155.78125,154.78125,0.0
2022-01-24 08:30:00,158.05,158.06,157.24,158.02,158.12,158.11,158.1,158.09,158.06,157.0,157.25,157.3,158.0,158.04,01/21/2022 17:00,156.78125,0,0.0,156.78125,155.78125,154.78125,0.0
2022-01-24 12:30:00,158.02,158.11,157.27,157.3,158.11,158.1,158.09,158.06,158.04,157.0,157.04,157.25,157.3,158.0,0,0.0,0,0.0,0.0,0.0,0.0,0.0
2022-01-24 16:30:00,157.3,158.08,156.31,157.04,158.1,158.09,158.06,158.04,158.0,156.26,157.0,157.04,157.07,157.25,0,0.0,0,0.0,0.0,0.0,0.0,0.0
2022-01-24 21:30:00,157.04,157.1,156.29,157.1,158.04,158.0,157.3,157.25,157.07,156.18,156.18,156.21,156.26,157.0,01/21/2022 17:00,156.78125,0,0.0,156.78125,155.78125,154.78125,0.0
2022-01-25 01:30:00,157.09,157.14,157.04,157.11,158.06,158.04,158.0,157.3,157.25,156.21,156.26,157.0,157.04,157.07,0,0.0,0,0.0,0.0,0.0,0.0,0.0
2022-01-25 05:30:00,157.11,157.16,156.19,156.25,158.06,158.04,158.0,157.3,157.25,156.21,156.26,157.0,157.04,157.07,0,0.0,0,0.0,0.0,0.0,0.0,0.0
2022-01-25 09:30:00,156.25,157.21,156.23,157.19,157.3,157.25,157.04,157.0,156.26,156.15,156.17,156.18,156.18,156.21,01/21/2022 17:00,156.78125,0,0.0,156.78125,155.78125,154.78125,0.0
2022-01-25 09:30:00,156.25,157.21,156.23,157.19,157.3,157.25,157.04,157.0,156.26,156.15,156.17,156.18,156.18,156.21,01/21/2022 17:00,156.78125,0,0.0,156.78125,155.78125,154.78125,0.0
2022-01-25 09:30:00,156.25,157.21,156.23,157.19,157.3,157.25,157.04,157.0,156.26,156.15,156.17,156.18,156.18,156.21,01/21/2022 17:00,156.78125,0,0.0,156.78125,155.78125,154.78125,0.0
2022-01-25 13:30:00,157.18,158.01,157.06,157.06,158.06,158.04,158.0,157.3,157.25,156.18,156.21,156.26,157.0,157.04,0,0.0,0,0.0,0.0,0.0,0.0,0.0
2022-01-25 18:30:00,157.06,157.09,156.27,157.01,158.06,158.04,158.0,157.3,157.25,156.19,156.21,156.26,157.0,157.04,0,0.0,0,0.0,0.0,0.0,0.0,0.0
2022-01-25 22:30:00,157.0,157.06,157.0,157.05,158.06,158.04,158.0,157.3,157.25,156.18,156.19,156.21,156.23,156.26,0,0.0,0,0.0,0.0,0.0,0.0,0.0
2022-01-26 02:30:00,157.05,157.08,157.01,157.07,158.04,158.01,158.0,157.3,157.25,156.19,156.21,156.23,156.26,157.0,0,0.0,0,0.0,0.0,0.0,0.0,0.0
2022-01-26 06:30:00,157.07,157.1,156.27,156.31,158.01,158.0,157.3,157.25,157.09,156.21,156.23,156.26,156.27,157.0,0,0.0,0,0.0,0.0,0.0,0.0,0.0
2022-01-26 10:30:00,156.31,157.07,156.26,157.05,158.01,158.0,157.3,157.25,157.09,156.19,156.21,156.23,156.26,156.27,0,0.0,0,0.0,0.0,0.0,0.0,0.0
2022-01-26 14:30:00,157.05,157.08,156.17,156.18,158.01,158.0,157.3,157.25,157.09,156.19,156.21,156.23,156.26,156.27,0,0.0,0,0.0,0.0,0.0,0.0,0.0
2022-01-26 19:30:00,156.17,156.19,155.21,156.08,156.23,156.21,156.19,156.18,156.18,156.07,156.11,156.13,156.15,156.15,0,0.0,0,0.0,0.0,0.0,0.0,0.0
2022-01-26 23:30:00,156.08,156.14,155.3,156.03,156.19,156.18,156.17,156.15,156.11,155.21,155.22,155.25,155.31,156.07,0,0.0,0,0.0,0.0,0.0,0.0,0.0
2022-01-27 03:30:00,156.04,156.18,156.02,156.17,156.18,156.17,156.15,156.11,156.07,155.2,155.21,155.22,155.25,155.31,0,0.0,01/26/2022 17:00,156.78125,156.78125,157.78125,158.78125,0.0
2022-01-27 07:30:00,156.17,156.28,156.06,156.2,156.23,156.21,156.19,156.19,156.18,155.21,155.22,155.25,155.31,156.07,0,0.0,01/26/2022 17:00,156.78125,156.78125,157.78125,158.78125,0.0
2022-01-27 07:30:00,156.17,156.28,156.06,156.2,156.23,156.21,156.19,156.19,156.18,155.21,155.22,155.25,155.31,156.07,0,0.0,01/26/2022 17:00,156.78125,156.78125,157.78125,158.78125,0.0
2022-01-27 11:30:00,156.21,157.13,156.15,157.07,157.1,157.09,157.08,156.27,156.23,155.3,155.31,156.07,156.19,156.19,0,0.0,01/26/2022 17:00,156.78125,156.78125,157.78125,158.78125,0.0
2022-01-27 15:30:00,157.06,157.19,157.0,157.03,157.3,157.25,157.1,157.09,157.08,156.07,156.19,156.19,156.23,156.27,0,0.0,01/26/2022 17:00,156.78125,156.78125,157.78125,158.78125,0.0
2022-01-27 20:30:00,157.04,157.1,156.31,157.04,157.3,157.25,157.1,157.09,157.08,156.07,156.19,156.19,156.23,156.27,0,0.0,0,0.0,0.0,0.0,0.0,0.0
2022-01-28 00:30:00,157.05,157.05,156.28,156.29,157.3,157.25,157.1,157.09,157.08,156.15,156.19,156.19,156.23,156.27,0,0.0,0,0.0,0.0,0.0,0.0,0.0
2022-01-28 04:30:00,156.29,157.01,156.17,156.21,157.25,157.19,157.1,157.09,157.08,156.15,156.19,156.19,156.23,156.27,0,0.0,0,0.0,0.0,0.0,0.0,0.0
2022-01-28 08:30:00,156.2,156.22,156.07,156.09,157.19,157.1,157.1,157.09,157.08,156.06,156.07,156.15,156.19,156.19,0,0.0,0,0.0,0.0,0.0,0.0,0.0
2022-01-28 12:30:00,156.09,157.15,156.09,157.13,157.09,157.08,157.05,156.19,156.15,155.3,155.31,156.02,156.06,156.07,01/27/2022 17:00,156.78125,0,0.0,156.78125,155.78125,154.78125,0.0
2022-01-28 12:30:00,156.09,157.15,156.09,157.13,157.09,157.08,157.05,156.19,156.15,155.3,155.31,156.02,156.06,156.07,01/27/2022 17:00,156.78125,0,0.0,156.78125,155.78125,154.78125,0.0
2022-01-28 12:30:00,156.09,157.15,156.09,157.13,157.09,157.08,157.05,156.19,156.15,155.3,155.31,156.02,156.06,156.07,01/27/2022 17:00,156.78125,0,0.0,156.78125,155.78125,154.78125,0.0
2022-01-28 12:30:00,156.09,157.15,156.09,157.13,157.09,157.08,157.05,156.19,156.15,155.3,155.31,156.02,156.06,156.07,01/27/2022 17:00,156.78125,0,0.0,156.78125,155.78125,154.78125,0.0
2022-01-28 12:30:00,156.09,157.15,156.09,157.13,157.09,157.08,157.05,156.19,156.15,155.3,155.31,156.02,156.06,156.07,01/27/2022 17:00,156.78125,0,0.0,156.78125,155.78125,154.78125,0.0
2022-01-28 16:30:00,157.12,157.22,157.06,157.14,158.01,158.0,157.3,157.25,157.19,157.05,157.08,157.09,157.1,157.1,01/27/2022 17:00,156.78125,0,0.0,156.78125,155.78125,154.78125,0.0
2022-01-30 21:30:00,157.14,157.2,157.05,157.08,158.01,158.0,157.3,157.25,157.19,157.05,157.08,157.09,157.1,157.1,0,0.0,0,0.0,0.0,0.0,0.0,0.0
2022-01-31 01:30:00,157.08,157.15,157.07,157.1,157.25,157.19,157.1,157.1,157.09,156.07,156.07,156.09,156.15,157.05,0,0.0,0,0.0,0.0,0.0,0.0,0.0
2022-01-31 05:30:00,157.1,157.22,157.09,157.09,158.0,157.3,157.25,157.22,157.19,156.07,156.09,156.15,157.05,157.08,0,0.0,0,0.0,0.0,0.0,0.0,0.0
2022-01-31 09:30:00,157.1,157.12,156.23,156.28,158.0,157.3,157.25,157.22,157.19,156.09,156.15,157.05,157.05,157.08,0,0.0,0,0.0,0.0,0.0,0.0,0.0
2022-01-31 13:30:00,156.28,157.1,156.25,157.08,157.1,157.1,157.08,157.05,157.05,156.06,156.07,156.07,156.09,156.15,01/27/2022 17:00,156.78125,0,0.0,156.78125,155.78125,154.78125,0.0
2022-01-31 18:30:00,157.08,157.18,157.02,157.1,157.22,157.22,157.19,157.1,157.1,156.07,156.07,156.09,156.15,157.05,0,0.0,0,0.0,0.0,0.0,0.0,0.0
2022-01-31 22:30:00,157.09,157.11,157.01,157.08,157.22,157.22,157.19,157.1,157.1,156.07,156.09,156.15,156.23,157.05,0,0.0,0,0.0,0.0,0.0,0.0,0.0
2022-02-01 02:30:00,157.09,157.17,157.09,157.16,157.22,157.22,157.19,157.1,157.1,156.09,156.15,156.23,156.25,157.05,0,0.0,0,0.0,0.0,0.0,0.0,0.0
2022-02-01 06:30:00,157.16,157.28,157.03,157.24,157.25,157.22,157.22,157.19,157.18,156.09,156.15,156.23,156.25,157.05,01/27/2022 17:00,156.78125,0,0.0,156.78125,155.78125,154.78125,0.0
2022-02-01 06:30:00,157.16,157.28,157.03,157.24,157.25,157.22,157.22,157.19,157.18,156.09,156.15,156.23,156.25,157.05,01/27/2022 17:00,156.78125,0,0.0,156.78125,155.78125,154.78125,0.0
2022-02-01 06:30:00,157.16,157.28,157.03,157.24,157.25,157.22,157.22,157.19,157.18,156.09,156.15,156.23,156.25,157.05,01/27/2022 17:00,156.78125,0,0.0,156.78125,155.78125,154.78125,0.0
2022-02-01 10:30:00,157.24,158.02,156.19,156.27,158.04,158.01,158.0,157.3,157.25,157.05,157.18,157.19,157.22,157.22,0,0.0,0,0.0,0.0,0.0,0.0,0.0
2022-02-01 14:30:00,156.27,157.08,156.17,157.04,157.22,157.22,157.19,157.18,157.01,156.07,156.09,156.15,156.23,156.25,01/27/2022 17:00,156.78125,0,0.0,156.78125,155.78125,154.78125,0.0
2022-02-01 19:30:00,157.03,157.08,156.29,157.01,157.25,157.22,157.22,157.19,157.18,156.09,156.15,156.23,156.25,157.01,0,0.0,0,0.0,0.0,0.0,0.0,0.0
2022-02-01 23:30:00,157.02,157.08,157.02,157.07,157.25,157.22,157.22,157.19,157.18,156.09,156.15,156.23,156.25,157.01,0,0.0,0,0.0,0.0,0.0,0.0,0.0
2022-02-02 03:30:00,157.07,157.17,157.01,157.17,157.25,157.22,157.22,157.19,157.18,156.15,156.17,156.23,156.25,157.01,0,0.0,0,0.0,0.0,0.0,0.0,0.0
2022-02-02 07:30:00,157.16,157.17,157.03,157.16,157.25,157.22,157.22,157.19,157.18,156.17,156.23,156.25,156.29,157.01,0,0.0,0,0.0,0.0,0.0,0.0,0.0
2022-02-02 11:30:00,157.16,157.31,156.27,157.29,157.25,157.22,157.22,157.19,157.18,156.17,156.23,156.25,156.29,157.01,01/27/2022 17:00,156.78125,0,0.0,156.78125,155.78125,154.78125,0.0
2022-02-02 15:30:00,157.3,158.09,157.13,157.15,158.06,158.04,158.02,158.01,158.0,156.17,156.23,156.25,156.29,157.01,0,0.0,0,0.0,0.0,0.0,0.0,0.0
2022-02-02 20:30:00,157.15,157.29,157.13,157.24,158.04,158.02,158.01,158.0,157.3,156.17,156.23,156.25,156.29,157.01,0,0.0,0,0.0,0.0,0.0,0.0,0.0
2022-02-03 00:30:00,157.24,157.28,157.19,157.21,158.04,158.02,158.01,158.0,157.3,156.23,156.25,156.27,156.29,157.01,0,0.0,0,0.0,0.0,0.0,0.0,0.0
2022-02-03 04:30:00,157.21,157.23,157.13,157.19,158.04,158.02,158.01,158.0,157.3,156.23,156.25,156.27,156.29,157.01,0,0.0,0,0.0,0.0,0.0,0.0,0.0
2022-02-03 08:30:00,157.19,157.21,156.28,156.31,158.02,158.01,158.0,157.3,157.29,156.23,156.25,156.27,156.29,157.01,0,0.0,0,0.0,0.0,0.0,0.0,0.0
2022-02-03 12:30:00,156.31,157.02,156.01,156.2,158.01,158.0,157.3,157.29,157.28,156.17,156.23,156.25,156.27,156.29,0,0.0,0,0.0,0.0,0.0,0.0,0.0
2022-02-03 16:30:00,156.2,156.26,156.13,156.14,157.23,156.29,156.27,156.25,156.23,156.07,156.07,156.09,156.15,156.17,0,0.0,0,0.0,0.0,0.0,0.0,0.0
2022-02-03 21:30:00,156.14,156.22,156.11,156.13,156.29,156.27,156.25,156.23,156.17,156.02,156.06,156.07,156.07,156.09,0,0.0,0,0.0,0.0,0.0,0.0,0.0
2022-02-04 01:30:00,156.13,156.13,156.07,156.13,156.29,156.27,156.25,156.23,156.17,156.02,156.06,156.07,156.07,156.09,0,0.0,0,0.0,0.0,0.0,0.0,0.0
2022-02-04 05:30:00,156.13,157.01,156.11,157.0,156.27,156.26,156.25,156.23,156.17,156.02,156.06,156.07,156.07,156.09,01/27/2022 17:00,156.78125,0,0.0,156.78125,155.78125,154.78125,0.0
2022-02-04 05:30:00,156.13,157.01,156.11,157.0,156.27,156.26,156.25,156.23,156.17,156.02,156.06,156.07,156.07,156.09,01/27/2022 17:00,156.78125,0,0.0,156.78125,155.78125,154.78125,0.0
2022-02-04 05:30:00,156.13,157.01,156.11,157.0,156.27,156.26,156.25,156.23,156.17,156.02,156.06,156.07,156.07,156.09,01/27/2022 17:00,156.78125,0,0.0,156.78125,155.78125,154.78125,0.0
2022-02-04 05:30:00,156.13,157.01,156.11,157.0,156.27,156.26,156.25,156.23,156.17,156.02,156.06,156.07,156.07,156.09,01/27/2022 17:00,156.78125,0,0.0,156.78125,155.78125,154.78125,0.0
2022-02-04 05:30:00,156.13,157.01,156.11,157.0,156.27,156.26,156.25,156.23,156.17,156.02,156.06,156.07,156.07,156.09,01/27/2022 17:00,156.78125,0,0.0,156.78125,155.78125,154.78125,0.0
2022-02-04 05:30:00,156.13,157.01,156.11,157.0,156.27,156.26,156.25,156.23,156.17,156.02,156.06,156.07,156.07,156.09,01/27/2022 17:00,156.78125,0,0.0,156.78125,155.78125,154.78125,0.0
2022-02-04 09:30:00,157.0,157.05,155.08,155.16,157.29,157.28,157.23,157.21,157.02,156.23,156.25,156.26,156.27,156.29,0,0.0,0,0.0,0.0,0.0,0.0,0.0
2022-02-04 13:30:00,155.15,155.2,154.26,155.04,155.3,155.25,155.21,155.2,155.19,154.31,155.04,155.06,155.07,155.1,0,0.0,0,0.0,0.0,0.0,0.0,0.0
2022-02-06 18:30:00,155.04,155.09,154.29,155.03,155.2,155.19,155.1,155.07,155.06,154.24,154.25,154.29,154.31,154.31,0,0.0,0,0.0,0.0,0.0,0.0,0.0
2022-02-06 22:30:00,155.03,155.22,155.03,155.17,155.19,155.1,155.07,155.06,155.04,154.24,154.25,154.29,154.31,154.31,0,0.0,02/04/2022 17:00,155.4375,155.4375,156.4375,157.4375,0.0
2022-02-06 22:30:00,155.03,155.22,155.03,155.17,155.19,155.1,155.07,155.06,155.04,154.24,154.25,154.29,154.31,154.31,0,0.0,02/04/2022 17:00,155.4375,155.4375,156.4375,157.4375,0.0
2022-02-07 02:30:00,155.18,155.22,155.15,155.21,155.3,155.25,155.21,155.2,155.19,154.29,154.31,154.31,155.04,155.1,0,0.0,02/04/2022 17:00,155.4375,155.4375,156.4375,157.4375,0.0
2022-02-07 06:30:00,155.2,155.22,155.02,155.02,156.01,155.31,155.3,155.25,155.21,154.31,154.31,155.04,155.1,155.19,0,0.0,0,0.0,0.0,0.0,0.0,0.0
2022-02-07 10:30:00,155.03,155.12,154.27,155.04,156.01,155.31,155.3,155.25,155.21,154.26,154.29,154.29,154.31,154.31,0,0.0,0,0.0,0.0,0.0,0.0,0.0
2022-02-07 14:30:00,155.04,155.1,154.26,155.07,156.01,155.31,155.3,155.25,155.21,154.26,154.29,154.29,154.31,154.31,0,0.0,0,0.0,0.0,0.0,0.0,0.0
2022-02-07 19:30:00,155.08,155.11,155.03,155.04,155.31,155.3,155.25,155.22,155.21,154.26,154.29,154.29,154.31,154.31,0,0.0,0,0.0,0.0,0.0,0.0,0.0
2022-02-07 23:30:00,155.04,155.04,154.28,154.29,155.3,155.25,155.22,155.21,155.12,154.26,154.29,154.29,154.31,154.31,0,0.0,0,0.0,0.0,0.0,0.0,0.0
2022-02-08 03:30:00,154.29,154.29,154.19,154.28,155.25,155.22,155.21,155.12,154.31,154.2,154.24,154.25,154.26,154.26,0,0.0,0,0.0,0.0,0.0,0.0,0.0
2022-02-08 07:30:00,154.28,155.03,154.21,154.24,155.21,155.12,155.11,154.31,154.29,154.2,154.24,154.25,154.26,154.26,0,0.0,0,0.0,0.0,0.0,0.0,0.0
2022-02-08 11:30:00,154.24,154.29,154.06,154.16,154.31,154.29,154.26,154.26,154.25,154.16,154.17,154.17,154.18,154.2,0,0.0,0,0.0,0.0,0.0,0.0,0.0
2022-02-08 15:30:00,154.16,154.23,154.13,154.19,154.26,154.26,154.25,154.18,154.17,154.11,154.13,154.14,154.14,154.15,0,0.0,02/04/2022 17:00,155.4375,155.4375,156.4375,157.4375,0.0
2022-02-08 15:30:00,154.16,154.23,154.13,154.19,154.26,154.26,154.25,154.18,154.17,154.11,154.13,154.14,154.14,154.15,0,0.0,02/04/2022 17:00,155.4375,155.4375,156.4375,157.4375,0.0
2022-02-08 20:30:00,154.19,154.29,154.1,154.25,154.31,154.29,154.26,154.26,154.25,154.14,154.15,154.16,154.17,154.18,0,0.0,0,0.0,0.0,0.0,0.0,0.0
2022-02-09 00:30:00,154.25,154.3,154.25,154.28,155.03,154.31,154.29,154.26,154.26,154.14,154.15,154.16,154.17,154.18,0,0.0,02/08/2022 17:00,154.96875,154.96875,155.96875,156.96875,0.0
2022-02-09 04:30:00,154.28,155.08,154.25,155.08,155.11,155.04,155.03,154.31,154.29,154.16,154.17,154.18,154.26,154.26,0,0.0,02/08/2022 17:00,154.96875,154.96875,155.96875,156.96875,0.0
2022-02-09 04:30:00,154.28,155.08,154.25,155.08,155.11,155.04,155.03,154.31,154.29,154.16,154.17,154.18,154.26,154.26,0,0.0,02/08/2022 17:00,154.96875,154.96875,155.96875,156.96875,0.0
2022-02-09 04:30:00,154.28,155.08,154.25,155.08,155.11,155.04,155.03,154.31,154.29,154.16,154.17,154.18,154.26,154.26,0,0.0,02/08/2022 17:00,154.96875,154.96875,155.96875,156.96875,0.0
2022-02-09 04:30:00,154.28,155.08,154.25,155.08,155.11,155.04,155.03,154.31,154.29,154.16,154.17,154.18,154.26,154.26,0,0.0,02/08/2022 17:00,154.96875,154.96875,155.96875,156.96875,0.0
2022-02-09 04:30:00,154.28,155.08,154.25,155.08,155.11,155.04,155.03,154.31,154.29,154.16,154.17,154.18,154.26,154.26,0,0.0,02/08/2022 17:00,154.96875,154.96875,155.96875,156.96875,0.0
2022-02-09 08:30:00,155.08,155.09,154.27,154.3,155.25,155.22,155.21,155.12,155.11,154.26,154.29,154.31,155.03,155.04,0,0.0,0,0.0,0.0,0.0,0.0,0.0
2022-02-09 12:30:00,154.29,155.06,154.22,155.03,155.21,155.12,155.11,155.04,155.03,154.16,154.17,154.18,154.26,154.26,0,0.0,0,0.0,0.0,0.0,0.0,0.0
2022-02-09 16:30:00,155.03,155.17,154.18,154.22,155.22,155.21,155.12,155.11,155.04,154.17,154.18,154.26,154.26,154.29,0,0.0,0,0.0,0.0,0.0,0.0,0.0
2022-02-09 21:30:00,154.22,155.0,154.2,155.0,155.21,155.12,155.11,155.04,155.03,154.14,154.15,154.16,154.17,154.18,0,0.0,0,0.0,0.0,0.0,0.0,0.0
2022-02-10 01:30:00,155.0,155.03,154.28,154.29,155.21,155.12,155.11,155.04,155.03,154.14,154.15,154.16,154.17,154.18,0,0.0,0,0.0,0.0,0.0,0.0,0.0
2022-02-10 05:30:00,154.3,155.0,154.17,154.24,155.17,155.12,155.11,155.04,155.03,154.15,154.16,154.17,154.18,154.18,0,0.0,0,0.0,0.0,0.0,0.0,0.0
2022-02-10 09:30:00,154.23,155.0,153.25,154.03,155.17,155.12,155.11,155.04,155.03,154.15,154.16,154.17,154.18,154.18,0,0.0,0,0.0,0.0,0.0,0.0,0.0
2022-02-10 13:30:00,154.02,154.07,152.26,153.13,154.08,154.07,154.07,154.06,154.03,153.3,153.31,153.31,154.0,154.0,0,0.0,0,0.0,0.0,0.0,0.0,0.0
2022-02-10 18:30:00,153.12,153.22,152.31,153.14,154.0,153.31,153.31,153.3,153.16,153.03,153.04,153.04,153.05,153.06,0,0.0,0,0.0,0.0,0.0,0.0,0.0
2022-02-10 22:30:00,153.14,153.29,153.13,153.15,154.0,153.31,153.31,153.3,153.16,153.03,153.04,153.04,153.05,153.06,0,0.0,0,0.0,0.0,0.0,0.0,0.0
2022-02-11 02:30:00,153.15,153.24,153.09,153.23,154.0,153.31,153.31,153.3,153.16,153.03,153.04,153.04,153.05,153.06,0,0.0,02/10/2022 17:00,154.28125,154.28125,155.28125,156.28125,0.0
2022-02-11 06:30:00,153.24,154.04,153.2,153.28,154.0,154.0,153.31,153.31,153.3,153.04,153.04,153.05,153.06,153.16,0,0.0,0,0.0,0.0,0.0,0.0,0.0
2022-02-11 10:30:00,153.28,153.29,153.07,153.1,154.0,154.0,153.31,153.31,153.3,153.04,153.04,153.05,153.06,153.16,0,0.0,0,0.0,0.0,0.0,0.0,0.0
2022-02-11 14:30:00,153.11,154.22,152.18,154.05,154.0,154.0,153.31,153.31,153.3,153.03,153.04,153.04,153.05,153.06,0,0.0,02/10/2022 17:00,154.28125,154.28125,155.28125,156.28125,0.0
2022-02-11 14:30:00,153.11,154.22,152.18,154.05,154.0,154.0,153.31,153.31,153.3,153.03,153.04,153.04,153.05,153.06,0,0.0,02/10/2022 17:00,154.28125,154.28125,155.28125,156.28125,0.0
2022-02-13 19:30:00,154.05,154.31,153.29,154.05,154.08,154.07,154.07,154.07,154.06,153.05,153.06,153.3,154.0,154.03,02/11/2022 17:00,154.28125,0,0.0,154.28125,153.28125,152.28125,0.0
2022-02-13 23:30:00,154.06,154.14,154.0,154.07,154.09,154.08,154.07,154.07,154.07,153.05,153.06,153.3,154.0,154.03,02/11/2022 17:00,154.28125,0,0.0,154.28125,153.28125,152.28125,0.0
2022-02-14 03:30:00,154.06,154.19,154.0,154.18,154.09,154.08,154.07,154.07,154.07,153.05,153.06,153.3,154.0,154.03,02/11/2022 17:00,154.28125,0,0.0,154.28125,153.28125,152.28125,0.0
2022-02-14 03:30:00,154.06,154.19,154.0,154.18,154.09,154.08,154.07,154.07,154.07,153.05,153.06,153.3,154.0,154.03,02/11/2022 17:00,154.28125,0,0.0,154.28125,153.28125,152.28125,0.0
2022-02-14 03:30:00,154.06,154.19,154.0,154.18,154.09,154.08,154.07,154.07,154.07,153.05,153.06,153.3,154.0,154.03,02/11/2022 17:00,154.28125,0,0.0,154.28125,153.28125,152.28125,0.0
2022-02-14 03:30:00,154.06,154.19,154.0,154.18,154.09,154.08,154.07,154.07,154.07,153.05,153.06,153.3,154.0,154.03,02/11/2022 17:00,154.28125,0,0.0,154.28125,153.28125,152.28125,0.0
2022-02-14 07:30:00,154.19,155.07,154.16,154.22,155.04,155.03,155.03,155.0,154.31,154.1,154.1,154.13,154.14,154.18,02/11/2022 17:00,154.28125,0,0.0,154.28125,153.28125,152.28125,0.0
2022-02-14 07:30:00,154.19,155.07,154.16,154.22,155.04,155.03,155.03,155.0,154.31,154.1,154.1,154.13,154.14,154.18,02/11/2022 17:00,154.28125,0,0.0,154.28125,153.28125,152.28125,0.0
2022-02-14 07:30:00,154.19,155.07,154.16,154.22,155.04,155.03,155.03,155.0,154.31,154.1,154.1,154.13,154.14,154.18,02/11/2022 17:00,154.28125,0,0.0,154.28125,153.28125,152.28125,0.0
2022-02-14 11:30:00,154.22,154.24,153.01,153.02,155.04,155.03,155.03,155.0,154.31,154.1,154.1,154.13,154.14,154.18,0,0.0,0,0.0,0.0,0.0,0.0,0.0
2022-02-14 15:30:00,153.03,154.04,152.28,153.21,153.29,153.06,153.05,153.04,153.04,152.26,152.28,152.29,152.29,152.31,02/11/2022 17:00,154.28125,0,0.0,154.28125,153.28125,152.28125,0.0
2022-02-14 15:30:00,153.03,154.04,152.28,153.21,153.29,153.06,153.05,153.04,153.04,152.26,152.28,152.29,152.29,152.31,02/11/2022 17:00,154.28125,0,0.0,154.28125,153.28125,152.28125,0.0
2022-02-14 15:30:00,153.03,154.04,152.28,153.21,153.29,153.06,153.05,153.04,153.04,152.26,152.28,152.29,152.29,152.31,02/11/2022 17:00,154.28125,0,0.0,154.28125,153.28125,152.28125,0.0
2022-02-14 15:30:00,153.03,154.04,152.28,153.21,153.29,153.06,153.05,153.04,153.04,152.26,152.28,152.29,152.29,152.31,02/11/2022 17:00,154.28125,0,0.0,154.28125,153.28125,152.28125,0.0
2022-02-14 20:30:00,153.21,153.31,153.1,153.27,155.03,155.0,154.31,154.07,153.29,153.03,153.04,153.04,153.05,153.06,0,0.0,02/14/2022 17:00,153.9375,153.9375,154.9375,155.9375,0.0
2022-02-15 00:30:00,153.27,153.3,153.23,153.28,155.0,154.31,154.24,154.07,153.29,153.03,153.04,153.04,153.05,153.06,0,0.0,0,0.0,0.0,0.0,0.0,0.0
2022-02-15 04:30:00,153.27,153.28,152.19,152.27,154.31,154.24,154.07,154.04,153.29,153.03,153.04,153.04,153.05,153.06,0,0.0,0,0.0,0.0,0.0,0.0,0.0
2022-02-15 08:30:00,152.27,153.01,152.17,152.25,153.31,153.29,152.31,152.28,152.28,152.18,152.19,152.19,152.25,152.26,0,0.0,0,0.0,0.0,0.0,0.0,0.0
2022-02-15 12:30:00,152.26,152.27,152.14,152.15,153.3,153.29,152.31,152.28,152.28,152.18,152.18,152.19,152.19,152.25,0,0.0,0,0.0,0.0,0.0,0.0,0.0
2022-02-15 16:30:00,152.15,152.23,152.1,152.18,152.19,152.18,152.18,152.17,152.16,152.11,152.12,152.13,152.14,152.14,0,0.0,02/14/2022 17:00,153.9375,153.9375,154.9375,155.9375,0.0
2022-02-15 16:30:00,152.15,152.23,152.1,152.18,152.19,152.18,152.18,152.17,152.16,152.11,152.12,152.13,152.14,152.14,0,0.0,02/14/2022 17:00,153.9375,153.9375,154.9375,155.9375,0.0
2022-02-15 21:30:00,152.18,152.25,152.15,152.22,152.28,152.26,152.25,152.19,152.19,152.13,152.14,152.14,152.16,152.17,0,0.0,02/15/2022 17:00,152.59375,152.59375,153.59375,154.59375,0.0
2022-02-15 21:30:00,152.18,152.25,152.15,152.22,152.28,152.26,152.25,152.19,152.19,152.13,152.14,152.14,152.16,152.17,0,0.0,02/15/2022 17:00,152.59375,152.59375,153.59375,154.59375,0.0
2022-02-16 01:30:00,152.23,152.26,152.15,152.17,152.28,152.28,152.27,152.26,152.25,152.17,152.18,152.18,152.19,152.19,0,0.0,0,0.0,0.0,0.0,0.0,0.0
2022-02-16 05:30:00,152.18,152.21,152.11,152.19,152.28,152.28,152.27,152.26,152.25,152.13,152.14,152.14,152.16,152.17,0,0.0,02/15/2022 17:00,152.59375,152.59375,153.59375,154.59375,0.0
2022-02-16 09:30:00,152.19,153.08,152.14,153.01,152.28,152.28,152.27,152.26,152.25,152.13,152.14,152.14,152.16,152.17,0,0.0,02/15/2022 17:00,152.59375,152.59375,153.59375,154.59375,0.0
2022-02-16 09:30:00,152.19,153.08,152.14,153.01,152.28,152.28,152.27,152.26,152.25,152.13,152.14,152.14,152.16,152.17,0,0.0,02/15/2022 17:00,152.59375,152.59375,153.59375,154.59375,0.0
2022-02-16 09:30:00,152.19,153.08,152.14,153.01,152.28,152.28,152.27,152.26,152.25,152.13,152.14,152.14,152.16,152.17,0,0.0,02/15/2022 17:00,152.59375,152.59375,153.59375,154.59375,0.0
2022-02-16 09:30:00,152.19,153.08,152.14,153.01,152.28,152.28,152.27,152.26,152.25,152.13,152.14,152.14,152.16,152.17,0,0.0,02/15/2022 17:00,152.59375,152.59375,153.59375,154.59375,0.0
2022-02-16 09:30:00,152.19,153.08,152.14,153.01,152.28,152.28,152.27,152.26,152.25,152.13,152.14,152.14,152.16,152.17,0,0.0,02/15/2022 17:00,152.59375,152.59375,153.59375,154.59375,0.0
2022-02-16 09:30:00,152.19,153.08,152.14,153.01,152.28,152.28,152.27,152.26,152.25,152.13,152.14,152.14,152.16,152.17,0,0.0,02/15/2022 17:00,152.59375,152.59375,153.59375,154.59375,0.0
2022-02-16 13:30:00,153.01,153.04,152.09,152.2,154.04,153.31,153.3,153.29,153.28,152.26,152.27,152.28,152.28,152.31,0,0.0,0,0.0,0.0,0.0,0.0,0.0
2022-02-16 18:30:00,152.2,153.0,152.04,152.25,153.3,153.29,153.28,153.01,152.27,152.13,152.14,152.14,152.16,152.17,0,0.0,0,0.0,0.0,0.0,0.0,0.0
2022-02-16 22:30:00,152.25,153.0,152.24,152.26,153.29,153.28,153.08,153.01,152.27,152.13,152.14,152.14,152.16,152.17,0,0.0,0,0.0,0.0,0.0,0.0,0.0
2022-02-17 02:30:00,152.26,154.01,152.26,153.06,153.28,153.08,153.04,153.01,152.27,152.13,152.14,152.14,152.16,152.17,0,0.0,02/15/2022 17:00,152.59375,152.59375,153.59375,154.59375,0.0
2022-02-17 02:30:00,152.26,154.01,152.26,153.06,153.28,153.08,153.04,153.01,152.27,152.13,152.14,152.14,152.16,152.17,0,0.0,02/15/2022 17:00,152.59375,152.59375,153.59375,154.59375,0.0
2022-02-17 02:30:00,152.26,154.01,152.26,153.06,153.28,153.08,153.04,153.01,152.27,152.13,152.14,152.14,152.16,152.17,0,0.0,02/15/2022 17:00,152.59375,152.59375,153.59375,154.59375,0.0
2022-02-17 06:30:00,153.06,153.15,152.26,153.06,153.31,153.3,153.29,153.28,153.08,152.14,152.16,152.17,153.01,153.04,0,0.0,0,0.0,0.0,0.0,0.0,0.0
2022-02-17 10:30:00,153.06,154.05,153.02,154.03,153.31,153.3,153.29,153.28,153.08,152.16,152.17,152.24,153.01,153.04,0,0.0,02/15/2022 17:00,152.59375,152.59375,153.59375,154.59375,0.0
2022-02-17 10:30:00,153.06,154.05,153.02,154.03,153.31,153.3,153.29,153.28,153.08,152.16,152.17,152.24,153.01,153.04,0,0.0,02/15/2022 17:00,152.59375,152.59375,153.59375,154.59375,0.0
2022-02-17 10:30:00,153.06,154.05,153.02,154.03,153.31,153.3,153.29,153.28,153.08,152.16,152.17,152.24,153.01,153.04,0,0.0,02/15/2022 17:00,152.59375,152.59375,153.59375,154.59375,0.0
2022-02-17 10:30:00,153.06,154.05,153.02,154.03,153.31,153.3,153.29,153.28,153.08,152.16,152.17,152.24,153.01,153.04,0,0.0,02/15/2022 17:00,152.59375,152.59375,153.59375,154.59375,0.0
2022-02-17 10:30:00,153.06,154.05,153.02,154.03,153.31,153.3,153.29,153.28,153.08,152.16,152.17,152.24,153.01,153.04,0,0.0,02/15/2022 17:00,152.59375,152.59375,153.59375,154.59375,0.0
2022-02-17 14:30:00,154.04,154.09,153.1,153.23,155.03,155.0,154.31,154.24,154.07,153.08,153.28,153.29,153.3,153.31,0,0.0,0,0.0,0.0,0.0,0.0,0.0
2022-02-17 19:30:00,153.23,154.06,153.18,154.03,154.07,154.04,153.31,153.3,153.28,152.24,152.26,153.01,153.04,153.08,0,0.0,0,0.0,0.0,0.0,0.0,0.0
2022-02-17 23:30:00,154.02,154.03,153.12,153.17,155.0,154.31,154.24,154.07,154.04,152.26,153.01,153.02,153.04,153.08,0,0.0,0,0.0,0.0,0.0,0.0,0.0
2022-02-18 03:30:00,153.18,153.24,153.14,153.21,154.31,154.24,154.09,154.07,154.04,153.01,153.02,153.04,153.08,153.1,0,0.0,0,0.0,0.0,0.0,0.0,0.0
2022-02-18 07:30:00,153.2,154.01,153.16,153.25,154.24,154.09,154.07,154.06,154.04,153.01,153.02,153.04,153.08,153.1,0,0.0,0,0.0,0.0,0.0,0.0,0.0
2022-02-18 11:30:00,153.26,154.24,153.25,154.18,154.09,154.07,154.06,154.04,154.03,153.02,153.04,153.08,153.1,153.12,02/17/2022 17:00,152.59375,0,0.0,152.59375,151.59375,150.59375,0.0
2022-02-18 11:30:00,153.26,154.24,153.25,154.18,154.09,154.07,154.06,154.04,154.03,153.02,153.04,153.08,153.1,153.12,02/17/2022 17:00,152.59375,0,0.0,152.59375,151.59375,150.59375,0.0
2022-02-18 11:30:00,153.26,154.24,153.25,154.18,154.09,154.07,154.06,154.04,154.03,153.02,153.04,153.08,153.1,153.12,02/17/2022 17:00,152.59375,0,0.0,152.59375,151.59375,150.59375,0.0
2022-02-18 11:30:00,153.26,154.24,153.25,154.18,154.09,154.07,154.06,154.04,154.03,153.02,153.04,153.08,153.1,153.12,02/17/2022 17:00,152.59375,0,0.0,152.59375,151.59375,150.59375,0.0
2022-02-18 15:30:00,154.18,155.0,154.17,154.29,155.03,155.03,155.0,154.31,154.24,153.14,154.03,154.04,154.06,154.09,02/17/2022 17:00,152.59375,0,0.0,152.59375,151.59375,150.59375,0.0
2022-02-20 20:30:00,154.28,155.1,154.2,154.3,155.04,155.03,155.03,155.0,154.31,154.03,154.04,154.06,154.09,154.24,0,0.0,0,0.0,0.0,0.0,0.0,0.0
2022-02-21 00:30:00,154.31,155.0,154.19,154.21,155.07,155.04,155.03,155.03,155.0,154.03,154.04,154.06,154.09,154.24,0,0.0,0,0.0,0.0,0.0,0.0,0.0
2022-02-21 04:30:00,154.21,154.22,154.09,154.16,155.03,155.03,155.0,154.31,154.24,154.03,154.04,154.06,154.09,154.17,0,0.0,0,0.0,0.0,0.0,0.0,0.0
2022-02-21 08:30:00,154.16,155.1,154.15,155.08,155.03,155.0,154.31,154.24,154.17,153.25,154.03,154.04,154.06,154.09,02/18/2022 17:00,154.4375,0,0.0,154.4375,153.4375,152.4375,0.0
2022-02-21 08:30:00,154.16,155.1,154.15,155.08,155.03,155.0,154.31,154.24,154.17,153.25,154.03,154.04,154.06,154.09,02/18/2022 17:00,154.4375,0,0.0,154.4375,153.4375,152.4375,0.0
2022-02-21 08:30:00,154.16,155.1,154.15,155.08,155.03,155.0,154.31,154.24,154.17,153.25,154.03,154.04,154.06,154.09,02/18/2022 17:00,154.4375,0,0.0,154.4375,153.4375,152.4375,0.0
2022-02-21 08:30:00,154.16,155.1,154.15,155.08,155.03,155.0,154.31,154.24,154.17,153.25,154.03,154.04,154.06,154.09,02/18/2022 17:00,154.4375,0,0.0,154.4375,153.4375,152.4375,0.0
2022-02-21 08:30:00,154.16,155.1,154.15,155.08,155.03,155.0,154.31,154.24,154.17,153.25,154.03,154.04,154.06,154.09,02/18/2022 17:00,154.4375,0,0.0,154.4375,153.4375,152.4375,0.0
2022-02-21 12:30:00,155.08,155.12,154.29,155.03,155.21,155.17,155.12,155.11,155.1,154.17,154.31,155.0,155.03,155.07,0,0.0,0,0.0,0.0,0.0,0.0,0.0
2022-02-21 21:30:00,155.02,156.05,155.01,156.0,155.12,155.11,155.1,155.07,155.03,154.09,154.09,154.17,154.31,155.0,02/18/2022 17:00,154.4375,0,0.0,154.4375,153.4375,152.4375,0.0
2022-02-21 21:30:00,155.02,156.05,155.01,156.0,155.12,155.11,155.1,155.07,155.03,154.09,154.09,154.17,154.31,155.0,02/18/2022 17:00,154.4375,0,0.0,154.4375,153.4375,152.4375,0.0
2022-02-21 21:30:00,155.02,156.05,155.01,156.0,155.12,155.11,155.1,155.07,155.03,154.09,154.09,154.17,154.31,155.0,02/18/2022 17:00,154.4375,0,0.0,154.4375,153.4375,152.4375,0.0
2022-02-21 21:30:00,155.02,156.05,155.01,156.0,155.12,155.11,155.1,155.07,155.03,154.09,154.09,154.17,154.31,155.0,02/18/2022 17:00,154.4375,0,0.0,154.4375,153.4375,152.4375,0.0
2022-02-21 21:30:00,155.02,156.05,155.01,156.0,155.12,155.11,155.1,155.07,155.03,154.09,154.09,154.17,154.31,155.0,02/18/2022 17:00,154.4375,0,0.0,154.4375,153.4375,152.4375,0.0
2022-02-21 21:30:00,155.02,156.05,155.01,156.0,155.12,155.11,155.1,155.07,155.03,154.09,154.09,154.17,154.31,155.0,02/18/2022 17:00,154.4375,0,0.0,154.4375,153.4375,152.4375,0.0
2022-02-21 21:30:00,155.02,156.05,155.01,156.0,155.12,155.11,155.1,155.07,155.03,154.09,154.09,154.17,154.31,155.0,02/18/2022 17:00,154.4375,0,0.0,154.4375,153.4375,152.4375,0.0
2022-02-21 21:30:00,155.02,156.05,155.01,156.0,155.12,155.11,155.1,155.07,155.03,154.09,154.09,154.17,154.31,155.0,02/18/2022 17:00,154.4375,0,0.0,154.4375,153.4375,152.4375,0.0
2022-02-21 21:30:00,155.02,156.05,155.01,156.0,155.12,155.11,155.1,155.07,155.03,154.09,154.09,154.17,154.31,155.0,02/18/2022 17:00,154.4375,0,0.0,154.4375,153.4375,152.4375,0.0
2022-02-22 01:30:00,156.0,156.06,155.26,155.26,156.09,156.07,156.06,156.02,156.01,155.21,155.22,155.25,155.3,155.31,0,0.0,0,0.0,0.0,0.0,0.0,0.0
2022-02-22 05:30:00,155.26,156.06,155.05,155.07,156.09,156.07,156.06,156.02,156.01,155.12,155.17,155.21,155.22,155.25,0,0.0,0,0.0,0.0,0.0,0.0,0.0
2022-02-22 09:30:00,155.08,155.09,154.13,154.2,155.22,155.17,155.12,155.11,155.1,154.29,154.31,155.0,155.01,155.03,0,0.0,0,0.0,0.0,0.0,0.0,0.0
2022-02-22 13:30:00,154.2,155.06,154.12,155.03,155.03,155.01,155.0,154.31,154.29,154.06,154.09,154.09,154.15,154.17,02/18/2022 17:00,154.4375,0,0.0,154.4375,153.4375,152.4375,0.0
2022-02-22 13:30:00,154.2,155.06,154.12,155.03,155.03,155.01,155.0,154.31,154.29,154.06,154.09,154.09,154.15,154.17,02/18/2022 17:00,154.4375,0,0.0,154.4375,153.4375,152.4375,0.0
2022-02-22 18:30:00,155.03,155.08,154.2,154.23,155.22,155.17,155.12,155.11,155.1,154.09,154.15,154.17,154.29,155.01,0,0.0,0,0.0,0.0,0.0,0.0,0.0
2022-02-22 22:30:00,154.24,155.04,154.23,155.02,155.12,155.11,155.1,155.09,155.03,154.06,154.09,154.09,154.15,154.17,0,0.0,0,0.0,0.0,0.0,0.0,0.0
2022-02-23 02:30:00,155.02,155.03,154.14,154.16,155.12,155.11,155.1,155.09,155.03,154.09,154.09,154.12,154.15,154.17,0,0.0,0,0.0,0.0,0.0,0.0,0.0
2022-02-23 06:30:00,154.16,154.18,154.07,154.14,155.11,155.1,155.09,155.08,155.03,154.06,154.09,154.09,154.12,154.15,0,0.0,0,0.0,0.0,0.0,0.0,0.0
2022-02-23 10:30:00,154.15,154.19,153.26,154.1,155.1,155.09,155.08,155.04,155.03,154.04,154.06,154.09,154.09,154.12,0,0.0,0,0.0,0.0,0.0,0.0,0.0
2022-02-23 14:30:00,154.1,154.22,154.05,154.13,155.04,155.03,155.03,154.15,154.12,154.03,154.04,154.06,154.09,154.09,02/18/2022 17:00,154.4375,0,0.0,154.4375,153.4375,152.4375,0.0
2022-02-23 19:30:00,154.12,154.23,153.27,154.2,155.08,155.04,155.03,155.03,154.15,154.03,154.04,154.06,154.09,154.09,0,0.0,02/23/2022 17:00,154.46875,154.46875,155.46875,156.46875,0.0
2022-02-23 23:30:00,154.2,156.07,154.1,155.3,155.09,155.08,155.04,155.03,155.03,154.06,154.09,154.09,154.12,154.15,0,0.0,02/23/2022 17:00,154.46875,154.46875,155.46875,156.46875,0.0
2022-02-23 23:30:00,154.2,156.07,154.1,155.3,155.09,155.08,155.04,155.03,155.03,154.06,154.09,154.09,154.12,154.15,0,0.0,02/23/2022 17:00,154.46875,154.46875,155.46875,156.46875,0.0
2022-02-23 23:30:00,154.2,156.07,154.1,155.3,155.09,155.08,155.04,155.03,155.03,154.06,154.09,154.09,154.12,154.15,0,0.0,02/23/2022 17:00,154.46875,154.46875,155.46875,156.46875,0.0
2022-02-23 23:30:00,154.2,156.07,154.1,155.3,155.09,155.08,155.04,155.03,155.03,154.06,154.09,154.09,154.12,154.15,0,0.0,02/23/2022 17:00,154.46875,154.46875,155.46875,156.46875,0.0
2022-02-24 03:30:00,155.3,156.07,155.07,155.1,156.07,156.06,156.06,156.02,156.01,154.15,155.03,155.04,155.08,155.09,0,0.0,0,0.0,0.0,0.0,0.0,0.0
2022-02-24 07:30:00,155.1,156.24,155.09,156.19,156.07,156.06,156.06,156.02,156.01,154.15,155.03,155.04,155.08,155.09,0,0.0,02/23/2022 17:00,154.46875,154.46875,155.46875,156.46875,0.0
2022-02-24 07:30:00,155.1,156.24,155.09,156.19,156.07,156.06,156.06,156.02,156.01,154.15,155.03,155.04,155.08,155.09,0,0.0,02/23/2022 17:00,154.46875,154.46875,155.46875,156.46875,0.0
2022-02-24 07:30:00,155.1,156.24,155.09,156.19,156.07,156.06,156.06,156.02,156.01,154.15,155.03,155.04,155.08,155.09,0,0.0,02/23/2022 17:00,154.46875,154.46875,155.46875,156.46875,0.0
2022-02-24 07:30:00,155.1,156.24,155.09,156.19,156.07,156.06,156.06,156.02,156.01,154.15,155.03,155.04,155.08,155.09,0,0.0,02/23/2022 17:00,154.46875,154.46875,155.46875,156.46875,0.0
2022-02-24 07:30:00,155.1,156.24,155.09,156.19,156.07,156.06,156.06,156.02,156.01,154.15,155.03,155.04,155.08,155.09,0,0.0,02/23/2022 17:00,154.46875,154.46875,155.46875,156.46875,0.0
2022-02-24 07:30:00,155.1,156.24,155.09,156.19,156.07,156.06,156.06,156.02,156.01,154.15,155.03,155.04,155.08,155.09,0,0.0,02/23/2022 17:00,154.46875,154.46875,155.46875,156.46875,0.0
2022-02-24 11:30:00,156.19,156.2,154.24,154.3,157.23,157.21,157.05,157.02,156.26,156.02,156.06,156.06,156.07,156.09,0,0.0,0,0.0,0.0,0.0,0.0,0.0
2022-02-24 15:30:00,154.3,155.14,154.05,154.2,156.06,155.09,155.08,155.04,155.03,154.09,154.09,154.1,154.12,154.15,0,0.0,0,0.0,0.0,0.0,0.0,0.0
2022-02-24 20:30:00,154.2,154.23,154.03,154.05,156.06,155.09,155.08,155.04,155.03,154.09,154.09,154.1,154.12,154.15,0,0.0,0,0.0,0.0,0.0,0.0,0.0
2022-02-25 00:30:00,154.05,154.27,154.02,154.24,155.03,154.1,154.09,154.09,154.06,153.25,153.26,153.27,154.03,154.04,0,0.0,02/23/2022 17:00,154.46875,154.46875,155.46875,156.46875,0.0
2022-02-25 00:30:00,154.05,154.27,154.02,154.24,155.03,154.1,154.09,154.09,154.06,153.25,153.26,153.27,154.03,154.04,0,0.0,02/23/2022 17:00,154.46875,154.46875,155.46875,156.46875,0.0
2022-02-25 04:30:00,154.24,155.02,154.17,155.0,155.14,155.09,155.08,155.04,155.03,153.27,154.03,154.04,154.09,154.1,0,0.0,0,0.0,0.0,0.0,0.0,0.0
2022-02-25 08:30:00,154.31,154.31,153.15,153.22,155.14,155.09,155.08,155.04,155.03,153.27,154.03,154.04,154.09,154.1,0,0.0,0,0.0,0.0,0.0,0.0,0.0
2022-02-25 12:30:00,153.21,154.2,153.2,154.01,154.04,154.03,153.27,153.26,153.25,153.08,153.1,153.12,153.14,153.16,0,0.0,02/23/2022 17:00,154.46875,154.46875,155.46875,156.46875,0.0
2022-02-25 12:30:00,153.21,154.2,153.2,154.01,154.04,154.03,153.27,153.26,153.25,153.08,153.1,153.12,153.14,153.16,0,0.0,02/23/2022 17:00,154.46875,154.46875,155.46875,156.46875,0.0
2022-02-25 12:30:00,153.21,154.2,153.2,154.01,154.04,154.03,153.27,153.26,153.25,153.08,153.1,153.12,153.14,153.16,0,0.0,02/23/2022 17:00,154.46875,154.46875,155.46875,156.46875,0.0
2022-02-25 16:30:00,154.01,154.17,153.27,154.13,155.04,155.03,155.02,154.04,154.03,153.14,153.16,153.25,153.26,153.27,0,0.0,0,0.0,0.0,0.0,0.0,0.0
2022-02-27 21:30:00,154.13,157.01,154.1,155.19,155.08,155.04,155.03,155.02,154.31,153.15,153.16,153.25,153.26,153.27,0,0.0,02/23/2022 17:00,154.46875,154.46875,155.46875,156.46875,0.0
2022-02-27 21:30:00,154.13,157.01,154.1,155.19,155.08,155.04,155.03,155.02,154.31,153.15,153.16,153.25,153.26,153.27,0,0.0,02/23/2022 17:00,154.46875,154.46875,155.46875,156.46875,0.0
2022-02-27 21:30:00,154.13,157.01,154.1,155.19,155.08,155.04,155.03,155.02,154.31,153.15,153.16,153.25,153.26,153.27,0,0.0,02/23/2022 17:00,154.46875,154.46875,155.46875,156.46875,0.0
2022-02-28 01:30:00,155.19,155.29,155.16,155.2,157.02,156.26,156.24,156.2,156.06,153.26,153.27,154.31,155.02,155.14,0,0.0,0,0.0,0.0,0.0,0.0,0.0
2022-02-28 05:30:00,155.21,155.23,155.08,155.11,157.02,156.26,156.24,156.2,156.06,153.27,153.27,154.31,155.02,155.14,0,0.0,0,0.0,0.0,0.0,0.0,0.0
2022-02-28 09:30:00,155.11,155.3,155.04,155.27,156.26,156.24,156.2,156.06,155.14,153.27,153.27,154.1,154.31,155.02,0,0.0,0,0.0,0.0,0.0,0.0,0.0
2022-02-28 13:30:00,155.27,156.17,155.26,156.16,157.01,156.26,156.24,156.2,156.06,153.27,153.27,154.1,154.31,155.02,0,0.0,02/23/2022 17:00,154.46875,154.46875,155.46875,156.46875,0.0
2022-02-28 18:30:00,156.16,157.14,156.12,156.27,157.02,157.01,156.26,156.24,156.2,153.27,153.27,154.1,154.31,155.02,02/28/2022 17:00,155.4375,0,0.0,155.4375,154.4375,153.4375,0.0
2022-02-28 18:30:00,156.16,157.14,156.12,156.27,157.02,157.01,156.26,156.24,156.2,153.27,153.27,154.1,154.31,155.02,02/28/2022 17:00,155.4375,0,0.0,155.4375,154.4375,153.4375,0.0
2022-02-28 22:30:00,156.27,156.31,156.16,156.23,157.23,157.21,157.05,157.02,157.01,154.31,155.02,155.04,156.2,156.24,0,0.0,0,0.0,0.0,0.0,0.0,0.0
2022-03-01 02:30:00,156.22,156.24,156.15,156.19,157.21,157.05,157.02,157.01,156.24,154.31,155.02,155.04,155.26,156.2,0,0.0,0,0.0,0.0,0.0,0.0,0.0
2022-03-01 06:30:00,156.2,159.06,156.19,158.28,157.14,157.05,157.02,157.01,156.24,154.31,155.02,155.04,155.26,156.12,02/28/2022 17:00,155.4375,0,0.0,155.4375,154.4375,153.4375,0.0
2022-03-01 06:30:00,156.2,159.06,156.19,158.28,157.14,157.05,157.02,157.01,156.24,154.31,155.02,155.04,155.26,156.12,02/28/2022 17:00,155.4375,0,0.0,155.4375,154.4375,153.4375,0.0
2022-03-01 06:30:00,156.2,159.06,156.19,158.28,157.14,157.05,157.02,157.01,156.24,154.31,155.02,155.04,155.26,156.12,02/28/2022 17:00,155.4375,0,0.0,155.4375,154.4375,153.4375,0.0
2022-03-01 06:30:00,156.2,159.06,156.19,158.28,157.14,157.05,157.02,157.01,156.24,154.31,155.02,155.04,155.26,156.12,02/28/2022 17:00,155.4375,0,0.0,155.4375,154.4375,153.4375,0.0
2022-03-01 06:30:00,156.2,159.06,156.19,158.28,157.14,157.05,157.02,157.01,156.24,154.31,155.02,155.04,155.26,156.12,02/28/2022 17:00,155.4375,0,0.0,155.4375,154.4375,153.4375,0.0
2022-03-01 06:30:00,156.2,159.06,156.19,158.28,157.14,157.05,157.02,157.01,156.24,154.31,155.02,155.04,155.26,156.12,02/28/2022 17:00,155.4375,0,0.0,155.4375,154.4375,153.4375,0.0
2022-03-01 06:30:00,156.2,159.06,156.19,158.28,157.14,157.05,157.02,157.01,156.24,154.31,155.02,155.04,155.26,156.12,02/28/2022 17:00,155.4375,0,0.0,155.4375,154.4375,153.4375,0.0
2022-03-01 06:30:00,156.2,159.06,156.19,158.28,157.14,157.05,157.02,157.01,156.24,154.31,155.02,155.04,155.26,156.12,02/28/2022 17:00,155.4375,0,0.0,155.4375,154.4375,153.4375,0.0
2022-03-01 06:30:00,156.2,159.06,156.19,158.28,157.14,157.05,157.02,157.01,156.24,154.31,155.02,155.04,155.26,156.12,02/28/2022 17:00,155.4375,0,0.0,155.4375,154.4375,153.4375,0.0
2022-03-01 06:30:00,156.2,159.06,156.19,158.28,157.14,157.05,157.02,157.01,156.24,154.31,155.02,155.04,155.26,156.12,02/28/2022 17:00,155.4375,0,0.0,155.4375,154.4375,153.4375,0.0
2022-03-01 06:30:00,156.2,159.06,156.19,158.28,157.14,157.05,157.02,157.01,156.24,154.31,155.02,155.04,155.26,156.12,02/28/2022 17:00,155.4375,0,0.0,155.4375,154.4375,153.4375,0.0
2022-03-01 06:30:00,156.2,159.06,156.19,158.28,157.14,157.05,157.02,157.01,156.24,154.31,155.02,155.04,155.26,156.12,02/28/2022 17:00,155.4375,0,0.0,155.4375,154.4375,153.4375,0.0
2022-03-01 06:30:00,156.2,159.06,156.19,158.28,157.14,157.05,157.02,157.01,156.24,154.31,155.02,155.04,155.26,156.12,02/28/2022 17:00,155.4375,0,0.0,155.4375,154.4375,153.4375,0.0
2022-03-01 06:30:00,156.2,159.06,156.19,158.28,157.14,157.05,157.02,157.01,156.24,154.31,155.02,155.04,155.26,156.12,02/28/2022 17:00,155.4375,0,0.0,155.4375,154.4375,153.4375,0.0
2022-03-01 06:30:00,156.2,159.06,156.19,158.28,157.14,157.05,157.02,157.01,156.24,154.31,155.02,155.04,155.26,156.12,02/28/2022 17:00,155.4375,0,0.0,155.4375,154.4375,153.4375,0.0
2022-03-01 06:30:00,156.2,159.06,156.19,158.28,157.14,157.05,157.02,157.01,156.24,154.31,155.02,155.04,155.26,156.12,02/28/2022 17:00,155.4375,0,0.0,155.4375,154.4375,153.4375,0.0
2022-03-01 06:30:00,156.2,159.06,156.19,158.28,157.14,157.05,157.02,157.01,156.24,154.31,155.02,155.04,155.26,156.12,02/28/2022 17:00,155.4375,0,0.0,155.4375,154.4375,153.4375,0.0
2022-03-01 06:30:00,156.2,159.06,156.19,158.28,157.14,157.05,157.02,157.01,156.24,154.31,155.02,155.04,155.26,156.12,02/28/2022 17:00,155.4375,0,0.0,155.4375,154.4375,153.4375,0.0
2022-03-01 06:30:00,156.2,159.06,156.19,158.28,157.14,157.05,157.02,157.01,156.24,154.31,155.02,155.04,155.26,156.12,02/28/2022 17:00,155.4375,0,0.0,155.4375,154.4375,153.4375,0.0
2022-03-01 10:30:00,158.28,159.06,157.25,158.27,159.04,159.02,159.02,159.0,159.0,158.14,158.15,158.15,158.19,158.2,02/28/2022 17:00,155.4375,0,0.0,155.4375,154.4375,153.4375,0.0
2022-03-01 10:30:00,158.28,159.06,157.25,158.27,159.04,159.02,159.02,159.0,159.0,158.14,158.15,158.15,158.19,158.2,02/28/2022 17:00,155.4375,0,0.0,155.4375,154.4375,153.4375,0.0
2022-03-01 10:30:00,158.28,159.06,157.25,158.27,159.04,159.02,159.02,159.0,159.0,158.14,158.15,158.15,158.19,158.2,02/28/2022 17:00,155.4375,0,0.0,155.4375,154.4375,153.4375,0.0
2022-03-01 10:30:00,158.28,159.06,157.25,158.27,159.04,159.02,159.02,159.0,159.0,158.14,158.15,158.15,158.19,158.2,02/28/2022 17:00,155.4375,0,0.0,155.4375,154.4375,153.4375,0.0
2022-03-01 10:30:00,158.28,159.06,157.25,158.27,159.04,159.02,159.02,159.0,159.0,158.14,158.15,158.15,158.19,158.2,02/28/2022 17:00,155.4375,0,0.0,155.4375,154.4375,153.4375,0.0
2022-03-01 14:30:00,158.27,159.27,158.22,159.12,159.04,159.02,159.02,159.0,159.0,158.14,158.15,158.15,158.19,158.2,02/28/2022 17:00,155.4375,0,0.0,155.4375,154.4375,153.4375,0.0
2022-03-01 14:30:00,158.27,159.27,158.22,159.12,159.04,159.02,159.02,159.0,159.0,158.14,158.15,158.15,158.19,158.2,02/28/2022 17:00,155.4375,0,0.0,155.4375,154.4375,153.4375,0.0
2022-03-01 14:30:00,158.27,159.27,158.22,159.12,159.04,159.02,159.02,159.0,159.0,158.14,158.15,158.15,158.19,158.2,02/28/2022 17:00,155.4375,0,0.0,155.4375,154.4375,153.4375,0.0
2022-03-01 14:30:00,158.27,159.27,158.22,159.12,159.04,159.02,159.02,159.0,159.0,158.14,158.15,158.15,158.19,158.2,02/28/2022 17:00,155.4375,0,0.0,155.4375,154.4375,153.4375,0.0
2022-03-01 14:30:00,158.27,159.27,158.22,159.12,159.04,159.02,159.02,159.0,159.0,158.14,158.15,158.15,158.19,158.2,02/28/2022 17:00,155.4375,0,0.0,155.4375,154.4375,153.4375,0.0
2022-03-01 14:30:00,158.27,159.27,158.22,159.12,159.04,159.02,159.02,159.0,159.0,158.14,158.15,158.15,158.19,158.2,02/28/2022 17:00,155.4375,0,0.0,155.4375,154.4375,153.4375,0.0
2022-03-01 19:30:00,159.13,159.17,158.14,158.14,159.26,159.22,159.22,159.17,159.14,159.02,159.04,159.06,159.08,159.12,0,0.0,0,0.0,0.0,0.0,0.0,0.0
2022-03-01 23:30:00,158.14,158.24,158.08,158.21,159.12,159.02,159.0,158.2,158.19,158.1,158.11,158.11,158.12,158.13,0,0.0,0,0.0,0.0,0.0,0.0,0.0
2022-03-02 03:30:00,158.2,159.1,158.17,158.3,159.17,159.14,159.12,159.02,159.0,158.11,158.11,158.12,158.13,158.14,0,0.0,0,0.0,0.0,0.0,0.0,0.0
2022-03-02 07:30:00,158.29,159.05,158.1,158.11,159.17,159.14,159.12,159.02,159.0,158.11,158.11,158.12,158.13,158.14,0,0.0,0,0.0,0.0,0.0,0.0,0.0
2022-03-02 11:30:00,158.11,158.24,157.02,157.1,159.14,159.12,159.02,159.0,158.12,158.08,158.08,158.09,158.09,158.1,0,0.0,0,0.0,0.0,0.0,0.0,0.0
2022-03-02 15:30:00,157.09,157.11,156.19,156.22,157.28,157.25,157.23,157.21,157.14,156.15,156.19,157.01,157.02,157.05,0,0.0,0,0.0,0.0,0.0,0.0,0.0
2022-03-02 20:30:00,156.22,157.03,155.24,157.0,157.21,157.14,157.05,157.02,157.01,155.04,155.26,156.12,156.15,156.19,0,0.0,0,0.0,0.0,0.0,0.0,0.0
2022-03-03 00:30:00,157.0,157.0,156.13,156.19,157.21,157.14,157.05,157.02,157.01,155.04,155.26,156.12,156.15,156.19,0,0.0,0,0.0,0.0,0.0,0.0,0.0
2022-03-03 04:30:00,156.2,156.26,156.06,156.14,157.14,157.11,157.05,157.02,157.01,155.04,155.26,156.12,156.15,156.19,0,0.0,0,0.0,0.0,0.0,0.0,0.0
2022-03-03 08:30:00,156.14,157.0,156.08,156.27,157.03,157.02,157.01,156.19,156.15,155.02,155.04,155.24,155.26,156.12,0,0.0,03/02/2022 17:00,159.0625,159.0625,160.0625,161.0625,0.0
2022-03-03 08:30:00,156.14,157.0,156.08,156.27,157.03,157.02,157.01,156.19,156.15,155.02,155.04,155.24,155.26,156.12,0,0.0,03/02/2022 17:00,159.0625,159.0625,160.0625,161.0625,0.0
2022-03-03 12:30:00,156.27,157.09,156.02,156.29,157.11,157.05,157.03,157.02,157.01,155.24,155.26,156.12,156.15,156.19,0,0.0,0,0.0,0.0,0.0,0.0,0.0
2022-03-03 16:30:00,156.28,157.01,156.17,157.0,157.11,157.05,157.03,157.02,157.01,155.24,155.26,156.12,156.15,156.19,0,0.0,0,0.0,0.0,0.0,0.0,0.0
2022-03-03 21:30:00,157.01,159.19,156.25,157.28,157.14,157.11,157.05,157.03,157.02,155.24,155.26,156.12,156.15,156.19,0,0.0,03/02/2022 17:00,159.0625,159.0625,160.0625,161.0625,0.0
2022-03-03 21:30:00,157.01,159.19,156.25,157.28,157.14,157.11,157.05,157.03,157.02,155.24,155.26,156.12,156.15,156.19,0,0.0,03/02/2022 17:00,159.0625,159.0625,160.0625,161.0625,0.0
2022-03-03 21:30:00,157.01,159.19,156.25,157.28,157.14,157.11,157.05,157.03,157.02,155.24,155.26,156.12,156.15,156.19,0,0.0,03/02/2022 17:00,159.0625,159.0625,160.0625,161.0625,0.0
2022-03-04 01:30:00,157.27,158.11,157.22,157.25,158.06,158.02,158.01,157.29,157.28,156.15,156.19,157.03,157.11,157.25,0,0.0,0,0.0,0.0,0.0,0.0,0.0
2022-03-04 05:30:00,157.25,158.1,157.14,157.28,158.06,158.02,158.01,157.29,157.28,156.15,156.17,156.19,157.03,157.11,0,0.0,0,0.0,0.0,0.0,0.0,0.0
2022-03-04 09:30:00,157.27,159.03,157.27,159.0,158.06,158.02,158.01,157.29,157.28,156.19,156.25,157.03,157.11,157.25,0,0.0,03/02/2022 17:00,159.0625,159.0625,160.0625,161.0625,0.0
2022-03-04 09:30:00,157.27,159.03,157.27,159.0,158.06,158.02,158.01,157.29,157.28,156.19,156.25,157.03,157.11,157.25,0,0.0,03/02/2022 17:00,159.0625,159.0625,160.0625,161.0625,0.0
2022-03-04 13:30:00,159.0,159.3,158.28,159.03,159.14,159.12,159.1,159.05,159.02,157.03,157.11,157.25,158.08,158.24,0,0.0,0,0.0,0.0,0.0,0.0,0.0
2022-03-06 18:30:00,159.03,160.17,158.27,160.07,159.17,159.14,159.12,159.1,159.05,157.11,157.14,157.25,158.08,158.24,03/04/2022 17:00,159.0625,0,0.0,159.0625,158.0625,157.0625,0.0
2022-03-06 18:30:00,159.03,160.17,158.27,160.07,159.17,159.14,159.12,159.1,159.05,157.11,157.14,157.25,158.08,158.24,03/04/2022 17:00,159.0625,0,0.0,159.0625,158.0625,157.0625,0.0
2022-03-06 18:30:00,159.03,160.17,158.27,160.07,159.17,159.14,159.12,159.1,159.05,157.11,157.14,157.25,158.08,158.24,03/04/2022 17:00,159.0625,0,0.0,159.0625,158.0625,157.0625,0.0
2022-03-06 18:30:00,159.03,160.17,158.27,160.07,159.17,159.14,159.12,159.1,159.05,157.11,157.14,157.25,158.08,158.24,03/04/2022 17:00,159.0625,0,0.0,159.0625,158.0625,157.0625,0.0
2022-03-06 18:30:00,159.03,160.17,158.27,160.07,159.17,159.14,159.12,159.1,159.05,157.11,157.14,157.25,158.08,158.24,03/04/2022 17:00,159.0625,0,0.0,159.0625,158.0625,157.0625,0.0
2022-03-06 18:30:00,159.03,160.17,158.27,160.07,159.17,159.14,159.12,159.1,159.05,157.11,157.14,157.25,158.08,158.24,03/04/2022 17:00,159.0625,0,0.0,159.0625,158.0625,157.0625,0.0
2022-03-06 18:30:00,159.03,160.17,158.27,160.07,159.17,159.14,159.12,159.1,159.05,157.11,157.14,157.25,158.08,158.24,03/04/2022 17:00,159.0625,0,0.0,159.0625,158.0625,157.0625,0.0
2022-03-06 18:30:00,159.03,160.17,158.27,160.07,159.17,159.14,159.12,159.1,159.05,157.11,157.14,157.25,158.08,158.24,03/04/2022 17:00,159.0625,0,0.0,159.0625,158.0625,157.0625,0.0
2022-03-06 18:30:00,159.03,160.17,158.27,160.07,159.17,159.14,159.12,159.1,159.05,157.11,157.14,157.25,158.08,158.24,03/04/2022 17:00,159.0625,0,0.0,159.0625,158.0625,157.0625,0.0
2022-03-06 18:30:00,159.03,160.17,158.27,160.07,159.17,159.14,159.12,159.1,159.05,157.11,157.14,157.25,158.08,158.24,03/04/2022 17:00,159.0625,0,0.0,159.0625,158.0625,157.0625,0.0
2022-03-06 18:30:00,159.03,160.17,158.27,160.07,159.17,159.14,159.12,159.1,159.05,157.11,157.14,157.25,158.08,158.24,03/04/2022 17:00,159.0625,0,0.0,159.0625,158.0625,157.0625,0.0
2022-03-06 22:30:00,160.07,160.13,159.18,159.23,160.21,160.14,160.14,160.11,160.09,159.22,159.26,159.27,160.02,160.05,03/04/2022 17:00,159.0625,0,0.0,159.0625,158.0625,157.0625,0.0
2022-03-07 02:30:00,159.24,159.31,159.04,159.08,160.14,160.11,160.09,159.27,159.26,159.17,159.17,159.19,159.22,159.22,0,0.0,0,0.0,0.0,0.0,0.0,0.0
2022-03-07 06:30:00,159.09,159.26,159.01,159.1,159.22,159.19,159.17,159.17,159.1,157.27,158.08,158.24,158.27,159.05,0,0.0,0,0.0,0.0,0.0,0.0,0.0
2022-03-07 10:30:00,159.1,159.14,158.03,159.07,159.26,159.22,159.19,159.17,159.17,157.27,158.08,158.24,158.27,159.05,0,0.0,0,0.0,0.0,0.0,0.0,0.0
2022-03-07 14:30:00,159.08,160.11,158.29,159.25,159.22,159.19,159.17,159.17,159.1,157.27,158.08,158.24,158.27,159.05,0,0.0,0,0.0,0.0,0.0,0.0,0.0
2022-03-07 19:30:00,159.26,160.06,158.31,159.11,160.13,160.11,160.09,159.31,159.27,157.27,158.08,158.24,158.27,159.05,0,0.0,0,0.0,0.0,0.0,0.0,0.0
2022-03-07 23:30:00,159.1,159.16,158.19,158.29,160.11,160.09,159.31,159.27,159.26,158.03,158.08,158.24,158.27,159.05,0,0.0,0,0.0,0.0,0.0,0.0,0.0
2022-03-08 03:30:00,158.29,159.08,158.02,158.03,160.09,159.31,159.27,159.26,159.05,157.27,158.03,158.08,158.24,158.27,0,0.0,0,0.0,0.0,0.0,0.0,0.0
2022-03-08 07:30:00,158.03,158.12,157.24,157.25,159.27,159.26,159.05,158.27,158.24,157.03,157.11,157.14,157.25,157.27,0,0.0,0,0.0,0.0,0.0,0.0,0.0
2022-03-08 11:30:00,157.24,158.01,157.04,157.13,158.27,158.24,158.03,157.27,157.25,156.19,156.25,157.03,157.11,157.14,0,0.0,0,0.0,0.0,0.0,0.0,0.0
2022-03-08 15:30:00,157.13,157.18,157.02,157.12,158.27,158.24,158.03,157.27,157.14,156.17,156.19,156.25,157.03,157.11,0,0.0,0,0.0,0.0,0.0,0.0,0.0
2022-03-08 20:30:00,157.13,157.27,157.11,157.14,158.24,158.12,158.03,157.27,157.14,156.17,156.19,156.25,157.03,157.11,0,0.0,0,0.0,0.0,0.0,0.0,0.0
2022-03-09 00:30:00,157.15,157.26,157.12,157.16,158.24,158.12,158.03,158.01,157.27,156.19,156.25,157.03,157.11,157.14,0,0.0,03/08/2022 17:00,159.8125,159.8125,160.8125,161.8125,0.0
2022-03-09 04:30:00,157.16,157.22,156.24,156.24,158.24,158.12,158.03,158.01,157.27,156.25,157.02,157.03,157.11,157.14,0,0.0,0,0.0,0.0,0.0,0.0,0.0
2022-03-09 08:30:00,156.25,156.27,156.15,156.22,157.27,157.27,157.11,157.03,157.02,156.02,156.12,156.15,156.17,156.19,0,0.0,0,0.0,0.0,0.0,0.0,0.0
2022-03-09 12:30:00,156.23,156.28,156.03,156.18,157.26,157.11,157.03,157.02,156.25,156.02,156.12,156.15,156.17,156.19,0,0.0,0,0.0,0.0,0.0,0.0,0.0
2022-03-09 16:30:00,156.18,156.29,155.22,155.25,157.22,157.11,157.03,157.02,156.25,155.26,156.02,156.12,156.15,156.17,0,0.0,0,0.0,0.0,0.0,0.0,0.0
2022-03-09 21:30:00,155.24,155.28,155.13,155.23,156.25,156.17,156.12,156.02,155.26,153.27,154.1,154.31,155.02,155.04,0,0.0,0,0.0,0.0,0.0,0.0,0.0
2022-03-10 01:30:00,155.22,155.26,155.16,155.25,156.17,156.12,156.02,155.26,155.24,153.27,154.1,154.31,155.02,155.04,0,0.0,03/09/2022 17:00,155.90625,155.90625,156.90625,157.90625,0.0
2022-03-10 05:30:00,155.25,156.08,155.22,155.26,156.25,156.17,156.12,156.02,155.26,154.1,154.31,155.02,155.04,155.24,0,0.0,0,0.0,0.0,0.0,0.0,0.0
2022-03-10 09:30:00,155.26,155.3,154.28,155.04,156.29,156.25,156.17,156.12,156.02,154.31,155.02,155.04,155.13,155.24,0,0.0,0,0.0,0.0,0.0,0.0,0.0
2022-03-10 13:30:00,155.04,155.13,154.18,154.26,156.17,156.12,156.02,155.26,155.13,153.27,153.27,154.1,154.31,155.02,0,0.0,0,0.0,0.0,0.0,0.0,0.0
2022-03-10 18:30:00,154.26,155.15,154.25,155.12,155.26,155.13,155.04,155.02,154.31,153.25,153.26,153.27,153.27,154.1,0,0.0,03/10/2022 17:00,155.6875,155.6875,156.6875,157.6875,0.0
2022-03-10 22:30:00,155.12,155.28,155.09,155.24,156.08,156.02,155.3,155.26,155.13,153.26,153.27,153.27,154.1,155.04,0,0.0,03/10/2022 17:00,155.6875,155.6875,156.6875,157.6875,0.0
2022-03-11 02:30:00,155.24,155.26,155.1,155.1,156.12,156.08,156.02,155.3,155.26,153.27,154.1,154.18,155.04,155.13,0,0.0,0,0.0,0.0,0.0,0.0,0.0
2022-03-11 06:30:00,155.11,155.23,154.3,155.02,156.12,156.08,156.02,155.3,155.26,153.27,154.1,154.18,154.25,155.04,0,0.0,0,0.0,0.0,0.0,0.0,0.0
2022-03-11 10:30:00,155.02,155.1,154.23,155.06,156.08,156.02,155.3,155.28,155.26,153.27,153.27,154.1,154.18,154.25,0,0.0,0,0.0,0.0,0.0,0.0,0.0
2022-03-11 14:30:00,155.06,155.25,155.0,155.07,156.02,155.3,155.28,155.26,155.26,153.27,153.27,154.1,154.18,154.25,0,0.0,0,0.0,0.0,0.0,0.0,0.0
2022-03-13 19:30:00,155.08,155.17,154.28,154.29,156.02,155.3,155.28,155.26,155.26,153.27,153.27,154.1,154.18,154.25,0,0.0,0,0.0,0.0,0.0,0.0,0.0
2022-03-13 23:30:00,154.28,154.28,154.11,154.21,156.02,155.3,155.28,155.26,155.26,153.27,154.1,154.18,154.23,154.25,0,0.0,0,0.0,0.0,0.0,0.0,0.0
2022-03-14 03:30:00,154.21,154.28,154.16,154.2,155.26,155.26,155.25,154.25,154.23,153.26,153.27,153.27,154.1,154.18,0,0.0,0,0.0,0.0,0.0,0.0,0.0
2022-03-14 07:30:00,154.2,154.24,153.12,154.04,155.26,155.25,155.17,154.25,154.23,153.26,153.27,153.27,154.1,154.18,0,0.0,0,0.0,0.0,0.0,0.0,0.0
2022-03-14 11:30:00,154.04,154.04,153.0,153.03,155.17,154.25,154.23,154.18,154.1,153.2,153.25,153.26,153.27,153.27,0,0.0,0,0.0,0.0,0.0,0.0,0.0
2022-03-14 15:30:00,153.03,153.05,152.17,152.21,153.14,153.12,153.1,153.08,153.04,152.17,152.24,152.26,153.01,153.02,0,0.0,0,0.0,0.0,0.0,0.0,0.0
2022-03-14 20:30:00,152.21,152.28,152.16,152.19,153.04,153.02,153.01,152.26,152.24,152.13,152.14,152.14,152.16,152.17,0,0.0,0,0.0,0.0,0.0,0.0,0.0
2022-03-15 00:30:00,152.19,152.23,152.01,152.18,153.04,153.02,153.01,152.26,152.24,152.13,152.14,152.14,152.16,152.17,0,0.0,0,0.0,0.0,0.0,0.0,0.0
2022-03-15 04:30:00,152.17,153.15,152.15,153.12,153.04,153.02,153.01,152.26,152.24,152.12,152.13,152.14,152.14,152.16,0,0.0,03/14/2022 17:00,152.78125,152.78125,153.78125,154.78125,0.0
2022-03-15 04:30:00,152.17,153.15,152.15,153.12,153.04,153.02,153.01,152.26,152.24,152.12,152.13,152.14,152.14,152.16,0,0.0,03/14/2022 17:00,152.78125,152.78125,153.78125,154.78125,0.0
2022-03-15 04:30:00,152.17,153.15,152.15,153.12,153.04,153.02,153.01,152.26,152.24,152.12,152.13,152.14,152.14,152.16,0,0.0,03/14/2022 17:00,152.78125,152.78125,153.78125,154.78125,0.0
2022-03-15 04:30:00,152.17,153.15,152.15,153.12,153.04,153.02,153.01,152.26,152.24,152.12,152.13,152.14,152.14,152.16,0,0.0,03/14/2022 17:00,152.78125,152.78125,153.78125,154.78125,0.0
2022-03-15 04:30:00,152.17,153.15,152.15,153.12,153.04,153.02,153.01,152.26,152.24,152.12,152.13,152.14,152.14,152.16,0,0.0,03/14/2022 17:00,152.78125,152.78125,153.78125,154.78125,0.0
2022-03-15 08:30:00,153.12,153.15,152.16,153.0,153.27,153.2,153.16,153.15,153.14,152.24,152.26,153.02,153.05,153.1,0,0.0,0,0.0,0.0,0.0,0.0,0.0
2022-03-15 12:30:00,153.01,153.18,152.16,152.27,153.16,153.15,153.14,153.12,153.05,152.14,152.16,152.17,152.24,152.26,0,0.0,0,0.0,0.0,0.0,0.0,0.0
2022-03-15 16:30:00,152.27,152.27,152.05,152.07,153.16,153.15,153.14,153.12,153.05,152.15,152.16,152.17,152.24,152.26,0,0.0,0,0.0,0.0,0.0,0.0,0.0
2022-03-15 21:30:00,152.07,152.2,152.07,152.12,152.11,152.11,152.1,152.1,152.09,151.22,152.01,152.04,152.05,152.06,0,0.0,03/15/2022 17:00,152.59375,152.59375,153.59375,154.59375,0.0
2022-03-16 01:30:00,152.12,152.18,152.06,152.08,153.12,153.05,152.15,152.14,152.14,152.04,152.05,152.06,152.09,152.1,0,0.0,0,0.0,0.0,0.0,0.0,0.0
2022-03-16 05:30:00,152.07,152.09,151.11,152.01,152.27,152.15,152.14,152.14,152.12,152.01,152.04,152.05,152.05,152.06,0,0.0,0,0.0,0.0,0.0,0.0,0.0
2022-03-16 09:30:00,152.01,152.12,151.29,152.09,152.12,152.06,152.05,152.05,152.04,151.11,151.16,151.2,151.21,151.22,0,0.0,03/15/2022 17:00,152.59375,152.59375,153.59375,154.59375,0.0
2022-03-16 09:30:00,152.01,152.12,151.29,152.09,152.12,152.06,152.05,152.05,152.04,151.11,151.16,151.2,151.21,151.22,0,0.0,03/15/2022 17:00,152.59375,152.59375,153.59375,154.59375,0.0
2022-03-16 09:30:00,152.01,152.12,151.29,152.09,152.12,152.06,152.05,152.05,152.04,151.11,151.16,151.2,151.21,151.22,0,0.0,03/15/2022 17:00,152.59375,152.59375,153.59375,154.59375,0.0
2022-03-16 09:30:00,152.01,152.12,151.29,152.09,152.12,152.06,152.05,152.05,152.04,151.11,151.16,151.2,151.21,151.22,0,0.0,03/15/2022 17:00,152.59375,152.59375,153.59375,154.59375,0.0
2022-03-16 13:30:00,152.1,152.18,151.27,152.06,152.18,152.15,152.14,152.14,152.12,152.01,152.04,152.05,152.05,152.06,0,0.0,0,0.0,0.0,0.0,0.0,0.0
2022-03-16 18:30:00,152.06,152.17,151.0,151.26,152.18,152.15,152.14,152.14,152.12,151.22,152.01,152.04,152.05,152.05,0,0.0,0,0.0,0.0,0.0,0.0,0.0
2022-03-16 22:30:00,151.26,152.27,151.25,152.17,152.15,152.14,152.14,152.12,152.01,151.11,151.16,151.2,151.21,151.22,0,0.0,03/16/2022 17:00,152.1875,152.1875,153.1875,154.1875,0.0
2022-03-16 22:30:00,151.26,152.27,151.25,152.17,152.15,152.14,152.14,152.12,152.01,151.11,151.16,151.2,151.21,151.22,0,0.0,03/16/2022 17:00,152.1875,152.1875,153.1875,154.1875,0.0
2022-03-16 22:30:00,151.26,152.27,151.25,152.17,152.15,152.14,152.14,152.12,152.01,151.11,151.16,151.2,151.21,151.22,0,0.0,03/16/2022 17:00,152.1875,152.1875,153.1875,154.1875,0.0
2022-03-17 02:30:00,152.16,153.04,152.15,152.23,153.12,153.05,152.27,152.2,152.18,151.21,151.22,152.01,152.14,152.15,0,0.0,03/16/2022 17:00,152.1875,152.1875,153.1875,154.1875,0.0
2022-03-17 02:30:00,152.16,153.04,152.15,152.23,153.12,153.05,152.27,152.2,152.18,151.21,151.22,152.01,152.14,152.15,0,0.0,03/16/2022 17:00,152.1875,152.1875,153.1875,154.1875,0.0
2022-03-17 02:30:00,152.16,153.04,152.15,152.23,153.12,153.05,152.27,152.2,152.18,151.21,151.22,152.01,152.14,152.15,0,0.0,03/16/2022 17:00,152.1875,152.1875,153.1875,154.1875,0.0
2022-03-17 06:30:00,152.23,153.14,152.06,153.06,153.15,153.14,153.12,153.05,152.27,152.01,152.14,152.15,152.18,152.2,0,0.0,03/16/2022 17:00,152.1875,152.1875,153.1875,154.1875,0.0
2022-03-17 10:30:00,153.06,153.06,151.27,152.14,153.18,153.16,153.15,153.14,153.12,152.14,152.15,152.18,152.2,152.27,0,0.0,0,0.0,0.0,0.0,0.0,0.0
2022-03-17 14:30:00,152.14,152.27,151.22,151.25,153.14,153.12,152.27,152.2,152.18,151.2,151.21,151.22,151.25,152.01,0,0.0,0,0.0,0.0,0.0,0.0,0.0
2022-03-17 19:30:00,151.25,152.06,151.05,152.02,153.14,153.12,152.27,152.2,152.18,151.11,151.16,151.2,151.21,151.22,0,0.0,0,0.0,0.0,0.0,0.0,0.0
2022-03-17 23:30:00,152.02,152.09,151.19,151.26,153.12,153.06,152.27,152.2,152.18,151.16,151.2,151.21,151.22,151.25,0,0.0,0,0.0,0.0,0.0,0.0,0.0
2022-03-18 03:30:00,151.26,151.29,151.2,151.24,153.06,152.27,152.27,152.2,152.18,151.16,151.2,151.21,151.22,151.25,0,0.0,0,0.0,0.0,0.0,0.0,0.0
2022-03-18 07:30:00,151.24,152.19,151.24,152.15,152.27,152.27,152.2,152.18,151.25,151.11,151.16,151.2,151.21,151.22,0,0.0,03/17/2022 17:00,151.625,151.625,152.625,153.625,0.0
2022-03-18 11:30:00,152.14,153.0,152.0,152.26,153.06,152.27,152.27,152.2,152.18,151.19,151.2,151.21,151.22,151.25,0,0.0,0,0.0,0.0,0.0,0.0,0.0
2022-03-18 15:30:00,152.25,152.26,152.13,152.22,153.14,153.12,153.06,152.27,152.27,151.2,151.2,151.21,151.22,151.25,0,0.0,0,0.0,0.0,0.0,0.0,0.0
2022-03-20 20:30:00,152.22,152.27,152.08,152.14,153.14,153.12,153.06,152.27,152.27,151.2,151.21,151.22,151.24,151.25,0,0.0,0,0.0,0.0,0.0,0.0,0.0
2022-03-21 00:30:00,152.14,152.15,152.09,152.09,153.12,153.06,153.0,152.27,152.27,151.21,151.22,151.24,151.25,152.0,0,0.0,0,0.0,0.0,0.0,0.0,0.0
2022-03-21 04:30:00,152.08,152.08,151.29,151.29,153.12,153.06,153.0,152.27,152.27,151.21,151.22,151.24,151.25,152.0,0,0.0,0,0.0,0.0,0.0,0.0,0.0
2022-03-21 08:30:00,151.3,152.05,151.07,151.09,153.0,152.27,152.27,152.27,152.0,151.2,151.21,151.22,151.24,151.25,0,0.0,0,0.0,0.0,0.0,0.0,0.0
2022-03-21 12:30:00,151.09,151.1,150.22,150.23,151.2,151.19,151.16,151.11,151.11,151.01,151.02,151.05,151.06,151.08,0,0.0,0,0.0,0.0,0.0,0.0,0.0
2022-03-21 16:30:00,150.23,150.23,149.18,150.03,151.01,151.0,151.0,150.29,150.26,150.17,150.17,150.18,150.21,150.22,0,0.0,0,0.0,0.0,0.0,0.0,0.0
2022-03-21 21:30:00,150.03,150.08,149.18,149.2,150.16,150.15,150.13,150.07,150.05,149.28,149.3,149.3,150.01,150.02,0,0.0,0,0.0,0.0,0.0,0.0,0.0
2022-03-22 01:30:00,149.21,149.25,149.07,149.14,150.01,149.3,149.28,149.25,149.24,149.09,149.11,149.13,149.17,149.19,0,0.0,0,0.0,0.0,0.0,0.0,0.0
2022-03-22 05:30:00,149.14,149.23,148.31,149.04,149.25,149.24,149.21,149.19,149.17,149.06,149.08,149.09,149.11,149.13,0,0.0,0,0.0,0.0,0.0,0.0,0.0
2022-03-22 09:30:00,149.04,149.13,148.17,148.22,149.11,149.09,149.08,149.06,149.06,148.07,148.11,148.14,148.3,149.0,0,0.0,0,0.0,0.0,0.0,0.0,0.0
2022-03-22 13:30:00,148.22,148.26,148.1,148.16,149.08,149.06,149.06,149.0,148.3,148.0,148.04,148.07,148.11,148.14,0,0.0,0,0.0,0.0,0.0,0.0,0.0
2022-03-22 18:30:00,148.16,148.24,148.1,148.17,149.08,149.06,149.06,149.0,148.3,148.0,148.04,148.07,148.11,148.14,0,0.0,0,0.0,0.0,0.0,0.0,0.0
2022-03-22 22:30:00,148.17,148.18,147.26,148.01,149.08,149.06,149.06,149.0,148.3,148.0,148.04,148.07,148.11,148.14,0,0.0,0,0.0,0.0,0.0,0.0,0.0
2022-03-23 02:30:00,148.02,148.06,147.28,148.05,148.26,148.14,148.11,148.07,148.04,147.23,147.24,147.24,147.25,148.0,0,0.0,03/22/2022 17:00,148.96875,148.96875,149.96875,150.96875,0.0
2022-03-23 06:30:00,148.06,148.27,148.01,148.17,148.26,148.24,148.14,148.11,148.07,147.24,147.24,147.25,148.0,148.04,0,0.0,03/22/2022 17:00,148.96875,148.96875,149.96875,150.96875,0.0
2022-03-23 06:30:00,148.06,148.27,148.01,148.17,148.26,148.24,148.14,148.11,148.07,147.24,147.24,147.25,148.0,148.04,0,0.0,03/22/2022 17:00,148.96875,148.96875,149.96875,150.96875,0.0
2022-03-23 10:30:00,148.18,149.04,148.02,148.23,149.06,149.0,148.3,148.26,148.24,147.26,148.0,148.04,148.07,148.11,0,0.0,0,0.0,0.0,0.0,0.0,0.0
2022-03-23 14:30:00,148.23,150.03,148.18,149.3,149.06,149.0,148.3,148.26,148.24,147.28,148.0,148.04,148.07,148.11,0,0.0,03/22/2022 17:00,148.96875,148.96875,149.96875,150.96875,0.0
2022-03-23 14:30:00,148.23,150.03,148.18,149.3,149.06,149.0,148.3,148.26,148.24,147.28,148.0,148.04,148.07,148.11,0,0.0,03/22/2022 17:00,148.96875,148.96875,149.96875,150.96875,0.0
2022-03-23 14:30:00,148.23,150.03,148.18,149.3,149.06,149.0,148.3,148.26,148.24,147.28,148.0,148.04,148.07,148.11,0,0.0,03/22/2022 17:00,148.96875,148.96875,149.96875,150.96875,0.0
2022-03-23 14:30:00,148.23,150.03,148.18,149.3,149.06,149.0,148.3,148.26,148.24,147.28,148.0,148.04,148.07,148.11,0,0.0,03/22/2022 17:00,148.96875,148.96875,149.96875,150.96875,0.0
2022-03-23 14:30:00,148.23,150.03,148.18,149.3,149.06,149.0,148.3,148.26,148.24,147.28,148.0,148.04,148.07,148.11,0,0.0,03/22/2022 17:00,148.96875,148.96875,149.96875,150.96875,0.0
2022-03-23 14:30:00,148.23,150.03,148.18,149.3,149.06,149.0,148.3,148.26,148.24,147.28,148.0,148.04,148.07,148.11,0,0.0,03/22/2022 17:00,148.96875,148.96875,149.96875,150.96875,0.0
2022-03-23 14:30:00,148.23,150.03,148.18,149.3,149.06,149.0,148.3,148.26,148.24,147.28,148.0,148.04,148.07,148.11,0,0.0,03/22/2022 17:00,148.96875,148.96875,149.96875,150.96875,0.0
2022-03-23 14:30:00,148.23,150.03,148.18,149.3,149.06,149.0,148.3,148.26,148.24,147.28,148.0,148.04,148.07,148.11,0,0.0,03/22/2022 17:00,148.96875,148.96875,149.96875,150.96875,0.0
2022-03-23 14:30:00,148.23,150.03,148.18,149.3,149.06,149.0,148.3,148.26,148.24,147.28,148.0,148.04,148.07,148.11,0,0.0,03/22/2022 17:00,148.96875,148.96875,149.96875,150.96875,0.0
2022-03-23 14:30:00,148.23,150.03,148.18,149.3,149.06,149.0,148.3,148.26,148.24,147.28,148.0,148.04,148.07,148.11,0,0.0,03/22/2022 17:00,148.96875,148.96875,149.96875,150.96875,0.0
2022-03-23 14:30:00,148.23,150.03,148.18,149.3,149.06,149.0,148.3,148.26,148.24,147.28,148.0,148.04,148.07,148.11,0,0.0,03/22/2022 17:00,148.96875,148.96875,149.96875,150.96875,0.0
2022-03-23 14:30:00,148.23,150.03,148.18,149.3,149.06,149.0,148.3,148.26,148.24,147.28,148.0,148.04,148.07,148.11,0,0.0,03/22/2022 17:00,148.96875,148.96875,149.96875,150.96875,0.0
2022-03-23 14:30:00,148.23,150.03,148.18,149.3,149.06,149.0,148.3,148.26,148.24,147.28,148.0,148.04,148.07,148.11,0,0.0,03/22/2022 17:00,148.96875,148.96875,149.96875,150.96875,0.0
2022-03-23 19:30:00,149.3,150.13,149.19,150.02,150.13,150.08,150.07,150.05,150.01,149.21,149.23,149.24,149.25,149.25,03/23/2022 17:00,148.9375,0,0.0,148.9375,147.9375,146.9375,0.0
2022-03-23 19:30:00,149.3,150.13,149.19,150.02,150.13,150.08,150.07,150.05,150.01,149.21,149.23,149.24,149.25,149.25,03/23/2022 17:00,148.9375,0,0.0,148.9375,147.9375,146.9375,0.0
2022-03-23 19:30:00,149.3,150.13,149.19,150.02,150.13,150.08,150.07,150.05,150.01,149.21,149.23,149.24,149.25,149.25,03/23/2022 17:00,148.9375,0,0.0,148.9375,147.9375,146.9375,0.0
2022-03-23 19:30:00,149.3,150.13,149.19,150.02,150.13,150.08,150.07,150.05,150.01,149.21,149.23,149.24,149.25,149.25,03/23/2022 17:00,148.9375,0,0.0,148.9375,147.9375,146.9375,0.0
2022-03-23 23:30:00,150.03,150.03,149.2,149.24,150.15,150.13,150.08,150.07,150.05,149.23,149.24,149.25,149.25,150.01,0,0.0,0,0.0,0.0,0.0,0.0,0.0
2022-03-24 03:30:00,149.23,149.25,149.06,149.07,150.08,150.07,150.05,149.25,149.24,149.09,149.13,149.17,149.19,149.21,0,0.0,0,0.0,0.0,0.0,0.0,0.0
2022-03-24 07:30:00,149.07,149.24,148.12,148.21,150.07,150.05,149.25,149.23,149.13,148.26,148.3,149.0,149.06,149.06,0,0.0,0,0.0,0.0,0.0,0.0,0.0
2022-03-24 11:30:00,148.21,149.11,148.15,149.11,149.25,149.23,149.13,148.26,148.24,148.02,148.04,148.07,148.11,148.18,0,0.0,0,0.0,0.0,0.0,0.0,0.0
2022-03-24 15:30:00,149.1,149.23,149.06,149.13,150.03,149.25,149.25,149.23,149.13,148.02,148.04,148.07,148.11,148.18,0,0.0,0,0.0,0.0,0.0,0.0,0.0
2022-03-24 20:30:00,149.13,149.13,148.28,149.07,150.03,149.25,149.25,149.24,149.23,148.04,148.07,148.11,148.12,148.18,0,0.0,0,0.0,0.0,0.0,0.0,0.0
2022-03-25 00:30:00,149.07,149.16,148.31,149.13,149.25,149.25,149.24,149.23,149.13,148.07,148.11,148.12,148.15,148.18,0,0.0,0,0.0,0.0,0.0,0.0,0.0
2022-03-25 04:30:00,149.12,149.17,148.31,149.17,149.25,149.24,149.23,149.23,149.13,148.07,148.11,148.12,148.15,148.18,0,0.0,0,0.0,0.0,0.0,0.0,0.0
2022-03-25 08:30:00,149.17,149.2,148.29,149.08,149.25,149.25,149.24,149.23,149.23,148.11,148.12,148.15,148.18,148.28,0,0.0,0,0.0,0.0,0.0,0.0,0.0
2022-03-25 12:30:00,149.09,149.12,146.25,147.16,149.25,149.25,149.24,149.23,149.23,148.11,148.12,148.15,148.18,148.28,0,0.0,0,0.0,0.0,0.0,0.0,0.0
2022-03-25 16:30:00,147.16,147.19,147.04,147.09,147.2,147.19,147.19,147.18,147.17,147.09,147.11,147.12,147.14,147.15,0,0.0,0,0.0,0.0,0.0,0.0,0.0
2022-03-27 21:30:00,147.09,148.04,147.01,147.23,147.18,147.17,147.15,147.14,147.11,146.22,146.27,146.3,147.08,147.08,0,0.0,03/25/2022 17:00,147.75,147.75,148.75,149.75,0.0
2022-03-27 21:30:00,147.09,148.04,147.01,147.23,147.18,147.17,147.15,147.14,147.11,146.22,146.27,146.3,147.08,147.08,0,0.0,03/25/2022 17:00,147.75,147.75,148.75,149.75,0.0
2022-03-27 21:30:00,147.09,148.04,147.01,147.23,147.18,147.17,147.15,147.14,147.11,146.22,146.27,146.3,147.08,147.08,0,0.0,03/25/2022 17:00,147.75,147.75,148.75,149.75,0.0
2022-03-27 21:30:00,147.09,148.04,147.01,147.23,147.18,147.17,147.15,147.14,147.11,146.22,146.27,146.3,147.08,147.08,0,0.0,03/25/2022 17:00,147.75,147.75,148.75,149.75,0.0
2022-03-27 21:30:00,147.09,148.04,147.01,147.23,147.18,147.17,147.15,147.14,147.11,146.22,146.27,146.3,147.08,147.08,0,0.0,03/25/2022 17:00,147.75,147.75,148.75,149.75,0.0
2022-03-27 21:30:00,147.09,148.04,147.01,147.23,147.18,147.17,147.15,147.14,147.11,146.22,146.27,146.3,147.08,147.08,0,0.0,03/25/2022 17:00,147.75,147.75,148.75,149.75,0.0
2022-03-27 21:30:00,147.09,148.04,147.01,147.23,147.18,147.17,147.15,147.14,147.11,146.22,146.27,146.3,147.08,147.08,0,0.0,03/25/2022 17:00,147.75,147.75,148.75,149.75,0.0
2022-03-27 21:30:00,147.09,148.04,147.01,147.23,147.18,147.17,147.15,147.14,147.11,146.22,146.27,146.3,147.08,147.08,0,0.0,03/25/2022 17:00,147.75,147.75,148.75,149.75,0.0
2022-03-27 21:30:00,147.09,148.04,147.01,147.23,147.18,147.17,147.15,147.14,147.11,146.22,146.27,146.3,147.08,147.08,0,0.0,03/25/2022 17:00,147.75,147.75,148.75,149.75,0.0
2022-03-27 21:30:00,147.09,148.04,147.01,147.23,147.18,147.17,147.15,147.14,147.11,146.22,146.27,146.3,147.08,147.08,0,0.0,03/25/2022 17:00,147.75,147.75,148.75,149.75,0.0
2022-03-28 01:30:00,147.23,147.24,146.21,146.25,147.28,147.26,147.25,147.24,147.24,147.19,147.2,147.2,147.2,147.22,0,0.0,0,0.0,0.0,0.0,0.0,0.0
2022-03-28 05:30:00,146.25,147.21,146.15,147.11,147.25,147.24,147.24,147.23,147.08,146.12,146.17,146.19,146.21,146.22,0,0.0,0,0.0,0.0,0.0,0.0,0.0
2022-03-28 09:30:00,147.11,148.07,147.07,147.29,147.26,147.25,147.24,147.24,147.23,146.17,146.19,146.21,146.22,146.25,0,0.0,03/25/2022 17:00,147.75,147.75,148.75,149.75,0.0
2022-03-28 09:30:00,147.11,148.07,147.07,147.29,147.26,147.25,147.24,147.24,147.23,146.17,146.19,146.21,146.22,146.25,0,0.0,03/25/2022 17:00,147.75,147.75,148.75,149.75,0.0
2022-03-28 09:30:00,147.11,148.07,147.07,147.29,147.26,147.25,147.24,147.24,147.23,146.17,146.19,146.21,146.22,146.25,0,0.0,03/25/2022 17:00,147.75,147.75,148.75,149.75,0.0
2022-03-28 09:30:00,147.11,148.07,147.07,147.29,147.26,147.25,147.24,147.24,147.23,146.17,146.19,146.21,146.22,146.25,0,0.0,03/25/2022 17:00,147.75,147.75,148.75,149.75,0.0
2022-03-28 13:30:00,147.29,148.26,147.25,147.27,148.15,148.12,148.04,148.02,148.01,147.24,147.24,147.25,147.26,147.28,0,0.0,03/25/2022 17:00,147.75,147.75,148.75,149.75,0.0
2022-03-28 13:30:00,147.29,148.26,147.25,147.27,148.15,148.12,148.04,148.02,148.01,147.24,147.24,147.25,147.26,147.28,0,0.0,03/25/2022 17:00,147.75,147.75,148.75,149.75,0.0
2022-03-28 18:30:00,147.26,148.1,147.22,148.08,148.15,148.12,148.04,148.02,148.01,146.25,147.23,147.24,147.24,147.25,03/28/2022 17:00,147.75,0,0.0,147.75,146.75,145.75,0.0
2022-03-28 18:30:00,147.26,148.1,147.22,148.08,148.15,148.12,148.04,148.02,148.01,146.25,147.23,147.24,147.24,147.25,03/28/2022 17:00,147.75,0,0.0,147.75,146.75,145.75,0.0
2022-03-28 22:30:00,148.08,148.16,147.27,148.02,149.12,148.28,148.18,148.15,148.12,147.25,147.26,148.01,148.02,148.04,03/28/2022 17:00,147.75,0,0.0,147.75,146.75,145.75,0.0
2022-03-29 02:30:00,148.02,148.1,147.23,147.27,148.26,148.18,148.15,148.12,148.04,147.24,147.24,147.25,147.26,148.01,0,0.0,0,0.0,0.0,0.0,0.0,0.0
2022-03-29 06:30:00,147.26,148.05,147.03,147.11,148.26,148.18,148.15,148.12,148.04,147.22,147.23,147.24,147.24,147.25,0,0.0,0,0.0,0.0,0.0,0.0,0.0
2022-03-29 10:30:00,147.11,149.11,146.31,148.25,148.16,148.15,148.12,148.04,147.22,146.19,146.21,146.22,146.25,147.07,03/28/2022 17:00,147.75,0,0.0,147.75,146.75,145.75,0.0
2022-03-29 10:30:00,147.11,149.11,146.31,148.25,148.16,148.15,148.12,148.04,147.22,146.19,146.21,146.22,146.25,147.07,03/28/2022 17:00,147.75,0,0.0,147.75,146.75,145.75,0.0
2022-03-29 10:30:00,147.11,149.11,146.31,148.25,148.16,148.15,148.12,148.04,147.22,146.19,146.21,146.22,146.25,147.07,03/28/2022 17:00,147.75,0,0.0,147.75,146.75,145.75,0.0
2022-03-29 10:30:00,147.11,149.11,146.31,148.25,148.16,148.15,148.12,148.04,147.22,146.19,146.21,146.22,146.25,147.07,03/28/2022 17:00,147.75,0,0.0,147.75,146.75,145.75,0.0
2022-03-29 10:30:00,147.11,149.11,146.31,148.25,148.16,148.15,148.12,148.04,147.22,146.19,146.21,146.22,146.25,147.07,03/28/2022 17:00,147.75,0,0.0,147.75,146.75,145.75,0.0
2022-03-29 14:30:00,148.25,149.15,148.07,149.07,149.23,149.2,149.12,148.28,148.26,147.22,148.12,148.15,148.16,148.18,03/28/2022 17:00,147.75,0,0.0,147.75,146.75,145.75,0.0
2022-03-29 14:30:00,148.25,149.15,148.07,149.07,149.23,149.2,149.12,148.28,148.26,147.22,148.12,148.15,148.16,148.18,03/28/2022 17:00,147.75,0,0.0,147.75,146.75,145.75,0.0
2022-03-29 19:30:00,149.07,149.13,148.24,149.0,149.24,149.23,149.23,149.2,149.12,148.15,148.16,148.18,148.26,148.28,0,0.0,0,0.0,0.0,0.0,0.0,0.0
2022-03-29 23:30:00,149.0,150.01,149.0,150.01,149.24,149.23,149.23,149.2,149.12,148.15,148.16,148.18,148.26,148.28,03/29/2022 17:00,147.875,0,0.0,147.875,146.875,145.875,0.0
2022-03-29 23:30:00,149.0,150.01,149.0,150.01,149.24,149.23,149.23,149.2,149.12,148.15,148.16,148.18,148.26,148.28,03/29/2022 17:00,147.875,0,0.0,147.875,146.875,145.875,0.0
2022-03-29 23:30:00,149.0,150.01,149.0,150.01,149.24,149.23,149.23,149.2,149.12,148.15,148.16,148.18,148.26,148.28,03/29/2022 17:00,147.875,0,0.0,147.875,146.875,145.875,0.0
2022-03-29 23:30:00,149.0,150.01,149.0,150.01,149.24,149.23,149.23,149.2,149.12,148.15,148.16,148.18,148.26,148.28,03/29/2022 17:00,147.875,0,0.0,147.875,146.875,145.875,0.0
2022-03-29 23:30:00,149.0,150.01,149.0,150.01,149.24,149.23,149.23,149.2,149.12,148.15,148.16,148.18,148.26,148.28,03/29/2022 17:00,147.875,0,0.0,147.875,146.875,145.875,0.0
2022-03-30 03:30:00,150.0,150.06,149.03,149.12,150.13,150.08,150.07,150.05,150.03,149.12,149.2,149.23,149.24,149.25,0,0.0,0,0.0,0.0,0.0,0.0,0.0
2022-03-30 07:30:00,149.13,149.24,148.17,148.25,150.03,149.25,149.24,149.23,149.2,148.18,148.24,148.26,148.28,149.12,0,0.0,0,0.0,0.0,0.0,0.0,0.0
2022-03-30 11:30:00,148.25,149.3,148.11,149.24,149.24,149.23,149.2,149.12,148.26,148.12,148.15,148.16,148.18,148.24,0,0.0,0,0.0,0.0,0.0,0.0,0.0
2022-03-30 15:30:00,149.25,149.28,149.08,149.21,150.08,150.07,150.06,150.05,150.03,148.15,148.16,148.18,148.24,149.24,0,0.0,0,0.0,0.0,0.0,0.0,0.0
2022-03-30 20:30:00,149.2,149.3,149.15,149.27,150.06,150.05,150.03,149.25,149.24,148.12,148.15,148.16,148.18,148.24,0,0.0,0,0.0,0.0,0.0,0.0,0.0
2022-03-31 00:30:00,149.27,150.01,149.24,149.24,150.08,150.07,150.06,150.05,150.03,148.12,148.15,148.16,148.18,148.24,0,0.0,0,0.0,0.0,0.0,0.0,0.0
2022-03-31 04:30:00,149.24,150.08,149.15,149.26,150.08,150.07,150.06,150.05,150.03,148.15,148.16,148.18,148.24,149.08,0,0.0,0,0.0,0.0,0.0,0.0,0.0
2022-03-31 08:30:00,149.26,150.09,149.2,150.02,150.08,150.07,150.06,150.05,150.03,148.15,148.16,148.18,148.24,149.08,0,0.0,0,0.0,0.0,0.0,0.0,0.0
2022-03-31 12:30:00,150.02,150.12,149.22,150.02,150.08,150.07,150.06,150.05,150.03,148.15,148.16,148.18,148.24,149.08,0,0.0,0,0.0,0.0,0.0,0.0,0.0
2022-03-31 16:30:00,150.03,150.18,150.0,150.02,150.13,150.08,150.07,150.06,150.05,148.16,148.18,148.24,149.08,149.15,0,0.0,0,0.0,0.0,0.0,0.0,0.0
2022-03-31 21:30:00,150.02,150.08,149.09,149.13,150.08,150.07,150.06,150.05,150.03,148.18,148.24,149.08,149.15,149.2,0,0.0,0,0.0,0.0,0.0,0.0,0.0
2022-04-01 01:30:00,149.14,149.23,148.3,149.09,150.06,150.05,150.03,149.2,149.15,148.15,148.16,148.18,148.24,149.08,0,0.0,0,0.0,0.0,0.0,0.0,0.0
2022-04-01 05:30:00,149.09,149.17,148.13,148.31,150.06,150.05,150.03,149.2,149.15,148.15,148.16,148.18,148.24,149.08,0,0.0,0,0.0,0.0,0.0,0.0,0.0
2022-04-01 09:30:00,149.0,149.07,148.08,148.09,150.05,150.03,149.2,149.15,149.08,148.12,148.15,148.16,148.18,148.24,0,0.0,0,0.0,0.0,0.0,0.0,0.0
2022-04-01 13:30:00,148.09,150.07,148.02,150.06,149.15,149.08,148.24,148.16,148.11,146.25,146.31,147.07,147.22,148.07,03/31/2022 17:00,150.1875,0,0.0,150.1875,149.1875,148.1875,0.0
2022-04-01 13:30:00,148.09,150.07,148.02,150.06,149.15,149.08,148.24,148.16,148.11,146.25,146.31,147.07,147.22,148.07,03/31/2022 17:00,150.1875,0,0.0,150.1875,149.1875,148.1875,0.0
2022-04-01 13:30:00,148.09,150.07,148.02,150.06,149.15,149.08,148.24,148.16,148.11,146.25,146.31,147.07,147.22,148.07,03/31/2022 17:00,150.1875,0,0.0,150.1875,149.1875,148.1875,0.0
2022-04-01 13:30:00,148.09,150.07,148.02,150.06,149.15,149.08,148.24,148.16,148.11,146.25,146.31,147.07,147.22,148.07,03/31/2022 17:00,150.1875,0,0.0,150.1875,149.1875,148.1875,0.0
2022-04-01 13:30:00,148.09,150.07,148.02,150.06,149.15,149.08,148.24,148.16,148.11,146.25,146.31,147.07,147.22,148.07,03/31/2022 17:00,150.1875,0,0.0,150.1875,149.1875,148.1875,0.0
2022-04-01 13:30:00,148.09,150.07,148.02,150.06,149.15,149.08,148.24,148.16,148.11,146.25,146.31,147.07,147.22,148.07,03/31/2022 17:00,150.1875,0,0.0,150.1875,149.1875,148.1875,0.0
2022-04-01 13:30:00,148.09,150.07,148.02,150.06,149.15,149.08,148.24,148.16,148.11,146.25,146.31,147.07,147.22,148.07,03/31/2022 17:00,150.1875,0,0.0,150.1875,149.1875,148.1875,0.0
2022-04-01 13:30:00,148.09,150.07,148.02,150.06,149.15,149.08,148.24,148.16,148.11,146.25,146.31,147.07,147.22,148.07,03/31/2022 17:00,150.1875,0,0.0,150.1875,149.1875,148.1875,0.0
2022-04-03 18:30:00,150.07,150.07,149.09,149.11,150.15,150.13,150.13,150.08,150.08,149.2,149.23,150.03,150.05,150.06,0,0.0,0,0.0,0.0,0.0,0.0,0.0
2022-04-03 22:30:00,149.1,149.21,149.05,149.07,150.08,150.07,150.06,150.03,149.23,147.22,148.07,148.11,148.24,149.08,0,0.0,0,0.0,0.0,0.0,0.0,0.0
2022-04-04 02:30:00,149.06,149.1,149.02,149.04,150.08,150.07,150.06,150.03,149.23,147.22,148.02,148.07,148.11,148.24,0,0.0,0,0.0,0.0,0.0,0.0,0.0
2022-04-04 06:30:00,149.04,149.25,149.04,149.13,150.07,150.07,150.06,150.03,149.23,147.22,148.02,148.07,148.11,148.24,0,0.0,0,0.0,0.0,0.0,0.0,0.0
2022-04-04 10:30:00,149.13,149.26,148.19,148.23,150.07,150.07,150.06,150.03,149.23,147.22,148.02,148.07,148.11,148.24,0,0.0,0,0.0,0.0,0.0,0.0,0.0
2022-04-04 14:30:00,148.24,149.1,148.18,149.09,150.07,150.07,150.06,150.03,149.23,147.07,147.22,148.02,148.07,148.11,0,0.0,0,0.0,0.0,0.0,0.0,0.0
2022-04-04 19:30:00,149.08,149.16,148.23,149.1,150.07,150.07,150.06,150.03,149.23,147.07,147.22,148.02,148.07,148.11,0,0.0,0,0.0,0.0,0.0,0.0,0.0
2022-04-04 23:30:00,149.09,149.14,149.06,149.08,150.07,150.06,150.03,149.26,149.23,147.07,147.22,148.02,148.07,148.11,0,0.0,0,0.0,0.0,0.0,0.0,0.0
2022-04-05 03:30:00,149.08,149.08,148.16,148.17,150.07,150.06,150.03,149.26,149.23,147.22,148.02,148.07,148.11,148.18,0,0.0,0,0.0,0.0,0.0,0.0,0.0
2022-04-05 07:30:00,148.17,148.2,147.3,148.04,150.03,149.26,149.23,149.16,148.18,147.07,147.22,148.02,148.07,148.11,0,0.0,0,0.0,0.0,0.0,0.0,0.0
2022-04-05 11:30:00,148.05,148.16,146.19,146.28,149.23,149.16,149.14,148.18,148.07,146.25,146.31,147.07,147.22,148.02,0,0.0,0,0.0,0.0,0.0,0.0,0.0
2022-04-05 15:30:00,146.29,146.31,146.12,146.29,148.18,148.07,148.02,147.07,146.31,146.17,146.19,146.21,146.22,146.25,0,0.0,0,0.0,0.0,0.0,0.0,0.0
2022-04-05 20:30:00,146.28,146.29,146.09,146.09,148.18,148.07,148.02,147.07,146.31,146.17,146.19,146.21,146.22,146.25,0,0.0,0,0.0,0.0,0.0,0.0,0.0
2022-04-06 00:30:00,146.09,146.1,145.19,145.22,146.21,146.19,146.17,146.15,146.12,145.19,145.2,145.21,145.21,145.22,0,0.0,0,0.0,0.0,0.0,0.0,0.0
2022-04-06 04:30:00,145.21,146.03,145.17,145.23,146.19,146.17,146.15,146.12,145.22,145.09,145.1,145.18,145.19,145.2,0,0.0,0,0.0,0.0,0.0,0.0,0.0
2022-04-06 08:30:00,145.24,145.27,144.29,145.13,146.21,146.19,146.17,146.15,146.12,145.19,145.2,145.21,145.21,145.22,0,0.0,0,0.0,0.0,0.0,0.0,0.0
2022-04-06 12:30:00,145.13,145.29,144.29,145.21,145.21,145.21,145.2,145.19,145.18,145.05,145.07,145.07,145.09,145.1,0,0.0,04/05/2022 17:00,147.34375,147.34375,148.34375,149.34375,0.0
2022-04-06 16:30:00,145.21,146.1,145.06,145.3,146.15,146.12,146.1,146.03,145.22,145.07,145.07,145.09,145.1,145.18,0,0.0,04/05/2022 17:00,147.34375,147.34375,148.34375,149.34375,0.0
2022-04-06 21:30:00,145.3,146.08,145.13,145.3,146.17,146.15,146.12,146.1,146.03,145.07,145.09,145.1,145.18,145.21,0,0.0,0,0.0,0.0,0.0,0.0,0.0
2022-04-07 01:30:00,145.31,146.06,145.25,145.29,146.17,146.15,146.12,146.1,146.03,145.07,145.09,145.1,145.18,145.21,0,0.0,0,0.0,0.0,0.0,0.0,0.0
2022-04-07 05:30:00,145.29,146.09,145.28,146.0,146.15,146.12,146.1,146.1,146.03,145.07,145.09,145.1,145.18,145.21,0,0.0,0,0.0,0.0,0.0,0.0,0.0
2022-04-07 09:30:00,146.0,146.0,144.2,144.21,146.15,146.12,146.1,146.1,146.03,145.09,145.1,145.13,145.18,145.21,0,0.0,0,0.0,0.0,0.0,0.0,0.0
2022-04-07 13:30:00,144.2,145.06,144.01,144.12,144.24,144.24,144.22,144.22,144.21,144.05,144.1,144.13,144.15,144.17,0,0.0,0,0.0,0.0,0.0,0.0,0.0
2022-04-07 18:30:00,144.13,144.22,144.05,144.1,144.24,144.22,144.22,144.17,144.15,143.24,143.27,143.29,144.05,144.1,0,0.0,0,0.0,0.0,0.0,0.0,0.0
2022-04-07 22:30:00,144.1,145.0,144.1,144.24,144.22,144.22,144.17,144.15,144.13,143.21,143.24,143.27,143.29,144.05,0,0.0,04/07/2022 17:00,144.46875,144.46875,145.46875,146.46875,0.0
2022-04-07 22:30:00,144.1,145.0,144.1,144.24,144.22,144.22,144.17,144.15,144.13,143.21,143.24,143.27,143.29,144.05,0,0.0,04/07/2022 17:00,144.46875,144.46875,145.46875,146.46875,0.0
2022-04-07 22:30:00,144.1,145.0,144.1,144.24,144.22,144.22,144.17,144.15,144.13,143.21,143.24,143.27,143.29,144.05,0,0.0,04/07/2022 17:00,144.46875,144.46875,145.46875,146.46875,0.0
2022-04-07 22:30:00,144.1,145.0,144.1,144.24,144.22,144.22,144.17,144.15,144.13,143.21,143.24,143.27,143.29,144.05,0,0.0,04/07/2022 17:00,144.46875,144.46875,145.46875,146.46875,0.0
2022-04-08 02:30:00,144.24,144.24,144.14,144.18,145.0,144.3,144.29,144.27,144.25,144.13,144.15,144.17,144.22,144.22,0,0.0,0,0.0,0.0,0.0,0.0,0.0
2022-04-08 06:30:00,144.18,144.2,143.3,144.1,144.29,144.27,144.25,144.24,144.24,144.05,144.1,144.13,144.15,144.17,0,0.0,0,0.0,0.0,0.0,0.0,0.0
2022-04-08 10:30:00,144.11,144.12,143.11,143.21,144.29,144.27,144.25,144.24,144.24,143.29,144.01,144.05,144.05,144.1,0,0.0,0,0.0,0.0,0.0,0.0,0.0
2022-04-08 14:30:00,143.2,143.27,142.31,143.1,143.29,143.27,143.24,143.21,143.21,143.18,0.0,0.0,0.0,0.0,0,0.0,0,0.0,0.0,0.0,0.0,0.0
2022-04-10 19:30:00,143.1,143.19,143.0,143.07,143.27,143.24,143.21,143.21,143.18,0.0,0.0,0.0,0.0,0.0,0,0.0,0,0.0,0.0,0.0,0.0,0.0
2022-04-10 23:30:00,143.08,143.13,142.13,142.18,143.27,143.24,143.21,143.21,143.18,0.0,0.0,0.0,0.0,0.0,0,0.0,0,0.0,0.0,0.0,0.0,0.0
2022-04-11 03:30:00,142.18,143.01,142.12,142.28,143.27,143.24,143.21,143.21,143.18,0.0,0.0,0.0,0.0,0.0,0,0.0,0,0.0,0.0,0.0,0.0,0.0
2022-04-11 07:30:00,142.28,143.02,142.13,142.25,143.24,143.21,143.21,143.19,143.18,0.0,0.0,0.0,0.0,0.0,0,0.0,0,0.0,0.0,0.0,0.0,0.0
2022-04-11 11:30:00,142.26,143.06,142.08,142.12,143.21,143.21,143.19,143.18,143.13,0.0,0.0,0.0,0.0,0.0,0,0.0,0,0.0,0.0,0.0,0.0,0.0
2022-04-11 15:30:00,142.12,142.15,142.0,142.02,143.21,143.21,143.19,143.18,143.13,0.0,0.0,0.0,0.0,0.0,0,0.0,0,0.0,0.0,0.0,0.0,0.0
2022-04-11 20:30:00,142.02,142.13,141.19,141.23,143.21,143.21,143.19,143.18,143.13,0.0,0.0,0.0,0.0,0.0,0,0.0,0,0.0,0.0,0.0,0.0,0.0
2022-04-12 00:30:00,141.22,141.26,141.12,141.26,143.21,143.19,143.18,143.13,143.06,0.0,0.0,0.0,0.0,0.0,0,0.0,0,0.0,0.0,0.0,0.0,0.0
2022-04-12 04:30:00,141.26,141.26,141.11,141.17,143.19,143.18,143.13,143.06,142.15,0.0,0.0,0.0,0.0,0.0,0,0.0,0,0.0,0.0,0.0,0.0,0.0
2022-04-12 08:30:00,141.18,142.22,141.17,142.13,143.18,143.13,143.06,142.15,142.13,0.0,0.0,0.0,0.0,0.0,0,0.0,0,0.0,0.0,0.0,0.0,0.0
2022-04-12 12:30:00,142.15,143.13,142.15,143.06,143.21,143.19,143.18,143.13,143.06,142.13,0.0,0.0,0.0,0.0,0,0.0,0,0.0,0.0,0.0,0.0,0.0
2022-04-12 16:30:00,143.06,143.12,142.15,142.19,143.21,143.21,143.19,143.18,143.13,141.11,142.13,142.15,0.0,0.0,0,0.0,0,0.0,0.0,0.0,0.0,0.0
2022-04-12 21:30:00,142.18,142.24,142.04,142.05,143.21,143.19,143.18,143.13,143.06,141.11,141.17,142.13,142.15,0.0,0,0.0,0,0.0,0.0,0.0,0.0,0.0
2022-04-13 01:30:00,142.06,142.12,142.01,142.05,143.13,143.13,143.06,142.15,142.13,141.11,141.17,0.0,0.0,0.0,0,0.0,0,0.0,0.0,0.0,0.0,0.0
2022-04-13 05:30:00,142.05,142.07,141.16,141.29,143.13,143.12,143.06,142.15,142.13,141.11,141.17,0.0,0.0,0.0,0,0.0,0,0.0,0.0,0.0,0.0,0.0
2022-04-13 09:30:00,141.29,143.03,141.28,142.29,143.12,143.06,142.24,142.15,142.13,141.11,141.17,0.0,0.0,0.0,0,0.0,04/08/2022 17:00,143.5625,143.5625,144.5625,145.5625,0.0
2022-04-13 13:30:00,142.29,143.25,142.28,143.16,143.18,143.13,143.13,143.12,143.06,141.11,141.17,142.24,0.0,0.0,0,0.0,04/08/2022 17:00,143.5625,143.5625,144.5625,145.5625,0.0
2022-04-13 13:30:00,142.29,143.25,142.28,143.16,143.18,143.13,143.13,143.12,143.06,141.11,141.17,142.24,0.0,0.0,0,0.0,04/08/2022 17:00,143.5625,143.5625,144.5625,145.5625,0.0
2022-04-13 13:30:00,142.29,143.25,142.28,143.16,143.18,143.13,143.13,143.12,143.06,141.11,141.17,142.24,0.0,0.0,0,0.0,04/08/2022 17:00,143.5625,143.5625,144.5625,145.5625,0.0
2022-04-13 18:30:00,143.17,143.18,142.28,143.03,143.24,143.21,143.21,143.19,143.18,142.24,143.06,143.12,143.13,143.13,0,0.0,0,0.0,0.0,0.0,0.0,0.0
2022-04-13 22:30:00,143.03,143.14,142.28,143.13,143.18,143.13,143.13,143.12,143.06,141.11,141.16,141.17,141.28,142.24,0,0.0,0,0.0,0.0,0.0,0.0,0.0
2022-04-14 02:30:00,143.12,143.22,143.07,143.08,143.21,143.19,143.18,143.13,143.13,141.11,141.16,141.17,141.28,142.24,0,0.0,0,0.0,0.0,0.0,0.0,0.0
2022-04-14 06:30:00,143.08,143.26,142.26,143.03,143.21,143.19,143.18,143.13,143.13,141.11,141.16,141.17,141.28,142.24,0,0.0,0,0.0,0.0,0.0,0.0,0.0
2022-04-14 10:30:00,143.03,143.25,141.21,141.26,143.21,143.19,143.18,143.13,143.13,141.11,141.16,141.17,141.28,142.24,0,0.0,0,0.0,0.0,0.0,0.0,0.0
2022-04-14 14:30:00,141.27,142.03,140.29,140.31,143.18,143.13,143.13,142.24,141.28,141.11,141.16,141.17,0.0,0.0,0,0.0,0,0.0,0.0,0.0,0.0,0.0
2022-04-17 19:30:00,141.0,141.06,140.25,140.25,142.24,141.28,141.17,141.16,141.11,0.0,0.0,0.0,0.0,0.0,0,0.0,0,0.0,0.0,0.0,0.0,0.0
2022-04-17 23:30:00,140.25,140.26,140.13,140.18,142.24,141.28,141.17,141.16,141.11,0.0,0.0,0.0,0.0,0.0,0,0.0,0,0.0,0.0,0.0,0.0,0.0
2022-04-18 03:30:00,140.18,140.25,140.08,140.24,142.03,141.28,141.17,141.16,141.11,0.0,0.0,0.0,0.0,0.0,0,0.0,0,0.0,0.0,0.0,0.0,0.0
2022-04-18 07:30:00,140.24,140.29,140.17,140.27,141.28,141.17,141.16,141.11,141.06,0.0,0.0,0.0,0.0,0.0,0,0.0,0,0.0,0.0,0.0,0.0,0.0
2022-04-18 11:30:00,140.26,141.08,140.1,140.2,141.28,141.17,141.16,141.11,141.06,0.0,0.0,0.0,0.0,0.0,0,0.0,0,0.0,0.0,0.0,0.0,0.0
2022-04-18 15:30:00,140.2,140.21,140.05,140.14,141.28,141.17,141.16,141.11,141.06,140.08,0.0,0.0,0.0,0.0,0,0.0,0,0.0,0.0,0.0,0.0,0.0
2022-04-18 20:30:00,140.14,140.27,140.09,140.17,141.28,141.17,141.16,141.11,141.06,140.08,0.0,0.0,0.0,0.0,0,0.0,0,0.0,0.0,0.0,0.0,0.0
2022-04-19 00:30:00,140.17,140.23,140.12,140.21,141.17,141.16,141.11,141.08,141.06,140.08,0.0,0.0,0.0,0.0,0,0.0,0,0.0,0.0,0.0,0.0,0.0
2022-04-19 04:30:00,140.21,140.22,140.0,140.03,141.17,141.16,141.11,141.08,141.06,140.05,140.08,0.0,0.0,0.0,0,0.0,0,0.0,0.0,0.0,0.0,0.0
2022-04-19 08:30:00,140.03,140.03,139.18,139.27,141.08,141.06,140.27,140.08,140.05,0.0,0.0,0.0,0.0,0.0,0,0.0,0,0.0,0.0,0.0,0.0,0.0
2022-04-19 12:30:00,139.28,140.02,139.04,139.22,141.06,140.27,140.23,140.08,140.05,0.0,0.0,0.0,0.0,0.0,0,0.0,0,0.0,0.0,0.0,0.0,0.0
2022-04-19 16:30:00,139.22,139.28,139.05,139.08,140.27,140.23,140.22,140.08,140.05,0.0,0.0,0.0,0.0,0.0,0,0.0,0,0.0,0.0,0.0,0.0,0.0
2022-04-19 21:30:00,139.08,139.12,138.19,138.28,140.23,140.22,140.08,140.05,140.03,0.0,0.0,0.0,0.0,0.0,0,0.0,0,0.0,0.0,0.0,0.0,0.0
2022-04-20 01:30:00,138.28,139.18,138.24,139.08,140.22,140.08,140.05,140.03,140.02,0.0,0.0,0.0,0.0,0.0,0,0.0,0,0.0,0.0,0.0,0.0,0.0
2022-04-20 05:30:00,139.08,140.0,139.02,139.31,140.08,140.05,140.03,140.02,139.28,0.0,0.0,0.0,0.0,0.0,0,0.0,0,0.0,0.0,0.0,0.0,0.0
2022-04-20 09:30:00,139.3,140.21,139.28,140.05,140.22,140.08,140.05,140.03,140.02,138.19,139.28,0.0,0.0,0.0,0,0.0,04/08/2022 17:00,143.5625,143.5625,144.5625,145.5625,0.0
2022-04-20 09:30:00,139.3,140.21,139.28,140.05,140.22,140.08,140.05,140.03,140.02,138.19,139.28,0.0,0.0,0.0,0,0.0,04/08/2022 17:00,143.5625,143.5625,144.5625,145.5625,0.0
2022-04-20 13:30:00,140.05,141.16,139.29,141.07,141.06,140.27,140.23,140.22,140.08,138.19,138.24,139.28,140.02,140.03,0,0.0,04/08/2022 17:00,143.5625,143.5625,144.5625,145.5625,0.0
2022-04-20 13:30:00,140.05,141.16,139.29,141.07,141.06,140.27,140.23,140.22,140.08,138.19,138.24,139.28,140.02,140.03,0,0.0,04/08/2022 17:00,143.5625,143.5625,144.5625,145.5625,0.0
2022-04-20 13:30:00,140.05,141.16,139.29,141.07,141.06,140.27,140.23,140.22,140.08,138.19,138.24,139.28,140.02,140.03,0,0.0,04/08/2022 17:00,143.5625,143.5625,144.5625,145.5625,0.0
2022-04-20 13:30:00,140.05,141.16,139.29,141.07,141.06,140.27,140.23,140.22,140.08,138.19,138.24,139.28,140.02,140.03,0,0.0,04/08/2022 17:00,143.5625,143.5625,144.5625,145.5625,0.0
2022-04-20 13:30:00,140.05,141.16,139.29,141.07,141.06,140.27,140.23,140.22,140.08,138.19,138.24,139.28,140.02,140.03,0,0.0,04/08/2022 17:00,143.5625,143.5625,144.5625,145.5625,0.0
2022-04-20 18:30:00,141.07,141.18,140.27,141.05,141.28,141.17,141.16,141.11,141.08,140.08,140.22,140.23,140.27,141.06,0,0.0,04/08/2022 17:00,143.5625,143.5625,144.5625,145.5625,0.0
2022-04-20 22:30:00,141.05,141.13,140.24,140.24,141.17,141.16,141.11,141.08,141.06,140.05,140.08,140.22,140.23,140.27,0,0.0,0,0.0,0.0,0.0,0.0,0.0
2022-04-21 02:30:00,140.24,141.02,140.22,140.3,141.16,141.11,141.08,141.06,140.27,140.03,140.05,140.08,140.22,140.23,0,0.0,0,0.0,0.0,0.0,0.0,0.0
2022-04-21 06:30:00,140.29,141.05,140.18,140.26,141.17,141.16,141.11,141.08,141.06,140.03,140.05,140.08,140.22,140.23,0,0.0,0,0.0,0.0,0.0,0.0,0.0
2022-04-21 10:30:00,140.27,141.07,140.05,140.11,141.16,141.13,141.11,141.08,141.06,140.03,140.05,140.08,140.22,140.23,0,0.0,0,0.0,0.0,0.0,0.0,0.0
2022-04-21 14:30:00,140.11,140.11,139.14,139.29,141.11,141.08,141.06,140.23,140.22,139.29,140.02,140.03,140.05,140.08,0,0.0,0,0.0,0.0,0.0,0.0,0.0
2022-04-21 19:30:00,139.29,140.2,139.27,140.11,141.06,140.23,140.22,140.03,140.02,138.19,138.24,139.02,139.28,139.28,0,0.0,0,0.0,0.0,0.0,0.0,0.0
2022-04-21 23:30:00,140.11,140.13,139.15,139.21,141.08,141.07,141.06,140.23,140.22,138.24,139.02,139.28,139.28,139.29,0,0.0,0,0.0,0.0,0.0,0.0,0.0
2022-04-22 03:30:00,139.21,140.14,139.2,139.31,140.23,140.22,139.29,139.28,139.28,138.19,138.24,139.02,139.14,0.0,0,0.0,04/08/2022 17:00,143.5625,143.5625,144.5625,145.5625,0.0
2022-04-22 03:30:00,139.21,140.14,139.2,139.31,140.23,140.22,139.29,139.28,139.28,138.19,138.24,139.02,139.14,0.0,0,0.0,04/08/2022 17:00,143.5625,143.5625,144.5625,145.5625,0.0
2022-04-22 07:30:00,139.3,140.1,139.2,140.1,141.07,141.06,140.23,140.22,140.2,138.24,139.02,139.14,139.28,139.29,0,0.0,0,0.0,0.0,0.0,0.0,0.0
2022-04-22 11:30:00,140.1,141.03,139.31,140.14,141.07,141.06,140.23,140.22,140.2,139.02,139.14,139.15,139.28,139.29,0,0.0,0,0.0,0.0,0.0,0.0,0.0
2022-04-22 15:30:00,140.14,140.16,140.03,140.09,141.07,141.06,140.23,140.22,140.2,139.02,139.14,139.15,139.28,139.29,0,0.0,0,0.0,0.0,0.0,0.0,0.0
2022-04-24 20:30:00,140.1,140.23,140.01,140.18,141.07,141.06,140.23,140.22,140.2,139.14,139.15,139.2,139.28,139.29,0,0.0,0,0.0,0.0,0.0,0.0,0.0
2022-04-25 00:30:00,140.19,141.06,140.15,141.03,141.06,141.03,140.23,140.22,140.2,139.15,139.2,139.28,139.29,139.31,0,0.0,04/08/2022 17:00,143.5625,143.5625,144.5625,145.5625,0.0
2022-04-25 04:30:00,141.03,141.23,140.22,141.19,141.13,141.11,141.08,141.07,141.06,139.2,139.28,139.29,139.31,140.2,0,0.0,04/08/2022 17:00,143.5625,143.5625,144.5625,145.5625,0.0
2022-04-25 04:30:00,141.03,141.23,140.22,141.19,141.13,141.11,141.08,141.07,141.06,139.2,139.28,139.29,139.31,140.2,0,0.0,04/08/2022 17:00,143.5625,143.5625,144.5625,145.5625,0.0
2022-04-25 04:30:00,141.03,141.23,140.22,141.19,141.13,141.11,141.08,141.07,141.06,139.2,139.28,139.29,139.31,140.2,0,0.0,04/08/2022 17:00,143.5625,143.5625,144.5625,145.5625,0.0
2022-04-25 04:30:00,141.03,141.23,140.22,141.19,141.13,141.11,141.08,141.07,141.06,139.2,139.28,139.29,139.31,140.2,0,0.0,04/08/2022 17:00,143.5625,143.5625,144.5625,145.5625,0.0
2022-04-25 04:30:00,141.03,141.23,140.22,141.19,141.13,141.11,141.08,141.07,141.06,139.2,139.28,139.29,139.31,140.2,0,0.0,04/08/2022 17:00,143.5625,143.5625,144.5625,145.5625,0.0
2022-04-25 04:30:00,141.03,141.23,140.22,141.19,141.13,141.11,141.08,141.07,141.06,139.2,139.28,139.29,139.31,140.2,0,0.0,04/08/2022 17:00,143.5625,143.5625,144.5625,145.5625,0.0
2022-04-25 04:30:00,141.03,141.23,140.22,141.19,141.13,141.11,141.08,141.07,141.06,139.2,139.28,139.29,139.31,140.2,0,0.0,04/08/2022 17:00,143.5625,143.5625,144.5625,145.5625,0.0
2022-04-25 04:30:00,141.03,141.23,140.22,141.19,141.13,141.11,141.08,141.07,141.06,139.2,139.28,139.29,139.31,140.2,0,0.0,04/08/2022 17:00,143.5625,143.5625,144.5625,145.5625,0.0
2022-04-25 08:30:00,141.19,141.25,141.07,141.15,143.13,143.13,142.24,142.03,141.28,141.11,141.13,141.16,141.17,141.18,0,0.0,0,0.0,0.0,0.0,0.0,0.0
2022-04-25 12:30:00,141.16,142.17,141.14,142.09,143.13,142.24,142.03,141.28,141.18,141.03,141.07,141.08,141.11,141.13,0,0.0,04/08/2022 17:00,143.5625,143.5625,144.5625,145.5625,0.0
2022-04-25 12:30:00,141.16,142.17,141.14,142.09,143.13,142.24,142.03,141.28,141.18,141.03,141.07,141.08,141.11,141.13,0,0.0,04/08/2022 17:00,143.5625,143.5625,144.5625,145.5625,0.0
2022-04-25 16:30:00,142.09,142.11,141.17,141.24,143.19,143.18,143.13,143.13,142.24,141.08,141.11,141.13,141.28,142.03,0,0.0,0,0.0,0.0,0.0,0.0,0.0
2022-04-25 21:30:00,141.23,142.03,141.14,141.26,143.18,143.13,143.13,142.24,142.03,141.07,141.07,141.08,141.11,141.13,0,0.0,0,0.0,0.0,0.0,0.0,0.0
2022-04-26 01:30:00,141.26,141.3,141.05,141.08,143.13,143.13,142.24,142.17,142.03,141.07,141.07,141.08,141.11,141.13,0,0.0,0,0.0,0.0,0.0,0.0,0.0
2022-04-26 05:30:00,141.08,142.11,141.08,142.1,142.24,142.17,142.11,142.03,141.13,140.2,140.22,141.03,141.07,141.07,0,0.0,0,0.0,0.0,0.0,0.0,0.0
2022-04-26 09:30:00,142.1,143.02,142.02,143.0,143.13,143.13,142.24,142.17,142.11,140.22,141.03,141.07,141.07,141.08,04/25/2022 17:00,141.5625,0,0.0,141.5625,140.5625,139.5625,0.0
2022-04-26 09:30:00,142.1,143.02,142.02,143.0,143.13,143.13,142.24,142.17,142.11,140.22,141.03,141.07,141.07,141.08,04/25/2022 17:00,141.5625,0,0.0,141.5625,140.5625,139.5625,0.0
2022-04-26 13:30:00,142.31,143.14,142.2,142.27,143.21,143.19,143.18,143.13,143.13,141.07,141.07,141.08,142.11,142.17,0,0.0,0,0.0,0.0,0.0,0.0,0.0
2022-04-26 18:30:00,142.26,143.1,142.13,143.0,143.21,143.19,143.18,143.13,143.13,141.07,141.08,141.08,142.11,142.17,0,0.0,0,0.0,0.0,0.0,0.0,0.0
2022-04-26 22:30:00,143.0,143.14,142.26,143.08,143.21,143.19,143.18,143.13,143.13,141.08,141.08,142.02,142.11,142.17,0,0.0,0,0.0,0.0,0.0,0.0,0.0
2022-04-27 02:30:00,143.09,143.1,142.18,142.21,143.21,143.19,143.18,143.13,143.13,141.08,141.08,142.02,142.11,142.17,0,0.0,0,0.0,0.0,0.0,0.0,0.0
2022-04-27 06:30:00,142.21,143.02,142.12,142.16,143.21,143.19,143.18,143.13,143.13,141.08,142.02,142.11,142.13,142.17,0,0.0,0,0.0,0.0,0.0,0.0,0.0
2022-04-27 10:30:00,142.16,143.05,142.09,142.23,143.18,143.14,143.13,143.13,142.17,141.08,141.08,142.02,142.11,142.13,0,0.0,0,0.0,0.0,0.0,0.0,0.0
2022-04-27 14:30:00,142.23,142.29,141.24,141.29,143.18,143.14,143.13,143.13,143.1,141.08,141.08,142.02,142.11,142.13,0,0.0,0,0.0,0.0,0.0,0.0,0.0
2022-04-27 19:30:00,141.3,141.31,141.14,141.18,143.13,143.1,142.13,142.11,142.02,141.05,141.07,141.07,141.08,141.08,0,0.0,0,0.0,0.0,0.0,0.0,0.0
2022-04-27 23:30:00,141.18,141.25,141.14,141.18,143.1,143.05,142.13,142.11,142.02,141.05,141.07,141.07,141.08,141.08,0,0.0,0,0.0,0.0,0.0,0.0,0.0
2022-04-28 03:30:00,141.18,142.04,141.17,142.01,143.05,142.29,142.13,142.11,142.02,141.05,141.07,141.07,141.08,141.08,0,0.0,0,0.0,0.0,0.0,0.0,0.0
2022-04-28 07:30:00,142.01,142.02,141.16,141.25,143.05,142.29,142.13,142.11,142.02,141.05,141.07,141.07,141.08,141.08,0,0.0,0,0.0,0.0,0.0,0.0,0.0
2022-04-28 11:30:00,141.25,141.27,140.17,141.09,143.05,142.29,142.13,142.11,142.02,141.07,141.07,141.08,141.08,141.14,0,0.0,0,0.0,0.0,0.0,0.0,0.0
2022-04-28 15:30:00,141.09,141.19,140.28,141.19,142.13,142.11,142.04,142.02,141.14,141.05,141.07,141.07,141.08,141.08,04/25/2022 17:00,141.5625,0,0.0,141.5625,140.5625,139.5625,0.0
2022-04-28 20:30:00,141.2,142.02,141.16,141.23,142.13,142.11,142.04,142.02,142.02,141.07,141.07,141.08,141.08,141.14,0,0.0,0,0.0,0.0,0.0,0.0,0.0
2022-04-29 00:30:00,141.23,141.25,141.15,141.16,142.13,142.11,142.04,142.02,142.02,141.07,141.07,141.08,141.08,141.14,0,0.0,0,0.0,0.0,0.0,0.0,0.0
2022-04-29 04:30:00,141.16,141.27,141.13,141.25,142.13,142.11,142.04,142.02,142.02,141.07,141.07,141.08,141.08,141.14,0,0.0,0,0.0,0.0,0.0,0.0,0.0
2022-04-29 08:30:00,141.24,141.26,141.03,141.12,142.11,142.04,142.02,142.02,142.02,141.07,141.07,141.08,141.08,141.14,0,0.0,0,0.0,0.0,0.0,0.0,0.0
2022-04-29 12:30:00,141.11,141.21,140.04,140.23,142.11,142.04,142.02,142.02,142.02,141.05,141.07,141.07,141.08,141.08,0,0.0,0,0.0,0.0,0.0,0.0,0.0
2022-04-29 16:30:00,140.24,141.02,140.05,140.1,141.07,141.07,141.05,141.03,140.28,140.01,140.15,140.17,140.2,140.22,0,0.0,0,0.0,0.0,0.0,0.0,0.0
2022-05-01 21:30:00,140.1,140.15,139.29,140.03,140.28,140.22,140.2,140.17,140.15,139.2,139.28,139.29,139.31,140.01,0,0.0,0,0.0,0.0,0.0,0.0,0.0
2022-05-02 01:30:00,140.04,140.09,140.01,140.04,140.28,140.22,140.2,140.17,140.15,139.2,139.28,139.29,139.31,140.01,0,0.0,0,0.0,0.0,0.0,0.0,0.0
2022-05-02 05:30:00,140.04,140.17,139.27,140.09,140.28,140.22,140.2,140.17,140.15,139.2,139.28,139.29,139.31,140.01,0,0.0,0,0.0,0.0,0.0,0.0,0.0
2022-05-02 09:30:00,140.09,140.2,139.13,139.15,140.28,140.22,140.2,140.17,140.15,139.2,139.28,139.29,139.31,140.01,0,0.0,0,0.0,0.0,0.0,0.0,0.0
2022-05-02 13:30:00,139.16,139.24,139.03,139.07,140.17,140.15,140.01,139.31,139.2,138.19,138.24,139.02,139.14,139.15,0,0.0,0,0.0,0.0,0.0,0.0,0.0
2022-05-02 18:30:00,139.08,139.24,139.02,139.19,140.01,139.31,139.2,139.15,139.14,138.19,138.24,139.02,0.0,0.0,0,0.0,05/02/2022 17:00,139.4375,139.4375,140.4375,141.4375,0.0
2022-05-02 18:30:00,139.08,139.24,139.02,139.19,140.01,139.31,139.2,139.15,139.14,138.19,138.24,139.02,0.0,0.0,0,0.0,05/02/2022 17:00,139.4375,139.4375,140.4375,141.4375,0.0
2022-05-02 22:30:00,139.19,139.22,139.13,139.2,140.17,140.15,140.01,139.31,139.2,138.19,138.24,139.02,139.14,139.15,0,0.0,0,0.0,0.0,0.0,0.0,0.0
2022-05-03 02:30:00,139.2,139.24,139.07,139.08,140.2,140.17,140.15,140.01,139.31,138.19,138.24,139.02,139.14,139.15,0,0.0,0,0.0,0.0,0.0,0.0,0.0
2022-05-03 06:30:00,139.08,139.25,139.06,139.22,140.17,140.15,140.01,139.31,139.2,138.19,138.24,139.02,139.02,0.0,0,0.0,05/02/2022 17:00,139.4375,139.4375,140.4375,141.4375,0.0
2022-05-03 10:30:00,139.22,140.29,139.21,140.17,140.2,140.17,140.15,140.01,139.31,138.19,138.24,139.02,139.02,139.2,0,0.0,05/02/2022 17:00,139.4375,139.4375,140.4375,141.4375,0.0
2022-05-03 10:30:00,139.22,140.29,139.21,140.17,140.2,140.17,140.15,140.01,139.31,138.19,138.24,139.02,139.02,139.2,0,0.0,05/02/2022 17:00,139.4375,139.4375,140.4375,141.4375,0.0
2022-05-03 10:30:00,139.22,140.29,139.21,140.17,140.2,140.17,140.15,140.01,139.31,138.19,138.24,139.02,139.02,139.2,0,0.0,05/02/2022 17:00,139.4375,139.4375,140.4375,141.4375,0.0
2022-05-03 14:30:00,140.17,140.27,140.03,140.08,141.02,140.28,140.22,140.2,140.2,139.02,139.2,139.31,140.01,140.15,0,0.0,0,0.0,0.0,0.0,0.0,0.0
2022-05-03 19:30:00,140.08,140.1,139.22,139.29,140.28,140.22,140.2,140.2,140.17,139.02,139.06,139.2,139.31,140.01,0,0.0,0,0.0,0.0,0.0,0.0,0.0
2022-05-03 23:30:00,139.29,139.3,139.24,139.27,140.28,140.22,140.2,140.2,140.17,139.02,139.02,139.06,139.2,139.21,0,0.0,0,0.0,0.0,0.0,0.0,0.0
2022-05-04 03:30:00,139.26,140.02,139.15,140.01,140.27,140.22,140.2,140.2,140.17,139.02,139.02,139.06,139.2,139.21,0,0.0,0,0.0,0.0,0.0,0.0,0.0
2022-05-04 07:30:00,140.02,140.1,139.25,140.05,140.22,140.2,140.2,140.17,140.1,139.02,139.02,139.06,139.2,139.21,0,0.0,0,0.0,0.0,0.0,0.0,0.0
2022-05-04 11:30:00,140.05,140.1,139.02,139.21,140.22,140.2,140.2,140.17,140.1,139.02,139.02,139.06,139.2,139.21,0,0.0,0,0.0,0.0,0.0,0.0,0.0
2022-05-04 15:30:00,139.2,140.22,139.05,140.03,140.2,140.2,140.17,140.1,139.21,138.19,138.24,139.02,139.02,139.06,0,0.0,0,0.0,0.0,0.0,0.0,0.0
2022-05-04 20:30:00,140.03,140.14,139.22,140.06,140.22,140.2,140.2,140.17,140.1,139.02,139.02,139.06,139.2,139.21,0,0.0,0,0.0,0.0,0.0,0.0,0.0
2022-05-05 00:30:00,140.06,140.08,139.24,139.25,140.22,140.2,140.2,140.17,140.1,139.02,139.02,139.06,139.2,139.21,0,0.0,0,0.0,0.0,0.0,0.0,0.0
2022-05-05 04:30:00,139.25,139.29,139.09,139.12,140.22,140.2,140.2,140.17,140.1,139.02,139.05,139.06,139.2,139.21,0,0.0,0,0.0,0.0,0.0,0.0,0.0
2022-05-05 08:30:00,139.12,140.04,139.08,140.02,140.2,140.17,140.14,140.1,139.21,139.02,139.02,139.02,139.05,139.06,05/03/2022 17:00,139.4375,0,0.0,139.4375,138.4375,137.4375,0.0
2022-05-05 12:30:00,140.02,140.04,137.0,137.04,140.2,140.17,140.14,140.1,140.08,139.02,139.02,139.05,139.06,139.21,0,0.0,0,0.0,0.0,0.0,0.0,0.0
2022-05-05 16:30:00,137.05,138.04,136.24,137.31,139.02,139.02,139.02,138.24,138.19,0.0,0.0,0.0,0.0,0.0,0,0.0,0,0.0,0.0,0.0,0.0,0.0
2022-05-05 21:30:00,138.0,138.02,137.07,137.11,139.02,139.02,139.02,138.24,138.19,0.0,0.0,0.0,0.0,0.0,0,0.0,0,0.0,0.0,0.0,0.0,0.0
2022-05-06 01:30:00,137.11,137.27,137.03,137.24,139.02,139.02,139.02,138.24,138.19,0.0,0.0,0.0,0.0,0.0,0,0.0,0,0.0,0.0,0.0,0.0,0.0
2022-05-06 05:30:00,137.24,137.28,137.08,137.16,139.02,139.02,138.24,138.19,138.04,136.24,0.0,0.0,0.0,0.0,0,0.0,0,0.0,0.0,0.0,0.0,0.0
2022-05-06 09:30:00,137.16,137.29,136.18,136.26,139.02,138.24,138.19,138.04,138.02,136.24,0.0,0.0,0.0,0.0,0,0.0,0,0.0,0.0,0.0,0.0,0.0
2022-05-06 13:30:00,136.27,137.23,136.18,136.24,139.02,138.24,138.19,138.04,138.02,136.24,0.0,0.0,0.0,0.0,0,0.0,0,0.0,0.0,0.0,0.0,0.0
2022-05-08 18:30:00,136.25,136.25,136.05,136.13,139.02,138.24,138.19,138.04,138.02,136.24,0.0,0.0,0.0,0.0,0,0.0,0,0.0,0.0,0.0,0.0,0.0
2022-05-08 22:30:00,136.13,136.21,136.02,136.14,138.19,138.04,138.02,137.29,136.24,0.0,0.0,0.0,0.0,0.0,0,0.0,0,0.0,0.0,0.0,0.0,0.0
2022-05-09 02:30:00,136.14,136.15,136.04,136.12,138.04,138.02,137.29,137.23,136.24,0.0,0.0,0.0,0.0,0.0,0,0.0,0,0.0,0.0,0.0,0.0,0.0
2022-05-09 06:30:00,136.12,136.14,135.03,135.11,138.02,137.29,137.23,136.25,136.24,0.0,0.0,0.0,0.0,0.0,0,0.0,0,0.0,0.0,0.0,0.0,0.0
2022-05-09 10:30:00,135.11,136.24,135.1,136.08,137.29,137.23,136.25,136.24,136.21,0.0,0.0,0.0,0.0,0.0,0,0.0,0,0.0,0.0,0.0,0.0,0.0
2022-05-09 14:30:00,136.08,137.07,136.07,137.06,137.29,137.23,136.25,136.24,136.21,0.0,0.0,0.0,0.0,0.0,0,0.0,05/05/2022 17:00,138.59375,138.59375,139.59375,140.59375,0.0
2022-05-09 19:30:00,137.06,137.29,137.0,137.26,138.19,138.04,138.02,137.29,137.23,135.03,136.21,136.24,136.25,0.0,0,0.0,05/05/2022 17:00,138.59375,138.59375,139.59375,140.59375,0.0
2022-05-09 23:30:00,137.26,138.23,137.23,138.02,138.24,138.19,138.04,138.02,137.29,135.1,136.21,136.24,136.25,137.23,0,0.0,05/05/2022 17:00,138.59375,138.59375,139.59375,140.59375,0.0
2022-05-10 03:30:00,138.03,138.04,137.09,137.23,139.02,139.02,138.24,138.19,138.04,136.24,136.25,137.23,137.29,138.02,0,0.0,0,0.0,0.0,0.0,0.0,0.0
2022-05-10 07:30:00,137.24,138.17,137.13,138.1,138.24,138.19,138.04,138.02,137.29,136.21,136.24,136.25,137.0,137.23,0,0.0,05/05/2022 17:00,138.59375,138.59375,139.59375,140.59375,0.0
2022-05-10 07:30:00,137.24,138.17,137.13,138.1,138.24,138.19,138.04,138.02,137.29,136.21,136.24,136.25,137.0,137.23,0,0.0,05/05/2022 17:00,138.59375,138.59375,139.59375,140.59375,0.0
2022-05-10 11:30:00,138.1,139.18,138.04,139.15,139.02,139.02,138.24,138.23,138.19,136.25,137.0,137.23,138.02,138.04,0,0.0,05/05/2022 17:00,138.59375,138.59375,139.59375,140.59375,0.0
2022-05-10 11:30:00,138.1,139.18,138.04,139.15,139.02,139.02,138.24,138.23,138.19,136.25,137.0,137.23,138.02,138.04,0,0.0,05/05/2022 17:00,138.59375,138.59375,139.59375,140.59375,0.0
2022-05-10 11:30:00,138.1,139.18,138.04,139.15,139.02,139.02,138.24,138.23,138.19,136.25,137.0,137.23,138.02,138.04,0,0.0,05/05/2022 17:00,138.59375,138.59375,139.59375,140.59375,0.0
2022-05-10 11:30:00,138.1,139.18,138.04,139.15,139.02,139.02,138.24,138.23,138.19,136.25,137.0,137.23,138.02,138.04,0,0.0,05/05/2022 17:00,138.59375,138.59375,139.59375,140.59375,0.0
2022-05-10 11:30:00,138.1,139.18,138.04,139.15,139.02,139.02,138.24,138.23,138.19,136.25,137.0,137.23,138.02,138.04,0,0.0,05/05/2022 17:00,138.59375,138.59375,139.59375,140.59375,0.0
2022-05-10 11:30:00,138.1,139.18,138.04,139.15,139.02,139.02,138.24,138.23,138.19,136.25,137.0,137.23,138.02,138.04,0,0.0,05/05/2022 17:00,138.59375,138.59375,139.59375,140.59375,0.0
2022-05-10 11:30:00,138.1,139.18,138.04,139.15,139.02,139.02,138.24,138.23,138.19,136.25,137.0,137.23,138.02,138.04,0,0.0,05/05/2022 17:00,138.59375,138.59375,139.59375,140.59375,0.0
2022-05-10 11:30:00,138.1,139.18,138.04,139.15,139.02,139.02,138.24,138.23,138.19,136.25,137.0,137.23,138.02,138.04,0,0.0,05/05/2022 17:00,138.59375,138.59375,139.59375,140.59375,0.0
2022-05-10 15:30:00,139.15,139.2,138.21,138.27,140.17,140.14,140.1,140.08,140.04,139.02,139.02,139.02,139.05,139.06,0,0.0,0,0.0,0.0,0.0,0.0,0.0
2022-05-10 20:30:00,138.27,138.31,138.16,138.25,140.17,140.14,140.1,140.08,140.04,138.02,138.04,138.19,138.23,138.24,0,0.0,0,0.0,0.0,0.0,0.0,0.0
2022-05-11 00:30:00,138.25,138.3,138.19,138.24,140.17,140.14,140.1,140.08,140.04,138.04,138.04,138.19,138.23,138.24,0,0.0,0,0.0,0.0,0.0,0.0,0.0
2022-05-11 04:30:00,138.24,139.24,138.23,139.19,140.14,140.1,140.08,140.04,139.2,138.02,138.04,138.04,138.19,138.23,0,0.0,0,0.0,0.0,0.0,0.0,0.0
2022-05-11 08:30:00,139.19,139.28,139.05,139.08,140.14,140.1,140.08,140.04,139.2,138.04,138.16,138.19,138.23,138.24,0,0.0,0,0.0,0.0,0.0,0.0,0.0
2022-05-11 12:30:00,139.08,139.25,137.12,139.19,140.14,140.1,140.08,140.04,139.2,138.16,138.19,138.19,138.23,138.24,0,0.0,0,0.0,0.0,0.0,0.0,0.0
2022-05-11 16:30:00,139.19,140.01,139.12,139.19,140.14,140.1,140.08,140.04,139.2,138.16,138.19,138.19,138.23,138.24,0,0.0,0,0.0,0.0,0.0,0.0,0.0
2022-05-11 21:30:00,139.2,140.13,139.19,140.0,140.17,140.14,140.1,140.08,140.04,138.16,138.19,138.19,138.23,138.24,05/10/2022 17:00,138.59375,0,0.0,138.59375,137.59375,136.59375,0.0
2022-05-12 01:30:00,140.01,140.03,139.21,139.29,140.17,140.14,140.1,140.08,140.04,138.19,138.19,138.23,138.24,139.2,0,0.0,0,0.0,0.0,0.0,0.0,0.0
2022-05-12 05:30:00,139.28,141.02,139.26,141.01,140.17,140.14,140.1,140.08,140.04,138.19,138.23,138.24,139.12,139.2,05/10/2022 17:00,138.59375,0,0.0,138.59375,137.59375,136.59375,0.0
2022-05-12 05:30:00,139.28,141.02,139.26,141.01,140.17,140.14,140.1,140.08,140.04,138.19,138.23,138.24,139.12,139.2,05/10/2022 17:00,138.59375,0,0.0,138.59375,137.59375,136.59375,0.0
2022-05-12 05:30:00,139.28,141.02,139.26,141.01,140.17,140.14,140.1,140.08,140.04,138.19,138.23,138.24,139.12,139.2,05/10/2022 17:00,138.59375,0,0.0,138.59375,137.59375,136.59375,0.0
2022-05-12 05:30:00,139.28,141.02,139.26,141.01,140.17,140.14,140.1,140.08,140.04,138.19,138.23,138.24,139.12,139.2,05/10/2022 17:00,138.59375,0,0.0,138.59375,137.59375,136.59375,0.0
2022-05-12 05:30:00,139.28,141.02,139.26,141.01,140.17,140.14,140.1,140.08,140.04,138.19,138.23,138.24,139.12,139.2,05/10/2022 17:00,138.59375,0,0.0,138.59375,137.59375,136.59375,0.0
2022-05-12 05:30:00,139.28,141.02,139.26,141.01,140.17,140.14,140.1,140.08,140.04,138.19,138.23,138.24,139.12,139.2,05/10/2022 17:00,138.59375,0,0.0,138.59375,137.59375,136.59375,0.0
2022-05-12 05:30:00,139.28,141.02,139.26,141.01,140.17,140.14,140.1,140.08,140.04,138.19,138.23,138.24,139.12,139.2,05/10/2022 17:00,138.59375,0,0.0,138.59375,137.59375,136.59375,0.0
2022-05-12 05:30:00,139.28,141.02,139.26,141.01,140.17,140.14,140.1,140.08,140.04,138.19,138.23,138.24,139.12,139.2,05/10/2022 17:00,138.59375,0,0.0,138.59375,137.59375,136.59375,0.0
2022-05-12 05:30:00,139.28,141.02,139.26,141.01,140.17,140.14,140.1,140.08,140.04,138.19,138.23,138.24,139.12,139.2,05/10/2022 17:00,138.59375,0,0.0,138.59375,137.59375,136.59375,0.0
2022-05-12 09:30:00,141.02,141.08,140.08,140.1,141.08,141.07,141.07,141.05,141.03,140.22,140.22,140.27,140.28,140.29,0,0.0,0,0.0,0.0,0.0,0.0,0.0
2022-05-12 13:30:00,140.11,140.31,140.04,140.26,140.29,140.27,140.22,140.2,140.14,139.2,139.21,140.04,140.08,140.1,05/10/2022 17:00,138.59375,0,0.0,138.59375,137.59375,136.59375,0.0
2022-05-12 18:30:00,140.26,141.04,140.06,140.2,141.05,141.03,141.02,140.29,140.27,139.21,139.26,140.04,140.08,140.1,05/12/2022 17:00,140.90625,0,0.0,140.90625,139.90625,138.90625,0.0
2022-05-12 22:30:00,140.2,140.22,139.27,140.0,141.05,141.03,141.02,140.29,140.27,139.21,139.26,140.04,140.08,140.1,0,0.0,0,0.0,0.0,0.0,0.0,0.0
2022-05-13 02:30:00,140.0,140.07,139.31,140.01,140.29,140.27,140.1,140.08,140.04,139.12,139.19,139.2,139.21,139.26,0,0.0,0,0.0,0.0,0.0,0.0,0.0
2022-05-13 06:30:00,140.01,140.07,139.12,139.27,140.29,140.27,140.1,140.08,140.04,139.12,139.19,139.2,139.21,139.26,0,0.0,0,0.0,0.0,0.0,0.0,0.0
2022-05-13 10:30:00,139.27,139.31,139.07,139.15,140.27,140.22,140.1,140.08,140.04,139.12,139.19,139.2,139.21,139.26,0,0.0,0,0.0,0.0,0.0,0.0,0.0
2022-05-13 14:30:00,139.16,139.29,139.01,139.14,140.04,139.26,139.21,139.2,139.19,138.19,138.19,138.23,138.24,139.12,0,0.0,0,0.0,0.0,0.0,0.0,0.0
2022-05-15 19:30:00,139.15,139.15,139.03,139.05,140.04,139.26,139.21,139.2,139.19,138.19,138.19,138.23,138.24,139.12,0,0.0,0,0.0,0.0,0.0,0.0,0.0
2022-05-15 23:30:00,139.05,139.31,138.3,139.27,139.26,139.21,139.2,139.19,139.12,138.16,138.19,138.19,138.23,138.24,0,0.0,05/13/2022 17:00,140.90625,140.90625,141.90625,142.90625,0.0
2022-05-15 23:30:00,139.05,139.31,138.3,139.27,139.26,139.21,139.2,139.19,139.12,138.16,138.19,138.19,138.23,138.24,0,0.0,05/13/2022 17:00,140.90625,140.90625,141.90625,142.90625,0.0
2022-05-15 23:30:00,139.05,139.31,138.3,139.27,139.26,139.21,139.2,139.19,139.12,138.16,138.19,138.19,138.23,138.24,0,0.0,05/13/2022 17:00,140.90625,140.90625,141.90625,142.90625,0.0
2022-05-15 23:30:00,139.05,139.31,138.3,139.27,139.26,139.21,139.2,139.19,139.12,138.16,138.19,138.19,138.23,138.24,0,0.0,05/13/2022 17:00,140.90625,140.90625,141.90625,142.90625,0.0
2022-05-16 03:30:00,139.28,140.01,139.14,139.19,140.1,140.08,140.07,140.04,139.31,138.24,139.12,139.19,139.21,139.26,0,0.0,0,0.0,0.0,0.0,0.0,0.0
2022-05-16 07:30:00,139.18,139.2,139.04,139.17,140.08,140.07,140.04,139.31,139.19,138.19,138.19,138.23,138.24,139.12,0,0.0,0,0.0,0.0,0.0,0.0,0.0
2022-05-16 11:30:00,139.18,140.18,139.03,140.08,140.1,140.08,140.07,140.04,139.31,138.19,138.23,138.24,138.3,139.12,0,0.0,05/13/2022 17:00,140.90625,140.90625,141.90625,142.90625,0.0
2022-05-16 11:30:00,139.18,140.18,139.03,140.08,140.1,140.08,140.07,140.04,139.31,138.19,138.23,138.24,138.3,139.12,0,0.0,05/13/2022 17:00,140.90625,140.90625,141.90625,142.90625,0.0
2022-05-16 15:30:00,140.09,140.15,139.26,139.29,141.02,140.29,140.27,140.22,140.1,138.3,139.12,139.31,140.07,140.08,0,0.0,0,0.0,0.0,0.0,0.0,0.0
2022-05-16 20:30:00,139.29,139.31,139.19,139.2,140.22,140.1,140.08,140.07,139.31,138.19,138.23,138.24,138.3,139.12,0,0.0,0,0.0,0.0,0.0,0.0,0.0
2022-05-17 00:30:00,139.19,139.24,139.1,139.11,140.18,140.1,140.08,140.07,139.31,138.23,138.24,138.3,139.03,139.12,0,0.0,0,0.0,0.0,0.0,0.0,0.0
2022-05-17 04:30:00,139.12,139.15,139.05,139.13,140.15,140.1,140.08,140.07,139.31,138.19,138.23,138.24,138.3,139.03,0,0.0,0,0.0,0.0,0.0,0.0,0.0
2022-05-17 08:30:00,139.13,139.22,139.09,139.14,140.1,140.08,140.07,139.31,139.31,138.19,138.23,138.24,138.3,139.03,0,0.0,0,0.0,0.0,0.0,0.0,0.0
2022-05-17 12:30:00,139.13,139.15,138.11,138.28,140.08,140.07,139.31,139.31,139.24,138.19,138.23,138.24,138.3,139.03,0,0.0,0,0.0,0.0,0.0,0.0,0.0
2022-05-17 16:30:00,138.27,139.0,138.12,138.13,139.31,139.31,139.24,139.03,138.3,138.16,138.19,138.19,138.23,138.24,0,0.0,0,0.0,0.0,0.0,0.0,0.0
2022-05-17 21:30:00,138.13,138.22,138.09,138.16,139.03,138.3,138.23,138.19,138.16,137.13,137.23,138.02,138.04,138.04,0,0.0,0,0.0,0.0,0.0,0.0,0.0
2022-05-18 01:30:00,138.17,138.29,138.17,138.18,139.15,139.03,138.3,138.23,138.19,137.23,138.02,138.04,138.04,138.16,0,0.0,05/13/2022 17:00,140.90625,140.90625,141.90625,142.90625,0.0
2022-05-18 05:30:00,138.18,139.01,138.13,138.28,139.03,139.0,138.3,138.23,138.19,137.23,138.02,138.04,138.04,138.16,0,0.0,05/13/2022 17:00,140.90625,140.90625,141.90625,142.90625,0.0
2022-05-18 09:30:00,138.28,139.01,138.03,138.23,139.22,139.15,139.03,139.0,138.3,138.04,138.04,138.09,138.16,138.19,0,0.0,0,0.0,0.0,0.0,0.0,0.0
2022-05-18 13:30:00,138.23,140.04,138.18,140.02,139.22,139.15,139.03,139.0,138.3,138.04,138.04,138.09,138.16,138.19,0,0.0,05/13/2022 17:00,140.90625,140.90625,141.90625,142.90625,0.0
2022-05-18 13:30:00,138.23,140.04,138.18,140.02,139.22,139.15,139.03,139.0,138.3,138.04,138.04,138.09,138.16,138.19,0,0.0,05/13/2022 17:00,140.90625,140.90625,141.90625,142.90625,0.0
2022-05-18 13:30:00,138.23,140.04,138.18,140.02,139.22,139.15,139.03,139.0,138.3,138.04,138.04,138.09,138.16,138.19,0,0.0,05/13/2022 17:00,140.90625,140.90625,141.90625,142.90625,0.0
2022-05-18 13:30:00,138.23,140.04,138.18,140.02,139.22,139.15,139.03,139.0,138.3,138.04,138.04,138.09,138.16,138.19,0,0.0,05/13/2022 17:00,140.90625,140.90625,141.90625,142.90625,0.0
2022-05-18 13:30:00,138.23,140.04,138.18,140.02,139.22,139.15,139.03,139.0,138.3,138.04,138.04,138.09,138.16,138.19,0,0.0,05/13/2022 17:00,140.90625,140.90625,141.90625,142.90625,0.0
2022-05-18 13:30:00,138.23,140.04,138.18,140.02,139.22,139.15,139.03,139.0,138.3,138.04,138.04,138.09,138.16,138.19,0,0.0,05/13/2022 17:00,140.90625,140.90625,141.90625,142.90625,0.0
2022-05-18 18:30:00,140.03,140.22,139.3,140.13,140.18,140.15,140.1,140.08,140.07,139.03,139.15,139.22,139.24,139.31,05/18/2022 17:00,140.25,0,0.0,140.25,139.25,138.25,0.0
2022-05-18 22:30:00,140.13,140.28,140.03,140.05,140.29,140.27,140.22,140.18,140.15,139.03,139.15,139.22,139.24,139.31,0,0.0,0,0.0,0.0,0.0,0.0,0.0
2022-05-19 02:30:00,140.05,140.09,139.28,140.09,140.29,140.27,140.22,140.18,140.15,139.03,139.15,139.22,139.24,139.31,0,0.0,0,0.0,0.0,0.0,0.0,0.0
2022-05-19 06:30:00,140.09,141.17,140.08,141.09,140.29,140.27,140.22,140.18,140.15,139.03,139.15,139.22,139.24,139.31,05/18/2022 17:00,140.25,0,0.0,140.25,139.25,138.25,0.0
2022-05-19 06:30:00,140.09,141.17,140.08,141.09,140.29,140.27,140.22,140.18,140.15,139.03,139.15,139.22,139.24,139.31,05/18/2022 17:00,140.25,0,0.0,140.25,139.25,138.25,0.0
2022-05-19 06:30:00,140.09,141.17,140.08,141.09,140.29,140.27,140.22,140.18,140.15,139.03,139.15,139.22,139.24,139.31,05/18/2022 17:00,140.25,0,0.0,140.25,139.25,138.25,0.0
2022-05-19 06:30:00,140.09,141.17,140.08,141.09,140.29,140.27,140.22,140.18,140.15,139.03,139.15,139.22,139.24,139.31,05/18/2022 17:00,140.25,0,0.0,140.25,139.25,138.25,0.0
2022-05-19 06:30:00,140.09,141.17,140.08,141.09,140.29,140.27,140.22,140.18,140.15,139.03,139.15,139.22,139.24,139.31,05/18/2022 17:00,140.25,0,0.0,140.25,139.25,138.25,0.0
2022-05-19 06:30:00,140.09,141.17,140.08,141.09,140.29,140.27,140.22,140.18,140.15,139.03,139.15,139.22,139.24,139.31,05/18/2022 17:00,140.25,0,0.0,140.25,139.25,138.25,0.0
2022-05-19 06:30:00,140.09,141.17,140.08,141.09,140.29,140.27,140.22,140.18,140.15,139.03,139.15,139.22,139.24,139.31,05/18/2022 17:00,140.25,0,0.0,140.25,139.25,138.25,0.0
2022-05-19 10:30:00,141.1,142.07,141.01,141.09,142.02,142.02,141.27,141.26,141.21,141.04,141.05,141.07,141.08,141.08,05/18/2022 17:00,140.25,0,0.0,140.25,139.25,138.25,0.0
2022-05-19 10:30:00,141.1,142.07,141.01,141.09,142.02,142.02,141.27,141.26,141.21,141.04,141.05,141.07,141.08,141.08,05/18/2022 17:00,140.25,0,0.0,140.25,139.25,138.25,0.0
2022-05-19 14:30:00,141.09,141.21,140.22,140.28,142.02,142.02,141.27,141.26,141.21,141.04,141.05,141.07,141.08,141.08,0,0.0,0,0.0,0.0,0.0,0.0,0.0
2022-05-19 19:30:00,140.28,141.03,140.2,141.01,141.26,141.21,141.08,141.04,141.02,139.31,140.08,140.15,140.18,140.22,0,0.0,0,0.0,0.0,0.0,0.0,0.0
2022-05-19 23:30:00,141.0,141.01,140.16,140.29,141.26,141.21,141.08,141.04,141.02,139.31,140.08,140.15,140.18,140.22,0,0.0,0,0.0,0.0,0.0,0.0,0.0
2022-05-20 03:30:00,140.29,141.07,140.16,140.18,141.21,141.21,141.08,141.04,141.02,139.31,140.08,140.15,140.18,140.22,0,0.0,0,0.0,0.0,0.0,0.0,0.0
2022-05-20 07:30:00,140.19,140.29,140.12,140.19,141.21,141.08,141.04,141.02,140.22,139.28,139.31,140.08,140.15,140.18,0,0.0,0,0.0,0.0,0.0,0.0,0.0
2022-05-20 11:30:00,140.19,141.24,140.12,141.18,141.21,141.08,141.04,141.02,140.22,139.28,139.31,140.08,140.15,140.18,0,0.0,0,0.0,0.0,0.0,0.0,0.0
2022-05-20 15:30:00,141.19,142.06,141.12,141.31,142.02,141.27,141.26,141.21,141.21,139.28,139.31,140.08,140.15,140.18,05/19/2022 17:00,140.6875,0,0.0,140.6875,139.6875,138.6875,0.0
2022-05-20 15:30:00,141.19,142.06,141.12,141.31,142.02,141.27,141.26,141.21,141.21,139.28,139.31,140.08,140.15,140.18,05/19/2022 17:00,140.6875,0,0.0,140.6875,139.6875,138.6875,0.0
2022-05-20 15:30:00,141.19,142.06,141.12,141.31,142.02,141.27,141.26,141.21,141.21,139.28,139.31,140.08,140.15,140.18,05/19/2022 17:00,140.6875,0,0.0,140.6875,139.6875,138.6875,0.0
2022-05-20 15:30:00,141.19,142.06,141.12,141.31,142.02,141.27,141.26,141.21,141.21,139.28,139.31,140.08,140.15,140.18,05/19/2022 17:00,140.6875,0,0.0,140.6875,139.6875,138.6875,0.0
2022-05-22 20:30:00,142.0,142.0,141.14,141.16,142.07,142.04,142.02,142.02,142.02,140.18,141.21,141.21,141.26,141.27,0,0.0,0,0.0,0.0,0.0,0.0,0.0
2022-05-23 00:30:00,141.16,141.23,141.12,141.12,142.02,141.27,141.26,141.21,141.21,139.31,140.08,140.12,140.15,140.18,0,0.0,0,0.0,0.0,0.0,0.0,0.0
2022-05-23 04:30:00,141.12,141.19,140.31,141.09,142.02,141.27,141.26,141.21,141.21,139.31,140.08,140.12,140.15,140.18,0,0.0,0,0.0,0.0,0.0,0.0,0.0
2022-05-23 08:30:00,141.09,141.15,140.26,140.27,142.0,141.27,141.26,141.21,141.21,139.31,140.08,140.12,140.15,140.18,0,0.0,0,0.0,0.0,0.0,0.0,0.0
2022-05-23 12:30:00,140.27,141.17,140.1,140.17,141.27,141.26,141.23,141.21,141.21,139.31,140.08,140.12,140.15,140.18,0,0.0,0,0.0,0.0,0.0,0.0,0.0
2022-05-23 16:30:00,140.16,140.2,140.06,140.08,141.23,141.21,141.21,141.19,140.18,139.28,139.31,140.08,140.12,140.15,0,0.0,0,0.0,0.0,0.0,0.0,0.0
2022-05-23 21:30:00,140.09,140.25,140.09,140.17,141.21,141.19,140.18,140.15,140.12,139.22,139.24,139.28,139.31,140.08,0,0.0,05/23/2022 17:00,141.25,141.25,142.25,143.25,132.17
2022-05-24 01:30:00,140.17,140.25,140.12,140.23,141.21,141.21,141.19,141.17,140.18,139.24,139.28,139.31,140.08,140.12,0,0.0,0,0.0,0.0,0.0,0.0,0.0
2022-05-24 05:30:00,140.24,141.16,140.22,141.08,141.23,141.21,141.21,141.19,141.17,139.28,139.31,140.06,140.08,140.12,0,0.0,0,0.0,0.0,0.0,0.0,0.0
2022-05-24 09:30:00,141.08,141.14,140.3,141.09,141.23,141.21,141.21,141.19,141.17,139.31,140.06,140.08,140.09,140.12,0,0.0,0,0.0,0.0,0.0,0.0,0.0
2022-05-24 13:30:00,141.08,142.21,141.07,142.07,141.23,141.21,141.21,141.19,141.17,140.06,140.08,140.09,140.12,140.12,0,0.0,05/23/2022 17:00,141.25,141.25,142.25,143.25,132.17
2022-05-24 13:30:00,141.08,142.21,141.07,142.07,141.23,141.21,141.21,141.19,141.17,140.06,140.08,140.09,140.12,140.12,0,0.0,05/23/2022 17:00,141.25,141.25,142.25,143.25,132.17
2022-05-24 13:30:00,141.08,142.21,141.07,142.07,141.23,141.21,141.21,141.19,141.17,140.06,140.08,140.09,140.12,140.12,0,0.0,05/23/2022 17:00,141.25,141.25,142.25,143.25,132.17
2022-05-24 13:30:00,141.08,142.21,141.07,142.07,141.23,141.21,141.21,141.19,141.17,140.06,140.08,140.09,140.12,140.12,0,0.0,05/23/2022 17:00,141.25,141.25,142.25,143.25,132.17
2022-05-24 13:30:00,141.08,142.21,141.07,142.07,141.23,141.21,141.21,141.19,141.17,140.06,140.08,140.09,140.12,140.12,0,0.0,05/23/2022 17:00,141.25,141.25,142.25,143.25,132.17
2022-05-24 13:30:00,141.08,142.21,141.07,142.07,141.23,141.21,141.21,141.19,141.17,140.06,140.08,140.09,140.12,140.12,0,0.0,05/23/2022 17:00,141.25,141.25,142.25,143.25,132.17
2022-05-24 13:30:00,141.08,142.21,141.07,142.07,141.23,141.21,141.21,141.19,141.17,140.06,140.08,140.09,140.12,140.12,0,0.0,05/23/2022 17:00,141.25,141.25,142.25,143.25,132.17
2022-05-24 13:30:00,141.08,142.21,141.07,142.07,141.23,141.21,141.21,141.19,141.17,140.06,140.08,140.09,140.12,140.12,0,0.0,05/23/2022 17:00,141.25,141.25,142.25,143.25,132.17
2022-05-24 18:30:00,142.07,142.1,141.29,141.3,143.1,143.05,142.29,142.13,142.11,142.02,142.02,142.02,142.04,142.06,0,0.0,0,0.0,0.0,0.0,0.0,0.0
2022-05-24 22:30:00,141.3,142.06,141.29,142.02,142.06,142.04,142.02,142.02,142.0,140.22,140.3,141.17,141.19,141.23,0,0.0,0,0.0,0.0,0.0,0.0,0.0
2022-05-25 02:30:00,142.02,142.13,141.29,142.09,142.13,142.11,142.07,142.06,142.04,140.3,141.07,141.17,141.19,141.23,05/24/2022 17:00,142.125,0,0.0,142.125,141.125,140.125,0.0
2022-05-25 02:30:00,142.02,142.13,141.29,142.09,142.13,142.11,142.07,142.06,142.04,140.3,141.07,141.17,141.19,141.23,05/24/2022 17:00,142.125,0,0.0,142.125,141.125,140.125,0.0
2022-05-25 06:30:00,142.1,142.17,141.29,142.07,143.05,142.29,142.21,142.13,142.11,141.07,141.17,141.19,141.23,142.07,0,0.0,0,0.0,0.0,0.0,0.0,0.0
2022-05-25 10:30:00,142.07,142.27,141.21,141.22,143.05,142.29,142.21,142.13,142.11,140.3,141.07,141.17,141.19,141.23,0,0.0,0,0.0,0.0,0.0,0.0,0.0
2022-05-25 14:30:00,141.22,142.1,141.2,141.29,142.21,142.13,142.11,142.07,141.23,140.22,140.3,141.07,141.17,141.19,0,0.0,0,0.0,0.0,0.0,0.0,0.0
2022-05-25 19:30:00,141.29,142.04,141.24,142.01,142.29,142.21,142.13,142.11,142.07,140.22,140.3,141.07,141.17,141.19,0,0.0,0,0.0,0.0,0.0,0.0,0.0
2022-05-25 23:30:00,142.01,142.04,141.15,141.27,142.27,142.21,142.13,142.11,142.07,140.22,140.3,141.07,141.17,141.19,0,0.0,0,0.0,0.0,0.0,0.0,0.0
2022-05-26 03:30:00,141.27,142.15,141.27,142.09,142.21,142.13,142.11,142.1,142.07,140.22,140.3,141.07,141.17,141.19,0,0.0,0,0.0,0.0,0.0,0.0,0.0
2022-05-26 07:30:00,142.09,142.23,141.15,141.16,142.27,142.21,142.13,142.11,142.1,140.22,140.3,141.07,141.17,141.19,0,0.0,0,0.0,0.0,0.0,0.0,0.0
2022-05-26 11:30:00,141.15,142.02,141.04,141.1,142.13,142.11,142.1,141.19,141.17,140.12,140.12,140.22,140.3,141.07,0,0.0,0,0.0,0.0,0.0,0.0,0.0
2022-05-26 15:30:00,141.09,141.31,141.05,141.29,142.13,142.11,142.1,141.19,141.17,140.12,140.12,140.22,140.3,141.07,0,0.0,0,0.0,0.0,0.0,0.0,0.0
2022-05-26 20:30:00,141.29,142.06,141.25,141.26,142.23,142.21,142.13,142.11,142.1,140.12,140.12,140.22,140.3,141.07,0,0.0,0,0.0,0.0,0.0,0.0,0.0
2022-05-27 00:30:00,141.26,142.04,141.23,141.29,142.23,142.21,142.13,142.11,142.1,140.12,140.22,140.3,141.04,141.07,0,0.0,0,0.0,0.0,0.0,0.0,0.0
2022-05-27 04:30:00,141.29,142.07,141.28,142.01,142.23,142.21,142.13,142.11,142.1,140.22,140.3,141.04,141.05,141.07,0,0.0,0,0.0,0.0,0.0,0.0,0.0
2022-05-27 08:30:00,142.01,142.2,141.25,142.11,142.23,142.21,142.13,142.11,142.1,140.22,140.3,141.04,141.05,141.07,0,0.0,05/25/2022 17:00,142.125,142.125,143.125,144.125,0.0
2022-05-27 12:30:00,142.11,142.25,142.03,142.06,142.29,142.27,142.23,142.21,142.13,141.04,141.05,141.07,141.23,142.1,0,0.0,0,0.0,0.0,0.0,0.0,0.0
2022-05-27 16:30:00,142.07,142.1,141.31,142.02,142.23,142.21,142.13,142.11,142.1,140.3,141.04,141.05,141.07,141.23,0,0.0,0,0.0,0.0,0.0,0.0,0.0
2022-05-29 21:30:00,142.03,142.07,142.01,142.06,142.23,142.21,142.13,142.11,142.1,141.04,141.05,141.07,141.23,141.25,0,0.0,0,0.0,0.0,0.0,0.0,0.0
2022-05-30 01:30:00,142.06,142.06,141.27,141.3,142.23,142.21,142.13,142.11,142.1,141.04,141.05,141.07,141.23,141.25,0,0.0,0,0.0,0.0,0.0,0.0,0.0
2022-05-30 05:30:00,141.29,141.3,141.0,141.08,142.21,142.13,142.11,142.1,142.1,141.04,141.05,141.07,141.23,141.25,0,0.0,0,0.0,0.0,0.0,0.0,0.0
2022-05-30 09:30:00,141.09,141.11,140.3,141.05,142.1,142.1,142.07,141.25,141.23,140.22,140.3,141.04,141.05,141.07,0,0.0,0,0.0,0.0,0.0,0.0,0.0
2022-05-30 18:30:00,141.05,141.13,141.01,141.13,142.07,142.06,141.25,141.23,141.07,140.12,140.12,140.22,140.3,141.04,0,0.0,05/25/2022 17:00,142.125,142.125,143.125,144.125,0.0
2022-05-30 22:30:00,141.13,141.13,140.14,140.19,142.07,142.06,141.3,141.25,141.23,140.22,140.3,141.04,141.05,141.07,0,0.0,0,0.0,0.0,0.0,0.0,0.0
2022-05-31 02:30:00,140.18,140.21,140.14,140.16,141.23,141.05,141.04,140.3,140.22,140.06,140.08,140.09,140.12,140.12,0,0.0,0,0.0,0.0,0.0,0.0,0.0
2022-05-31 06:30:00,140.16,141.05,140.11,140.22,141.23,141.05,141.04,140.3,140.22,140.06,140.08,140.09,140.12,140.12,0,0.0,0,0.0,0.0,0.0,0.0,0.0
2022-05-31 10:30:00,140.21,141.01,139.26,140.04,141.13,141.05,141.04,140.3,140.22,140.06,140.08,140.09,140.12,140.12,0,0.0,0,0.0,0.0,0.0,0.0,0.0
2022-05-31 14:30:00,140.04,140.17,139.28,140.16,140.22,140.12,140.09,140.08,140.06,139.15,139.22,139.24,139.28,139.31,0,0.0,05/25/2022 17:00,142.125,142.125,143.125,144.125,0.0
2022-05-31 14:30:00,140.04,140.17,139.28,140.16,140.22,140.12,140.09,140.08,140.06,139.15,139.22,139.24,139.28,139.31,0,0.0,05/25/2022 17:00,142.125,142.125,143.125,144.125,0.0
2022-05-31 14:30:00,140.04,140.17,139.28,140.16,140.22,140.12,140.09,140.08,140.06,139.15,139.22,139.24,139.28,139.31,0,0.0,05/25/2022 17:00,142.125,142.125,143.125,144.125,0.0
2022-05-31 14:30:00,140.04,140.17,139.28,140.16,140.22,140.12,140.09,140.08,140.06,139.15,139.22,139.24,139.28,139.31,0,0.0,05/25/2022 17:00,142.125,142.125,143.125,144.125,0.0
2022-05-31 19:30:00,140.16,140.22,139.3,140.16,141.05,141.05,141.04,140.3,140.22,139.31,140.06,140.08,140.09,140.12,0,0.0,0,0.0,0.0,0.0,0.0,0.0
2022-05-31 23:30:00,140.16,140.18,140.06,140.13,141.05,141.04,141.01,140.3,140.22,139.31,140.06,140.08,140.09,140.12,0,0.0,0,0.0,0.0,0.0,0.0,0.0
2022-06-01 03:30:00,140.12,140.18,140.03,140.04,141.05,141.04,141.01,140.3,140.22,139.28,139.31,140.06,140.08,140.09,0,0.0,0,0.0,0.0,0.0,0.0,0.0
2022-06-01 07:30:00,140.04,140.18,140.01,140.08,141.04,141.01,140.3,140.22,140.22,139.26,139.28,139.28,139.3,139.31,0,0.0,0,0.0,0.0,0.0,0.0,0.0
2022-06-01 11:30:00,140.08,141.04,139.15,139.22,141.04,141.01,140.3,140.22,140.22,139.26,139.28,139.28,139.3,139.31,0,0.0,0,0.0,0.0,0.0,0.0,0.0
2022-06-01 15:30:00,139.22,139.27,139.1,139.19,139.3,139.28,139.28,139.26,139.24,138.19,138.3,139.0,139.03,139.15,0,0.0,0,0.0,0.0,0.0,0.0,0.0
2022-06-01 20:30:00,139.19,140.08,139.18,140.02,139.28,139.28,139.26,139.24,139.22,138.19,138.3,139.0,139.03,139.15,0,0.0,06/01/2022 17:00,139.875,139.875,140.875,141.875,0.0
2022-06-01 20:30:00,139.19,140.08,139.18,140.02,139.28,139.28,139.26,139.24,139.22,138.19,138.3,139.0,139.03,139.15,0,0.0,06/01/2022 17:00,139.875,139.875,140.875,141.875,0.0
2022-06-01 20:30:00,139.19,140.08,139.18,140.02,139.28,139.28,139.26,139.24,139.22,138.19,138.3,139.0,139.03,139.15,0,0.0,06/01/2022 17:00,139.875,139.875,140.875,141.875,0.0
2022-06-02 00:30:00,140.02,140.04,139.25,139.3,141.04,141.01,140.3,140.22,140.22,139.15,139.26,139.28,139.28,139.3,0,0.0,06/01/2022 17:00,139.875,139.875,140.875,141.875,0.0
2022-06-02 04:30:00,139.29,140.03,139.24,139.27,141.01,140.3,140.22,140.22,139.3,139.1,139.15,139.26,139.28,139.28,0,0.0,0,0.0,0.0,0.0,0.0,0.0
2022-06-02 08:30:00,139.27,140.15,139.23,140.13,141.01,140.3,140.22,140.22,140.08,139.03,139.1,139.15,139.18,139.26,0,0.0,06/01/2022 17:00,139.875,139.875,140.875,141.875,0.0
2022-06-02 12:30:00,140.13,140.13,139.08,139.24,141.04,141.01,140.3,140.22,140.22,139.1,139.15,139.18,139.26,140.08,0,0.0,0,0.0,0.0,0.0,0.0,0.0
2022-06-02 16:30:00,139.24,140.01,139.21,139.31,141.01,140.3,140.22,140.22,140.08,139.0,139.03,139.1,139.15,139.18,0,0.0,0,0.0,0.0,0.0,0.0,0.0
2022-06-02 21:30:00,140.0,140.0,139.22,139.29,140.3,140.22,140.22,140.15,140.08,139.0,139.03,139.1,139.15,139.18,0,0.0,0,0.0,0.0,0.0,0.0,0.0
2022-06-03 01:30:00,139.28,139.29,139.24,139.26,140.22,140.22,140.15,140.13,140.08,139.03,139.08,139.1,139.15,139.18,0,0.0,0,0.0,0.0,0.0,0.0,0.0
2022-06-03 05:30:00,139.26,140.0,139.21,139.26,140.22,140.15,140.13,140.08,140.01,139.08,139.1,139.15,139.18,139.21,0,0.0,0,0.0,0.0,0.0,0.0,0.0
2022-06-03 09:30:00,139.26,139.31,138.17,138.31,140.22,140.15,140.13,140.08,140.01,139.08,139.1,139.15,139.18,139.21,0,0.0,0,0.0,0.0,0.0,0.0,0.0
2022-06-03 13:30:00,138.3,139.24,138.3,139.03,139.18,139.15,139.1,139.08,139.0,138.04,138.09,138.16,138.18,138.19,0,0.0,0,0.0,0.0,0.0,0.0,0.0
2022-06-05 18:30:00,139.04,139.18,139.01,139.13,139.21,139.18,139.15,139.1,139.08,138.09,138.16,138.18,138.19,138.3,0,0.0,06/01/2022 17:00,139.875,139.875,140.875,141.875,0.0
2022-06-05 18:30:00,139.04,139.18,139.01,139.13,139.21,139.18,139.15,139.1,139.08,138.09,138.16,138.18,138.19,138.3,0,0.0,06/01/2022 17:00,139.875,139.875,140.875,141.875,0.0
2022-06-05 22:30:00,139.13,139.19,139.08,139.14,140.0,139.31,139.21,139.18,139.15,138.18,138.19,138.3,139.08,139.1,0,0.0,0,0.0,0.0,0.0,0.0,0.0
2022-06-06 02:30:00,139.14,139.17,139.09,139.12,139.31,139.24,139.21,139.18,139.15,138.19,138.3,138.3,139.08,139.1,0,0.0,0,0.0,0.0,0.0,0.0,0.0
2022-06-06 06:30:00,139.13,139.18,139.03,139.07,139.31,139.24,139.21,139.18,139.15,138.3,138.3,139.01,139.08,139.1,0,0.0,0,0.0,0.0,0.0,0.0,0.0
2022-06-06 10:30:00,139.07,139.12,138.13,138.13,139.24,139.21,139.19,139.18,139.15,138.18,138.19,138.3,138.3,139.01,0,0.0,0,0.0,0.0,0.0,0.0,0.0
2022-06-06 14:30:00,138.13,138.15,137.26,137.27,139.15,139.01,138.3,138.18,138.17,138.02,138.03,138.04,138.04,138.09,0,0.0,0,0.0,0.0,0.0,0.0,0.0
2022-06-06 19:30:00,137.27,137.29,137.18,137.21,138.09,138.04,138.04,138.03,138.02,137.0,137.09,137.12,137.13,137.23,0,0.0,0,0.0,0.0,0.0,0.0,0.0
2022-06-06 23:30:00,137.21,137.25,137.15,137.21,138.04,138.04,138.03,138.02,137.23,136.25,137.0,137.09,137.12,137.13,0,0.0,0,0.0,0.0,0.0,0.0,0.0
2022-06-07 03:30:00,137.21,137.31,137.12,137.29,138.04,138.04,138.03,138.02,137.23,136.25,137.0,137.09,137.12,137.13,0,0.0,0,0.0,0.0,0.0,0.0,0.0
2022-06-07 07:30:00,137.3,138.08,137.27,138.02,138.09,138.04,138.04,138.03,138.02,136.25,137.0,137.09,137.12,137.13,0,0.0,0,0.0,0.0,0.0,0.0,0.0
2022-06-07 11:30:00,138.01,139.04,137.27,139.0,138.09,138.04,138.04,138.03,138.02,136.25,137.0,137.09,137.12,137.13,0,0.0,06/06/2022 17:00,138.59375,138.59375,139.59375,140.59375,0.0
2022-06-07 11:30:00,138.01,139.04,137.27,139.0,138.09,138.04,138.04,138.03,138.02,136.25,137.0,137.09,137.12,137.13,0,0.0,06/06/2022 17:00,138.59375,138.59375,139.59375,140.59375,0.0
2022-06-07 11:30:00,138.01,139.04,137.27,139.0,138.09,138.04,138.04,138.03,138.02,136.25,137.0,137.09,137.12,137.13,0,0.0,06/06/2022 17:00,138.59375,138.59375,139.59375,140.59375,0.0
2022-06-07 11:30:00,138.01,139.04,137.27,139.0,138.09,138.04,138.04,138.03,138.02,136.25,137.0,137.09,137.12,137.13,0,0.0,06/06/2022 17:00,138.59375,138.59375,139.59375,140.59375,0.0
2022-06-07 11:30:00,138.01,139.04,137.27,139.0,138.09,138.04,138.04,138.03,138.02,136.25,137.0,137.09,137.12,137.13,0,0.0,06/06/2022 17:00,138.59375,138.59375,139.59375,140.59375,0.0
2022-06-07 11:30:00,138.01,139.04,137.27,139.0,138.09,138.04,138.04,138.03,138.02,136.25,137.0,137.09,137.12,137.13,0,0.0,06/06/2022 17:00,138.59375,138.59375,139.59375,140.59375,0.0
2022-06-07 11:30:00,138.01,139.04,137.27,139.0,138.09,138.04,138.04,138.03,138.02,136.25,137.0,137.09,137.12,137.13,0,0.0,06/06/2022 17:00,138.59375,138.59375,139.59375,140.59375,0.0
2022-06-07 15:30:00,139.0,139.09,138.21,138.3,139.18,139.18,139.15,139.12,139.01,138.09,138.15,138.17,138.18,138.3,0,0.0,0,0.0,0.0,0.0,0.0,0.0
2022-06-07 20:30:00,138.29,138.3,138.21,138.26,139.18,139.15,139.12,139.01,138.3,138.04,138.09,138.15,138.17,138.18,0,0.0,0,0.0,0.0,0.0,0.0,0.0
2022-06-08 00:30:00,138.25,138.27,138.15,138.17,139.18,139.18,139.15,139.12,139.01,138.04,138.09,138.15,138.17,138.18,0,0.0,0,0.0,0.0,0.0,0.0,0.0
2022-06-08 04:30:00,138.17,138.21,138.1,138.1,139.18,139.15,139.12,139.09,139.01,137.27,138.03,138.04,138.09,138.15,0,0.0,0,0.0,0.0,0.0,0.0,0.0
2022-06-08 08:30:00,138.11,138.16,137.28,137.29,139.12,139.09,139.01,138.3,138.15,137.13,137.27,138.03,138.04,138.09,0,0.0,0,0.0,0.0,0.0,0.0,0.0
2022-06-08 12:30:00,137.29,138.25,137.28,138.12,139.09,139.01,138.3,138.27,138.15,137.09,137.12,137.12,137.13,137.27,0,0.0,0,0.0,0.0,0.0,0.0,0.0
2022-06-08 16:30:00,138.11,138.15,137.26,138.03,139.09,139.01,138.3,138.27,138.15,137.09,137.12,137.12,137.13,137.27,0,0.0,0,0.0,0.0,0.0,0.0,0.0
2022-06-08 21:30:00,138.02,138.04,137.27,137.29,139.09,139.01,138.3,138.27,138.15,137.09,137.12,137.12,137.13,137.27,0,0.0,0,0.0,0.0,0.0,0.0,0.0
2022-06-09 01:30:00,137.28,137.3,137.19,137.28,139.01,138.3,138.27,138.25,138.15,137.09,137.12,137.12,137.13,137.27,0,0.0,0,0.0,0.0,0.0,0.0,0.0
2022-06-09 05:30:00,137.27,138.13,137.24,138.04,138.3,138.27,138.25,138.15,138.15,137.0,137.09,137.12,137.12,137.13,0,0.0,0,0.0,0.0,0.0,0.0,0.0
2022-06-09 09:30:00,138.05,138.14,137.11,137.23,138.3,138.27,138.25,138.15,138.15,137.09,137.12,137.12,137.13,137.27,0,0.0,0,0.0,0.0,0.0,0.0,0.0
2022-06-09 13:30:00,137.23,138.12,137.19,138.1,138.27,138.25,138.15,138.15,137.27,137.0,137.09,137.12,137.12,137.13,0,0.0,06/08/2022 17:00,138.09375,138.09375,139.09375,140.09375,0.0
2022-06-09 18:30:00,138.09,138.13,138.0,138.05,138.3,138.27,138.25,138.15,138.15,137.09,137.12,137.12,137.13,137.27,0,0.0,0,0.0,0.0,0.0,0.0,0.0
2022-06-09 22:30:00,138.05,138.05,137.29,138.0,138.27,138.25,138.15,138.15,138.14,137.11,137.12,137.12,137.13,137.27,0,0.0,0,0.0,0.0,0.0,0.0,0.0
2022-06-10 02:30:00,138.0,138.06,137.3,138.05,138.27,138.25,138.15,138.15,138.14,137.12,137.12,137.13,137.19,137.27,0,0.0,0,0.0,0.0,0.0,0.0,0.0
2022-06-10 06:30:00,138.04,138.22,138.0,138.14,138.25,138.15,138.15,138.14,138.13,137.12,137.12,137.13,137.19,137.27,0,0.0,06/08/2022 17:00,138.09375,138.09375,139.09375,140.09375,0.0
2022-06-10 10:30:00,138.15,139.13,137.01,137.05,139.09,139.01,138.3,138.27,138.25,137.19,137.27,137.29,138.13,138.14,0,0.0,0,0.0,0.0,0.0,0.0,0.0
2022-06-10 14:30:00,137.05,137.06,136.09,136.29,137.13,137.12,137.12,137.11,137.09,136.07,136.21,136.24,136.25,137.0,0,0.0,0,0.0,0.0,0.0,0.0,0.0
2022-06-12 19:30:00,136.28,136.3,136.12,136.2,137.12,137.12,137.11,137.09,137.0,135.1,136.07,136.21,136.24,136.25,0,0.0,0,0.0,0.0,0.0,0.0,0.0
2022-06-12 23:30:00,136.2,136.31,136.1,136.17,137.11,137.09,137.0,136.25,136.21,135.03,135.1,136.07,0.0,0.0,0,0.0,0,0.0,0.0,0.0,0.0,0.0
2022-06-13 03:30:00,136.18,136.3,135.29,135.31,137.09,137.06,137.0,136.25,136.21,135.03,135.1,136.07,136.09,0.0,0,0.0,0,0.0,0.0,0.0,0.0,0.0
2022-06-13 07:30:00,136.0,136.15,135.21,135.23,137.0,136.25,136.21,136.09,136.07,135.03,135.1,0.0,0.0,0.0,0,0.0,0,0.0,0.0,0.0,0.0,0.0
2022-06-13 11:30:00,135.23,135.31,134.03,134.09,136.31,136.25,136.21,136.09,136.07,135.03,135.1,0.0,0.0,0.0,0,0.0,0,0.0,0.0,0.0,0.0,0.0
2022-06-13 15:30:00,134.08,134.1,132.23,132.29,136.21,136.09,136.07,135.1,135.03,0.0,0.0,0.0,0.0,0.0,0,0.0,0,0.0,0.0,0.0,0.0,0.0
2022-06-13 20:30:00,132.29,134.05,132.26,133.26,136.15,136.09,136.07,135.1,135.03,0.0,0.0,0.0,0.0,0.0,0,0.0,0,0.0,0.0,0.0,0.0,0.0
2022-06-14 00:30:00,133.27,134.07,133.19,133.31,136.09,136.07,135.31,135.1,135.03,0.0,0.0,0.0,0.0,0.0,0,0.0,0,0.0,0.0,0.0,0.0,0.0
2022-06-14 04:30:00,133.31,135.07,133.25,134.27,136.07,135.31,135.1,135.03,134.1,132.23,0.0,0.0,0.0,0.0,0,0.0,06/13/2022 17:00,135.09375,135.09375,136.09375,137.09375,0.0
2022-06-14 08:30:00,134.28,134.3,133.29,134.12,136.09,136.07,135.31,135.1,135.03,132.23,132.26,134.1,0.0,0.0,0,0.0,0,0.0,0.0,0.0,0.0,0.0
2022-06-14 12:30:00,134.12,134.19,132.15,132.28,136.09,136.07,135.31,135.1,135.03,132.23,132.26,133.19,134.1,0.0,0,0.0,0,0.0,0.0,0.0,0.0,0.0
2022-06-14 16:30:00,132.28,133.01,132.07,132.17,135.1,135.07,135.03,134.1,133.19,132.23,132.26,0.0,0.0,0.0,0,0.0,0,0.0,0.0,0.0,0.0,0.0
2022-06-14 21:30:00,132.18,133.08,132.1,133.07,134.3,134.1,133.19,132.26,132.23,0.0,0.0,0.0,0.0,0.0,0,0.0,06/13/2022 17:00,135.09375,135.09375,136.09375,137.09375,0.0
2022-06-15 01:30:00,133.06,133.09,132.25,132.27,135.03,134.3,134.19,134.1,133.19,132.23,132.26,0.0,0.0,0.0,0,0.0,0,0.0,0.0,0.0,0.0,0.0
2022-06-15 05:30:00,132.27,133.25,132.23,133.1,135.03,134.3,134.19,134.1,133.19,132.07,132.23,132.26,0.0,0.0,0,0.0,0,0.0,0.0,0.0,0.0,0.0
2022-06-15 09:30:00,133.09,134.02,133.08,133.27,135.03,134.3,134.19,134.1,133.19,132.07,132.1,132.23,132.26,0.0,0,0.0,06/13/2022 17:00,135.09375,135.09375,136.09375,137.09375,0.0
2022-06-15 13:30:00,133.26,133.29,133.05,133.12,135.07,135.03,134.3,134.19,134.1,132.07,132.1,132.23,132.26,133.19,0,0.0,0,0.0,0.0,0.0,0.0,0.0
2022-06-15 18:30:00,133.12,135.0,132.28,134.22,135.07,135.03,134.3,134.19,134.1,132.07,132.1,132.23,132.23,132.26,0,0.0,06/13/2022 17:00,135.09375,135.09375,136.09375,137.09375,0.0
2022-06-15 22:30:00,134.21,134.24,133.24,133.3,135.31,135.1,135.07,135.03,134.3,132.1,132.23,132.23,132.26,134.19,0,0.0,0,0.0,0.0,0.0,0.0,0.0
2022-06-16 02:30:00,133.29,134.27,133.28,134.21,135.1,135.07,135.03,134.3,134.19,132.07,132.1,132.23,132.23,132.26,0,0.0,0,0.0,0.0,0.0,0.0,0.0
2022-06-16 06:30:00,134.21,134.21,132.17,132.29,135.1,135.07,135.03,135.0,134.3,132.1,132.23,132.23,132.26,132.28,0,0.0,0,0.0,0.0,0.0,0.0,0.0
2022-06-16 10:30:00,132.3,133.27,132.05,133.27,135.1,135.07,135.03,135.0,134.3,132.1,132.23,132.23,132.26,132.28,0,0.0,0,0.0,0.0,0.0,0.0,0.0
2022-06-16 14:30:00,133.27,134.23,133.23,134.13,135.07,135.03,135.0,134.3,134.27,132.1,132.23,132.23,132.26,132.28,0,0.0,0,0.0,0.0,0.0,0.0,0.0
2022-06-16 19:30:00,134.13,136.16,134.1,135.24,135.07,135.03,135.0,134.3,134.27,132.1,132.23,132.23,132.26,132.28,0,0.0,06/13/2022 17:00,135.09375,135.09375,136.09375,137.09375,0.0
2022-06-16 19:30:00,134.13,136.16,134.1,135.24,135.07,135.03,135.0,134.3,134.27,132.1,132.23,132.23,132.26,132.28,0,0.0,06/13/2022 17:00,135.09375,135.09375,136.09375,137.09375,0.0
2022-06-16 19:30:00,134.13,136.16,134.1,135.24,135.07,135.03,135.0,134.3,134.27,132.1,132.23,132.23,132.26,132.28,0,0.0,06/13/2022 17:00,135.09375,135.09375,136.09375,137.09375,0.0
2022-06-16 19:30:00,134.13,136.16,134.1,135.24,135.07,135.03,135.0,134.3,134.27,132.1,132.23,132.23,132.26,132.28,0,0.0,06/13/2022 17:00,135.09375,135.09375,136.09375,137.09375,0.0
2022-06-16 19:30:00,134.13,136.16,134.1,135.24,135.07,135.03,135.0,134.3,134.27,132.1,132.23,132.23,132.26,132.28,0,0.0,06/13/2022 17:00,135.09375,135.09375,136.09375,137.09375,0.0
2022-06-16 23:30:00,135.25,136.0,134.28,135.21,136.21,136.15,136.09,136.07,135.31,134.3,135.0,135.03,135.07,135.1,0,0.0,06/13/2022 17:00,135.09375,135.09375,136.09375,137.09375,0.0
2022-06-17 03:30:00,135.2,135.24,134.3,135.17,136.21,136.15,136.09,136.07,135.31,134.3,135.0,135.03,135.07,135.1,0,0.0,0,0.0,0.0,0.0,0.0,0.0
2022-06-17 07:30:00,135.17,136.07,135.13,135.24,136.16,136.15,136.09,136.07,135.31,134.3,135.0,135.03,135.07,135.1,0,0.0,0,0.0,0.0,0.0,0.0,0.0
2022-06-17 11:30:00,135.24,136.02,134.18,135.29,136.16,136.15,136.09,136.07,135.31,134.3,135.0,135.03,135.07,135.1,0,0.0,0,0.0,0.0,0.0,0.0,0.0
2022-06-17 15:30:00,135.29,136.12,135.21,135.22,136.16,136.15,136.09,136.07,135.31,134.3,135.0,135.03,135.07,135.1,0,0.0,0,0.0,0.0,0.0,0.0,0.0
2022-06-19 20:30:00,135.23,136.0,135.09,135.18,136.16,136.15,136.09,136.07,135.31,134.3,135.0,135.03,135.07,135.1,0,0.0,0,0.0,0.0,0.0,0.0,0.0
2022-06-20 00:30:00,135.19,136.04,135.19,135.28,136.16,136.15,136.09,136.07,135.31,134.3,135.0,135.03,135.07,135.1,0,0.0,0,0.0,0.0,0.0,0.0,0.0
2022-06-20 04:30:00,135.28,135.3,135.17,135.3,136.15,136.12,136.09,136.07,135.31,134.3,135.0,135.03,135.07,135.1,0,0.0,0,0.0,0.0,0.0,0.0,0.0
2022-06-20 08:30:00,135.3,136.01,135.21,135.22,136.15,136.12,136.09,136.07,135.31,135.0,135.03,135.07,135.09,135.1,0,0.0,0,0.0,0.0,0.0,0.0,0.0
2022-06-20 12:30:00,135.23,135.27,135.01,135.02,136.12,136.09,136.07,136.04,135.31,135.0,135.03,135.07,135.09,135.1,0,0.0,0,0.0,0.0,0.0,0.0,0.0
2022-06-20 21:30:00,135.02,135.09,134.29,135.0,136.07,136.04,135.31,135.09,135.07,134.18,134.27,134.28,134.3,135.0,0,0.0,0,0.0,0.0,0.0,0.0,0.0
2022-06-21 01:30:00,135.01,135.05,134.25,135.04,136.04,136.01,135.31,135.09,135.07,134.18,134.27,134.28,134.3,135.0,0,0.0,0,0.0,0.0,0.0,0.0,0.0
2022-06-21 05:30:00,135.03,135.12,134.3,135.08,136.01,135.31,135.27,135.09,135.07,134.18,134.27,134.28,134.3,135.0,0,0.0,0,0.0,0.0,0.0,0.0,0.0
2022-06-21 09:30:00,135.08,135.11,134.18,134.21,136.04,136.01,135.31,135.27,135.09,134.18,134.27,134.28,134.3,135.0,0,0.0,0,0.0,0.0,0.0,0.0,0.0
2022-06-21 13:30:00,134.21,135.09,134.16,134.24,135.09,135.0,134.3,134.28,134.27,132.26,132.28,133.23,134.1,134.18,0,0.0,0,0.0,0.0,0.0,0.0,0.0
2022-06-21 18:30:00,134.24,135.03,134.13,134.3,135.09,135.0,134.3,134.28,134.27,132.26,132.28,133.23,134.1,134.18,0,0.0,06/21/2022 17:00,135.09375,135.09375,136.09375,137.09375,0.0
2022-06-21 22:30:00,134.29,135.09,134.26,135.06,135.12,135.11,135.09,135.0,134.3,132.28,133.23,134.1,134.18,134.28,0,0.0,0,0.0,0.0,0.0,0.0,0.0
2022-06-22 02:30:00,135.05,135.22,135.03,135.2,135.31,135.27,135.12,135.11,135.09,132.28,133.23,134.1,134.18,134.28,0,0.0,06/21/2022 17:00,135.09375,135.09375,136.09375,137.09375,0.0
2022-06-22 02:30:00,135.05,135.22,135.03,135.2,135.31,135.27,135.12,135.11,135.09,132.28,133.23,134.1,134.18,134.28,0,0.0,06/21/2022 17:00,135.09375,135.09375,136.09375,137.09375,0.0
2022-06-22 02:30:00,135.05,135.22,135.03,135.2,135.31,135.27,135.12,135.11,135.09,132.28,133.23,134.1,134.18,134.28,0,0.0,06/21/2022 17:00,135.09375,135.09375,136.09375,137.09375,0.0
2022-06-22 06:30:00,135.2,136.01,135.17,135.25,136.07,136.04,136.01,135.31,135.27,134.18,134.28,135.09,135.11,135.12,0,0.0,0,0.0,0.0,0.0,0.0,0.0
2022-06-22 10:30:00,135.24,137.14,135.23,137.0,136.07,136.04,136.01,135.31,135.27,134.26,134.28,135.09,135.11,135.12,0,0.0,06/21/2022 17:00,135.09375,135.09375,136.09375,137.09375,0.0
2022-06-22 10:30:00,135.24,137.14,135.23,137.0,136.07,136.04,136.01,135.31,135.27,134.26,134.28,135.09,135.11,135.12,0,0.0,06/21/2022 17:00,135.09375,135.09375,136.09375,137.09375,0.0
2022-06-22 10:30:00,135.24,137.14,135.23,137.0,136.07,136.04,136.01,135.31,135.27,134.26,134.28,135.09,135.11,135.12,0,0.0,06/21/2022 17:00,135.09375,135.09375,136.09375,137.09375,0.0
2022-06-22 10:30:00,135.24,137.14,135.23,137.0,136.07,136.04,136.01,135.31,135.27,134.26,134.28,135.09,135.11,135.12,0,0.0,06/21/2022 17:00,135.09375,135.09375,136.09375,137.09375,0.0
2022-06-22 10:30:00,135.24,137.14,135.23,137.0,136.07,136.04,136.01,135.31,135.27,134.26,134.28,135.09,135.11,135.12,0,0.0,06/21/2022 17:00,135.09375,135.09375,136.09375,137.09375,0.0
2022-06-22 10:30:00,135.24,137.14,135.23,137.0,136.07,136.04,136.01,135.31,135.27,134.26,134.28,135.09,135.11,135.12,0,0.0,06/21/2022 17:00,135.09375,135.09375,136.09375,137.09375,0.0
2022-06-22 10:30:00,135.24,137.14,135.23,137.0,136.07,136.04,136.01,135.31,135.27,134.26,134.28,135.09,135.11,135.12,0,0.0,06/21/2022 17:00,135.09375,135.09375,136.09375,137.09375,0.0
2022-06-22 10:30:00,135.24,137.14,135.23,137.0,136.07,136.04,136.01,135.31,135.27,134.26,134.28,135.09,135.11,135.12,0,0.0,06/21/2022 17:00,135.09375,135.09375,136.09375,137.09375,0.0
2022-06-22 10:30:00,135.24,137.14,135.23,137.0,136.07,136.04,136.01,135.31,135.27,134.26,134.28,135.09,135.11,135.12,0,0.0,06/21/2022 17:00,135.09375,135.09375,136.09375,137.09375,0.0
2022-06-22 10:30:00,135.24,137.14,135.23,137.0,136.07,136.04,136.01,135.31,135.27,134.26,134.28,135.09,135.11,135.12,0,0.0,06/21/2022 17:00,135.09375,135.09375,136.09375,137.09375,0.0
2022-06-22 14:30:00,137.01,137.11,136.22,137.04,137.12,137.12,137.11,137.09,137.06,136.15,136.16,136.3,136.31,137.0,0,0.0,06/21/2022 17:00,135.09375,135.09375,136.09375,137.09375,0.0
2022-06-22 14:30:00,137.01,137.11,136.22,137.04,137.12,137.12,137.11,137.09,137.06,136.15,136.16,136.3,136.31,137.0,0,0.0,06/21/2022 17:00,135.09375,135.09375,136.09375,137.09375,0.0
2022-06-22 19:30:00,137.04,137.12,136.3,137.08,137.12,137.12,137.11,137.09,137.06,136.15,136.16,136.3,136.31,137.0,06/22/2022 17:00,136.96875,0,0.0,136.96875,135.96875,134.96875,0.0
2022-06-22 23:30:00,137.08,137.18,136.31,137.05,137.13,137.12,137.12,137.11,137.09,136.16,136.3,136.31,137.0,137.06,0,0.0,0,0.0,0.0,0.0,0.0,0.0
2022-06-23 03:30:00,137.06,137.22,136.28,137.19,137.13,137.12,137.12,137.11,137.09,136.16,136.22,136.3,136.31,137.0,06/22/2022 17:00,136.96875,0,0.0,136.96875,135.96875,134.96875,0.0
2022-06-23 03:30:00,137.06,137.22,136.28,137.19,137.13,137.12,137.12,137.11,137.09,136.16,136.22,136.3,136.31,137.0,06/22/2022 17:00,136.96875,0,0.0,136.96875,135.96875,134.96875,0.0
2022-06-23 03:30:00,137.06,137.22,136.28,137.19,137.13,137.12,137.12,137.11,137.09,136.16,136.22,136.3,136.31,137.0,06/22/2022 17:00,136.96875,0,0.0,136.96875,135.96875,134.96875,0.0
2022-06-23 03:30:00,137.06,137.22,136.28,137.19,137.13,137.12,137.12,137.11,137.09,136.16,136.22,136.3,136.31,137.0,06/22/2022 17:00,136.96875,0,0.0,136.96875,135.96875,134.96875,0.0
2022-06-23 07:30:00,137.19,138.08,137.11,137.13,138.15,138.15,138.14,138.13,137.29,137.11,137.12,137.12,137.13,137.14,06/22/2022 17:00,136.96875,0,0.0,136.96875,135.96875,134.96875,0.0
2022-06-23 11:30:00,137.14,139.01,137.08,138.15,138.15,138.14,138.13,137.29,137.19,137.09,137.11,137.12,137.12,137.13,06/22/2022 17:00,136.96875,0,0.0,136.96875,135.96875,134.96875,0.0
2022-06-23 11:30:00,137.14,139.01,137.08,138.15,138.15,138.14,138.13,137.29,137.19,137.09,137.11,137.12,137.12,137.13,06/22/2022 17:00,136.96875,0,0.0,136.96875,135.96875,134.96875,0.0
2022-06-23 11:30:00,137.14,139.01,137.08,138.15,138.15,138.14,138.13,137.29,137.19,137.09,137.11,137.12,137.12,137.13,06/22/2022 17:00,136.96875,0,0.0,136.96875,135.96875,134.96875,0.0
2022-06-23 11:30:00,137.14,139.01,137.08,138.15,138.15,138.14,138.13,137.29,137.19,137.09,137.11,137.12,137.12,137.13,06/22/2022 17:00,136.96875,0,0.0,136.96875,135.96875,134.96875,0.0
2022-06-23 15:30:00,138.16,138.24,137.31,137.31,139.09,139.01,138.3,138.27,138.25,137.19,137.29,138.14,138.15,138.15,0,0.0,0,0.0,0.0,0.0,0.0,0.0
2022-06-23 20:30:00,137.31,138.06,137.26,137.28,138.27,138.25,138.15,138.15,138.14,137.12,137.12,137.13,137.19,137.29,0,0.0,0,0.0,0.0,0.0,0.0,0.0
2022-06-24 00:30:00,137.27,138.01,137.19,137.31,138.27,138.25,138.15,138.15,138.14,137.11,137.12,137.12,137.13,137.19,0,0.0,0,0.0,0.0,0.0,0.0,0.0
2022-06-24 04:30:00,137.31,138.2,137.26,138.01,138.25,138.24,138.15,138.15,138.14,137.11,137.12,137.12,137.13,137.19,0,0.0,0,0.0,0.0,0.0,0.0,0.0
2022-06-24 08:30:00,138.02,138.05,137.1,137.19,138.25,138.24,138.15,138.15,138.14,137.11,137.12,137.12,137.13,137.19,0,0.0,0,0.0,0.0,0.0,0.0,0.0
2022-06-24 12:30:00,137.2,138.09,136.29,137.07,138.25,138.24,138.15,138.15,138.14,137.11,137.12,137.12,137.13,137.19,0,0.0,0,0.0,0.0,0.0,0.0,0.0
2022-06-24 16:30:00,137.07,137.11,137.0,137.01,138.2,138.15,138.15,138.14,137.08,136.22,136.28,136.3,136.31,137.0,0,0.0,0,0.0,0.0,0.0,0.0,0.0
2022-06-26 21:30:00,137.01,137.1,136.29,137.0,138.2,138.15,138.15,138.14,137.08,136.22,136.28,136.3,136.31,137.0,0,0.0,0,0.0,0.0,0.0,0.0,0.0
2022-06-27 01:30:00,137.0,137.02,136.18,136.2,138.15,138.15,138.14,138.09,137.08,136.16,136.22,136.28,136.3,136.31,0,0.0,0,0.0,0.0,0.0,0.0,0.0
2022-06-27 05:30:00,136.19,136.29,136.15,136.18,137.08,136.31,136.3,136.28,136.22,136.07,136.09,136.12,136.15,136.16,0,0.0,0,0.0,0.0,0.0,0.0,0.0
2022-06-27 09:30:00,136.18,136.2,135.29,136.02,137.08,136.31,136.3,136.28,136.22,136.07,136.09,136.12,136.15,136.16,0,0.0,0,0.0,0.0,0.0,0.0,0.0
2022-06-27 13:30:00,136.02,136.28,135.31,136.07,136.22,136.16,136.15,136.12,136.04,135.17,135.23,135.27,135.31,136.01,0,0.0,0,0.0,0.0,0.0,0.0,0.0
2022-06-27 18:30:00,136.08,136.16,136.02,136.08,136.28,136.22,136.16,136.15,136.12,135.17,135.23,135.27,135.31,136.01,0,0.0,0,0.0,0.0,0.0,0.0,0.0
2022-06-27 22:30:00,136.07,136.2,136.04,136.16,136.28,136.22,136.16,136.15,136.12,135.23,135.27,135.29,135.31,136.01,0,0.0,0,0.0,0.0,0.0,0.0,0.0
2022-06-28 02:30:00,136.16,136.22,136.1,136.13,136.3,136.29,136.28,136.28,136.22,135.27,135.29,135.31,135.31,136.01,0,0.0,0,0.0,0.0,0.0,0.0,0.0
2022-06-28 06:30:00,136.13,136.13,135.18,135.19,136.29,136.28,136.28,136.22,136.16,135.29,135.31,135.31,136.01,136.02,0,0.0,0,0.0,0.0,0.0,0.0,0.0
2022-06-28 10:30:00,135.2,136.1,135.12,135.28,135.31,135.31,135.29,135.27,135.23,135.03,135.09,135.11,135.12,135.17,0,0.0,06/27/2022 17:00,136.96875,136.96875,137.96875,138.96875,0.0
2022-06-28 14:30:00,135.28,136.18,135.19,136.11,136.02,136.01,135.31,135.31,135.29,135.09,135.11,135.12,135.17,135.23,0,0.0,06/27/2022 17:00,136.96875,136.96875,137.96875,138.96875,0.0
2022-06-28 14:30:00,135.28,136.18,135.19,136.11,136.02,136.01,135.31,135.31,135.29,135.09,135.11,135.12,135.17,135.23,0,0.0,06/27/2022 17:00,136.96875,136.96875,137.96875,138.96875,0.0
2022-06-28 14:30:00,135.28,136.18,135.19,136.11,136.02,136.01,135.31,135.31,135.29,135.09,135.11,135.12,135.17,135.23,0,0.0,06/27/2022 17:00,136.96875,136.96875,137.96875,138.96875,0.0
2022-06-28 19:30:00,136.12,136.27,136.08,136.21,136.28,136.28,136.22,136.22,136.16,135.17,135.23,135.29,135.31,136.02,0,0.0,0,0.0,0.0,0.0,0.0,0.0
2022-06-28 23:30:00,136.21,137.04,136.17,136.26,136.29,136.28,136.28,136.22,136.22,135.17,135.23,135.29,135.31,136.02,0,0.0,06/27/2022 17:00,136.96875,136.96875,137.96875,138.96875,0.0
2022-06-28 23:30:00,136.21,137.04,136.17,136.26,136.29,136.28,136.28,136.22,136.22,135.17,135.23,135.29,135.31,136.02,0,0.0,06/27/2022 17:00,136.96875,136.96875,137.96875,138.96875,0.0
2022-06-29 03:30:00,136.26,137.15,136.23,137.05,136.31,136.3,136.29,136.28,136.28,135.29,135.31,136.02,136.22,136.22,0,0.0,06/27/2022 17:00,136.96875,136.96875,137.96875,138.96875,0.0
2022-06-29 03:30:00,136.26,137.15,136.23,137.05,136.31,136.3,136.29,136.28,136.28,135.29,135.31,136.02,136.22,136.22,0,0.0,06/27/2022 17:00,136.96875,136.96875,137.96875,138.96875,0.0
2022-06-29 03:30:00,136.26,137.15,136.23,137.05,136.31,136.3,136.29,136.28,136.28,135.29,135.31,136.02,136.22,136.22,0,0.0,06/27/2022 17:00,136.96875,136.96875,137.96875,138.96875,0.0
2022-06-29 03:30:00,136.26,137.15,136.23,137.05,136.31,136.3,136.29,136.28,136.28,135.29,135.31,136.02,136.22,136.22,0,0.0,06/27/2022 17:00,136.96875,136.96875,137.96875,138.96875,0.0
2022-06-29 07:30:00,137.06,137.08,136.2,136.31,138.14,138.09,137.11,137.1,137.08,136.22,136.28,136.28,136.29,137.02,0,0.0,0,0.0,0.0,0.0,0.0,0.0
2022-06-29 11:30:00,136.31,137.31,136.17,137.3,138.09,137.11,137.1,137.08,137.02,136.22,136.22,136.28,136.28,136.29,0,0.0,06/27/2022 17:00,136.96875,136.96875,137.96875,138.96875,0.0
2022-06-29 11:30:00,136.31,137.31,136.17,137.3,138.09,137.11,137.1,137.08,137.02,136.22,136.22,136.28,136.28,136.29,0,0.0,06/27/2022 17:00,136.96875,136.96875,137.96875,138.96875,0.0
2022-06-29 11:30:00,136.31,137.31,136.17,137.3,138.09,137.11,137.1,137.08,137.02,136.22,136.22,136.28,136.28,136.29,0,0.0,06/27/2022 17:00,136.96875,136.96875,137.96875,138.96875,0.0
2022-06-29 15:30:00,137.29,138.03,137.21,137.3,138.2,138.15,138.15,138.14,138.09,136.28,136.29,137.08,137.1,137.11,0,0.0,0,0.0,0.0,0.0,0.0,0.0
2022-06-29 20:30:00,137.3,138.08,137.28,138.04,138.2,138.15,138.15,138.14,138.09,136.28,136.29,137.08,137.1,137.11,0,0.0,0,0.0,0.0,0.0,0.0,0.0
2022-06-30 00:30:00,138.04,138.04,137.24,137.26,138.2,138.15,138.15,138.14,138.09,136.28,136.29,137.08,137.1,137.11,0,0.0,0,0.0,0.0,0.0,0.0,0.0
2022-06-30 04:30:00,137.26,138.15,137.22,138.11,138.2,138.15,138.15,138.14,138.09,136.29,137.08,137.1,137.11,137.21,06/29/2022 17:00,136.96875,0,0.0,136.96875,135.96875,134.96875,0.0
2022-06-30 08:30:00,138.11,139.0,138.06,138.26,138.24,138.2,138.15,138.15,138.14,137.08,137.1,137.11,137.21,138.09,06/29/2022 17:00,136.96875,0,0.0,136.96875,135.96875,134.96875,0.0
2022-06-30 08:30:00,138.11,139.0,138.06,138.26,138.24,138.2,138.15,138.15,138.14,137.08,137.1,137.11,137.21,138.09,06/29/2022 17:00,136.96875,0,0.0,136.96875,135.96875,134.96875,0.0
2022-06-30 08:30:00,138.11,139.0,138.06,138.26,138.24,138.2,138.15,138.15,138.14,137.08,137.1,137.11,137.21,138.09,06/29/2022 17:00,136.96875,0,0.0,136.96875,135.96875,134.96875,0.0
2022-06-30 08:30:00,138.11,139.0,138.06,138.26,138.24,138.2,138.15,138.15,138.14,137.08,137.1,137.11,137.21,138.09,06/29/2022 17:00,136.96875,0,0.0,136.96875,135.96875,134.96875,0.0
2022-06-30 12:30:00,138.26,139.24,138.23,139.19,139.09,139.01,139.01,138.3,138.27,138.09,138.15,138.2,138.24,138.25,06/29/2022 17:00,136.96875,0,0.0,136.96875,135.96875,134.96875,0.0
2022-06-30 12:30:00,138.26,139.24,138.23,139.19,139.09,139.01,139.01,138.3,138.27,138.09,138.15,138.2,138.24,138.25,06/29/2022 17:00,136.96875,0,0.0,136.96875,135.96875,134.96875,0.0
2022-06-30 12:30:00,138.26,139.24,138.23,139.19,139.09,139.01,139.01,138.3,138.27,138.09,138.15,138.2,138.24,138.25,06/29/2022 17:00,136.96875,0,0.0,136.96875,135.96875,134.96875,0.0
2022-06-30 12:30:00,138.26,139.24,138.23,139.19,139.09,139.01,139.01,138.3,138.27,138.09,138.15,138.2,138.24,138.25,06/29/2022 17:00,136.96875,0,0.0,136.96875,135.96875,134.96875,0.0
2022-06-30 12:30:00,138.26,139.24,138.23,139.19,139.09,139.01,139.01,138.3,138.27,138.09,138.15,138.2,138.24,138.25,06/29/2022 17:00,136.96875,0,0.0,136.96875,135.96875,134.96875,0.0
2022-06-30 12:30:00,138.26,139.24,138.23,139.19,139.09,139.01,139.01,138.3,138.27,138.09,138.15,138.2,138.24,138.25,06/29/2022 17:00,136.96875,0,0.0,136.96875,135.96875,134.96875,0.0
2022-06-30 12:30:00,138.26,139.24,138.23,139.19,139.09,139.01,139.01,138.3,138.27,138.09,138.15,138.2,138.24,138.25,06/29/2022 17:00,136.96875,0,0.0,136.96875,135.96875,134.96875,0.0
2022-06-30 12:30:00,138.26,139.24,138.23,139.19,139.09,139.01,139.01,138.3,138.27,138.09,138.15,138.2,138.24,138.25,06/29/2022 17:00,136.96875,0,0.0,136.96875,135.96875,134.96875,0.0
2022-06-30 12:30:00,138.26,139.24,138.23,139.19,139.09,139.01,139.01,138.3,138.27,138.09,138.15,138.2,138.24,138.25,06/29/2022 17:00,136.96875,0,0.0,136.96875,135.96875,134.96875,0.0
2022-06-30 16:30:00,139.19,139.26,138.29,139.03,140.01,140.0,139.31,139.24,139.21,139.09,139.12,139.13,139.18,139.18,0,0.0,0,0.0,0.0,0.0,0.0,0.0
2022-06-30 21:30:00,139.02,139.07,138.3,139.07,139.19,139.18,139.13,139.12,139.09,138.25,138.27,138.3,139.01,139.01,0,0.0,0,0.0,0.0,0.0,0.0,0.0
2022-07-01 01:30:00,139.07,140.01,139.07,139.26,139.19,139.18,139.13,139.12,139.09,138.25,138.27,138.3,139.01,139.01,06/30/2022 17:00,139.59375,0,0.0,139.59375,138.59375,137.59375,0.0
2022-07-01 01:30:00,139.07,140.01,139.07,139.26,139.19,139.18,139.13,139.12,139.09,138.25,138.27,138.3,139.01,139.01,06/30/2022 17:00,139.59375,0,0.0,139.59375,138.59375,137.59375,0.0
2022-07-01 01:30:00,139.07,140.01,139.07,139.26,139.19,139.18,139.13,139.12,139.09,138.25,138.27,138.3,139.01,139.01,06/30/2022 17:00,139.59375,0,0.0,139.59375,138.59375,137.59375,0.0
2022-07-01 05:30:00,139.25,139.3,139.03,139.12,140.13,140.08,140.01,140.0,139.31,139.01,139.01,139.19,139.21,139.24,0,0.0,0,0.0,0.0,0.0,0.0,0.0
2022-07-01 09:30:00,139.12,141.02,139.1,140.28,140.01,140.0,139.31,139.24,139.19,138.29,138.3,138.3,139.01,139.01,06/30/2022 17:00,139.59375,0,0.0,139.59375,138.59375,137.59375,0.0
2022-07-01 09:30:00,139.12,141.02,139.1,140.28,140.01,140.0,139.31,139.24,139.19,138.29,138.3,138.3,139.01,139.01,06/30/2022 17:00,139.59375,0,0.0,139.59375,138.59375,137.59375,0.0
2022-07-01 09:30:00,139.12,141.02,139.1,140.28,140.01,140.0,139.31,139.24,139.19,138.29,138.3,138.3,139.01,139.01,06/30/2022 17:00,139.59375,0,0.0,139.59375,138.59375,137.59375,0.0
2022-07-01 09:30:00,139.12,141.02,139.1,140.28,140.01,140.0,139.31,139.24,139.19,138.29,138.3,138.3,139.01,139.01,06/30/2022 17:00,139.59375,0,0.0,139.59375,138.59375,137.59375,0.0
2022-07-01 09:30:00,139.12,141.02,139.1,140.28,140.01,140.0,139.31,139.24,139.19,138.29,138.3,138.3,139.01,139.01,06/30/2022 17:00,139.59375,0,0.0,139.59375,138.59375,137.59375,0.0
2022-07-01 09:30:00,139.12,141.02,139.1,140.28,140.01,140.0,139.31,139.24,139.19,138.29,138.3,138.3,139.01,139.01,06/30/2022 17:00,139.59375,0,0.0,139.59375,138.59375,137.59375,0.0
2022-07-01 09:30:00,139.12,141.02,139.1,140.28,140.01,140.0,139.31,139.24,139.19,138.29,138.3,138.3,139.01,139.01,06/30/2022 17:00,139.59375,0,0.0,139.59375,138.59375,137.59375,0.0
2022-07-01 13:30:00,140.28,142.15,140.13,140.21,141.05,141.04,141.04,141.01,140.3,140.01,140.13,140.15,140.22,140.22,0,0.0,0,0.0,0.0,0.0,0.0,0.0
2022-07-03 18:30:00,140.21,141.01,140.15,140.17,141.04,141.04,141.01,140.3,140.22,139.31,140.0,140.01,140.13,140.15,0,0.0,0,0.0,0.0,0.0,0.0,0.0
2022-07-03 22:30:00,140.17,140.31,140.13,140.24,141.04,141.04,141.01,140.3,140.22,139.31,140.0,140.01,140.13,140.15,0,0.0,0,0.0,0.0,0.0,0.0,0.0
2022-07-04 02:30:00,140.24,140.27,140.07,140.08,141.05,141.04,141.04,141.01,140.3,139.31,140.0,140.01,140.13,140.15,0,0.0,0,0.0,0.0,0.0,0.0,0.0
2022-07-04 06:30:00,140.08,140.21,140.06,140.09,141.01,141.01,140.3,140.15,140.13,139.03,139.1,139.31,140.0,140.01,0,0.0,0,0.0,0.0,0.0,0.0,0.0
2022-07-04 10:30:00,140.09,140.11,140.01,140.1,141.01,140.31,140.3,140.15,140.13,139.03,139.1,139.31,140.0,140.01,0,0.0,0,0.0,0.0,0.0,0.0,0.0
2022-07-04 19:30:00,140.11,140.11,139.31,140.0,140.31,140.3,140.27,140.15,140.13,139.03,139.1,139.31,140.0,140.01,0,0.0,0,0.0,0.0,0.0,0.0,0.0
2022-07-04 23:30:00,140.01,140.01,139.1,139.17,140.3,140.27,140.21,140.15,140.13,139.01,139.03,139.1,139.31,140.0,0,0.0,0,0.0,0.0,0.0,0.0,0.0
2022-07-05 03:30:00,139.18,140.0,139.17,139.2,140.15,140.13,140.01,140.0,139.31,138.3,139.01,139.01,139.03,139.1,0,0.0,0,0.0,0.0,0.0,0.0,0.0
2022-07-05 07:30:00,139.2,140.26,139.2,140.09,140.13,140.11,140.01,140.0,139.31,138.3,139.01,139.01,139.03,139.1,0,0.0,0,0.0,0.0,0.0,0.0,0.0
2022-07-05 11:30:00,140.09,142.07,140.09,142.06,140.27,140.21,140.15,140.13,140.11,139.01,139.01,139.03,139.1,139.1,0,0.0,07/04/2022 13:00,140.1875,140.1875,141.1875,142.1875,0.0
2022-07-05 11:30:00,140.09,142.07,140.09,142.06,140.27,140.21,140.15,140.13,140.11,139.01,139.01,139.03,139.1,139.1,0,0.0,07/04/2022 13:00,140.1875,140.1875,141.1875,142.1875,0.0
2022-07-05 11:30:00,140.09,142.07,140.09,142.06,140.27,140.21,140.15,140.13,140.11,139.01,139.01,139.03,139.1,139.1,0,0.0,07/04/2022 13:00,140.1875,140.1875,141.1875,142.1875,0.0
2022-07-05 11:30:00,140.09,142.07,140.09,142.06,140.27,140.21,140.15,140.13,140.11,139.01,139.01,139.03,139.1,139.1,0,0.0,07/04/2022 13:00,140.1875,140.1875,141.1875,142.1875,0.0
2022-07-05 11:30:00,140.09,142.07,140.09,142.06,140.27,140.21,140.15,140.13,140.11,139.01,139.01,139.03,139.1,139.1,0,0.0,07/04/2022 13:00,140.1875,140.1875,141.1875,142.1875,0.0
2022-07-05 11:30:00,140.09,142.07,140.09,142.06,140.27,140.21,140.15,140.13,140.11,139.01,139.01,139.03,139.1,139.1,0,0.0,07/04/2022 13:00,140.1875,140.1875,141.1875,142.1875,0.0
2022-07-05 11:30:00,140.09,142.07,140.09,142.06,140.27,140.21,140.15,140.13,140.11,139.01,139.01,139.03,139.1,139.1,0,0.0,07/04/2022 13:00,140.1875,140.1875,141.1875,142.1875,0.0
2022-07-05 11:30:00,140.09,142.07,140.09,142.06,140.27,140.21,140.15,140.13,140.11,139.01,139.01,139.03,139.1,139.1,0,0.0,07/04/2022 13:00,140.1875,140.1875,141.1875,142.1875,0.0
2022-07-05 11:30:00,140.09,142.07,140.09,142.06,140.27,140.21,140.15,140.13,140.11,139.01,139.01,139.03,139.1,139.1,0,0.0,07/04/2022 13:00,140.1875,140.1875,141.1875,142.1875,0.0
2022-07-05 11:30:00,140.09,142.07,140.09,142.06,140.27,140.21,140.15,140.13,140.11,139.01,139.01,139.03,139.1,139.1,0,0.0,07/04/2022 13:00,140.1875,140.1875,141.1875,142.1875,0.0
2022-07-05 11:30:00,140.09,142.07,140.09,142.06,140.27,140.21,140.15,140.13,140.11,139.01,139.01,139.03,139.1,139.1,0,0.0,07/04/2022 13:00,140.1875,140.1875,141.1875,142.1875,0.0
2022-07-05 15:30:00,142.05,142.21,141.31,142.02,142.11,142.1,142.1,142.07,142.06,141.05,141.13,141.23,141.25,141.3,0,0.0,07/04/2022 13:00,140.1875,140.1875,141.1875,142.1875,0.0
2022-07-05 15:30:00,142.05,142.21,141.31,142.02,142.11,142.1,142.1,142.07,142.06,141.05,141.13,141.23,141.25,141.3,0,0.0,07/04/2022 13:00,140.1875,140.1875,141.1875,142.1875,0.0
2022-07-05 15:30:00,142.05,142.21,141.31,142.02,142.11,142.1,142.1,142.07,142.06,141.05,141.13,141.23,141.25,141.3,0,0.0,07/04/2022 13:00,140.1875,140.1875,141.1875,142.1875,0.0
2022-07-05 20:30:00,142.02,142.12,141.25,141.3,142.11,142.1,142.1,142.07,142.06,141.05,141.13,141.23,141.25,141.3,07/05/2022 17:00,142.125,0,0.0,142.125,141.125,140.125,0.0
2022-07-06 00:30:00,141.29,142.06,141.27,141.29,142.1,142.1,142.07,142.06,141.3,141.05,141.05,141.13,141.23,141.25,0,0.0,0,0.0,0.0,0.0,0.0,0.0
2022-07-06 04:30:00,141.3,142.18,141.22,142.09,142.11,142.1,142.1,142.07,142.06,141.05,141.05,141.13,141.23,141.25,07/05/2022 17:00,142.125,0,0.0,142.125,141.125,140.125,0.0
2022-07-06 04:30:00,141.3,142.18,141.22,142.09,142.11,142.1,142.1,142.07,142.06,141.05,141.05,141.13,141.23,141.25,07/05/2022 17:00,142.125,0,0.0,142.125,141.125,140.125,0.0
2022-07-06 08:30:00,142.09,143.02,141.31,142.28,142.15,142.13,142.11,142.1,142.1,141.13,141.23,141.25,142.06,142.07,07/05/2022 17:00,142.125,0,0.0,142.125,141.125,140.125,0.0
2022-07-06 08:30:00,142.09,143.02,141.31,142.28,142.15,142.13,142.11,142.1,142.1,141.13,141.23,141.25,142.06,142.07,07/05/2022 17:00,142.125,0,0.0,142.125,141.125,140.125,0.0
2022-07-06 08:30:00,142.09,143.02,141.31,142.28,142.15,142.13,142.11,142.1,142.1,141.13,141.23,141.25,142.06,142.07,07/05/2022 17:00,142.125,0,0.0,142.125,141.125,140.125,0.0
2022-07-06 08:30:00,142.09,143.02,141.31,142.28,142.15,142.13,142.11,142.1,142.1,141.13,141.23,141.25,142.06,142.07,07/05/2022 17:00,142.125,0,0.0,142.125,141.125,140.125,0.0
2022-07-06 08:30:00,142.09,143.02,141.31,142.28,142.15,142.13,142.11,142.1,142.1,141.13,141.23,141.25,142.06,142.07,07/05/2022 17:00,142.125,0,0.0,142.125,141.125,140.125,0.0
2022-07-06 08:30:00,142.09,143.02,141.31,142.28,142.15,142.13,142.11,142.1,142.1,141.13,141.23,141.25,142.06,142.07,07/05/2022 17:00,142.125,0,0.0,142.125,141.125,140.125,0.0
2022-07-06 08:30:00,142.09,143.02,141.31,142.28,142.15,142.13,142.11,142.1,142.1,141.13,141.23,141.25,142.06,142.07,07/05/2022 17:00,142.125,0,0.0,142.125,141.125,140.125,0.0
2022-07-06 12:30:00,142.28,143.1,140.28,141.03,143.13,143.13,143.1,143.05,142.29,142.21,142.21,142.23,142.25,142.27,0,0.0,0,0.0,0.0,0.0,0.0,0.0
2022-07-06 16:30:00,141.03,141.06,140.16,140.2,142.07,142.06,141.13,141.05,141.04,140.27,140.3,140.31,141.01,141.01,0,0.0,0,0.0,0.0,0.0,0.0,0.0
2022-07-06 21:30:00,140.19,141.04,140.17,141.02,141.01,141.01,140.31,140.27,140.21,139.1,139.17,139.2,140.09,140.11,0,0.0,0,0.0,0.0,0.0,0.0,0.0
2022-07-07 01:30:00,141.02,141.02,140.2,140.23,142.07,142.06,141.13,141.05,141.04,139.1,139.17,139.2,140.09,140.11,0,0.0,0,0.0,0.0,0.0,0.0,0.0
2022-07-07 05:30:00,140.23,140.27,139.29,140.0,142.06,141.13,141.06,141.05,141.04,139.17,139.2,140.09,140.11,140.16,0,0.0,0,0.0,0.0,0.0,0.0,0.0
2022-07-07 09:30:00,140.01,140.3,139.29,140.24,141.04,141.04,140.16,140.11,140.09,139.03,139.1,139.1,139.17,139.2,0,0.0,07/06/2022 17:00,142.21875,142.21875,143.21875,144.21875,0.0
2022-07-07 09:30:00,140.01,140.3,139.29,140.24,141.04,141.04,140.16,140.11,140.09,139.03,139.1,139.1,139.17,139.2,0,0.0,07/06/2022 17:00,142.21875,142.21875,143.21875,144.21875,0.0
2022-07-07 13:30:00,140.24,140.24,139.14,139.17,141.06,141.05,141.04,141.04,141.02,139.1,139.17,139.2,140.09,140.16,0,0.0,0,0.0,0.0,0.0,0.0,0.0
2022-07-07 18:30:00,139.17,139.21,139.1,139.2,141.05,141.04,141.04,141.02,139.2,139.01,139.01,139.03,139.1,139.1,0,0.0,0,0.0,0.0,0.0,0.0,0.0
2022-07-07 22:30:00,139.2,139.21,139.1,139.19,141.05,141.04,141.04,141.02,140.3,139.01,139.03,139.1,139.1,139.17,0,0.0,0,0.0,0.0,0.0,0.0,0.0
2022-07-08 02:30:00,139.18,139.31,139.16,139.22,141.04,141.02,140.3,140.24,139.2,139.01,139.03,139.1,139.1,139.17,0,0.0,07/07/2022 17:00,140.46875,140.46875,141.46875,142.46875,0.0
2022-07-08 06:30:00,139.23,140.01,139.15,139.19,141.04,141.04,141.02,140.3,140.24,139.03,139.1,139.1,139.17,139.2,0,0.0,0,0.0,0.0,0.0,0.0,0.0
2022-07-08 10:30:00,139.19,139.3,138.09,138.21,141.04,141.04,141.02,140.3,140.24,139.03,139.1,139.1,139.1,139.17,0,0.0,0,0.0,0.0,0.0,0.0,0.0
2022-07-08 14:30:00,138.21,138.22,137.3,137.3,138.29,138.27,138.25,138.24,138.23,137.22,138.06,138.09,138.15,138.2,0,0.0,0,0.0,0.0,0.0,0.0,0.0
2022-07-10 19:30:00,137.31,138.06,137.29,137.29,138.23,138.2,138.15,138.09,138.06,137.08,137.1,137.11,137.21,137.22,0,0.0,0,0.0,0.0,0.0,0.0,0.0
2022-07-10 23:30:00,137.29,138.04,137.28,138.01,138.23,138.2,138.15,138.09,138.06,137.08,137.1,137.11,137.21,137.22,0,0.0,0,0.0,0.0,0.0,0.0,0.0
2022-07-11 03:30:00,138.01,138.18,138.0,138.17,138.22,138.2,138.15,138.09,138.06,137.08,137.1,137.11,137.21,137.22,0,0.0,07/08/2022 17:00,139.28125,139.28125,140.28125,141.28125,0.0
2022-07-11 07:30:00,138.17,138.22,138.1,138.2,138.25,138.24,138.23,138.22,138.2,137.1,137.11,137.21,137.22,138.06,0,0.0,0,0.0,0.0,0.0,0.0,0.0
2022-07-11 11:30:00,138.2,140.01,138.16,139.22,138.27,138.25,138.24,138.23,138.22,137.11,137.21,137.22,137.28,138.06,0,0.0,07/08/2022 17:00,139.28125,139.28125,140.28125,141.28125,0.0
2022-07-11 11:30:00,138.2,140.01,138.16,139.22,138.27,138.25,138.24,138.23,138.22,137.11,137.21,137.22,137.28,138.06,0,0.0,07/08/2022 17:00,139.28125,139.28125,140.28125,141.28125,0.0
2022-07-11 11:30:00,138.2,140.01,138.16,139.22,138.27,138.25,138.24,138.23,138.22,137.11,137.21,137.22,137.28,138.06,0,0.0,07/08/2022 17:00,139.28125,139.28125,140.28125,141.28125,0.0
2022-07-11 11:30:00,138.2,140.01,138.16,139.22,138.27,138.25,138.24,138.23,138.22,137.11,137.21,137.22,137.28,138.06,0,0.0,07/08/2022 17:00,139.28125,139.28125,140.28125,141.28125,0.0
2022-07-11 11:30:00,138.2,140.01,138.16,139.22,138.27,138.25,138.24,138.23,138.22,137.11,137.21,137.22,137.28,138.06,0,0.0,07/08/2022 17:00,139.28125,139.28125,140.28125,141.28125,0.0
2022-07-11 11:30:00,138.2,140.01,138.16,139.22,138.27,138.25,138.24,138.23,138.22,137.11,137.21,137.22,137.28,138.06,0,0.0,07/08/2022 17:00,139.28125,139.28125,140.28125,141.28125,0.0
2022-07-11 11:30:00,138.2,140.01,138.16,139.22,138.27,138.25,138.24,138.23,138.22,137.11,137.21,137.22,137.28,138.06,0,0.0,07/08/2022 17:00,139.28125,139.28125,140.28125,141.28125,0.0
2022-07-11 11:30:00,138.2,140.01,138.16,139.22,138.27,138.25,138.24,138.23,138.22,137.11,137.21,137.22,137.28,138.06,0,0.0,07/08/2022 17:00,139.28125,139.28125,140.28125,141.28125,0.0
2022-07-11 15:30:00,139.22,140.01,139.18,139.26,141.02,140.3,140.24,140.01,139.3,139.03,139.1,139.1,139.1,139.17,0,0.0,07/08/2022 17:00,139.28125,139.28125,140.28125,141.28125,0.0
2022-07-11 20:30:00,139.26,140.03,139.18,139.3,141.02,140.3,140.24,140.01,139.3,139.03,139.1,139.1,139.1,139.17,0,0.0,0,0.0,0.0,0.0,0.0,0.0
2022-07-12 00:30:00,139.3,140.17,139.28,140.1,141.04,141.02,140.3,140.24,140.01,139.03,139.1,139.1,139.1,139.17,07/11/2022 17:00,139.59375,0,0.0,139.59375,138.59375,137.59375,0.0
2022-07-12 00:30:00,139.3,140.17,139.28,140.1,141.04,141.02,140.3,140.24,140.01,139.03,139.1,139.1,139.1,139.17,07/11/2022 17:00,139.59375,0,0.0,139.59375,138.59375,137.59375,0.0
2022-07-12 04:30:00,140.11,141.04,140.02,141.02,141.04,141.04,141.02,140.3,140.24,139.1,139.1,139.17,139.3,140.01,07/11/2022 17:00,139.59375,0,0.0,139.59375,138.59375,137.59375,0.0
2022-07-12 04:30:00,140.11,141.04,140.02,141.02,141.04,141.04,141.02,140.3,140.24,139.1,139.1,139.17,139.3,140.01,07/11/2022 17:00,139.59375,0,0.0,139.59375,138.59375,137.59375,0.0
2022-07-12 08:30:00,141.02,141.1,140.28,140.31,141.13,141.06,141.05,141.04,141.04,139.18,139.3,140.01,140.24,140.3,0,0.0,0,0.0,0.0,0.0,0.0,0.0
2022-07-12 12:30:00,140.31,141.16,140.23,141.01,141.06,141.05,141.04,141.04,141.02,139.28,139.3,140.01,140.24,140.3,0,0.0,0,0.0,0.0,0.0,0.0,0.0
2022-07-12 16:30:00,141.01,141.03,140.0,140.04,141.06,141.05,141.04,141.04,141.02,139.3,140.01,140.02,140.24,140.3,0,0.0,0,0.0,0.0,0.0,0.0,0.0
2022-07-12 21:30:00,140.05,140.12,139.27,139.31,141.04,141.04,141.02,140.3,140.24,139.18,139.28,139.3,140.01,140.02,0,0.0,0,0.0,0.0,0.0,0.0,0.0
2022-07-13 01:30:00,139.3,140.06,139.28,140.05,141.02,140.3,140.24,140.02,140.01,139.1,139.1,139.17,139.18,139.28,07/12/2022 17:00,140.0,0,0.0,140.0,139.0,138.0,0.0
2022-07-13 05:30:00,140.05,140.16,139.3,140.09,141.04,141.03,141.02,140.3,140.24,139.17,139.18,139.28,139.3,140.02,0,0.0,0,0.0,0.0,0.0,0.0,0.0
2022-07-13 09:30:00,140.09,140.19,138.22,139.07,141.04,141.03,141.02,140.3,140.24,139.18,139.27,139.28,139.3,140.02,0,0.0,0,0.0,0.0,0.0,0.0,0.0
2022-07-13 13:30:00,139.07,141.12,139.0,141.04,140.24,139.3,139.28,139.27,139.18,138.22,138.23,138.29,138.3,139.03,07/12/2022 17:00,140.0,0,0.0,140.0,139.0,138.0,0.0
2022-07-13 13:30:00,139.07,141.12,139.0,141.04,140.24,139.3,139.28,139.27,139.18,138.22,138.23,138.29,138.3,139.03,07/12/2022 17:00,140.0,0,0.0,140.0,139.0,138.0,0.0
2022-07-13 13:30:00,139.07,141.12,139.0,141.04,140.24,139.3,139.28,139.27,139.18,138.22,138.23,138.29,138.3,139.03,07/12/2022 17:00,140.0,0,0.0,140.0,139.0,138.0,0.0
2022-07-13 13:30:00,139.07,141.12,139.0,141.04,140.24,139.3,139.28,139.27,139.18,138.22,138.23,138.29,138.3,139.03,07/12/2022 17:00,140.0,0,0.0,140.0,139.0,138.0,0.0
2022-07-13 13:30:00,139.07,141.12,139.0,141.04,140.24,139.3,139.28,139.27,139.18,138.22,138.23,138.29,138.3,139.03,07/12/2022 17:00,140.0,0,0.0,140.0,139.0,138.0,0.0
2022-07-13 18:30:00,141.05,141.18,140.23,140.31,142.07,142.06,141.16,141.13,141.06,139.28,141.02,141.03,141.04,141.04,0,0.0,0,0.0,0.0,0.0,0.0,0.0
2022-07-13 22:30:00,140.31,141.1,140.17,140.22,141.05,141.04,141.04,141.03,141.02,138.3,139.03,139.18,139.27,139.28,0,0.0,0,0.0,0.0,0.0,0.0,0.0
2022-07-14 02:30:00,140.22,140.29,140.18,140.28,141.05,141.04,141.04,141.03,141.02,139.0,139.03,139.18,139.27,139.28,0,0.0,0,0.0,0.0,0.0,0.0,0.0
2022-07-14 06:30:00,140.28,141.01,140.06,140.2,141.05,141.04,141.04,141.03,141.02,139.0,139.03,139.18,139.27,139.28,0,0.0,0,0.0,0.0,0.0,0.0,0.0
2022-07-14 10:30:00,140.2,141.11,139.21,140.08,141.05,141.04,141.04,141.03,141.02,139.0,139.03,139.18,139.27,139.28,0,0.0,0,0.0,0.0,0.0,0.0,0.0
2022-07-14 14:30:00,140.08,140.25,139.3,140.21,141.05,141.04,141.04,141.03,141.02,139.0,139.03,139.18,139.27,139.28,0,0.0,0,0.0,0.0,0.0,0.0,0.0
2022-07-14 19:30:00,140.21,140.3,140.13,140.23,141.05,141.04,141.04,141.03,141.02,139.0,139.03,139.18,139.27,139.28,0,0.0,0,0.0,0.0,0.0,0.0,0.0
2022-07-14 23:30:00,140.23,140.31,140.21,140.27,141.05,141.04,141.04,141.03,141.02,139.03,139.18,139.21,139.27,139.28,0,0.0,0,0.0,0.0,0.0,0.0,0.0
2022-07-15 03:30:00,140.27,141.15,140.23,141.05,141.05,141.04,141.04,141.03,141.02,139.18,139.21,139.27,139.28,139.3,0,0.0,07/14/2022 17:00,141.125,141.125,142.125,143.125,0.0
2022-07-15 07:30:00,141.05,141.08,140.27,141.02,141.16,141.13,141.11,141.1,141.06,139.27,139.28,139.3,140.13,141.04,0,0.0,0,0.0,0.0,0.0,0.0,0.0
2022-07-15 11:30:00,141.01,141.25,140.15,141.11,141.11,141.1,141.06,141.05,141.04,139.27,139.28,139.3,140.13,140.21,0,0.0,07/14/2022 17:00,141.125,141.125,142.125,143.125,0.0
2022-07-15 11:30:00,141.01,141.25,140.15,141.11,141.11,141.1,141.06,141.05,141.04,139.27,139.28,139.3,140.13,140.21,0,0.0,07/14/2022 17:00,141.125,141.125,142.125,143.125,0.0
2022-07-15 15:30:00,141.11,141.2,141.02,141.05,142.07,142.06,141.18,141.16,141.13,139.3,140.13,140.21,141.06,141.1,0,0.0,0,0.0,0.0,0.0,0.0,0.0
2022-07-17 20:30:00,141.05,141.12,141.02,141.12,141.16,141.13,141.11,141.1,141.06,139.27,139.28,139.3,140.13,140.21,07/15/2022 17:00,141.125,0,0.0,141.125,140.125,139.125,0.0
2022-07-18 00:30:00,141.12,141.18,141.12,141.14,142.06,141.25,141.18,141.16,141.13,139.3,140.13,140.15,140.21,141.11,0,0.0,0,0.0,0.0,0.0,0.0,0.0
2022-07-18 04:30:00,141.14,141.14,140.21,141.01,142.06,141.25,141.2,141.18,141.16,139.3,140.13,140.15,140.21,141.11,0,0.0,0,0.0,0.0,0.0,0.0,0.0
2022-07-18 08:30:00,141.01,141.02,140.05,140.05,141.25,141.2,141.18,141.16,141.11,139.28,139.3,140.13,140.15,140.21,0,0.0,0,0.0,0.0,0.0,0.0,0.0
2022-07-18 12:30:00,140.06,140.14,139.16,139.28,141.16,141.11,140.21,140.15,140.13,139.18,139.21,139.27,139.28,139.3,0,0.0,0,0.0,0.0,0.0,0.0,0.0
2022-07-18 16:30:00,139.28,140.15,139.26,139.27,141.11,140.21,140.15,140.13,139.3,139.0,139.03,139.18,139.21,139.27,0,0.0,0,0.0,0.0,0.0,0.0,0.0
2022-07-18 21:30:00,139.28,140.07,139.27,140.01,141.02,140.21,140.15,140.13,139.3,139.0,139.03,139.18,139.21,139.27,07/15/2022 17:00,141.125,0,0.0,141.125,140.125,139.125,0.0
2022-07-19 01:30:00,140.0,140.08,140.0,140.07,141.11,141.02,140.21,140.15,140.13,139.16,139.18,139.21,139.27,139.3,0,0.0,0,0.0,0.0,0.0,0.0,0.0
2022-07-19 05:30:00,140.07,140.13,139.23,139.29,141.02,140.21,140.15,140.15,140.13,139.18,139.21,139.26,139.27,139.3,0,0.0,0,0.0,0.0,0.0,0.0,0.0
2022-07-19 09:30:00,139.29,140.12,139.16,140.04,141.02,140.21,140.15,140.15,140.13,139.16,139.18,139.21,139.26,139.27,0,0.0,0,0.0,0.0,0.0,0.0,0.0
2022-07-19 13:30:00,140.04,140.1,139.05,139.25,141.02,140.21,140.15,140.15,140.13,139.16,139.18,139.21,139.26,139.27,0,0.0,0,0.0,0.0,0.0,0.0,0.0
2022-07-19 18:30:00,139.25,139.3,139.15,139.2,140.15,140.15,140.13,140.13,139.26,139.0,139.03,139.16,139.18,139.21,0,0.0,0,0.0,0.0,0.0,0.0,0.0
2022-07-19 22:30:00,139.19,139.22,139.13,139.19,140.13,140.13,140.12,139.26,139.21,138.3,139.0,139.03,139.16,139.18,0,0.0,0,0.0,0.0,0.0,0.0,0.0
2022-07-20 02:30:00,139.18,139.21,139.15,139.18,140.13,140.12,140.1,139.26,139.21,138.3,139.0,139.03,139.05,139.16,0,0.0,0,0.0,0.0,0.0,0.0,0.0
2022-07-20 06:30:00,139.18,140.11,139.17,140.02,140.12,140.1,139.3,139.26,139.21,138.3,139.0,139.03,139.05,139.16,07/15/2022 17:00,141.125,0,0.0,141.125,140.125,139.125,0.0
2022-07-20 06:30:00,139.18,140.11,139.17,140.02,140.12,140.1,139.3,139.26,139.21,138.3,139.0,139.03,139.05,139.16,07/15/2022 17:00,141.125,0,0.0,141.125,140.125,139.125,0.0
2022-07-20 06:30:00,139.18,140.11,139.17,140.02,140.12,140.1,139.3,139.26,139.21,138.3,139.0,139.03,139.05,139.16,07/15/2022 17:00,141.125,0,0.0,141.125,140.125,139.125,0.0
2022-07-20 10:30:00,140.02,140.29,139.26,139.27,140.15,140.13,140.13,140.12,140.1,139.16,139.18,139.21,139.26,139.3,0,0.0,0,0.0,0.0,0.0,0.0,0.0
2022-07-20 14:30:00,139.28,140.01,139.14,139.21,140.13,140.13,140.12,140.1,139.3,139.15,139.16,139.18,139.21,139.26,0,0.0,0,0.0,0.0,0.0,0.0,0.0
2022-07-20 19:30:00,139.2,139.27,139.17,139.25,140.13,140.12,140.1,139.3,139.21,139.05,139.13,139.15,139.16,139.18,0,0.0,0,0.0,0.0,0.0,0.0,0.0
2022-07-20 23:30:00,139.25,140.01,139.24,139.29,140.13,140.13,140.12,140.1,139.3,139.13,139.15,139.16,139.18,139.21,0,0.0,0,0.0,0.0,0.0,0.0,0.0
2022-07-21 03:30:00,139.3,140.0,139.07,139.1,140.15,140.13,140.13,140.12,140.1,139.14,139.15,139.16,139.18,139.21,0,0.0,0,0.0,0.0,0.0,0.0,0.0
2022-07-21 07:30:00,139.1,139.2,139.09,139.13,139.3,139.16,139.15,139.14,139.13,138.29,138.3,139.0,139.03,139.05,0,0.0,0,0.0,0.0,0.0,0.0,0.0
2022-07-21 11:30:00,139.13,141.19,138.27,140.31,140.01,139.3,139.16,139.15,139.14,138.29,138.3,139.0,139.03,139.05,07/15/2022 17:00,141.125,0,0.0,141.125,140.125,139.125,0.0
2022-07-21 11:30:00,139.13,141.19,138.27,140.31,140.01,139.3,139.16,139.15,139.14,138.29,138.3,139.0,139.03,139.05,07/15/2022 17:00,141.125,0,0.0,141.125,140.125,139.125,0.0
2022-07-21 11:30:00,139.13,141.19,138.27,140.31,140.01,139.3,139.16,139.15,139.14,138.29,138.3,139.0,139.03,139.05,07/15/2022 17:00,141.125,0,0.0,141.125,140.125,139.125,0.0
2022-07-21 11:30:00,139.13,141.19,138.27,140.31,140.01,139.3,139.16,139.15,139.14,138.29,138.3,139.0,139.03,139.05,07/15/2022 17:00,141.125,0,0.0,141.125,140.125,139.125,0.0
2022-07-21 11:30:00,139.13,141.19,138.27,140.31,140.01,139.3,139.16,139.15,139.14,138.29,138.3,139.0,139.03,139.05,07/15/2022 17:00,141.125,0,0.0,141.125,140.125,139.125,0.0
2022-07-21 11:30:00,139.13,141.19,138.27,140.31,140.01,139.3,139.16,139.15,139.14,138.29,138.3,139.0,139.03,139.05,07/15/2022 17:00,141.125,0,0.0,141.125,140.125,139.125,0.0
2022-07-21 11:30:00,139.13,141.19,138.27,140.31,140.01,139.3,139.16,139.15,139.14,138.29,138.3,139.0,139.03,139.05,07/15/2022 17:00,141.125,0,0.0,141.125,140.125,139.125,0.0
2022-07-21 11:30:00,139.13,141.19,138.27,140.31,140.01,139.3,139.16,139.15,139.14,138.29,138.3,139.0,139.03,139.05,07/15/2022 17:00,141.125,0,0.0,141.125,140.125,139.125,0.0
2022-07-21 11:30:00,139.13,141.19,138.27,140.31,140.01,139.3,139.16,139.15,139.14,138.29,138.3,139.0,139.03,139.05,07/15/2022 17:00,141.125,0,0.0,141.125,140.125,139.125,0.0
2022-07-21 11:30:00,139.13,141.19,138.27,140.31,140.01,139.3,139.16,139.15,139.14,138.29,138.3,139.0,139.03,139.05,07/15/2022 17:00,141.125,0,0.0,141.125,140.125,139.125,0.0
2022-07-21 11:30:00,139.13,141.19,138.27,140.31,140.01,139.3,139.16,139.15,139.14,138.29,138.3,139.0,139.03,139.05,07/15/2022 17:00,141.125,0,0.0,141.125,140.125,139.125,0.0
2022-07-21 11:30:00,139.13,141.19,138.27,140.31,140.01,139.3,139.16,139.15,139.14,138.29,138.3,139.0,139.03,139.05,07/15/2022 17:00,141.125,0,0.0,141.125,140.125,139.125,0.0
2022-07-21 11:30:00,139.13,141.19,138.27,140.31,140.01,139.3,139.16,139.15,139.14,138.29,138.3,139.0,139.03,139.05,07/15/2022 17:00,141.125,0,0.0,141.125,140.125,139.125,0.0
2022-07-21 15:30:00,140.31,141.19,140.21,141.15,141.18,141.16,141.14,141.11,141.02,140.13,140.15,140.15,140.21,140.29,07/15/2022 17:00,141.125,0,0.0,141.125,140.125,139.125,0.0
2022-07-21 15:30:00,140.31,141.19,140.21,141.15,141.18,141.16,141.14,141.11,141.02,140.13,140.15,140.15,140.21,140.29,07/15/2022 17:00,141.125,0,0.0,141.125,140.125,139.125,0.0
2022-07-21 20:30:00,141.15,142.01,141.11,141.25,141.25,141.2,141.18,141.18,141.16,140.15,140.21,140.29,141.02,141.14,07/15/2022 17:00,141.125,0,0.0,141.125,140.125,139.125,0.0
2022-07-21 20:30:00,141.15,142.01,141.11,141.25,141.25,141.2,141.18,141.18,141.16,140.15,140.21,140.29,141.02,141.14,07/15/2022 17:00,141.125,0,0.0,141.125,140.125,139.125,0.0
2022-07-21 20:30:00,141.15,142.01,141.11,141.25,141.25,141.2,141.18,141.18,141.16,140.15,140.21,140.29,141.02,141.14,07/15/2022 17:00,141.125,0,0.0,141.125,140.125,139.125,0.0
2022-07-22 00:30:00,141.26,141.26,141.18,141.22,142.21,142.15,142.1,142.07,142.06,141.16,141.18,141.18,141.2,141.25,07/15/2022 17:00,141.125,0,0.0,141.125,140.125,139.125,0.0
2022-07-22 04:30:00,141.22,142.26,141.18,142.24,142.15,142.1,142.07,142.06,141.25,141.14,141.16,141.18,141.18,141.2,07/15/2022 17:00,141.125,0,0.0,141.125,140.125,139.125,0.0
2022-07-22 04:30:00,141.22,142.26,141.18,142.24,142.15,142.1,142.07,142.06,141.25,141.14,141.16,141.18,141.18,141.2,07/15/2022 17:00,141.125,0,0.0,141.125,140.125,139.125,0.0
2022-07-22 08:30:00,142.24,143.05,142.2,143.04,143.1,143.05,142.29,142.27,142.25,141.16,141.18,141.18,141.2,141.25,07/15/2022 17:00,141.125,0,0.0,141.125,140.125,139.125,0.0
2022-07-22 12:30:00,143.03,144.04,142.27,143.02,143.13,143.13,143.1,143.1,143.05,141.18,141.18,141.2,141.25,142.29,0,0.0,0,0.0,0.0,0.0,0.0,0.0
2022-07-22 16:30:00,143.02,143.25,142.31,143.25,143.13,143.13,143.1,143.1,143.05,141.18,141.18,141.2,141.25,142.29,07/15/2022 17:00,141.125,0,0.0,141.125,140.125,139.125,0.0
2022-07-22 16:30:00,143.02,143.25,142.31,143.25,143.13,143.13,143.1,143.1,143.05,141.18,141.18,141.2,141.25,142.29,07/15/2022 17:00,141.125,0,0.0,141.125,140.125,139.125,0.0
2022-07-22 16:30:00,143.02,143.25,142.31,143.25,143.13,143.13,143.1,143.1,143.05,141.18,141.18,141.2,141.25,142.29,07/15/2022 17:00,141.125,0,0.0,141.125,140.125,139.125,0.0
2022-07-22 16:30:00,143.02,143.25,142.31,143.25,143.13,143.13,143.1,143.1,143.05,141.18,141.18,141.2,141.25,142.29,07/15/2022 17:00,141.125,0,0.0,141.125,140.125,139.125,0.0
2022-07-22 16:30:00,143.02,143.25,142.31,143.25,143.13,143.13,143.1,143.1,143.05,141.18,141.18,141.2,141.25,142.29,07/15/2022 17:00,141.125,0,0.0,141.125,140.125,139.125,0.0
2022-07-22 16:30:00,143.02,143.25,142.31,143.25,143.13,143.13,143.1,143.1,143.05,141.18,141.18,141.2,141.25,142.29,07/15/2022 17:00,141.125,0,0.0,141.125,140.125,139.125,0.0
2022-07-22 16:30:00,143.02,143.25,142.31,143.25,143.13,143.13,143.1,143.1,143.05,141.18,141.18,141.2,141.25,142.29,07/15/2022 17:00,141.125,0,0.0,141.125,140.125,139.125,0.0
2022-07-22 16:30:00,143.02,143.25,142.31,143.25,143.13,143.13,143.1,143.1,143.05,141.18,141.18,141.2,141.25,142.29,07/15/2022 17:00,141.125,0,0.0,141.125,140.125,139.125,0.0
2022-07-24 21:30:00,143.25,143.29,143.04,143.06,144.01,143.29,143.27,143.27,143.26,143.18,143.19,143.21,143.21,143.24,0,0.0,0,0.0,0.0,0.0,0.0,0.0
2022-07-25 01:30:00,143.06,143.15,143.06,143.07,143.25,143.19,143.14,143.1,143.1,141.25,142.2,142.27,142.29,143.05,0,0.0,0,0.0,0.0,0.0,0.0,0.0
2022-07-25 05:30:00,143.08,143.13,142.22,142.25,143.25,143.19,143.14,143.1,143.1,142.2,142.27,142.29,142.31,143.05,0,0.0,0,0.0,0.0,0.0,0.0,0.0
2022-07-25 09:30:00,142.24,142.31,142.03,142.06,143.1,143.05,142.31,142.29,142.27,141.18,141.18,141.2,141.25,142.2,0,0.0,0,0.0,0.0,0.0,0.0,0.0
2022-07-25 13:30:00,142.06,142.28,142.04,142.21,143.05,142.31,142.29,142.27,142.2,141.18,141.18,141.18,141.2,141.25,07/22/2022 17:00,142.21875,0,0.0,142.21875,141.21875,140.21875,0.0
2022-07-25 18:30:00,142.21,142.31,142.14,142.29,143.1,143.05,142.31,142.29,142.27,141.18,141.18,141.2,141.25,142.2,0,0.0,07/25/2022 17:00,142.84375,142.84375,143.84375,144.84375,0.0
2022-07-25 22:30:00,142.28,143.06,142.24,143.02,143.1,143.1,143.05,142.31,142.29,141.2,141.25,142.03,142.2,142.27,0,0.0,07/25/2022 17:00,142.84375,142.84375,143.84375,144.84375,0.0
2022-07-26 02:30:00,143.02,143.02,142.27,142.29,143.14,143.13,143.1,143.1,143.05,142.03,142.04,142.2,142.27,142.31,0,0.0,0,0.0,0.0,0.0,0.0,0.0
2022-07-26 06:30:00,142.3,143.2,142.29,143.16,143.14,143.13,143.1,143.1,143.05,142.03,142.04,142.14,142.2,142.27,0,0.0,07/25/2022 17:00,142.84375,142.84375,143.84375,144.84375,0.0
2022-07-26 06:30:00,142.3,143.2,142.29,143.16,143.14,143.13,143.1,143.1,143.05,142.03,142.04,142.14,142.2,142.27,0,0.0,07/25/2022 17:00,142.84375,142.84375,143.84375,144.84375,0.0
2022-07-26 06:30:00,142.3,143.2,142.29,143.16,143.14,143.13,143.1,143.1,143.05,142.03,142.04,142.14,142.2,142.27,0,0.0,07/25/2022 17:00,142.84375,142.84375,143.84375,144.84375,0.0
2022-07-26 10:30:00,143.16,144.15,143.11,143.29,143.27,143.26,143.25,143.25,143.19,142.2,142.24,142.27,143.13,143.15,0,0.0,07/25/2022 17:00,142.84375,142.84375,143.84375,144.84375,0.0
2022-07-26 10:30:00,143.16,144.15,143.11,143.29,143.27,143.26,143.25,143.25,143.19,142.2,142.24,142.27,143.13,143.15,0,0.0,07/25/2022 17:00,142.84375,142.84375,143.84375,144.84375,0.0
2022-07-26 10:30:00,143.16,144.15,143.11,143.29,143.27,143.26,143.25,143.25,143.19,142.2,142.24,142.27,143.13,143.15,0,0.0,07/25/2022 17:00,142.84375,142.84375,143.84375,144.84375,0.0
2022-07-26 10:30:00,143.16,144.15,143.11,143.29,143.27,143.26,143.25,143.25,143.19,142.2,142.24,142.27,143.13,143.15,0,0.0,07/25/2022 17:00,142.84375,142.84375,143.84375,144.84375,0.0
2022-07-26 14:30:00,143.29,143.31,143.04,143.09,144.12,144.05,144.05,144.04,144.01,143.25,143.25,143.26,143.27,143.27,0,0.0,0,0.0,0.0,0.0,0.0,0.0
2022-07-26 19:30:00,143.09,143.11,142.28,143.0,143.26,143.25,143.25,143.15,143.13,142.2,142.24,142.27,142.27,142.29,0,0.0,0,0.0,0.0,0.0,0.0,0.0
2022-07-26 23:30:00,143.0,143.04,142.26,142.29,143.26,143.25,143.25,143.15,143.13,142.2,142.24,142.27,142.27,142.29,0,0.0,0,0.0,0.0,0.0,0.0,0.0
2022-07-27 03:30:00,142.29,143.07,142.25,142.26,143.26,143.25,143.25,143.15,143.13,142.14,142.2,142.24,142.27,142.27,0,0.0,0,0.0,0.0,0.0,0.0,0.0
2022-07-27 07:30:00,142.26,143.12,142.25,143.06,143.15,143.13,143.11,142.29,142.27,142.03,142.04,142.14,142.2,142.24,07/26/2022 17:00,142.84375,0,0.0,142.84375,141.84375,140.84375,0.0
2022-07-27 07:30:00,142.26,143.12,142.25,143.06,143.15,143.13,143.11,142.29,142.27,142.03,142.04,142.14,142.2,142.24,07/26/2022 17:00,142.84375,0,0.0,142.84375,141.84375,140.84375,0.0
2022-07-27 11:30:00,143.05,143.29,142.31,143.18,143.25,143.25,143.15,143.13,143.11,142.14,142.2,142.24,142.27,142.29,07/26/2022 17:00,142.84375,0,0.0,142.84375,141.84375,140.84375,0.0
2022-07-27 15:30:00,143.19,144.06,143.06,143.08,143.29,143.27,143.26,143.25,143.25,142.2,142.24,142.27,142.29,143.11,0,0.0,0,0.0,0.0,0.0,0.0,0.0
2022-07-27 20:30:00,143.09,143.14,142.19,143.09,143.27,143.26,143.25,143.25,143.11,142.2,142.24,142.25,142.27,142.29,0,0.0,0,0.0,0.0,0.0,0.0,0.0
2022-07-28 00:30:00,143.09,143.17,142.31,143.04,143.27,143.26,143.25,143.25,143.11,142.2,142.24,142.25,142.27,142.29,0,0.0,0,0.0,0.0,0.0,0.0,0.0
2022-07-28 04:30:00,143.04,143.04,142.11,142.3,143.27,143.26,143.25,143.25,143.11,142.2,142.24,142.25,142.27,142.29,0,0.0,0,0.0,0.0,0.0,0.0,0.0
2022-07-28 08:30:00,142.3,143.09,142.21,142.27,143.27,143.26,143.25,143.25,143.11,142.2,142.24,142.25,142.27,142.29,0,0.0,0,0.0,0.0,0.0,0.0,0.0
2022-07-28 12:30:00,142.28,144.31,142.28,144.04,143.26,143.25,143.25,143.17,143.11,142.14,142.2,142.24,142.25,142.27,07/27/2022 17:00,143.8125,0,0.0,143.8125,142.8125,141.8125,0.0
2022-07-28 12:30:00,142.28,144.31,142.28,144.04,143.26,143.25,143.25,143.17,143.11,142.14,142.2,142.24,142.25,142.27,07/27/2022 17:00,143.8125,0,0.0,143.8125,142.8125,141.8125,0.0
2022-07-28 12:30:00,142.28,144.31,142.28,144.04,143.26,143.25,143.25,143.17,143.11,142.14,142.2,142.24,142.25,142.27,07/27/2022 17:00,143.8125,0,0.0,143.8125,142.8125,141.8125,0.0
2022-07-28 12:30:00,142.28,144.31,142.28,144.04,143.26,143.25,143.25,143.17,143.11,142.14,142.2,142.24,142.25,142.27,07/27/2022 17:00,143.8125,0,0.0,143.8125,142.8125,141.8125,0.0
2022-07-28 12:30:00,142.28,144.31,142.28,144.04,143.26,143.25,143.25,143.17,143.11,142.14,142.2,142.24,142.25,142.27,07/27/2022 17:00,143.8125,0,0.0,143.8125,142.8125,141.8125,0.0
2022-07-28 12:30:00,142.28,144.31,142.28,144.04,143.26,143.25,143.25,143.17,143.11,142.14,142.2,142.24,142.25,142.27,07/27/2022 17:00,143.8125,0,0.0,143.8125,142.8125,141.8125,0.0
2022-07-28 16:30:00,144.04,144.21,144.01,144.18,144.15,144.12,144.06,144.05,144.05,143.17,143.29,143.29,143.31,144.01,07/27/2022 17:00,143.8125,0,0.0,143.8125,142.8125,141.8125,0.0
2022-07-28 16:30:00,144.04,144.21,144.01,144.18,144.15,144.12,144.06,144.05,144.05,143.17,143.29,143.29,143.31,144.01,07/27/2022 17:00,143.8125,0,0.0,143.8125,142.8125,141.8125,0.0
2022-07-28 16:30:00,144.04,144.21,144.01,144.18,144.15,144.12,144.06,144.05,144.05,143.17,143.29,143.29,143.31,144.01,07/27/2022 17:00,143.8125,0,0.0,143.8125,142.8125,141.8125,0.0
2022-07-28 16:30:00,144.04,144.21,144.01,144.18,144.15,144.12,144.06,144.05,144.05,143.17,143.29,143.29,143.31,144.01,07/27/2022 17:00,143.8125,0,0.0,143.8125,142.8125,141.8125,0.0
2022-07-28 16:30:00,144.04,144.21,144.01,144.18,144.15,144.12,144.06,144.05,144.05,143.17,143.29,143.29,143.31,144.01,07/27/2022 17:00,143.8125,0,0.0,143.8125,142.8125,141.8125,0.0
2022-07-28 16:30:00,144.04,144.21,144.01,144.18,144.15,144.12,144.06,144.05,144.05,143.17,143.29,143.29,143.31,144.01,07/27/2022 17:00,143.8125,0,0.0,143.8125,142.8125,141.8125,0.0
2022-07-28 21:30:00,144.18,144.19,144.05,144.08,144.25,144.24,144.24,144.24,144.2,144.05,144.05,144.06,144.12,144.15,07/27/2022 17:00,143.8125,0,0.0,143.8125,142.8125,141.8125,0.0
2022-07-29 01:30:00,144.07,144.19,144.01,144.17,144.24,144.24,144.2,144.15,144.12,144.01,144.04,144.05,144.05,144.06,0,0.0,0,0.0,0.0,0.0,0.0,0.0
2022-07-29 05:30:00,144.16,144.22,143.21,143.23,144.24,144.24,144.24,144.21,144.2,144.01,144.04,144.05,144.05,144.06,0,0.0,0,0.0,0.0,0.0,0.0,0.0
2022-07-29 09:30:00,143.23,144.06,143.14,144.03,144.2,144.06,144.04,143.31,143.29,142.24,142.25,142.27,142.28,143.17,0,0.0,0,0.0,0.0,0.0,0.0,0.0
2022-07-29 13:30:00,144.03,145.14,143.25,145.06,144.24,144.21,144.2,144.06,144.04,142.24,142.25,142.27,142.28,143.17,07/27/2022 17:00,143.8125,0,0.0,143.8125,142.8125,141.8125,0.0
2022-07-29 13:30:00,144.03,145.14,143.25,145.06,144.24,144.21,144.2,144.06,144.04,142.24,142.25,142.27,142.28,143.17,07/27/2022 17:00,143.8125,0,0.0,143.8125,142.8125,141.8125,0.0
2022-07-29 13:30:00,144.03,145.14,143.25,145.06,144.24,144.21,144.2,144.06,144.04,142.24,142.25,142.27,142.28,143.17,07/27/2022 17:00,143.8125,0,0.0,143.8125,142.8125,141.8125,0.0
2022-07-29 13:30:00,144.03,145.14,143.25,145.06,144.24,144.21,144.2,144.06,144.04,142.24,142.25,142.27,142.28,143.17,07/27/2022 17:00,143.8125,0,0.0,143.8125,142.8125,141.8125,0.0
2022-07-29 13:30:00,144.03,145.14,143.25,145.06,144.24,144.21,144.2,144.06,144.04,142.24,142.25,142.27,142.28,143.17,07/27/2022 17:00,143.8125,0,0.0,143.8125,142.8125,141.8125,0.0
2022-07-29 13:30:00,144.03,145.14,143.25,145.06,144.24,144.21,144.2,144.06,144.04,142.24,142.25,142.27,142.28,143.17,07/27/2022 17:00,143.8125,0,0.0,143.8125,142.8125,141.8125,0.0
2022-07-29 13:30:00,144.03,145.14,143.25,145.06,144.24,144.21,144.2,144.06,144.04,142.24,142.25,142.27,142.28,143.17,07/27/2022 17:00,143.8125,0,0.0,143.8125,142.8125,141.8125,0.0
2022-07-29 13:30:00,144.03,145.14,143.25,145.06,144.24,144.21,144.2,144.06,144.04,142.24,142.25,142.27,142.28,143.17,07/27/2022 17:00,143.8125,0,0.0,143.8125,142.8125,141.8125,0.0
2022-07-29 13:30:00,144.03,145.14,143.25,145.06,144.24,144.21,144.2,144.06,144.04,142.24,142.25,142.27,142.28,143.17,07/27/2022 17:00,143.8125,0,0.0,143.8125,142.8125,141.8125,0.0
2022-07-29 13:30:00,144.03,145.14,143.25,145.06,144.24,144.21,144.2,144.06,144.04,142.24,142.25,142.27,142.28,143.17,07/27/2022 17:00,143.8125,0,0.0,143.8125,142.8125,141.8125,0.0
2022-07-29 13:30:00,144.03,145.14,143.25,145.06,144.24,144.21,144.2,144.06,144.04,142.24,142.25,142.27,142.28,143.17,07/27/2022 17:00,143.8125,0,0.0,143.8125,142.8125,141.8125,0.0
2022-07-29 13:30:00,144.03,145.14,143.25,145.06,144.24,144.21,144.2,144.06,144.04,142.24,142.25,142.27,142.28,143.17,07/27/2022 17:00,143.8125,0,0.0,143.8125,142.8125,141.8125,0.0
2022-07-29 13:30:00,144.03,145.14,143.25,145.06,144.24,144.21,144.2,144.06,144.04,142.24,142.25,142.27,142.28,143.17,07/27/2022 17:00,143.8125,0,0.0,143.8125,142.8125,141.8125,0.0
2022-07-29 13:30:00,144.03,145.14,143.25,145.06,144.24,144.21,144.2,144.06,144.04,142.24,142.25,142.27,142.28,143.17,07/27/2022 17:00,143.8125,0,0.0,143.8125,142.8125,141.8125,0.0
2022-07-31 18:30:00,145.06,145.16,144.13,144.26,145.13,145.1,145.09,145.07,145.07,145.0,145.0,145.04,145.04,145.05,07/29/2022 17:00,145.0,0,0.0,145.0,144.0,143.0,146.23
2022-07-31 22:30:00,144.26,144.26,144.14,144.18,145.07,145.06,145.06,145.0,144.31,144.21,144.24,144.24,144.24,144.25,0,0.0,0,0.0,0.0,0.0,0.0,0.0
2022-08-01 02:30:00,144.19,144.22,144.11,144.17,145.0,144.31,144.24,144.21,144.2,142.27,142.28,143.14,143.17,143.25,0,0.0,0,0.0,0.0,0.0,0.0,0.0
2022-08-01 06:30:00,144.17,144.26,144.04,144.2,145.0,144.31,144.24,144.21,144.2,142.27,142.28,143.14,143.17,143.25,0,0.0,0,0.0,0.0,0.0,0.0,0.0
2022-08-01 10:30:00,144.2,145.27,144.01,145.25,145.06,145.0,144.31,144.24,144.21,142.27,142.28,143.14,143.17,143.25,07/29/2022 17:00,145.0,0,0.0,145.0,144.0,143.0,146.23
2022-08-01 10:30:00,144.2,145.27,144.01,145.25,145.06,145.0,144.31,144.24,144.21,142.27,142.28,143.14,143.17,143.25,07/29/2022 17:00,145.0,0,0.0,145.0,144.0,143.0,146.23
2022-08-01 10:30:00,144.2,145.27,144.01,145.25,145.06,145.0,144.31,144.24,144.21,142.27,142.28,143.14,143.17,143.25,07/29/2022 17:00,145.0,0,0.0,145.0,144.0,143.0,146.23
2022-08-01 10:30:00,144.2,145.27,144.01,145.25,145.06,145.0,144.31,144.24,144.21,142.27,142.28,143.14,143.17,143.25,07/29/2022 17:00,145.0,0,0.0,145.0,144.0,143.0,146.23
2022-08-01 10:30:00,144.2,145.27,144.01,145.25,145.06,145.0,144.31,144.24,144.21,142.27,142.28,143.14,143.17,143.25,07/29/2022 17:00,145.0,0,0.0,145.0,144.0,143.0,146.23
2022-08-01 10:30:00,144.2,145.27,144.01,145.25,145.06,145.0,144.31,144.24,144.21,142.27,142.28,143.14,143.17,143.25,07/29/2022 17:00,145.0,0,0.0,145.0,144.0,143.0,146.23
2022-08-01 14:30:00,145.25,146.04,145.12,145.21,146.1,146.1,146.09,146.03,146.0,145.07,145.09,145.1,145.13,145.16,07/29/2022 17:00,145.0,0,0.0,145.0,144.0,143.0,146.23
2022-08-01 14:30:00,145.25,146.04,145.12,145.21,146.1,146.1,146.09,146.03,146.0,145.07,145.09,145.1,145.13,145.16,07/29/2022 17:00,145.0,0,0.0,145.0,144.0,143.0,146.23
2022-08-01 14:30:00,145.25,146.04,145.12,145.21,146.1,146.1,146.09,146.03,146.0,145.07,145.09,145.1,145.13,145.16,07/29/2022 17:00,145.0,0,0.0,145.0,144.0,143.0,146.23
2022-08-01 19:30:00,145.21,146.08,145.2,146.07,146.1,146.1,146.09,146.03,146.0,145.07,145.09,145.1,145.13,145.16,08/01/2022 17:00,145.78125,0,0.0,145.78125,144.78125,143.78125,0.0
2022-08-01 19:30:00,145.21,146.08,145.2,146.07,146.1,146.1,146.09,146.03,146.0,145.07,145.09,145.1,145.13,145.16,08/01/2022 17:00,145.78125,0,0.0,145.78125,144.78125,143.78125,0.0
2022-08-01 23:30:00,146.06,147.03,146.04,146.13,146.15,146.12,146.1,146.1,146.09,145.1,145.13,145.16,146.0,146.03,08/01/2022 17:00,145.78125,0,0.0,145.78125,144.78125,143.78125,0.0
2022-08-01 23:30:00,146.06,147.03,146.04,146.13,146.15,146.12,146.1,146.1,146.09,145.1,145.13,145.16,146.0,146.03,08/01/2022 17:00,145.78125,0,0.0,145.78125,144.78125,143.78125,0.0
2022-08-02 03:30:00,146.14,146.3,146.1,146.23,146.25,146.21,146.19,146.17,146.15,146.0,146.03,146.09,146.1,146.1,08/01/2022 17:00,145.78125,0,0.0,145.78125,144.78125,143.78125,0.0
2022-08-02 03:30:00,146.14,146.3,146.1,146.23,146.25,146.21,146.19,146.17,146.15,146.0,146.03,146.09,146.1,146.1,08/01/2022 17:00,145.78125,0,0.0,145.78125,144.78125,143.78125,0.0
2022-08-02 07:30:00,146.23,147.03,146.08,146.15,147.07,146.31,146.31,146.29,146.25,146.09,146.1,146.1,146.15,146.21,0,0.0,0,0.0,0.0,0.0,0.0,0.0
2022-08-02 11:30:00,146.14,147.01,144.22,145.02,146.31,146.31,146.29,146.25,146.15,146.03,146.04,146.09,146.1,146.1,0,0.0,0,0.0,0.0,0.0,0.0,0.0
2022-08-02 15:30:00,145.02,145.07,143.27,143.28,146.0,145.2,145.16,145.12,145.06,142.28,143.14,143.17,143.25,144.01,0,0.0,0,0.0,0.0,0.0,0.0,0.0
2022-08-02 20:30:00,143.27,144.02,143.13,143.31,145.2,145.16,145.12,145.06,144.01,142.27,142.28,143.14,143.17,143.25,0,0.0,0,0.0,0.0,0.0,0.0,0.0
2022-08-03 00:30:00,143.31,144.14,143.29,144.11,145.2,145.16,145.12,145.06,144.01,142.27,142.28,143.14,143.17,143.25,0,0.0,08/02/2022 17:00,145.0,145.0,146.0,147.0,0.0
2022-08-03 04:30:00,144.1,144.13,143.14,143.25,145.2,145.16,145.12,145.07,145.06,142.28,143.14,143.17,143.25,144.01,0,0.0,0,0.0,0.0,0.0,0.0,0.0
2022-08-03 08:30:00,143.25,143.29,143.0,143.03,145.2,145.16,145.12,145.07,145.06,142.27,142.28,143.13,143.14,143.17,0,0.0,0,0.0,0.0,0.0,0.0,0.0
2022-08-03 12:30:00,143.03,143.27,142.09,143.18,144.14,143.25,143.17,143.14,143.13,142.21,142.24,142.25,142.27,142.28,0,0.0,08/02/2022 17:00,145.0,145.0,146.0,147.0,0.0
2022-08-03 12:30:00,143.03,143.27,142.09,143.18,144.14,143.25,143.17,143.14,143.13,142.21,142.24,142.25,142.27,142.28,0,0.0,08/02/2022 17:00,145.0,145.0,146.0,147.0,0.0
2022-08-03 16:30:00,143.17,144.25,143.14,144.17,145.07,145.06,144.14,144.13,143.25,142.25,142.27,142.28,143.13,143.14,0,0.0,08/02/2022 17:00,145.0,145.0,146.0,147.0,0.0
2022-08-03 16:30:00,143.17,144.25,143.14,144.17,145.07,145.06,144.14,144.13,143.25,142.25,142.27,142.28,143.13,143.14,0,0.0,08/02/2022 17:00,145.0,145.0,146.0,147.0,0.0
2022-08-03 16:30:00,143.17,144.25,143.14,144.17,145.07,145.06,144.14,144.13,143.25,142.25,142.27,142.28,143.13,143.14,0,0.0,08/02/2022 17:00,145.0,145.0,146.0,147.0,0.0
2022-08-03 21:30:00,144.17,144.24,144.12,144.23,145.2,145.16,145.12,145.07,145.06,143.13,143.14,143.25,144.13,144.14,0,0.0,0,0.0,0.0,0.0,0.0,0.0
2022-08-04 01:30:00,144.24,144.24,144.13,144.15,145.2,145.16,145.12,145.07,145.06,143.13,143.14,143.25,144.13,144.14,0,0.0,0,0.0,0.0,0.0,0.0,0.0
2022-08-04 05:30:00,144.15,144.17,144.01,144.07,145.16,145.12,145.07,145.06,144.25,143.14,143.14,143.25,144.13,144.14,0,0.0,0,0.0,0.0,0.0,0.0,0.0
2022-08-04 09:30:00,144.07,145.12,144.03,144.19,145.07,145.06,144.25,144.14,144.13,142.28,143.13,143.14,143.14,143.25,0,0.0,0,0.0,0.0,0.0,0.0,0.0
2022-08-04 13:30:00,144.19,145.05,144.11,144.2,145.16,145.12,145.07,145.06,144.25,142.28,143.13,143.14,143.14,143.25,0,0.0,0,0.0,0.0,0.0,0.0,0.0
2022-08-04 18:30:00,144.2,145.04,144.11,144.17,145.16,145.12,145.07,145.06,144.25,143.13,143.14,143.14,143.25,144.01,0,0.0,0,0.0,0.0,0.0,0.0,0.0
2022-08-04 22:30:00,144.18,144.31,144.18,144.2,145.12,145.12,145.07,145.06,144.25,143.14,143.14,143.25,144.01,144.03,0,0.0,0,0.0,0.0,0.0,0.0,0.0
2022-08-05 02:30:00,144.2,144.25,144.14,144.24,145.12,145.07,145.06,145.05,144.25,143.14,143.14,143.25,144.01,144.03,0,0.0,0,0.0,0.0,0.0,0.0,0.0
2022-08-05 06:30:00,144.24,144.25,144.14,144.15,145.07,145.06,145.05,145.04,144.25,143.14,143.25,144.01,144.03,144.11,0,0.0,0,0.0,0.0,0.0,0.0,0.0
2022-08-05 10:30:00,144.16,144.21,141.3,142.05,145.06,145.05,145.04,144.31,144.25,143.14,143.25,144.01,144.03,144.11,0,0.0,0,0.0,0.0,0.0,0.0,0.0
2022-08-05 14:30:00,142.05,142.16,141.23,142.12,142.24,142.21,142.14,142.11,142.09,141.18,141.2,141.25,142.03,142.04,0,0.0,08/02/2022 17:00,145.0,145.0,146.0,147.0,0.0
2022-08-05 14:30:00,142.05,142.16,141.23,142.12,142.24,142.21,142.14,142.11,142.09,141.18,141.2,141.25,142.03,142.04,0,0.0,08/02/2022 17:00,145.0,145.0,146.0,147.0,0.0
2022-08-07 19:30:00,142.12,142.19,142.04,142.12,142.28,142.25,142.24,142.21,142.14,141.25,142.03,142.04,142.09,142.11,0,0.0,0,0.0,0.0,0.0,0.0,0.0
2022-08-07 23:30:00,142.12,142.2,142.04,142.18,142.28,142.25,142.24,142.21,142.14,141.25,142.03,142.04,142.09,142.11,0,0.0,08/05/2022 17:00,143.8125,143.8125,144.8125,145.8125,0.0
2022-08-08 03:30:00,142.18,142.26,142.12,142.25,143.14,142.28,142.25,142.24,142.21,142.03,142.04,142.09,142.11,142.14,0,0.0,08/05/2022 17:00,143.8125,143.8125,144.8125,145.8125,0.0
2022-08-08 07:30:00,142.26,143.03,142.24,142.31,144.11,144.03,144.01,143.14,142.28,142.11,142.14,142.21,142.24,142.25,0,0.0,08/05/2022 17:00,143.8125,143.8125,144.8125,145.8125,0.0
2022-08-08 07:30:00,142.26,143.03,142.24,142.31,144.11,144.03,144.01,143.14,142.28,142.11,142.14,142.21,142.24,142.25,0,0.0,08/05/2022 17:00,143.8125,143.8125,144.8125,145.8125,0.0
2022-08-08 07:30:00,142.26,143.03,142.24,142.31,144.11,144.03,144.01,143.14,142.28,142.11,142.14,142.21,142.24,142.25,0,0.0,08/05/2022 17:00,143.8125,143.8125,144.8125,145.8125,0.0
2022-08-08 11:30:00,143.0,143.21,142.28,143.1,144.21,144.11,144.03,144.01,143.14,142.14,142.21,142.24,142.25,142.28,0,0.0,0,0.0,0.0,0.0,0.0,0.0
2022-08-08 15:30:00,143.1,143.24,143.1,143.22,144.21,144.11,144.03,144.01,143.14,142.14,142.21,142.24,142.25,142.28,0,0.0,08/05/2022 17:00,143.8125,143.8125,144.8125,145.8125,0.0
2022-08-08 20:30:00,143.21,144.01,143.21,143.28,144.25,144.21,144.11,144.03,144.01,142.24,142.24,142.25,142.28,143.14,0,0.0,0,0.0,0.0,0.0,0.0,0.0
2022-08-09 00:30:00,143.28,143.31,143.24,143.27,144.25,144.21,144.11,144.03,144.01,142.24,142.25,142.28,142.28,143.14,0,0.0,0,0.0,0.0,0.0,0.0,0.0
2022-08-09 04:30:00,143.26,143.3,143.11,143.19,144.25,144.21,144.11,144.03,144.01,142.25,142.28,142.28,143.1,143.14,0,0.0,0,0.0,0.0,0.0,0.0,0.0
2022-08-09 08:30:00,143.19,143.19,142.3,143.06,144.21,144.11,144.03,144.01,144.01,142.25,142.28,142.28,143.1,143.14,0,0.0,0,0.0,0.0,0.0,0.0,0.0
2022-08-09 12:30:00,143.05,143.26,143.03,143.19,144.03,144.01,144.01,143.31,143.1,142.24,142.24,142.25,142.28,142.28,08/08/2022 17:00,143.4375,0,0.0,143.4375,142.4375,141.4375,0.0
2022-08-09 16:30:00,143.19,143.25,143.13,143.24,144.03,144.01,144.01,143.31,143.3,142.24,142.25,142.28,142.28,143.1,0,0.0,0,0.0,0.0,0.0,0.0,0.0
2022-08-09 21:30:00,143.24,143.26,143.17,143.24,144.03,144.01,144.01,143.31,143.3,142.25,142.28,142.28,142.3,143.1,0,0.0,0,0.0,0.0,0.0,0.0,0.0
2022-08-10 01:30:00,143.23,143.26,143.14,143.16,144.03,144.01,144.01,143.31,143.3,142.28,142.28,142.3,143.03,143.1,0,0.0,0,0.0,0.0,0.0,0.0,0.0
2022-08-10 05:30:00,143.16,144.01,143.1,144.0,144.03,144.01,144.01,143.31,143.3,142.28,142.3,143.03,143.1,143.13,08/08/2022 17:00,143.4375,0,0.0,143.4375,142.4375,141.4375,0.0
2022-08-10 05:30:00,143.16,144.01,143.1,144.0,144.03,144.01,144.01,143.31,143.3,142.28,142.3,143.03,143.1,143.13,08/08/2022 17:00,143.4375,0,0.0,143.4375,142.4375,141.4375,0.0
2022-08-10 09:30:00,144.01,145.06,143.06,143.22,144.25,144.25,144.21,144.11,144.03,143.03,143.1,143.13,143.3,143.31,0,0.0,0,0.0,0.0,0.0,0.0,0.0
2022-08-10 13:30:00,143.23,144.19,143.08,143.14,144.03,144.01,144.01,143.31,143.3,142.28,142.3,143.03,143.1,143.13,0,0.0,0,0.0,0.0,0.0,0.0,0.0
2022-08-10 18:30:00,143.13,143.14,142.27,143.06,144.03,144.01,144.01,143.31,143.3,142.28,142.28,142.3,143.03,143.1,0,0.0,0,0.0,0.0,0.0,0.0,0.0
2022-08-10 22:30:00,143.06,143.09,142.31,143.0,144.01,144.01,143.31,143.3,143.13,142.25,142.28,142.28,142.3,143.03,0,0.0,0,0.0,0.0,0.0,0.0,0.0
2022-08-11 02:30:00,142.31,143.0,142.22,143.0,144.01,143.31,143.3,143.13,143.03,142.24,142.25,142.28,142.28,142.3,0,0.0,0,0.0,0.0,0.0,0.0,0.0
2022-08-11 06:30:00,143.0,143.09,142.31,143.07,143.31,143.3,143.14,143.13,143.03,142.24,142.25,142.28,142.28,142.3,08/08/2022 17:00,143.4375,0,0.0,143.4375,142.4375,141.4375,0.0
2022-08-11 10:30:00,143.08,143.31,142.03,142.06,144.01,143.31,143.3,143.14,143.13,142.25,142.28,142.28,142.3,143.03,0,0.0,0,0.0,0.0,0.0,0.0,0.0
2022-08-11 14:30:00,142.06,142.07,140.3,140.31,143.13,142.3,142.28,142.24,142.12,141.23,141.25,142.03,142.04,142.04,0,0.0,0,0.0,0.0,0.0,0.0,0.0
2022-08-11 19:30:00,140.31,141.11,140.28,141.01,141.18,141.16,141.14,141.11,141.02,140.15,140.15,140.21,140.21,140.29,0,0.0,0,0.0,0.0,0.0,0.0,0.0
2022-08-11 23:30:00,141.01,141.11,140.26,141.1,141.18,141.16,141.14,141.11,141.02,140.15,140.15,140.21,140.21,140.29,0,0.0,0,0.0,0.0,0.0,0.0,0.0
2022-08-12 03:30:00,141.09,141.16,140.3,140.3,141.18,141.18,141.16,141.14,141.11,140.15,140.15,140.21,140.21,140.29,0,0.0,0,0.0,0.0,0.0,0.0,0.0
2022-08-12 07:30:00,140.29,141.13,140.2,141.05,141.18,141.18,141.16,141.14,141.11,140.13,140.15,140.15,140.21,140.21,0,0.0,0,0.0,0.0,0.0,0.0,0.0
2022-08-12 11:30:00,141.05,141.24,141.03,141.2,141.18,141.18,141.16,141.14,141.11,140.15,140.15,140.21,140.21,140.29,0,0.0,08/11/2022 17:00,141.78125,141.78125,142.78125,143.78125,0.0
2022-08-12 11:30:00,141.05,141.24,141.03,141.2,141.18,141.18,141.16,141.14,141.11,140.15,140.15,140.21,140.21,140.29,0,0.0,08/11/2022 17:00,141.78125,141.78125,142.78125,143.78125,0.0
2022-08-12 15:30:00,141.2,141.26,141.11,141.25,142.04,142.04,142.03,141.25,141.23,140.21,140.21,140.29,141.11,141.18,0,0.0,08/11/2022 17:00,141.78125,141.78125,142.78125,143.78125,0.0
2022-08-14 20:30:00,141.24,142.0,141.23,141.27,142.07,142.04,142.04,142.03,141.25,140.21,140.29,141.11,141.18,141.23,0,0.0,0,0.0,0.0,0.0,0.0,0.0
2022-08-15 00:30:00,141.28,142.0,141.21,141.3,142.12,142.07,142.04,142.04,142.03,140.29,141.03,141.11,141.18,141.23,0,0.0,0,0.0,0.0,0.0,0.0,0.0
2022-08-15 04:30:00,141.3,142.01,141.17,141.28,142.12,142.07,142.04,142.04,142.03,141.03,141.11,141.11,141.18,141.23,0,0.0,0,0.0,0.0,0.0,0.0,0.0
2022-08-15 08:30:00,141.28,142.25,141.28,142.23,142.12,142.07,142.04,142.04,142.03,141.03,141.11,141.11,141.18,141.23,08/12/2022 17:00,141.5625,0,0.0,141.5625,140.5625,139.5625,0.0
2022-08-15 08:30:00,141.28,142.25,141.28,142.23,142.12,142.07,142.04,142.04,142.03,141.03,141.11,141.11,141.18,141.23,08/12/2022 17:00,141.5625,0,0.0,141.5625,140.5625,139.5625,0.0
2022-08-15 12:30:00,142.23,143.07,142.14,142.24,143.14,143.13,142.3,142.28,142.24,142.03,142.04,142.04,142.07,142.12,08/12/2022 17:00,141.5625,0,0.0,141.5625,140.5625,139.5625,0.0
2022-08-15 12:30:00,142.23,143.07,142.14,142.24,143.14,143.13,142.3,142.28,142.24,142.03,142.04,142.04,142.07,142.12,08/12/2022 17:00,141.5625,0,0.0,141.5625,140.5625,139.5625,0.0
2022-08-15 16:30:00,142.25,142.27,142.13,142.17,143.3,143.14,143.13,142.3,142.28,142.04,142.04,142.07,142.12,142.24,08/12/2022 17:00,141.5625,0,0.0,141.5625,140.5625,139.5625,0.0
2022-08-15 21:30:00,142.17,142.28,142.17,142.22,143.14,143.13,142.3,142.28,142.24,142.03,142.04,142.04,142.07,142.12,0,0.0,0,0.0,0.0,0.0,0.0,0.0
2022-08-16 01:30:00,142.22,142.29,142.18,142.27,143.13,143.07,142.3,142.28,142.24,142.03,142.04,142.04,142.07,142.12,08/15/2022 17:00,141.78125,0,0.0,141.78125,140.78125,139.78125,0.0
2022-08-16 05:30:00,142.27,142.31,142.13,142.13,143.14,143.13,143.07,142.3,142.28,142.04,142.07,142.12,142.13,142.24,0,0.0,0,0.0,0.0,0.0,0.0,0.0
2022-08-16 09:30:00,142.13,142.22,141.28,142.04,143.14,143.13,143.07,142.3,142.28,142.03,142.04,142.04,142.07,142.12,0,0.0,0,0.0,0.0,0.0,0.0,0.0
2022-08-16 13:30:00,142.05,142.08,141.07,142.07,143.07,142.3,142.28,142.13,142.07,141.23,141.28,142.03,142.04,142.04,0,0.0,0,0.0,0.0,0.0,0.0,0.0
2022-08-16 18:30:00,142.06,142.2,142.05,142.16,142.31,142.3,142.28,142.13,142.07,141.23,141.28,142.03,142.04,142.04,08/15/2022 17:00,141.78125,0,0.0,141.78125,140.78125,139.78125,0.0
2022-08-16 22:30:00,142.15,142.19,142.09,142.16,143.07,142.31,142.3,142.28,142.22,141.28,142.03,142.04,142.04,142.13,0,0.0,0,0.0,0.0,0.0,0.0,0.0
2022-08-17 02:30:00,142.15,142.18,142.05,142.06,143.07,142.31,142.3,142.28,142.22,141.28,142.03,142.04,142.04,142.13,0,0.0,0,0.0,0.0,0.0,0.0,0.0
2022-08-17 06:30:00,142.06,142.11,141.17,141.2,142.31,142.3,142.28,142.22,142.2,141.23,141.28,142.03,142.04,142.04,0,0.0,0,0.0,0.0,0.0,0.0,0.0
2022-08-17 10:30:00,141.2,141.28,141.03,141.15,142.28,142.22,142.2,142.19,141.28,141.07,141.11,141.11,141.17,141.18,0,0.0,0,0.0,0.0,0.0,0.0,0.0
2022-08-17 14:30:00,141.15,141.21,141.0,141.2,142.2,142.19,142.18,141.28,141.17,140.29,141.03,141.07,141.11,141.11,08/15/2022 17:00,141.78125,0,0.0,141.78125,140.78125,139.78125,0.0
2022-08-17 19:30:00,141.2,141.23,141.05,141.06,142.2,142.19,142.18,142.11,141.28,141.03,141.07,141.11,141.11,141.17,0,0.0,0,0.0,0.0,0.0,0.0,0.0
2022-08-17 23:30:00,141.06,141.24,141.06,141.21,142.11,141.28,141.28,141.11,141.07,140.2,140.21,140.21,140.29,141.03,0,0.0,08/17/2022 17:00,141.5625,141.5625,142.5625,143.5625,0.0
2022-08-17 23:30:00,141.06,141.24,141.06,141.21,142.11,141.28,141.28,141.11,141.07,140.2,140.21,140.21,140.29,141.03,0,0.0,08/17/2022 17:00,141.5625,141.5625,142.5625,143.5625,0.0
2022-08-18 03:30:00,141.22,141.24,141.03,141.17,142.19,142.18,142.11,141.28,141.28,140.29,141.0,141.03,141.07,141.11,0,0.0,0,0.0,0.0,0.0,0.0,0.0
2022-08-18 07:30:00,141.17,141.27,141.09,141.22,142.19,142.18,142.11,141.28,141.28,140.29,141.0,141.03,141.07,141.11,0,0.0,0,0.0,0.0,0.0,0.0,0.0
2022-08-18 11:30:00,141.22,142.09,141.11,141.3,142.19,142.18,142.11,141.28,141.28,140.29,141.0,141.03,141.07,141.11,0,0.0,08/17/2022 17:00,141.5625,141.5625,142.5625,143.5625,0.0
2022-08-18 11:30:00,141.22,142.09,141.11,141.3,142.19,142.18,142.11,141.28,141.28,140.29,141.0,141.03,141.07,141.11,0,0.0,08/17/2022 17:00,141.5625,141.5625,142.5625,143.5625,0.0
2022-08-18 15:30:00,141.31,141.31,141.13,141.2,142.22,142.2,142.19,142.18,142.11,141.03,141.07,141.11,141.28,141.28,0,0.0,0,0.0,0.0,0.0,0.0,0.0
2022-08-18 20:30:00,141.19,141.22,141.12,141.14,142.2,142.19,142.18,142.11,141.28,141.03,141.03,141.07,141.09,141.11,0,0.0,0,0.0,0.0,0.0,0.0,0.0
2022-08-19 00:30:00,141.13,141.16,141.0,141.04,142.19,142.18,142.11,142.09,141.28,141.03,141.07,141.09,141.11,141.11,0,0.0,0,0.0,0.0,0.0,0.0,0.0
2022-08-19 04:30:00,141.03,141.07,140.16,140.22,142.09,141.31,141.28,141.11,141.09,140.2,140.21,140.21,140.29,141.0,0,0.0,0,0.0,0.0,0.0,0.0,0.0
2022-08-19 08:30:00,140.23,140.3,139.3,140.02,141.09,141.03,141.03,141.0,140.29,140.15,140.15,140.2,140.21,140.21,0,0.0,0,0.0,0.0,0.0,0.0,0.0
2022-08-19 12:30:00,140.01,140.06,139.11,139.21,140.2,140.15,140.13,140.12,140.1,139.05,139.13,139.14,139.15,139.16,0,0.0,0,0.0,0.0,0.0,0.0,0.0
2022-08-19 16:30:00,139.21,139.27,139.17,139.25,140.15,140.13,140.12,140.1,140.01,139.05,139.13,139.14,139.15,139.16,0,0.0,0,0.0,0.0,0.0,0.0,0.0
2022-08-21 21:30:00,139.26,139.28,139.12,139.17,140.15,140.13,140.12,140.1,140.01,139.05,139.13,139.14,139.15,139.16,0,0.0,0,0.0,0.0,0.0,0.0,0.0
2022-08-22 01:30:00,139.18,139.25,139.16,139.23,140.13,140.12,140.1,140.06,140.01,139.11,139.13,139.14,139.15,139.16,0,0.0,0,0.0,0.0,0.0,0.0,0.0
2022-08-22 05:30:00,139.23,140.08,139.2,139.25,140.13,140.12,140.1,140.06,140.01,139.11,139.13,139.14,139.15,139.16,0,0.0,0,0.0,0.0,0.0,0.0,0.0
2022-08-22 09:30:00,139.25,139.31,139.12,139.17,140.13,140.12,140.1,140.06,140.01,139.12,139.13,139.14,139.15,139.16,0,0.0,0,0.0,0.0,0.0,0.0,0.0
2022-08-22 13:30:00,139.17,139.2,138.29,139.04,140.13,140.12,140.1,140.06,140.01,139.12,139.13,139.14,139.15,139.16,0,0.0,0,0.0,0.0,0.0,0.0,0.0
2022-08-22 18:30:00,139.04,139.11,138.31,139.06,140.06,140.01,139.12,139.11,139.05,138.27,138.29,138.3,139.0,139.03,0,0.0,08/19/2022 17:00,140.625,140.625,141.625,142.625,0.0
2022-08-22 22:30:00,139.06,139.1,139.03,139.07,140.06,140.01,139.31,139.12,139.11,138.29,138.3,139.0,139.03,139.05,0,0.0,0,0.0,0.0,0.0,0.0,0.0
2022-08-23 02:30:00,139.07,139.16,139.05,139.15,140.01,139.31,139.2,139.12,139.11,138.29,138.3,139.0,139.03,139.05,0,0.0,08/19/2022 17:00,140.625,140.625,141.625,142.625,0.0
2022-08-23 06:30:00,139.15,139.26,139.04,139.05,140.08,140.06,140.01,139.31,139.2,139.0,139.03,139.05,139.11,139.12,0,0.0,0,0.0,0.0,0.0,0.0,0.0
2022-08-23 10:30:00,139.06,139.18,138.07,139.04,140.08,140.06,140.01,139.31,139.2,138.31,139.0,139.03,139.03,139.05,0,0.0,0,0.0,0.0,0.0,0.0,0.0
2022-08-23 14:30:00,139.04,139.2,138.2,138.21,140.08,140.06,140.01,139.31,139.2,138.3,138.31,139.0,139.03,139.03,0,0.0,0,0.0,0.0,0.0,0.0,0.0
2022-08-23 19:30:00,138.21,138.23,138.12,138.18,138.31,138.29,138.27,138.22,138.22,137.28,138.0,138.06,138.1,138.16,0,0.0,0,0.0,0.0,0.0,0.0,0.0
2022-08-23 23:30:00,138.17,138.25,138.15,138.21,138.31,138.29,138.27,138.22,138.22,138.0,138.06,138.07,138.1,138.16,0,0.0,0,0.0,0.0,0.0,0.0,0.0
2022-08-24 03:30:00,138.21,138.3,138.1,138.15,138.31,138.29,138.27,138.22,138.22,138.0,138.06,138.07,138.1,138.16,0,0.0,0,0.0,0.0,0.0,0.0,0.0
2022-08-24 07:30:00,138.14,139.0,138.14,138.15,138.29,138.27,138.22,138.22,138.16,137.28,138.0,138.06,138.07,138.1,0,0.0,0,0.0,0.0,0.0,0.0,0.0
2022-08-24 11:30:00,138.16,138.27,137.11,137.26,138.31,138.29,138.27,138.22,138.22,137.28,138.0,138.06,138.07,138.1,0,0.0,0,0.0,0.0,0.0,0.0,0.0
2022-08-24 15:30:00,137.25,137.25,137.09,137.17,138.16,138.1,138.07,138.0,137.28,137.08,137.1,137.11,137.21,137.22,0,0.0,0,0.0,0.0,0.0,0.0,0.0
2022-08-24 20:30:00,137.16,137.21,137.15,137.18,138.07,138.0,137.28,137.22,137.21,136.28,136.29,137.08,137.1,137.11,0,0.0,0,0.0,0.0,0.0,0.0,0.0
2022-08-25 00:30:00,137.18,137.24,137.16,137.21,138.07,138.0,137.28,137.22,137.21,136.28,136.29,137.08,137.1,137.11,0,0.0,0,0.0,0.0,0.0,0.0,0.0
2022-08-25 04:30:00,137.21,137.3,137.12,137.22,138.07,138.0,137.28,137.25,137.22,136.29,137.08,137.09,137.1,137.11,0,0.0,08/24/2022 17:00,137.6875,137.6875,138.6875,139.6875,0.0
2022-08-25 08:30:00,137.23,138.0,137.12,137.14,138.1,138.07,138.0,137.28,137.25,137.09,137.1,137.11,137.21,137.22,0,0.0,0,0.0,0.0,0.0,0.0,0.0
2022-08-25 12:30:00,137.15,138.13,137.04,138.11,138.07,138.0,137.28,137.25,137.22,136.29,137.08,137.09,137.1,137.11,0,0.0,08/24/2022 17:00,137.6875,137.6875,138.6875,139.6875,0.0
2022-08-25 12:30:00,137.15,138.13,137.04,138.11,138.07,138.0,137.28,137.25,137.22,136.29,137.08,137.09,137.1,137.11,0,0.0,08/24/2022 17:00,137.6875,137.6875,138.6875,139.6875,0.0
2022-08-25 12:30:00,137.15,138.13,137.04,138.11,138.07,138.0,137.28,137.25,137.22,136.29,137.08,137.09,137.1,137.11,0,0.0,08/24/2022 17:00,137.6875,137.6875,138.6875,139.6875,0.0
2022-08-25 12:30:00,137.15,138.13,137.04,138.11,138.07,138.0,137.28,137.25,137.22,136.29,137.08,137.09,137.1,137.11,0,0.0,08/24/2022 17:00,137.6875,137.6875,138.6875,139.6875,0.0
2022-08-25 12:30:00,137.15,138.13,137.04,138.11,138.07,138.0,137.28,137.25,137.22,136.29,137.08,137.09,137.1,137.11,0,0.0,08/24/2022 17:00,137.6875,137.6875,138.6875,139.6875,0.0
2022-08-25 12:30:00,137.15,138.13,137.04,138.11,138.07,138.0,137.28,137.25,137.22,136.29,137.08,137.09,137.1,137.11,0,0.0,08/24/2022 17:00,137.6875,137.6875,138.6875,139.6875,0.0
2022-08-25 16:30:00,138.11,139.01,138.08,138.26,138.27,138.27,138.22,138.22,138.16,137.25,137.28,138.0,138.07,138.1,0,0.0,08/24/2022 17:00,137.6875,137.6875,138.6875,139.6875,0.0
2022-08-25 16:30:00,138.11,139.01,138.08,138.26,138.27,138.27,138.22,138.22,138.16,137.25,137.28,138.0,138.07,138.1,0,0.0,08/24/2022 17:00,137.6875,137.6875,138.6875,139.6875,0.0
2022-08-25 21:30:00,138.25,138.28,138.18,138.18,139.0,138.31,138.29,138.27,138.27,138.0,138.07,138.1,138.16,138.22,0,0.0,0,0.0,0.0,0.0,0.0,0.0
2022-08-26 01:30:00,138.18,138.19,138.1,138.12,139.0,138.31,138.29,138.27,138.27,137.28,138.0,138.07,138.1,138.16,0,0.0,0,0.0,0.0,0.0,0.0,0.0
2022-08-26 05:30:00,138.12,138.14,137.3,138.01,139.0,138.31,138.29,138.27,138.27,137.28,138.0,138.07,138.08,138.1,0,0.0,0,0.0,0.0,0.0,0.0,0.0
2022-08-26 09:30:00,138.02,138.27,137.3,138.08,138.29,138.28,138.27,138.27,138.08,137.11,137.22,137.25,137.28,138.0,0,0.0,0,0.0,0.0,0.0,0.0,0.0
2022-08-26 13:30:00,138.08,139.12,137.3,138.23,138.31,138.29,138.28,138.27,138.27,137.11,137.22,137.25,137.28,138.0,08/25/2022 17:00,137.6875,0,0.0,137.6875,136.6875,135.6875,0.0
2022-08-28 18:30:00,138.22,139.02,138.17,138.21,138.31,138.29,138.28,138.27,138.27,137.22,137.25,137.28,138.0,138.08,0,0.0,0,0.0,0.0,0.0,0.0,0.0
2022-08-28 22:30:00,138.21,138.24,137.28,138.01,138.31,138.29,138.28,138.27,138.27,137.22,137.25,137.28,138.0,138.08,0,0.0,0,0.0,0.0,0.0,0.0,0.0
2022-08-29 02:30:00,138.01,138.03,137.2,137.28,138.31,138.29,138.28,138.27,138.27,137.11,137.22,137.25,137.28,138.0,0,0.0,0,0.0,0.0,0.0,0.0,0.0
2022-08-29 06:30:00,137.27,137.28,137.15,137.24,138.29,138.28,138.27,138.27,137.28,137.09,137.1,137.11,137.22,137.25,0,0.0,0,0.0,0.0,0.0,0.0,0.0
2022-08-29 10:30:00,137.24,138.07,137.2,137.21,138.28,138.27,138.27,138.24,137.25,137.08,137.09,137.1,137.11,137.22,0,0.0,0,0.0,0.0,0.0,0.0,0.0
2022-08-29 14:30:00,137.21,137.29,137.13,137.21,138.28,138.27,138.27,138.24,137.25,137.04,137.08,137.09,137.1,137.11,0,0.0,0,0.0,0.0,0.0,0.0,0.0
2022-08-29 19:30:00,137.21,137.31,137.19,137.3,138.28,138.27,138.27,138.24,137.25,137.04,137.08,137.09,137.1,137.11,0,0.0,0,0.0,0.0,0.0,0.0,0.0
2022-08-29 23:30:00,137.29,138.05,137.29,138.04,138.28,138.27,138.27,138.24,138.07,137.04,137.08,137.09,137.1,137.11,0,0.0,0,0.0,0.0,0.0,0.0,0.0
2022-08-30 03:30:00,138.04,138.14,137.27,137.31,138.28,138.27,138.27,138.24,138.07,137.08,137.09,137.1,137.11,137.13,0,0.0,0,0.0,0.0,0.0,0.0,0.0
2022-08-30 07:30:00,137.31,138.2,137.29,138.13,138.28,138.27,138.27,138.24,138.07,137.09,137.1,137.11,137.13,137.19,0,0.0,08/29/2022 17:00,137.875,137.875,138.875,139.875,0.0
2022-08-30 11:30:00,138.14,138.15,137.07,137.23,138.29,138.28,138.27,138.27,138.24,137.1,137.11,137.13,137.19,138.07,0,0.0,0,0.0,0.0,0.0,0.0,0.0
2022-08-30 15:30:00,137.23,138.0,137.2,137.29,138.28,138.27,138.27,138.24,138.07,137.09,137.1,137.11,137.13,137.19,0,0.0,0,0.0,0.0,0.0,0.0,0.0
2022-08-30 20:30:00,137.29,138.01,137.23,137.31,138.27,138.27,138.24,138.2,138.07,137.09,137.1,137.11,137.13,137.19,0,0.0,0,0.0,0.0,0.0,0.0,0.0
2022-08-31 00:30:00,137.31,138.0,137.24,137.26,138.27,138.24,138.2,138.15,138.07,137.09,137.1,137.11,137.13,137.19,0,0.0,0,0.0,0.0,0.0,0.0,0.0
2022-08-31 04:30:00,137.26,138.04,137.14,137.16,138.27,138.24,138.2,138.15,138.07,137.1,137.11,137.13,137.19,137.2,0,0.0,0,0.0,0.0,0.0,0.0,0.0
2022-08-31 08:30:00,137.16,137.21,137.01,137.15,138.2,138.15,138.07,137.2,137.19,137.08,137.09,137.1,137.11,137.13,0,0.0,0,0.0,0.0,0.0,0.0,0.0
2022-08-31 12:30:00,137.15,138.0,137.09,137.21,138.2,138.15,138.07,137.2,137.19,137.08,137.09,137.1,137.11,137.13,0,0.0,08/29/2022 17:00,137.875,137.875,138.875,139.875,0.0
2022-08-31 12:30:00,137.15,138.0,137.09,137.21,138.2,138.15,138.07,137.2,137.19,137.08,137.09,137.1,137.11,137.13,0,0.0,08/29/2022 17:00,137.875,137.875,138.875,139.875,0.0
2022-08-31 16:30:00,137.21,137.26,136.25,136.27,138.24,138.2,138.15,138.07,138.04,137.1,137.11,137.13,137.19,137.2,0,0.0,0,0.0,0.0,0.0,0.0,0.0
2022-08-31 21:30:00,136.27,136.27,136.09,136.11,137.09,137.07,137.04,136.29,136.28,136.08,136.17,136.17,136.22,136.22,0,0.0,0,0.0,0.0,0.0,0.0,0.0
2022-09-01 01:30:00,136.12,136.21,136.11,136.21,136.29,136.28,136.22,136.17,136.17,135.23,135.29,135.31,136.02,136.08,0,0.0,08/31/2022 17:00,137.6875,137.6875,138.6875,139.6875,0.0
2022-09-01 05:30:00,136.21,136.23,136.1,136.17,137.07,137.04,136.29,136.28,136.22,135.31,136.02,136.08,136.17,136.17,0,0.0,0,0.0,0.0,0.0,0.0,0.0
2022-09-01 09:30:00,136.18,136.23,135.12,135.14,137.04,136.29,136.28,136.27,136.22,136.02,136.08,136.09,136.17,136.17,0,0.0,0,0.0,0.0,0.0,0.0,0.0
2022-09-01 13:30:00,135.14,135.27,134.26,135.04,136.22,136.09,136.08,135.19,135.17,135.03,135.09,135.11,135.12,135.12,0,0.0,0,0.0,0.0,0.0,0.0,0.0
2022-09-01 18:30:00,135.05,135.16,135.05,135.09,135.19,135.17,135.12,135.12,135.11,134.13,134.18,134.26,134.28,135.03,0,0.0,0,0.0,0.0,0.0,0.0,0.0
2022-09-01 22:30:00,135.09,135.15,135.07,135.12,135.19,135.17,135.12,135.12,135.11,134.13,134.18,134.26,134.28,135.03,0,0.0,0,0.0,0.0,0.0,0.0,0.0
2022-09-02 02:30:00,135.11,135.21,135.1,135.2,135.27,135.19,135.17,135.12,135.12,134.18,134.26,134.26,134.28,135.03,0,0.0,09/01/2022 17:00,135.375,135.375,136.375,137.375,0.0
2022-09-02 02:30:00,135.11,135.21,135.1,135.2,135.27,135.19,135.17,135.12,135.12,134.18,134.26,134.26,134.28,135.03,0,0.0,09/01/2022 17:00,135.375,135.375,136.375,137.375,0.0
2022-09-02 06:30:00,135.2,135.24,135.06,135.09,136.23,136.22,136.09,136.08,135.27,135.03,135.05,135.12,135.17,135.19,0,0.0,0,0.0,0.0,0.0,0.0,0.0
2022-09-02 10:30:00,135.09,136.15,134.25,135.28,136.23,136.22,136.09,136.08,135.27,134.26,134.26,134.28,135.03,135.05,0,0.0,09/01/2022 17:00,135.375,135.375,136.375,137.375,0.0
2022-09-02 10:30:00,135.09,136.15,134.25,135.28,136.23,136.22,136.09,136.08,135.27,134.26,134.26,134.28,135.03,135.05,0,0.0,09/01/2022 17:00,135.375,135.375,136.375,137.375,0.0
2022-09-02 14:30:00,135.27,136.09,135.14,136.06,136.27,136.23,136.22,136.09,136.08,134.26,134.26,134.28,135.03,135.05,0,0.0,0,0.0,0.0,0.0,0.0,0.0
2022-09-04 19:30:00,136.06,136.2,136.03,136.11,136.27,136.23,136.22,136.09,136.08,134.26,134.28,135.03,135.05,135.27,09/02/2022 17:00,135.375,0,0.0,135.375,134.375,133.375,0.0
2022-09-04 19:30:00,136.06,136.2,136.03,136.11,136.27,136.23,136.22,136.09,136.08,134.26,134.28,135.03,135.05,135.27,09/02/2022 17:00,135.375,0,0.0,135.375,134.375,133.375,0.0
2022-09-04 23:30:00,136.12,136.13,136.06,136.09,136.29,136.28,136.27,136.23,136.22,135.03,135.05,135.27,136.08,136.09,0,0.0,0,0.0,0.0,0.0,0.0,0.0
2022-09-05 03:30:00,136.09,136.11,135.15,135.17,136.29,136.28,136.27,136.23,136.22,135.03,135.05,135.14,135.27,136.08,0,0.0,0,0.0,0.0,0.0,0.0,0.0
2022-09-05 07:30:00,135.17,135.18,135.09,135.14,136.27,136.23,136.22,136.2,135.27,134.26,134.28,135.03,135.05,135.14,0,0.0,0,0.0,0.0,0.0,0.0,0.0
2022-09-05 11:30:00,135.13,135.27,135.08,135.24,136.22,136.2,136.13,135.27,135.14,134.26,134.26,134.28,135.03,135.05,0,0.0,0,0.0,0.0,0.0,0.0,0.0
2022-09-05 20:30:00,135.24,136.01,135.21,136.0,136.22,136.2,136.13,136.11,135.27,134.26,134.28,135.03,135.05,135.14,0,0.0,0,0.0,0.0,0.0,0.0,0.0
2022-09-06 00:30:00,136.0,136.02,135.28,135.31,136.23,136.22,136.2,136.13,136.11,134.26,134.28,135.03,135.05,135.14,0,0.0,0,0.0,0.0,0.0,0.0,0.0
2022-09-06 04:30:00,135.3,135.3,134.31,135.07,136.23,136.22,136.2,136.13,136.11,134.28,135.03,135.05,135.08,135.14,0,0.0,0,0.0,0.0,0.0,0.0,0.0
2022-09-06 08:30:00,135.06,135.27,135.06,135.13,136.2,136.13,136.11,135.14,135.08,134.26,134.26,134.28,135.03,135.05,09/02/2022 17:00,135.375,0,0.0,135.375,134.375,133.375,0.0
2022-09-06 12:30:00,135.12,135.24,133.28,134.04,136.2,136.13,136.11,136.02,135.14,134.26,134.28,135.03,135.05,135.08,0,0.0,0,0.0,0.0,0.0,0.0,0.0
2022-09-06 16:30:00,134.04,134.1,133.29,133.29,134.26,134.25,134.18,134.13,134.1,132.23,132.23,132.26,132.28,133.23,0,0.0,0,0.0,0.0,0.0,0.0,0.0
2022-09-06 21:30:00,133.29,134.04,133.24,134.01,134.26,134.25,134.18,134.13,134.1,132.23,132.23,132.26,132.28,133.23,0,0.0,0,0.0,0.0,0.0,0.0,0.0
2022-09-07 01:30:00,134.01,134.05,133.26,134.03,134.26,134.25,134.18,134.13,134.1,132.23,132.23,132.26,132.28,133.23,0,0.0,0,0.0,0.0,0.0,0.0,0.0
2022-09-07 05:30:00,134.03,134.15,133.26,134.14,134.25,134.18,134.13,134.1,134.1,132.23,132.23,132.26,132.28,133.23,0,0.0,09/06/2022 17:00,134.40625,134.40625,135.40625,136.40625,0.0
2022-09-07 05:30:00,134.03,134.15,133.26,134.14,134.25,134.18,134.13,134.1,134.1,132.23,132.23,132.26,132.28,133.23,0,0.0,09/06/2022 17:00,134.40625,134.40625,135.40625,136.40625,0.0
2022-09-07 05:30:00,134.03,134.15,133.26,134.14,134.25,134.18,134.13,134.1,134.1,132.23,132.23,132.26,132.28,133.23,0,0.0,09/06/2022 17:00,134.40625,134.40625,135.40625,136.40625,0.0
2022-09-07 09:30:00,134.13,134.25,133.27,134.24,135.03,134.26,134.26,134.25,134.18,132.28,133.23,133.24,134.1,134.1,0,0.0,09/06/2022 17:00,134.40625,134.40625,135.40625,136.40625,0.0
2022-09-07 13:30:00,134.24,135.11,134.22,135.09,135.05,135.03,134.26,134.26,134.25,133.24,134.1,134.1,134.13,134.18,0,0.0,09/06/2022 17:00,134.40625,134.40625,135.40625,136.40625,0.0
2022-09-07 13:30:00,134.24,135.11,134.22,135.09,135.05,135.03,134.26,134.26,134.25,133.24,134.1,134.1,134.13,134.18,0,0.0,09/06/2022 17:00,134.40625,134.40625,135.40625,136.40625,0.0
2022-09-07 13:30:00,134.24,135.11,134.22,135.09,135.05,135.03,134.26,134.26,134.25,133.24,134.1,134.1,134.13,134.18,0,0.0,09/06/2022 17:00,134.40625,134.40625,135.40625,136.40625,0.0
2022-09-07 13:30:00,134.24,135.11,134.22,135.09,135.05,135.03,134.26,134.26,134.25,133.24,134.1,134.1,134.13,134.18,0,0.0,09/06/2022 17:00,134.40625,134.40625,135.40625,136.40625,0.0
2022-09-07 18:30:00,135.09,135.19,135.03,135.06,136.02,135.3,135.27,135.24,135.14,134.25,134.26,134.26,135.03,135.05,09/07/2022 17:00,134.40625,0,0.0,134.40625,133.40625,132.40625,0.0
2022-09-07 22:30:00,135.05,135.17,135.03,135.17,136.02,135.3,135.27,135.24,135.14,134.18,134.25,134.26,134.26,135.03,09/07/2022 17:00,134.40625,0,0.0,134.40625,133.40625,132.40625,0.0
2022-09-08 02:30:00,135.17,135.3,135.13,135.28,136.11,136.02,135.3,135.27,135.24,134.26,134.26,135.03,135.05,135.14,09/07/2022 17:00,134.40625,0,0.0,134.40625,133.40625,132.40625,0.0
2022-09-08 02:30:00,135.17,135.3,135.13,135.28,136.11,136.02,135.3,135.27,135.24,134.26,134.26,135.03,135.05,135.14,09/07/2022 17:00,134.40625,0,0.0,134.40625,133.40625,132.40625,0.0
2022-09-08 06:30:00,135.28,135.28,135.08,135.19,136.2,136.13,136.11,136.02,135.3,135.03,135.05,135.14,135.24,135.27,0,0.0,0,0.0,0.0,0.0,0.0,0.0
2022-09-08 10:30:00,135.19,136.07,134.27,135.1,136.11,136.02,135.3,135.27,135.24,134.26,135.03,135.03,135.05,135.14,0,0.0,0,0.0,0.0,0.0,0.0,0.0
2022-09-08 14:30:00,135.1,135.18,134.25,135.01,136.11,136.02,135.3,135.27,135.24,134.26,134.26,135.03,135.03,135.05,0,0.0,0,0.0,0.0,0.0,0.0,0.0
2022-09-08 19:30:00,135.01,135.02,134.13,134.17,136.02,135.3,135.27,135.24,135.03,134.18,134.22,134.25,134.26,134.26,0,0.0,0,0.0,0.0,0.0,0.0,0.0
2022-09-08 23:30:00,134.17,134.26,134.12,134.26,135.3,135.27,135.24,135.03,134.22,133.26,133.27,134.1,134.1,134.13,09/07/2022 17:00,134.40625,0,0.0,134.40625,133.40625,132.40625,0.0
2022-09-09 03:30:00,134.25,134.3,134.2,134.2,135.3,135.27,135.24,135.18,135.03,133.27,134.1,134.1,134.13,134.22,0,0.0,0,0.0,0.0,0.0,0.0,0.0
2022-09-09 07:30:00,134.19,135.16,134.15,135.09,135.27,135.24,135.18,135.03,135.02,133.26,133.27,134.1,134.1,134.13,09/07/2022 17:00,134.40625,0,0.0,134.40625,133.40625,132.40625,0.0
2022-09-09 07:30:00,134.19,135.16,134.15,135.09,135.27,135.24,135.18,135.03,135.02,133.26,133.27,134.1,134.1,134.13,09/07/2022 17:00,134.40625,0,0.0,134.40625,133.40625,132.40625,0.0
2022-09-09 11:30:00,135.09,135.2,134.12,134.3,136.02,135.3,135.27,135.24,135.18,134.1,134.12,134.13,135.02,135.03,0,0.0,0,0.0,0.0,0.0,0.0,0.0
2022-09-09 15:30:00,134.3,135.06,134.14,134.15,135.3,135.27,135.24,135.18,135.02,133.27,134.1,134.1,134.12,134.13,0,0.0,0,0.0,0.0,0.0,0.0,0.0
2022-09-11 20:30:00,134.16,134.24,134.15,134.21,135.3,135.27,135.24,135.18,135.02,133.27,134.1,134.1,134.12,134.13,0,0.0,0,0.0,0.0,0.0,0.0,0.0
2022-09-12 00:30:00,134.21,134.26,134.11,134.11,135.27,135.24,135.2,135.18,135.02,134.1,134.1,134.12,134.12,134.13,0,0.0,0,0.0,0.0,0.0,0.0,0.0
2022-09-12 04:30:00,134.11,134.28,134.08,134.27,135.18,135.06,135.02,134.12,134.12,133.24,133.26,133.27,134.1,134.1,0,0.0,09/09/2022 17:00,134.8125,134.8125,135.8125,136.8125,0.0
2022-09-12 04:30:00,134.11,134.28,134.08,134.27,135.18,135.06,135.02,134.12,134.12,133.24,133.26,133.27,134.1,134.1,0,0.0,09/09/2022 17:00,134.8125,134.8125,135.8125,136.8125,0.0
2022-09-12 08:30:00,134.28,135.16,134.25,135.08,135.24,135.2,135.18,135.06,135.02,133.27,134.1,134.1,134.12,134.12,0,0.0,09/09/2022 17:00,134.8125,134.8125,135.8125,136.8125,0.0
2022-09-12 12:30:00,135.09,135.09,134.19,134.19,135.3,135.27,135.24,135.2,135.18,134.1,134.1,134.12,134.12,135.06,0,0.0,0,0.0,0.0,0.0,0.0,0.0
2022-09-12 16:30:00,134.2,134.28,133.24,134.03,135.27,135.24,135.2,135.18,135.06,134.08,134.1,134.1,134.12,134.12,0,0.0,0,0.0,0.0,0.0,0.0,0.0
2022-09-12 21:30:00,134.03,134.12,134.0,134.1,135.18,135.16,135.06,134.1,134.08,132.28,133.23,133.24,133.26,133.27,0,0.0,09/12/2022 17:00,134.40625,134.40625,135.40625,136.40625,0.0
2022-09-13 01:30:00,134.1,134.12,134.06,134.07,135.2,135.18,135.16,135.09,135.06,133.23,133.24,133.26,133.27,134.08,0,0.0,0,0.0,0.0,0.0,0.0,0.0
2022-09-13 05:30:00,134.08,134.17,134.05,134.14,135.16,135.09,135.06,134.28,134.1,133.23,133.24,133.24,133.26,133.27,0,0.0,0,0.0,0.0,0.0,0.0,0.0
2022-09-13 09:30:00,134.14,135.0,132.26,133.07,135.18,135.16,135.09,135.06,134.28,133.24,133.24,133.26,133.27,134.0,0,0.0,0,0.0,0.0,0.0,0.0,0.0
2022-09-13 13:30:00,133.07,133.29,133.0,133.22,133.27,133.26,133.24,133.24,133.23,132.1,132.23,132.23,132.26,132.28,0,0.0,0,0.0,0.0,0.0,0.0,0.0
2022-09-13 18:30:00,133.23,133.31,133.04,133.21,134.0,133.27,133.26,133.24,133.24,132.1,132.23,132.23,132.26,132.28,0,0.0,0,0.0,0.0,0.0,0.0,0.0
2022-09-13 22:30:00,133.22,133.24,133.05,133.15,133.27,133.26,133.24,133.24,133.23,132.23,132.23,132.26,132.26,132.28,0,0.0,0,0.0,0.0,0.0,0.0,0.0
2022-09-14 02:30:00,133.16,133.27,133.14,133.24,133.27,133.26,133.24,133.24,133.23,132.23,132.26,132.26,132.28,133.0,0,0.0,09/13/2022 17:00,133.75,133.75,134.75,135.75,0.0
2022-09-14 06:30:00,133.24,133.27,133.02,133.14,134.28,134.0,133.31,133.27,133.26,132.26,132.28,133.0,133.04,133.23,0,0.0,0,0.0,0.0,0.0,0.0,0.0
2022-09-14 10:30:00,133.13,133.22,132.26,133.16,133.31,133.27,133.26,133.24,133.24,132.26,132.26,132.28,133.0,133.04,0,0.0,0,0.0,0.0,0.0,0.0,0.0
2022-09-14 14:30:00,133.16,134.06,133.15,133.2,133.31,133.27,133.26,133.24,133.24,132.26,132.26,132.28,133.0,133.04,0,0.0,0,0.0,0.0,0.0,0.0,0.0
2022-09-14 19:30:00,133.2,133.31,133.17,133.3,133.31,133.27,133.26,133.24,133.24,132.26,132.26,132.28,133.0,133.04,0,0.0,09/13/2022 17:00,133.75,133.75,134.75,135.75,0.0
2022-09-14 19:30:00,133.2,133.31,133.17,133.3,133.31,133.27,133.26,133.24,133.24,132.26,132.26,132.28,133.0,133.04,0,0.0,09/13/2022 17:00,133.75,133.75,134.75,135.75,0.0
2022-09-14 23:30:00,133.3,133.31,133.15,133.15,135.06,135.0,134.28,134.0,133.31,133.04,133.24,133.24,133.26,133.27,0,0.0,0,0.0,0.0,0.0,0.0,0.0
2022-09-15 03:30:00,133.15,133.18,133.05,133.09,135.0,134.28,134.06,134.0,133.31,132.26,132.26,132.28,133.0,133.04,0,0.0,0,0.0,0.0,0.0,0.0,0.0
2022-09-15 07:30:00,133.09,133.12,132.31,133.06,135.0,134.28,134.06,134.0,133.31,132.26,132.26,132.28,133.0,133.04,0,0.0,0,0.0,0.0,0.0,0.0,0.0
2022-09-15 11:30:00,133.06,133.27,133.0,133.07,134.28,134.06,134.0,133.31,133.31,132.26,132.26,132.28,133.0,133.04,0,0.0,0,0.0,0.0,0.0,0.0,0.0
2022-09-15 15:30:00,133.07,133.09,132.31,133.06,134.28,134.06,134.0,133.31,133.31,132.26,132.26,132.28,133.0,133.04,0,0.0,0,0.0,0.0,0.0,0.0,0.0
2022-09-15 20:30:00,133.06,133.12,133.01,133.11,134.28,134.06,134.0,133.31,133.31,132.26,132.26,132.28,133.0,133.04,0,0.0,0,0.0,0.0,0.0,0.0,0.0
2022-09-16 00:30:00,133.11,133.15,133.03,133.04,134.06,134.0,133.31,133.31,133.27,132.26,132.26,132.28,133.0,133.04,0,0.0,0,0.0,0.0,0.0,0.0,0.0
2022-09-16 04:30:00,133.04,133.07,132.22,132.31,134.06,134.0,133.31,133.31,133.27,132.26,132.26,132.28,132.31,133.0,0,0.0,0,0.0,0.0,0.0,0.0,0.0
2022-09-16 08:30:00,132.31,133.04,132.24,133.0,133.31,133.31,133.27,133.04,133.0,132.23,132.26,132.26,132.26,132.28,0,0.0,0,0.0,0.0,0.0,0.0,0.0
2022-09-16 12:30:00,133.0,133.14,132.02,132.25,133.31,133.31,133.27,133.15,133.04,132.26,132.26,132.26,132.28,132.31,0,0.0,0,0.0,0.0,0.0,0.0,0.0
2022-09-16 16:30:00,132.25,132.31,132.21,132.23,133.0,132.31,132.28,132.26,132.26,132.05,132.07,132.1,132.23,132.23,0,0.0,0,0.0,0.0,0.0,0.0,0.0
2022-09-18 21:30:00,132.24,132.3,132.21,132.23,133.0,132.31,132.28,132.26,132.26,132.05,132.07,132.1,132.23,132.23,0,0.0,0,0.0,0.0,0.0,0.0,0.0
2022-09-19 01:30:00,132.23,132.24,132.19,132.2,133.0,132.31,132.28,132.26,132.26,132.02,132.05,132.07,132.1,0.0,0,0.0,0,0.0,0.0,0.0,0.0,0.0
2022-09-19 05:30:00,132.2,132.23,132.08,132.1,132.31,132.28,132.26,132.26,132.23,132.02,132.05,132.07,132.1,0.0,0,0.0,0,0.0,0.0,0.0,0.0,0.0
2022-09-19 09:30:00,132.09,132.27,131.27,132.12,132.28,132.26,132.26,132.23,132.1,132.02,132.05,132.07,0.0,0.0,0,0.0,0,0.0,0.0,0.0,0.0,0.0
2022-09-19 13:30:00,132.12,133.0,132.07,132.29,132.3,132.28,132.26,132.26,132.23,132.02,132.05,132.07,132.1,0.0,0,0.0,09/13/2022 17:00,133.75,133.75,134.75,135.75,0.0
2022-09-19 13:30:00,132.12,133.0,132.07,132.29,132.3,132.28,132.26,132.26,132.23,132.02,132.05,132.07,132.1,0.0,0,0.0,09/13/2022 17:00,133.75,133.75,134.75,135.75,0.0
2022-09-19 13:30:00,132.12,133.0,132.07,132.29,132.3,132.28,132.26,132.26,132.23,132.02,132.05,132.07,132.1,0.0,0,0.0,09/13/2022 17:00,133.75,133.75,134.75,135.75,0.0
2022-09-19 13:30:00,132.12,133.0,132.07,132.29,132.3,132.28,132.26,132.26,132.23,132.02,132.05,132.07,132.1,0.0,0,0.0,09/13/2022 17:00,133.75,133.75,134.75,135.75,0.0
2022-09-19 18:30:00,132.3,132.31,132.16,132.2,133.14,133.04,133.0,132.31,132.31,132.1,132.23,132.26,132.26,132.28,0,0.0,0,0.0,0.0,0.0,0.0,0.0
2022-09-19 22:30:00,132.19,132.25,132.16,132.22,133.04,133.0,132.31,132.31,132.3,131.27,132.02,132.05,132.07,132.1,0,0.0,0,0.0,0.0,0.0,0.0,0.0
2022-09-20 02:30:00,132.22,132.26,132.17,132.21,133.0,133.0,132.31,132.31,132.3,132.02,132.05,132.07,132.07,132.1,0,0.0,0,0.0,0.0,0.0,0.0,0.0
2022-09-20 06:30:00,132.21,132.22,131.27,131.28,133.0,132.31,132.31,132.31,132.3,132.02,132.05,132.07,132.07,132.1,0,0.0,0,0.0,0.0,0.0,0.0,0.0
2022-09-20 10:30:00,131.28,132.0,131.0,131.07,132.1,132.07,132.07,132.05,132.02,131.27,0.0,0.0,0.0,0.0,0,0.0,0,0.0,0.0,0.0,0.0,0.0
2022-09-20 14:30:00,131.08,132.03,130.28,131.23,132.07,132.07,132.05,132.02,131.27,0.0,0.0,0.0,0.0,0.0,0,0.0,0,0.0,0.0,0.0,0.0,0.0
2022-09-20 19:30:00,131.24,131.24,131.14,131.17,132.07,132.07,132.05,132.02,131.27,0.0,0.0,0.0,0.0,0.0,0,0.0,0,0.0,0.0,0.0,0.0,0.0
2022-09-20 23:30:00,131.18,131.27,131.18,131.21,132.07,132.07,132.05,132.02,131.27,0.0,0.0,0.0,0.0,0.0,0,0.0,0,0.0,0.0,0.0,0.0,0.0
2022-09-21 03:30:00,131.22,132.08,131.2,132.08,132.07,132.05,132.03,132.02,131.27,130.28,0.0,0.0,0.0,0.0,0,0.0,09/20/2022 17:00,132.15625,132.15625,133.15625,134.15625,0.0
2022-09-21 03:30:00,131.22,132.08,131.2,132.08,132.07,132.05,132.03,132.02,131.27,130.28,0.0,0.0,0.0,0.0,0,0.0,09/20/2022 17:00,132.15625,132.15625,133.15625,134.15625,0.0
2022-09-21 03:30:00,131.22,132.08,131.2,132.08,132.07,132.05,132.03,132.02,131.27,130.28,0.0,0.0,0.0,0.0,0,0.0,09/20/2022 17:00,132.15625,132.15625,133.15625,134.15625,0.0
2022-09-21 03:30:00,131.22,132.08,131.2,132.08,132.07,132.05,132.03,132.02,131.27,130.28,0.0,0.0,0.0,0.0,0,0.0,09/20/2022 17:00,132.15625,132.15625,133.15625,134.15625,0.0
2022-09-21 03:30:00,131.22,132.08,131.2,132.08,132.07,132.05,132.03,132.02,131.27,130.28,0.0,0.0,0.0,0.0,0,0.0,09/20/2022 17:00,132.15625,132.15625,133.15625,134.15625,0.0
2022-09-21 03:30:00,131.22,132.08,131.2,132.08,132.07,132.05,132.03,132.02,131.27,130.28,0.0,0.0,0.0,0.0,0,0.0,09/20/2022 17:00,132.15625,132.15625,133.15625,134.15625,0.0
2022-09-21 07:30:00,132.09,132.09,131.27,131.31,132.31,132.3,132.26,132.22,132.1,132.02,132.03,132.05,132.07,132.07,0,0.0,0,0.0,0.0,0.0,0.0,0.0
2022-09-21 11:30:00,131.31,132.08,131.19,131.23,132.3,132.26,132.22,132.1,132.03,130.28,131.14,131.18,131.27,0.0,0,0.0,0,0.0,0.0,0.0,0.0,0.0
2022-09-21 15:30:00,131.23,132.21,130.31,132.15,132.3,132.26,132.22,132.1,132.03,130.28,131.14,131.18,0.0,0.0,0,0.0,09/20/2022 17:00,132.15625,132.15625,133.15625,134.15625,0.0
2022-09-21 20:30:00,132.16,132.2,132.01,132.04,132.31,132.31,132.3,132.26,132.22,130.28,131.14,131.18,132.1,0.0,0,0.0,0,0.0,0.0,0.0,0.0,0.0
2022-09-22 00:30:00,132.04,132.09,131.27,132.07,132.31,132.31,132.3,132.26,132.22,130.28,131.14,131.18,0.0,0.0,0,0.0,0,0.0,0.0,0.0,0.0,0.0
2022-09-22 04:30:00,132.07,132.2,131.29,132.18,132.31,132.3,132.26,132.22,132.21,130.28,130.31,131.14,131.18,0.0,0,0.0,0,0.0,0.0,0.0,0.0,0.0
2022-09-22 08:30:00,132.17,132.22,131.29,132.05,132.31,132.3,132.26,132.22,132.21,130.28,130.31,131.14,131.18,0.0,0,0.0,0,0.0,0.0,0.0,0.0,0.0
2022-09-22 12:30:00,132.05,132.06,129.23,130.02,132.31,132.3,132.26,132.22,132.21,130.28,130.31,131.14,131.18,131.27,0,0.0,0,0.0,0.0,0.0,0.0,0.0
2022-09-22 16:30:00,130.02,130.11,129.28,129.29,131.27,131.18,131.14,130.31,130.28,0.0,0.0,0.0,0.0,0.0,0,0.0,0,0.0,0.0,0.0,0.0,0.0
2022-09-22 21:30:00,129.29,130.02,129.24,129.27,131.27,131.18,131.14,130.31,130.28,0.0,0.0,0.0,0.0,0.0,0,0.0,0,0.0,0.0,0.0,0.0,0.0
2022-09-23 01:30:00,129.27,129.29,129.24,129.27,131.27,131.18,131.14,130.31,130.28,129.23,0.0,0.0,0.0,0.0,0,0.0,0,0.0,0.0,0.0,0.0,0.0
2022-09-23 05:30:00,129.26,130.13,129.22,129.23,131.18,131.14,130.31,130.28,130.11,129.23,0.0,0.0,0.0,0.0,0,0.0,0,0.0,0.0,0.0,0.0,0.0
2022-09-23 09:30:00,129.23,130.15,128.19,130.07,131.18,131.14,130.31,130.28,130.11,0.0,0.0,0.0,0.0,0.0,0,0.0,0,0.0,0.0,0.0,0.0,0.0
2022-09-23 13:30:00,130.07,131.02,129.21,130.24,131.18,131.14,130.31,130.28,130.11,129.23,0.0,0.0,0.0,0.0,0,0.0,09/22/2022 17:00,132.15625,132.15625,133.15625,134.15625,0.0
2022-09-25 18:30:00,130.24,130.27,130.11,130.13,131.27,131.18,131.14,130.31,130.28,129.23,130.11,0.0,0.0,0.0,0,0.0,0,0.0,0.0,0.0,0.0,0.0
2022-09-25 22:30:00,130.14,130.15,129.27,130.08,131.27,131.18,131.14,130.31,130.28,128.19,129.23,130.11,0.0,0.0,0,0.0,0,0.0,0.0,0.0,0.0,0.0
2022-09-26 02:30:00,130.08,130.1,129.18,129.23,131.14,131.02,130.31,130.28,130.11,128.19,129.21,129.23,0.0,0.0,0,0.0,0,0.0,0.0,0.0,0.0,0.0
2022-09-26 06:30:00,129.23,129.3,129.1,129.22,131.02,130.31,130.28,130.27,130.11,128.19,129.21,0.0,0.0,0.0,0,0.0,0,0.0,0.0,0.0,0.0,0.0
2022-09-26 10:30:00,129.23,130.04,129.07,129.2,130.31,130.28,130.27,130.15,130.11,128.19,129.21,0.0,0.0,0.0,0,0.0,0,0.0,0.0,0.0,0.0,0.0
2022-09-26 14:30:00,129.2,129.29,127.29,127.31,130.15,130.11,130.1,129.23,129.21,128.19,0.0,0.0,0.0,0.0,0,0.0,0,0.0,0.0,0.0,0.0,0.0
2022-09-26 19:30:00,127.3,128.1,127.14,127.23,130.11,130.1,129.23,129.21,128.19,0.0,0.0,0.0,0.0,0.0,0,0.0,0,0.0,0.0,0.0,0.0,0.0
2022-09-26 23:30:00,127.23,128.08,127.22,128.02,130.1,130.04,129.23,129.21,128.19,0.0,0.0,0.0,0.0,0.0,0,0.0,0,0.0,0.0,0.0,0.0,0.0
2022-09-27 03:30:00,128.01,128.22,128.0,128.2,130.04,129.29,129.23,129.21,128.19,0.0,0.0,0.0,0.0,0.0,0,0.0,0,0.0,0.0,0.0,0.0,0.0
2022-09-27 07:30:00,128.21,128.29,128.09,128.21,130.1,130.04,129.29,129.23,129.21,127.14,128.19,0.0,0.0,0.0,0,0.0,0,0.0,0.0,0.0,0.0,0.0
2022-09-27 11:30:00,128.22,128.29,126.15,126.16,130.1,130.04,129.29,129.23,129.21,127.14,127.22,128.19,0.0,0.0,0,0.0,0,0.0,0.0,0.0,0.0,0.0
2022-09-27 15:30:00,126.16,126.31,126.05,126.12,129.29,129.23,129.21,127.22,127.14,0.0,0.0,0.0,0.0,0.0,0,0.0,0,0.0,0.0,0.0,0.0,0.0
2022-09-27 20:30:00,126.13,126.28,126.03,126.14,129.29,129.23,129.21,127.22,127.14,0.0,0.0,0.0,0.0,0.0,0,0.0,0,0.0,0.0,0.0,0.0,0.0
2022-09-28 00:30:00,126.14,126.16,125.31,126.05,129.23,129.21,128.29,127.22,127.14,0.0,0.0,0.0,0.0,0.0,0,0.0,0,0.0,0.0,0.0,0.0,0.0
2022-09-28 04:30:00,126.05,126.13,125.22,126.01,129.21,128.29,127.22,127.14,126.31,0.0,0.0,0.0,0.0,0.0,0,0.0,0,0.0,0.0,0.0,0.0,0.0
2022-09-28 08:30:00,126.01,127.08,125.2,127.03,128.29,127.22,127.14,126.31,126.28,0.0,0.0,0.0,0.0,0.0,0,0.0,0,0.0,0.0,0.0,0.0,0.0
2022-09-28 12:30:00,127.02,129.01,127.01,128.17,129.23,129.21,128.29,127.22,127.14,126.28,126.31,0.0,0.0,0.0,0,0.0,09/22/2022 17:00,132.15625,132.15625,133.15625,134.15625,0.0
2022-09-28 16:30:00,128.17,129.18,128.14,128.27,130.04,129.29,129.23,129.21,128.29,126.28,126.31,127.14,127.22,0.0,0,0.0,0,0.0,0.0,0.0,0.0,0.0
2022-09-28 21:30:00,128.28,128.31,128.18,128.2,130.04,129.29,129.23,129.21,128.29,125.2,126.28,126.31,127.14,127.22,0,0.0,0,0.0,0.0,0.0,0.0,0.0
2022-09-29 01:30:00,128.2,128.26,128.15,128.17,130.04,129.29,129.23,129.21,128.29,126.28,126.31,127.01,127.14,127.22,0,0.0,0,0.0,0.0,0.0,0.0,0.0
2022-09-29 05:30:00,128.18,128.18,127.12,127.21,129.29,129.23,129.21,129.18,128.29,126.31,127.01,127.14,127.22,128.14,0,0.0,0,0.0,0.0,0.0,0.0,0.0
2022-09-29 09:30:00,127.21,128.19,127.17,128.04,129.21,129.18,128.31,128.29,128.14,125.2,126.28,126.31,127.01,127.14,0,0.0,0,0.0,0.0,0.0,0.0,0.0
2022-09-29 13:30:00,128.04,129.08,128.02,128.15,129.18,128.31,128.29,128.26,128.14,125.2,126.28,126.31,127.01,127.14,0,0.0,09/22/2022 17:00,132.15625,132.15625,133.15625,134.15625,0.0
2022-09-29 18:30:00,128.15,128.28,128.03,128.08,129.21,129.18,128.31,128.29,128.26,126.31,127.01,127.12,127.14,128.14,0,0.0,0,0.0,0.0,0.0,0.0,0.0
2022-09-29 22:30:00,128.08,128.14,128.04,128.1,129.21,129.18,128.31,128.29,128.26,126.31,127.01,127.12,127.14,127.17,0,0.0,0,0.0,0.0,0.0,0.0,0.0
2022-09-30 02:30:00,128.1,128.25,128.05,128.24,129.18,129.08,128.31,128.29,128.26,127.01,127.12,127.14,127.17,128.02,0,0.0,0,0.0,0.0,0.0,0.0,0.0
2022-09-30 06:30:00,128.25,129.23,128.22,129.2,129.08,128.31,128.29,128.28,128.26,127.12,127.14,127.17,128.02,128.03,0,0.0,09/22/2022 17:00,132.15625,132.15625,133.15625,134.15625,0.0
2022-09-30 06:30:00,128.25,129.23,128.22,129.2,129.08,128.31,128.29,128.28,128.26,127.12,127.14,127.17,128.02,128.03,0,0.0,09/22/2022 17:00,132.15625,132.15625,133.15625,134.15625,0.0
2022-09-30 06:30:00,128.25,129.23,128.22,129.2,129.08,128.31,128.29,128.28,128.26,127.12,127.14,127.17,128.02,128.03,0,0.0,09/22/2022 17:00,132.15625,132.15625,133.15625,134.15625,0.0
2022-09-30 06:30:00,128.25,129.23,128.22,129.2,129.08,128.31,128.29,128.28,128.26,127.12,127.14,127.17,128.02,128.03,0,0.0,09/22/2022 17:00,132.15625,132.15625,133.15625,134.15625,0.0
2022-09-30 06:30:00,128.25,129.23,128.22,129.2,129.08,128.31,128.29,128.28,128.26,127.12,127.14,127.17,128.02,128.03,0,0.0,09/22/2022 17:00,132.15625,132.15625,133.15625,134.15625,0.0
2022-09-30 06:30:00,128.25,129.23,128.22,129.2,129.08,128.31,128.29,128.28,128.26,127.12,127.14,127.17,128.02,128.03,0,0.0,09/22/2022 17:00,132.15625,132.15625,133.15625,134.15625,0.0
2022-09-30 10:30:00,129.2,129.23,128.24,128.31,130.1,130.04,129.29,129.23,129.21,128.28,128.29,128.31,129.08,129.18,0,0.0,0,0.0,0.0,0.0,0.0,0.0
2022-09-30 14:30:00,128.31,129.02,128.18,128.29,129.29,129.23,129.21,129.18,129.08,128.04,128.05,128.26,128.28,128.29,0,0.0,0,0.0,0.0,0.0,0.0,0.0
2022-10-02 19:30:00,128.29,128.29,127.22,127.31,129.23,129.21,129.18,129.08,128.31,128.03,128.04,128.05,128.26,128.28,0,0.0,0,0.0,0.0,0.0,0.0,0.0
2022-10-02 23:30:00,127.31,128.14,127.31,128.13,128.26,128.05,128.04,128.03,128.02,126.31,127.01,127.12,127.14,127.17,0,0.0,09/22/2022 17:00,132.15625,132.15625,133.15625,134.15625,0.0
2022-10-02 23:30:00,127.31,128.14,127.31,128.13,128.26,128.05,128.04,128.03,128.02,126.31,127.01,127.12,127.14,127.17,0,0.0,09/22/2022 17:00,132.15625,132.15625,133.15625,134.15625,0.0
2022-10-02 23:30:00,127.31,128.14,127.31,128.13,128.26,128.05,128.04,128.03,128.02,126.31,127.01,127.12,127.14,127.17,0,0.0,09/22/2022 17:00,132.15625,132.15625,133.15625,134.15625,0.0
2022-10-02 23:30:00,127.31,128.14,127.31,128.13,128.26,128.05,128.04,128.03,128.02,126.31,127.01,127.12,127.14,127.17,0,0.0,09/22/2022 17:00,132.15625,132.15625,133.15625,134.15625,0.0
2022-10-03 03:30:00,128.13,128.21,128.07,128.13,129.02,128.31,128.29,128.28,128.26,127.17,128.02,128.03,128.04,128.05,0,0.0,0,0.0,0.0,0.0,0.0,0.0
2022-10-03 07:30:00,128.13,129.07,128.01,129.05,128.31,128.29,128.29,128.28,128.26,127.22,128.02,128.03,128.04,128.05,0,0.0,09/22/2022 17:00,132.15625,132.15625,133.15625,134.15625,0.0
2022-10-03 07:30:00,128.13,129.07,128.01,129.05,128.31,128.29,128.29,128.28,128.26,127.22,128.02,128.03,128.04,128.05,0,0.0,09/22/2022 17:00,132.15625,132.15625,133.15625,134.15625,0.0
2022-10-03 11:30:00,129.05,131.0,129.02,130.21,129.23,129.23,129.21,129.18,129.08,128.03,128.04,128.05,128.29,129.02,0,0.0,09/22/2022 17:00,132.15625,132.15625,133.15625,134.15625,0.0
2022-10-03 11:30:00,129.05,131.0,129.02,130.21,129.23,129.23,129.21,129.18,129.08,128.03,128.04,128.05,128.29,129.02,0,0.0,09/22/2022 17:00,132.15625,132.15625,133.15625,134.15625,0.0
2022-10-03 11:30:00,129.05,131.0,129.02,130.21,129.23,129.23,129.21,129.18,129.08,128.03,128.04,128.05,128.29,129.02,0,0.0,09/22/2022 17:00,132.15625,132.15625,133.15625,134.15625,0.0
2022-10-03 11:30:00,129.05,131.0,129.02,130.21,129.23,129.23,129.21,129.18,129.08,128.03,128.04,128.05,128.29,129.02,0,0.0,09/22/2022 17:00,132.15625,132.15625,133.15625,134.15625,0.0
2022-10-03 11:30:00,129.05,131.0,129.02,130.21,129.23,129.23,129.21,129.18,129.08,128.03,128.04,128.05,128.29,129.02,0,0.0,09/22/2022 17:00,132.15625,132.15625,133.15625,134.15625,0.0
2022-10-03 11:30:00,129.05,131.0,129.02,130.21,129.23,129.23,129.21,129.18,129.08,128.03,128.04,128.05,128.29,129.02,0,0.0,09/22/2022 17:00,132.15625,132.15625,133.15625,134.15625,0.0
2022-10-03 15:30:00,130.2,130.27,129.22,129.27,131.14,131.02,130.31,130.28,130.27,129.23,129.29,130.04,130.1,130.15,0,0.0,09/22/2022 17:00,132.15625,132.15625,133.15625,134.15625,0.0
2022-10-03 20:30:00,129.27,130.2,129.27,130.14,130.27,130.15,130.1,130.04,129.29,128.29,129.02,129.21,129.23,129.23,0,0.0,0,0.0,0.0,0.0,0.0,0.0
2022-10-04 00:30:00,130.14,130.21,130.01,130.14,131.0,130.31,130.28,130.27,130.15,129.02,129.02,129.21,129.23,129.23,0,0.0,0,0.0,0.0,0.0,0.0,0.0
2022-10-04 04:30:00,130.14,131.02,130.07,130.24,130.31,130.28,130.27,130.27,130.15,129.02,129.21,129.22,129.23,129.23,0,0.0,0,0.0,0.0,0.0,0.0,0.0
2022-10-04 08:30:00,130.24,131.02,130.11,130.15,131.0,130.31,130.28,130.27,130.27,129.21,129.22,129.23,129.23,129.27,0,0.0,0,0.0,0.0,0.0,0.0,0.0
2022-10-04 12:30:00,130.15,131.01,129.26,130.14,131.0,130.31,130.28,130.27,130.27,129.22,129.23,129.23,129.27,130.01,0,0.0,0,0.0,0.0,0.0,0.0,0.0
2022-10-04 16:30:00,130.13,130.15,130.0,130.05,131.0,130.31,130.28,130.27,130.27,129.22,129.23,129.23,129.27,130.01,0,0.0,0,0.0,0.0,0.0,0.0,0.0
2022-10-04 21:30:00,130.06,130.11,130.01,130.11,131.0,130.31,130.28,130.27,130.27,129.22,129.23,129.23,129.27,130.01,0,0.0,0,0.0,0.0,0.0,0.0,0.0
2022-10-05 01:30:00,130.1,130.12,130.01,130.09,131.0,130.31,130.28,130.27,130.27,129.23,129.23,129.26,129.27,130.01,0,0.0,0,0.0,0.0,0.0,0.0,0.0
2022-10-05 05:30:00,130.09,130.09,129.01,129.05,130.31,130.28,130.27,130.27,130.15,129.23,129.26,129.27,130.0,130.01,0,0.0,0,0.0,0.0,0.0,0.0,0.0
2022-10-05 09:30:00,129.06,129.2,128.26,129.03,130.0,129.27,129.26,129.23,129.22,128.04,128.05,128.29,129.02,129.02,0,0.0,0,0.0,0.0,0.0,0.0,0.0
2022-10-05 13:30:00,129.03,129.06,128.01,128.1,130.0,129.27,129.26,129.23,129.22,128.04,128.05,128.29,129.02,129.02,0,0.0,0,0.0,0.0,0.0,0.0,0.0
2022-10-05 18:30:00,128.09,128.23,128.08,128.2,129.23,129.22,129.02,129.02,128.29,128.01,128.02,128.03,128.04,128.05,0,0.0,0,0.0,0.0,0.0,0.0,0.0
2022-10-05 22:30:00,128.2,128.27,128.16,128.19,129.22,129.2,129.02,129.02,128.29,128.01,128.02,128.03,128.04,128.05,0,0.0,0,0.0,0.0,0.0,0.0,0.0
2022-10-06 02:30:00,128.19,128.25,128.18,128.2,129.2,129.06,129.02,129.02,128.29,128.01,128.02,128.03,128.04,128.05,0,0.0,0,0.0,0.0,0.0,0.0,0.0
2022-10-06 06:30:00,128.21,128.24,128.03,128.13,129.2,129.06,129.02,129.02,128.29,128.02,128.03,128.04,128.05,128.08,0,0.0,0,0.0,0.0,0.0,0.0,0.0
2022-10-06 10:30:00,128.13,128.31,127.18,127.19,129.06,129.02,129.02,128.29,128.27,128.02,128.03,128.04,128.05,128.08,0,0.0,0,0.0,0.0,0.0,0.0,0.0
2022-10-06 14:30:00,127.2,128.14,127.18,128.06,128.08,128.01,128.01,127.31,127.22,126.31,127.01,127.12,127.14,127.17,0,0.0,09/22/2022 17:00,132.15625,132.15625,133.15625,134.15625,0.0
2022-10-06 14:30:00,127.2,128.14,127.18,128.06,128.08,128.01,128.01,127.31,127.22,126.31,127.01,127.12,127.14,127.17,0,0.0,09/22/2022 17:00,132.15625,132.15625,133.15625,134.15625,0.0
2022-10-06 14:30:00,127.2,128.14,127.18,128.06,128.08,128.01,128.01,127.31,127.22,126.31,127.01,127.12,127.14,127.17,0,0.0,09/22/2022 17:00,132.15625,132.15625,133.15625,134.15625,0.0
2022-10-06 14:30:00,127.2,128.14,127.18,128.06,128.08,128.01,128.01,127.31,127.22,126.31,127.01,127.12,127.14,127.17,0,0.0,09/22/2022 17:00,132.15625,132.15625,133.15625,134.15625,0.0
2022-10-06 19:30:00,128.06,128.06,127.27,128.0,129.02,129.02,128.29,128.27,128.08,127.17,127.22,127.31,128.01,128.01,0,0.0,0,0.0,0.0,0.0,0.0,0.0
2022-10-06 23:30:00,128.0,128.03,127.29,128.0,129.02,128.31,128.29,128.27,128.08,127.12,127.14,127.17,127.22,127.31,0,0.0,0,0.0,0.0,0.0,0.0,0.0
2022-10-07 03:30:00,127.31,128.0,127.2,127.25,128.31,128.29,128.27,128.14,128.08,127.12,127.14,127.17,127.18,127.22,0,0.0,0,0.0,0.0,0.0,0.0,0.0
2022-10-07 07:30:00,127.25,127.28,127.18,127.23,128.29,128.27,128.14,128.08,128.06,127.12,127.14,127.17,127.18,127.22,0,0.0,0,0.0,0.0,0.0,0.0,0.0
2022-10-07 11:30:00,127.23,128.01,126.24,127.09,128.27,128.14,128.08,128.06,128.03,127.12,127.14,127.17,127.18,127.22,0,0.0,0,0.0,0.0,0.0,0.0,0.0
2022-10-07 15:30:00,127.09,127.22,127.02,127.06,128.06,128.03,127.18,127.17,127.12,125.2,126.28,126.31,127.01,0.0,0,0.0,0,0.0,0.0,0.0,0.0,0.0
2022-10-09 20:30:00,127.06,127.12,127.04,127.06,128.06,128.03,127.18,127.17,127.12,125.2,126.28,126.31,127.01,0.0,0,0.0,0,0.0,0.0,0.0,0.0,0.0
2022-10-10 00:30:00,127.05,127.13,127.04,127.08,128.03,128.01,127.18,127.17,127.12,125.2,126.24,126.28,126.31,127.01,0,0.0,0,0.0,0.0,0.0,0.0,0.0
2022-10-10 04:30:00,127.08,127.16,127.02,127.04,128.01,127.22,127.18,127.17,127.12,126.24,126.28,126.31,127.01,127.02,0,0.0,0,0.0,0.0,0.0,0.0,0.0
2022-10-10 08:30:00,127.04,127.1,126.21,126.28,128.01,127.22,127.18,127.17,127.12,126.24,126.28,126.31,127.01,127.02,0,0.0,0,0.0,0.0,0.0,0.0,0.0
2022-10-10 12:30:00,126.27,127.03,125.13,125.16,127.12,127.02,127.01,126.31,126.28,125.2,126.24,0.0,0.0,0.0,0,0.0,0,0.0,0.0,0.0,0.0,0.0
2022-10-10 16:30:00,125.16,126.02,125.11,126.0,127.01,126.31,126.28,126.24,125.2,0.0,0.0,0.0,0.0,0.0,0,0.0,0,0.0,0.0,0.0,0.0,0.0
2022-10-10 21:30:00,125.31,126.01,125.27,125.29,127.02,127.01,126.31,126.28,126.24,125.2,0.0,0.0,0.0,0.0,0,0.0,0,0.0,0.0,0.0,0.0,0.0
2022-10-11 01:30:00,125.29,125.3,125.13,125.14,127.02,127.01,126.31,126.28,126.24,125.2,0.0,0.0,0.0,0.0,0,0.0,0,0.0,0.0,0.0,0.0,0.0
2022-10-11 05:30:00,125.14,126.12,125.14,126.04,127.01,126.31,126.28,126.24,126.02,125.11,0.0,0.0,0.0,0.0,0,0.0,10/07/2022 17:00,127.375,127.375,128.375,129.375,0.0
2022-10-11 09:30:00,126.05,126.31,125.3,126.13,127.02,127.01,126.31,126.28,126.24,125.11,126.02,0.0,0.0,0.0,0,0.0,0,0.0,0.0,0.0,0.0,0.0
2022-10-11 13:30:00,126.13,127.06,125.24,126.3,127.02,127.01,126.31,126.28,126.24,125.11,125.13,126.02,0.0,0.0,0,0.0,10/07/2022 17:00,127.375,127.375,128.375,129.375,0.0
2022-10-11 18:30:00,126.29,127.04,126.01,126.06,127.1,127.03,127.02,127.01,126.31,125.11,125.13,125.14,126.02,126.24,0,0.0,0,0.0,0.0,0.0,0.0,0.0
2022-10-11 22:30:00,126.05,126.08,125.3,126.01,127.1,127.03,127.02,127.01,126.31,125.11,125.13,125.14,126.02,0.0,0,0.0,0,0.0,0.0,0.0,0.0,0.0
2022-10-12 02:30:00,126.02,126.22,126.0,126.17,127.06,127.03,127.02,127.01,126.31,125.11,125.13,125.14,125.24,0.0,0,0.0,0,0.0,0.0,0.0,0.0,0.0
2022-10-12 06:30:00,126.18,126.23,125.25,125.28,127.04,127.03,127.02,127.01,126.31,125.11,125.13,125.14,125.24,0.0,0,0.0,0,0.0,0.0,0.0,0.0,0.0
2022-10-12 10:30:00,125.28,126.11,125.18,126.09,127.04,127.03,127.02,127.01,126.31,125.11,125.13,125.14,125.24,0.0,0,0.0,0,0.0,0.0,0.0,0.0,0.0
2022-10-12 14:30:00,126.09,127.01,126.0,126.27,127.04,127.03,127.02,127.01,126.31,125.11,125.13,125.14,125.24,0.0,0,0.0,0,0.0,0.0,0.0,0.0,0.0
2022-10-12 19:30:00,126.27,127.0,126.19,126.23,127.04,127.03,127.02,127.01,126.31,125.11,125.13,125.14,125.24,0.0,0,0.0,0,0.0,0.0,0.0,0.0,0.0
2022-10-12 23:30:00,126.23,126.25,126.15,126.15,127.04,127.03,127.02,127.01,126.31,125.11,125.13,125.14,125.18,125.24,0,0.0,0,0.0,0.0,0.0,0.0,0.0
2022-10-13 03:30:00,126.15,126.24,126.1,126.19,127.03,127.02,127.01,127.01,126.31,125.13,125.14,125.18,125.24,126.0,0,0.0,0,0.0,0.0,0.0,0.0,0.0
2022-10-13 07:30:00,126.19,127.02,126.12,127.02,127.02,127.01,127.01,127.0,126.31,125.13,125.14,125.18,125.24,126.0,0,0.0,10/07/2022 17:00,127.375,127.375,128.375,129.375,0.0
2022-10-13 07:30:00,126.19,127.02,126.12,127.02,127.02,127.01,127.01,127.0,126.31,125.13,125.14,125.18,125.24,126.0,0,0.0,10/07/2022 17:00,127.375,127.375,128.375,129.375,0.0
2022-10-13 07:30:00,126.19,127.02,126.12,127.02,127.02,127.01,127.01,127.0,126.31,125.13,125.14,125.18,125.24,126.0,0,0.0,10/07/2022 17:00,127.375,127.375,128.375,129.375,0.0
2022-10-13 11:30:00,127.02,127.18,124.18,126.02,127.12,127.1,127.06,127.04,127.03,125.24,126.0,127.0,127.01,127.01,0,0.0,0,0.0,0.0,0.0,0.0,0.0
2022-10-13 15:30:00,126.02,127.02,125.3,126.02,127.04,127.03,127.02,127.01,127.0,125.13,125.14,125.18,125.24,126.0,0,0.0,0,0.0,0.0,0.0,0.0,0.0
2022-10-13 20:30:00,126.02,126.14,126.01,126.09,127.04,127.03,127.02,127.01,127.0,125.13,125.14,125.18,125.24,126.0,0,0.0,0,0.0,0.0,0.0,0.0,0.0
2022-10-14 00:30:00,126.09,126.26,126.08,126.14,127.04,127.03,127.02,127.01,127.0,125.13,125.14,125.18,125.24,126.0,0,0.0,0,0.0,0.0,0.0,0.0,0.0
2022-10-14 04:30:00,126.15,127.04,126.13,126.28,127.03,127.02,127.02,127.01,127.0,125.14,125.18,125.24,125.3,126.0,0,0.0,0,0.0,0.0,0.0,0.0,0.0
2022-10-14 08:30:00,126.28,127.17,126.21,127.1,127.03,127.02,127.02,127.01,127.0,125.18,125.24,125.3,126.0,126.01,0,0.0,10/07/2022 17:00,127.375,127.375,128.375,129.375,0.0
2022-10-14 08:30:00,126.28,127.17,126.21,127.1,127.03,127.02,127.02,127.01,127.0,125.18,125.24,125.3,126.0,126.01,0,0.0,10/07/2022 17:00,127.375,127.375,128.375,129.375,0.0
2022-10-14 08:30:00,126.28,127.17,126.21,127.1,127.03,127.02,127.02,127.01,127.0,125.18,125.24,125.3,126.0,126.01,0,0.0,10/07/2022 17:00,127.375,127.375,128.375,129.375,0.0
2022-10-14 08:30:00,126.28,127.17,126.21,127.1,127.03,127.02,127.02,127.01,127.0,125.18,125.24,125.3,126.0,126.01,0,0.0,10/07/2022 17:00,127.375,127.375,128.375,129.375,0.0
2022-10-14 08:30:00,126.28,127.17,126.21,127.1,127.03,127.02,127.02,127.01,127.0,125.18,125.24,125.3,126.0,126.01,0,0.0,10/07/2022 17:00,127.375,127.375,128.375,129.375,0.0
2022-10-14 12:30:00,127.1,127.21,125.04,125.1,127.18,127.18,127.17,127.16,127.12,127.02,127.02,127.03,127.04,127.06,0,0.0,0,0.0,0.0,0.0,0.0,0.0
2022-10-14 16:30:00,125.1,125.18,125.04,125.06,125.24,125.18,125.14,125.13,125.11,124.18,0.0,0.0,0.0,0.0,0,0.0,0,0.0,0.0,0.0,0.0,0.0
2022-10-16 21:30:00,125.06,125.18,125.04,125.12,125.24,125.18,125.14,125.13,125.11,124.18,0.0,0.0,0.0,0.0,0,0.0,10/14/2022 17:00,125.625,125.625,126.625,127.625,0.0
2022-10-17 01:30:00,125.12,125.17,125.1,125.16,125.3,125.24,125.18,125.14,125.13,124.18,125.11,0.0,0.0,0.0,0,0.0,10/14/2022 17:00,125.625,125.625,126.625,127.625,0.0
2022-10-17 01:30:00,125.12,125.17,125.1,125.16,125.3,125.24,125.18,125.14,125.13,124.18,125.11,0.0,0.0,0.0,0,0.0,10/14/2022 17:00,125.625,125.625,126.625,127.625,0.0
2022-10-17 05:30:00,125.16,126.05,125.15,126.05,126.01,126.0,125.3,125.24,125.18,124.18,125.11,125.13,125.14,0.0,0,0.0,10/14/2022 17:00,125.625,125.625,126.625,127.625,0.0
2022-10-17 05:30:00,125.16,126.05,125.15,126.05,126.01,126.0,125.3,125.24,125.18,124.18,125.11,125.13,125.14,0.0,0,0.0,10/14/2022 17:00,125.625,125.625,126.625,127.625,0.0
2022-10-17 05:30:00,125.16,126.05,125.15,126.05,126.01,126.0,125.3,125.24,125.18,124.18,125.11,125.13,125.14,0.0,0,0.0,10/14/2022 17:00,125.625,125.625,126.625,127.625,0.0
2022-10-17 05:30:00,125.16,126.05,125.15,126.05,126.01,126.0,125.3,125.24,125.18,124.18,125.11,125.13,125.14,0.0,0,0.0,10/14/2022 17:00,125.625,125.625,126.625,127.625,0.0
2022-10-17 05:30:00,125.16,126.05,125.15,126.05,126.01,126.0,125.3,125.24,125.18,124.18,125.11,125.13,125.14,0.0,0,0.0,10/14/2022 17:00,125.625,125.625,126.625,127.625,0.0
2022-10-17 09:30:00,126.05,126.18,125.31,126.04,127.06,127.04,127.03,127.02,126.08,125.18,125.24,125.3,126.0,126.01,0,0.0,0,0.0,0.0,0.0,0.0,0.0
2022-10-17 13:30:00,126.04,126.14,125.05,125.1,127.06,127.04,127.03,127.02,126.08,125.18,125.24,125.3,126.0,126.01,0,0.0,0,0.0,0.0,0.0,0.0,0.0
2022-10-17 18:30:00,125.1,125.1,124.28,125.03,127.06,127.04,127.03,127.02,126.08,124.18,125.04,0.0,0.0,0.0,0,0.0,0,0.0,0.0,0.0,0.0,0.0
2022-10-17 22:30:00,125.03,125.11,125.01,125.06,127.02,126.18,126.08,125.1,125.04,124.18,0.0,0.0,0.0,0.0,0,0.0,10/17/2022 17:00,125.34375,125.34375,126.34375,127.34375,0.0
2022-10-18 02:30:00,125.06,125.21,125.06,125.1,127.02,126.18,126.14,126.08,125.1,124.18,125.04,0.0,0.0,0.0,0,0.0,0,0.0,0.0,0.0,0.0,0.0
2022-10-18 06:30:00,125.09,125.13,124.2,124.28,127.02,126.18,126.14,126.08,125.1,124.18,124.28,125.04,0.0,0.0,0,0.0,0,0.0,0.0,0.0,0.0,0.0
2022-10-18 10:30:00,124.29,125.2,124.28,125.07,127.02,126.18,126.14,126.08,125.1,124.18,124.28,0.0,0.0,0.0,0,0.0,0,0.0,0.0,0.0,0.0,0.0
2022-10-18 14:30:00,125.07,125.1,124.02,125.02,126.18,126.14,126.08,125.21,125.1,124.18,124.28,0.0,0.0,0.0,0,0.0,0,0.0,0.0,0.0,0.0,0.0
2022-10-18 19:30:00,125.02,125.1,124.3,125.04,126.18,126.14,126.08,125.21,125.1,124.18,124.28,0.0,0.0,0.0,0,0.0,0,0.0,0.0,0.0,0.0,0.0
2022-10-18 23:30:00,125.03,125.03,124.25,124.28,126.14,126.08,125.21,125.2,125.1,124.18,124.28,0.0,0.0,0.0,0,0.0,0,0.0,0.0,0.0,0.0,0.0
2022-10-19 03:30:00,124.28,124.29,124.09,124.12,126.14,126.08,125.21,125.2,125.1,124.02,124.18,0.0,0.0,0.0,0,0.0,0,0.0,0.0,0.0,0.0,0.0
2022-10-19 07:30:00,124.12,124.18,124.0,124.03,125.2,125.1,125.1,124.28,124.18,124.02,0.0,0.0,0.0,0.0,0,0.0,0,0.0,0.0,0.0,0.0,0.0
2022-10-19 11:30:00,124.03,124.12,123.22,123.28,125.1,125.1,125.03,124.28,124.18,124.02,0.0,0.0,0.0,0.0,0,0.0,0,0.0,0.0,0.0,0.0,0.0
2022-10-19 15:30:00,123.28,124.03,123.14,123.14,125.03,124.29,124.28,124.18,124.02,0.0,0.0,0.0,0.0,0.0,0,0.0,0,0.0,0.0,0.0,0.0,0.0
2022-10-19 20:30:00,123.14,123.19,123.09,123.16,124.29,124.28,124.18,124.18,124.02,0.0,0.0,0.0,0.0,0.0,0,0.0,0,0.0,0.0,0.0,0.0,0.0
2022-10-20 00:30:00,123.17,123.17,123.07,123.11,124.28,124.18,124.18,124.12,124.02,0.0,0.0,0.0,0.0,0.0,0,0.0,0,0.0,0.0,0.0,0.0,0.0
2022-10-20 04:30:00,123.1,123.17,122.28,123.0,124.18,124.18,124.12,124.03,124.02,0.0,0.0,0.0,0.0,0.0,0,0.0,0,0.0,0.0,0.0,0.0,0.0
2022-10-20 08:30:00,122.31,123.26,122.3,123.23,124.18,124.12,124.03,124.02,123.19,0.0,0.0,0.0,0.0,0.0,0,0.0,0,0.0,0.0,0.0,0.0,0.0
2022-10-20 12:30:00,123.23,123.28,122.23,122.23,124.18,124.18,124.12,124.03,124.02,123.19,0.0,0.0,0.0,0.0,0,0.0,0,0.0,0.0,0.0,0.0,0.0
2022-10-20 16:30:00,122.23,122.24,121.27,121.3,124.18,124.12,124.03,124.02,123.19,0.0,0.0,0.0,0.0,0.0,0,0.0,0,0.0,0.0,0.0,0.0,0.0
2022-10-20 21:30:00,121.29,122.05,121.27,122.0,124.18,124.12,124.03,124.02,123.19,0.0,0.0,0.0,0.0,0.0,0,0.0,0,0.0,0.0,0.0,0.0,0.0
2022-10-21 01:30:00,122.0,122.0,121.15,121.21,124.12,124.03,124.02,123.28,123.19,0.0,0.0,0.0,0.0,0.0,0,0.0,0,0.0,0.0,0.0,0.0,0.0
2022-10-21 05:30:00,121.22,121.25,120.3,121.06,124.03,124.02,123.28,123.19,122.24,0.0,0.0,0.0,0.0,0.0,0,0.0,0,0.0,0.0,0.0,0.0,0.0
2022-10-21 09:30:00,121.06,121.13,119.28,120.11,124.02,123.28,123.19,122.24,122.05,0.0,0.0,0.0,0.0,0.0,0,0.0,0,0.0,0.0,0.0,0.0,0.0
2022-10-21 13:30:00,120.12,121.05,120.0,120.26,123.28,123.19,122.24,122.05,122.0,0.0,0.0,0.0,0.0,0.0,0,0.0,0,0.0,0.0,0.0,0.0,0.0
2022-10-23 18:30:00,120.26,121.04,120.19,121.01,123.19,122.24,122.05,122.0,121.25,0.0,0.0,0.0,0.0,0.0,0,0.0,0,0.0,0.0,0.0,0.0,0.0
2022-10-23 22:30:00,121.0,121.04,120.2,121.04,122.24,122.05,122.0,121.25,121.13,119.28,0.0,0.0,0.0,0.0,0,0.0,0,0.0,0.0,0.0,0.0,0.0
2022-10-24 02:30:00,121.03,121.24,121.03,121.2,122.05,122.0,121.25,121.13,121.05,119.28,120.0,0.0,0.0,0.0,0,0.0,10/19/2022 17:00,124.5625,124.5625,125.5625,126.5625,0.0
2022-10-24 02:30:00,121.03,121.24,121.03,121.2,122.05,122.0,121.25,121.13,121.05,119.28,120.0,0.0,0.0,0.0,0,0.0,10/19/2022 17:00,124.5625,124.5625,125.5625,126.5625,0.0
2022-10-24 06:30:00,121.2,121.23,120.2,121.02,123.19,122.24,122.05,122.0,121.25,119.28,120.0,120.19,121.05,121.13,0,0.0,0,0.0,0.0,0.0,0.0,0.0
2022-10-24 10:30:00,121.02,121.15,119.09,119.15,122.05,122.0,121.25,121.13,121.05,119.28,120.0,120.19,0.0,0.0,0,0.0,0,0.0,0.0,0.0,0.0,0.0
2022-10-24 14:30:00,119.15,120.22,119.11,120.02,121.13,121.05,120.19,120.0,119.28,0.0,0.0,0.0,0.0,0.0,0,0.0,10/19/2022 17:00,124.5625,124.5625,125.5625,126.5625,0.0
2022-10-24 19:30:00,120.02,120.06,119.23,120.01,121.24,121.23,121.13,121.05,120.19,119.28,120.0,0.0,0.0,0.0,0,0.0,0,0.0,0.0,0.0,0.0,0.0
2022-10-24 23:30:00,120.01,120.11,120.0,120.08,121.23,121.15,121.13,121.05,120.19,119.09,119.28,120.0,0.0,0.0,0,0.0,0,0.0,0.0,0.0,0.0,0.0
2022-10-25 03:30:00,120.08,120.24,120.08,120.17,121.15,121.13,121.05,120.22,120.19,119.09,119.11,119.28,120.0,0.0,0,0.0,0,0.0,0.0,0.0,0.0,0.0
2022-10-25 07:30:00,120.17,120.24,120.12,120.24,121.15,121.13,121.05,120.22,120.19,119.09,119.11,119.23,119.28,120.0,0,0.0,10/19/2022 17:00,124.5625,124.5625,125.5625,126.5625,0.0
2022-10-25 07:30:00,120.17,120.24,120.12,120.24,121.15,121.13,121.05,120.22,120.19,119.09,119.11,119.23,119.28,120.0,0,0.0,10/19/2022 17:00,124.5625,124.5625,125.5625,126.5625,0.0
2022-10-25 11:30:00,120.24,122.08,120.18,122.05,121.24,121.23,121.15,121.13,121.05,119.28,120.0,120.0,120.19,120.22,0,0.0,10/19/2022 17:00,124.5625,124.5625,125.5625,126.5625,0.0
2022-10-25 11:30:00,120.24,122.08,120.18,122.05,121.24,121.23,121.15,121.13,121.05,119.28,120.0,120.0,120.19,120.22,0,0.0,10/19/2022 17:00,124.5625,124.5625,125.5625,126.5625,0.0
2022-10-25 11:30:00,120.24,122.08,120.18,122.05,121.24,121.23,121.15,121.13,121.05,119.28,120.0,120.0,120.19,120.22,0,0.0,10/19/2022 17:00,124.5625,124.5625,125.5625,126.5625,0.0
2022-10-25 11:30:00,120.24,122.08,120.18,122.05,121.24,121.23,121.15,121.13,121.05,119.28,120.0,120.0,120.19,120.22,0,0.0,10/19/2022 17:00,124.5625,124.5625,125.5625,126.5625,0.0
2022-10-25 11:30:00,120.24,122.08,120.18,122.05,121.24,121.23,121.15,121.13,121.05,119.28,120.0,120.0,120.19,120.22,0,0.0,10/19/2022 17:00,124.5625,124.5625,125.5625,126.5625,0.0
2022-10-25 15:30:00,122.05,122.12,121.23,121.31,124.03,124.02,123.28,123.19,122.24,121.15,121.23,121.24,121.25,122.0,0,0.0,0,0.0,0.0,0.0,0.0,0.0
2022-10-25 20:30:00,121.31,122.1,121.23,122.0,123.28,123.19,122.24,122.05,122.0,120.22,121.15,121.23,121.24,121.25,0,0.0,0,0.0,0.0,0.0,0.0,0.0
2022-10-26 00:30:00,121.31,122.06,121.24,122.03,123.28,123.19,122.24,122.05,122.0,120.22,121.15,121.23,121.24,121.25,0,0.0,0,0.0,0.0,0.0,0.0,0.0
2022-10-26 04:30:00,122.03,122.26,122.02,122.23,123.28,123.19,122.24,122.12,122.05,120.22,121.15,121.23,121.24,121.25,0,0.0,10/19/2022 17:00,124.5625,124.5625,125.5625,126.5625,0.0
2022-10-26 04:30:00,122.03,122.26,122.02,122.23,123.28,123.19,122.24,122.12,122.05,120.22,121.15,121.23,121.24,121.25,0,0.0,10/19/2022 17:00,124.5625,124.5625,125.5625,126.5625,0.0
2022-10-26 08:30:00,122.22,122.23,122.06,122.1,124.03,124.02,123.28,123.19,122.24,121.23,121.24,121.25,122.05,122.12,0,0.0,0,0.0,0.0,0.0,0.0,0.0
2022-10-26 12:30:00,122.1,123.13,122.06,123.09,124.02,123.28,123.19,122.24,122.12,121.23,121.24,121.24,121.25,122.05,0,0.0,10/19/2022 17:00,124.5625,124.5625,125.5625,126.5625,0.0
2022-10-26 16:30:00,123.09,123.13,122.3,123.09,124.12,124.03,124.02,123.28,123.19,121.24,121.25,122.02,122.05,122.24,0,0.0,0,0.0,0.0,0.0,0.0,0.0
2022-10-26 21:30:00,123.09,123.15,123.08,123.12,124.12,124.03,124.02,123.28,123.19,121.24,121.25,122.02,122.05,122.24,0,0.0,0,0.0,0.0,0.0,0.0,0.0
2022-10-27 01:30:00,123.13,123.14,123.01,123.09,124.12,124.03,124.02,123.28,123.19,121.25,122.02,122.05,122.06,122.24,0,0.0,0,0.0,0.0,0.0,0.0,0.0
2022-10-27 05:30:00,123.09,123.11,122.18,122.18,124.12,124.03,124.02,123.28,123.19,122.02,122.05,122.06,122.24,122.3,0,0.0,0,0.0,0.0,0.0,0.0,0.0
2022-10-27 09:30:00,122.18,123.21,122.11,123.16,123.28,123.19,123.15,122.3,122.24,121.24,121.25,122.02,122.05,122.06,0,0.0,10/19/2022 17:00,124.5625,124.5625,125.5625,126.5625,0.0
2022-10-27 09:30:00,122.18,123.21,122.11,123.16,123.28,123.19,123.15,122.3,122.24,121.24,121.25,122.02,122.05,122.06,0,0.0,10/19/2022 17:00,124.5625,124.5625,125.5625,126.5625,0.0
2022-10-27 13:30:00,123.16,124.1,122.28,123.27,124.12,124.03,124.02,123.28,123.19,122.02,122.05,122.06,122.3,123.15,0,0.0,0,0.0,0.0,0.0,0.0,0.0
2022-10-27 18:30:00,123.27,124.15,123.2,124.06,124.18,124.12,124.03,124.02,123.28,122.02,122.05,122.06,122.3,123.15,10/27/2022 17:00,123.875,0,0.0,123.875,122.875,121.875,0.0
2022-10-27 18:30:00,123.27,124.15,123.2,124.06,124.18,124.12,124.03,124.02,123.28,122.02,122.05,122.06,122.3,123.15,10/27/2022 17:00,123.875,0,0.0,123.875,122.875,121.875,0.0
2022-10-27 18:30:00,123.27,124.15,123.2,124.06,124.18,124.12,124.03,124.02,123.28,122.02,122.05,122.06,122.3,123.15,10/27/2022 17:00,123.875,0,0.0,123.875,122.875,121.875,0.0
2022-10-27 22:30:00,124.06,124.08,123.28,124.06,124.29,124.28,124.18,124.18,124.12,122.3,123.15,123.28,124.02,124.03,0,0.0,0,0.0,0.0,0.0,0.0,0.0
2022-10-28 02:30:00,124.07,124.07,123.22,123.31,124.29,124.28,124.18,124.18,124.12,122.3,123.15,123.28,124.02,124.03,0,0.0,0,0.0,0.0,0.0,0.0,0.0
2022-10-28 06:30:00,123.3,124.01,123.01,123.06,124.18,124.18,124.15,124.12,124.03,122.28,122.3,123.15,123.2,123.28,0,0.0,0,0.0,0.0,0.0,0.0,0.0
2022-10-28 10:30:00,123.06,123.31,122.19,123.18,124.08,124.03,123.28,123.2,123.15,122.05,122.06,122.11,122.28,122.3,0,0.0,0,0.0,0.0,0.0,0.0,0.0
2022-10-28 14:30:00,123.18,123.29,122.25,122.26,124.08,124.07,124.03,123.28,123.2,122.05,122.06,122.11,122.28,122.3,0,0.0,0,0.0,0.0,0.0,0.0,0.0
2022-10-30 19:30:00,122.25,123.04,122.22,122.29,124.03,124.01,123.28,123.2,122.28,121.25,122.02,122.05,122.06,122.11,0,0.0,10/28/2022 17:00,123.875,123.875,124.875,125.875,0.0
2022-10-30 23:30:00,122.3,122.3,122.13,122.21,124.03,124.01,123.31,123.28,123.2,122.05,122.06,122.11,122.19,122.28,0,0.0,0,0.0,0.0,0.0,0.0,0.0
2022-10-31 03:30:00,122.22,122.27,122.19,122.21,124.01,123.31,123.29,123.28,123.2,122.02,122.05,122.06,122.11,122.19,0,0.0,0,0.0,0.0,0.0,0.0,0.0
2022-10-31 07:30:00,122.22,122.24,122.05,122.21,123.31,123.29,123.28,123.2,123.04,122.02,122.05,122.06,122.11,122.19,0,0.0,0,0.0,0.0,0.0,0.0,0.0
2022-10-31 11:30:00,122.22,122.24,122.09,122.21,123.29,123.28,123.2,123.04,122.3,122.02,122.05,122.06,122.11,122.19,0,0.0,0,0.0,0.0,0.0,0.0,0.0
2022-10-31 15:30:00,122.21,122.25,121.25,122.02,123.28,123.2,123.04,122.3,122.27,122.02,122.05,122.06,122.11,122.19,0,0.0,0,0.0,0.0,0.0,0.0,0.0
2022-10-31 20:30:00,122.01,122.28,121.29,122.22,122.19,122.11,122.06,122.05,122.02,121.23,121.23,121.24,121.24,121.25,0,0.0,10/28/2022 17:00,123.875,123.875,124.875,125.875,0.0
2022-10-31 20:30:00,122.01,122.28,121.29,122.22,122.19,122.11,122.06,122.05,122.02,121.23,121.23,121.24,121.24,121.25,0,0.0,10/28/2022 17:00,123.875,123.875,124.875,125.875,0.0
2022-10-31 20:30:00,122.01,122.28,121.29,122.22,122.19,122.11,122.06,122.05,122.02,121.23,121.23,121.24,121.24,121.25,0,0.0,10/28/2022 17:00,123.875,123.875,124.875,125.875,0.0
2022-11-01 00:30:00,122.23,123.04,122.19,123.02,123.28,123.2,123.04,122.3,122.27,121.25,122.02,122.06,122.11,122.19,0,0.0,10/28/2022 17:00,123.875,123.875,124.875,125.875,0.0
2022-11-01 00:30:00,122.23,123.04,122.19,123.02,123.28,123.2,123.04,122.3,122.27,121.25,122.02,122.06,122.11,122.19,0,0.0,10/28/2022 17:00,123.875,123.875,124.875,125.875,0.0
2022-11-01 04:30:00,123.02,123.18,122.28,123.15,123.31,123.29,123.28,123.2,123.04,122.06,122.11,122.19,122.27,122.3,0,0.0,10/28/2022 17:00,123.875,123.875,124.875,125.875,0.0
2022-11-01 08:30:00,123.15,124.15,123.12,124.13,124.01,123.31,123.29,123.28,123.2,122.11,122.19,122.27,122.3,123.04,0,0.0,10/28/2022 17:00,123.875,123.875,124.875,125.875,0.0
2022-11-01 08:30:00,123.15,124.15,123.12,124.13,124.01,123.31,123.29,123.28,123.2,122.11,122.19,122.27,122.3,123.04,0,0.0,10/28/2022 17:00,123.875,123.875,124.875,125.875,0.0
2022-11-01 08:30:00,123.15,124.15,123.12,124.13,124.01,123.31,123.29,123.28,123.2,122.11,122.19,122.27,122.3,123.04,0,0.0,10/28/2022 17:00,123.875,123.875,124.875,125.875,0.0
2022-11-01 08:30:00,123.15,124.15,123.12,124.13,124.01,123.31,123.29,123.28,123.2,122.11,122.19,122.27,122.3,123.04,0,0.0,10/28/2022 17:00,123.875,123.875,124.875,125.875,0.0
2022-11-01 08:30:00,123.15,124.15,123.12,124.13,124.01,123.31,123.29,123.28,123.2,122.11,122.19,122.27,122.3,123.04,0,0.0,10/28/2022 17:00,123.875,123.875,124.875,125.875,0.0
2022-11-01 08:30:00,123.15,124.15,123.12,124.13,124.01,123.31,123.29,123.28,123.2,122.11,122.19,122.27,122.3,123.04,0,0.0,10/28/2022 17:00,123.875,123.875,124.875,125.875,0.0
2022-11-01 08:30:00,123.15,124.15,123.12,124.13,124.01,123.31,123.29,123.28,123.2,122.11,122.19,122.27,122.3,123.04,0,0.0,10/28/2022 17:00,123.875,123.875,124.875,125.875,0.0
2022-11-01 12:30:00,124.14,124.18,122.18,122.31,124.29,124.28,124.18,124.18,124.15,123.31,124.01,124.07,124.08,124.12,0,0.0,0,0.0,0.0,0.0,0.0,0.0
2022-11-01 16:30:00,122.31,123.0,122.16,122.27,124.07,124.01,123.31,123.29,123.04,122.11,122.19,122.19,122.27,122.3,0,0.0,0,0.0,0.0,0.0,0.0,0.0
2022-11-01 21:30:00,122.27,123.08,122.25,123.05,124.01,123.31,123.29,123.04,122.3,122.02,122.06,122.11,122.19,122.19,0,0.0,0,0.0,0.0,0.0,0.0,0.0
2022-11-02 01:30:00,123.06,123.06,122.23,122.24,124.08,124.07,124.01,123.31,123.29,122.06,122.11,122.19,122.19,122.27,0,0.0,0,0.0,0.0,0.0,0.0,0.0
2022-11-02 05:30:00,122.23,123.02,122.2,122.27,124.07,124.01,123.31,123.29,122.27,122.06,122.11,122.16,122.19,122.19,0,0.0,0,0.0,0.0,0.0,0.0,0.0
2022-11-02 09:30:00,122.27,123.09,122.22,123.05,124.07,124.01,123.31,123.29,123.08,122.06,122.11,122.16,122.19,122.19,0,0.0,0,0.0,0.0,0.0,0.0,0.0
2022-11-02 13:30:00,123.05,123.1,122.23,122.3,124.07,124.01,123.31,123.29,123.08,122.06,122.11,122.16,122.19,122.19,0,0.0,0,0.0,0.0,0.0,0.0,0.0
2022-11-02 18:30:00,122.31,123.21,121.26,121.29,124.07,124.01,123.31,123.29,123.08,122.11,122.16,122.19,122.19,122.2,0,0.0,0,0.0,0.0,0.0,0.0,0.0
2022-11-02 22:30:00,121.3,121.31,121.2,121.22,123.08,122.2,122.19,122.16,122.02,121.24,121.24,121.25,121.25,121.29,0,0.0,0,0.0,0.0,0.0,0.0,0.0
2022-11-03 02:30:00,121.22,121.24,121.11,121.12,121.25,121.24,121.24,121.23,121.23,120.12,120.18,120.19,120.22,121.15,0,0.0,0,0.0,0.0,0.0,0.0,0.0
2022-11-03 06:30:00,121.12,121.19,120.25,120.27,121.24,121.24,121.23,121.23,121.15,120.08,120.12,120.18,120.19,120.22,0,0.0,0,0.0,0.0,0.0,0.0,0.0
2022-11-03 10:30:00,120.28,121.23,120.12,121.22,121.24,121.24,121.23,121.23,121.15,120.08,120.12,120.18,120.19,120.22,0,0.0,0,0.0,0.0,0.0,0.0,0.0
2022-11-03 14:30:00,121.22,122.02,121.12,122.0,121.24,121.24,121.24,121.23,121.23,120.08,120.12,120.18,120.19,120.22,0,0.0,10/28/2022 17:00,123.875,123.875,124.875,125.875,0.0
2022-11-03 14:30:00,121.22,122.02,121.12,122.0,121.24,121.24,121.24,121.23,121.23,120.08,120.12,120.18,120.19,120.22,0,0.0,10/28/2022 17:00,123.875,123.875,124.875,125.875,0.0
2022-11-03 14:30:00,121.22,122.02,121.12,122.0,121.24,121.24,121.24,121.23,121.23,120.08,120.12,120.18,120.19,120.22,0,0.0,10/28/2022 17:00,123.875,123.875,124.875,125.875,0.0
2022-11-03 14:30:00,121.22,122.02,121.12,122.0,121.24,121.24,121.24,121.23,121.23,120.08,120.12,120.18,120.19,120.22,0,0.0,10/28/2022 17:00,123.875,123.875,124.875,125.875,0.0
2022-11-03 14:30:00,121.22,122.02,121.12,122.0,121.24,121.24,121.24,121.23,121.23,120.08,120.12,120.18,120.19,120.22,0,0.0,10/28/2022 17:00,123.875,123.875,124.875,125.875,0.0
2022-11-03 14:30:00,121.22,122.02,121.12,122.0,121.24,121.24,121.24,121.23,121.23,120.08,120.12,120.18,120.19,120.22,0,0.0,10/28/2022 17:00,123.875,123.875,124.875,125.875,0.0
2022-11-03 19:30:00,122.0,122.05,121.17,121.18,123.08,122.2,122.19,122.16,122.02,121.24,121.24,121.25,121.29,121.31,0,0.0,0,0.0,0.0,0.0,0.0,0.0
2022-11-03 23:30:00,121.18,121.2,121.11,121.13,122.19,122.16,122.02,121.31,121.24,120.12,120.12,120.18,120.19,120.22,0,0.0,0,0.0,0.0,0.0,0.0,0.0
2022-11-04 03:30:00,121.14,121.22,121.09,121.11,122.19,122.16,122.02,121.31,121.24,120.12,120.12,120.18,120.19,120.22,0,0.0,0,0.0,0.0,0.0,0.0,0.0
2022-11-04 07:30:00,121.11,121.27,121.08,121.12,122.16,122.05,122.02,121.31,121.24,120.12,120.12,120.18,120.19,120.22,0,0.0,0,0.0,0.0,0.0,0.0,0.0
2022-11-04 11:30:00,121.12,121.31,120.17,121.03,122.16,122.05,122.02,121.31,121.24,120.12,120.12,120.18,120.19,120.22,0,0.0,0,0.0,0.0,0.0,0.0,0.0
2022-11-04 15:30:00,121.03,121.1,120.27,121.01,122.16,122.05,122.02,121.31,121.24,120.12,120.12,120.18,120.19,120.22,0,0.0,0,0.0,0.0,0.0,0.0,0.0
2022-11-06 20:30:00,121.01,121.11,120.27,121.05,122.16,122.05,122.02,121.31,121.24,120.12,120.12,120.18,120.19,120.22,0,0.0,0,0.0,0.0,0.0,0.0,0.0
2022-11-07 08:30:00,121.13,121.22,121.02,121.1,122.05,122.02,121.31,121.31,121.24,120.12,120.17,120.18,120.19,120.22,0,0.0,0,0.0,0.0,0.0,0.0,0.0
2022-11-07 12:30:00,121.1,121.13,120.06,120.1,122.05,122.02,121.31,121.31,121.24,120.12,120.17,120.18,120.19,120.22,0,0.0,0,0.0,0.0,0.0,0.0,0.0
2022-11-07 16:30:00,120.1,120.18,120.0,120.07,120.22,120.18,120.17,120.12,120.12,119.23,119.28,120.0,120.0,120.08,0,0.0,0,0.0,0.0,0.0,0.0,0.0
2022-11-07 21:30:00,120.07,120.09,120.0,120.06,120.18,120.17,120.12,120.12,120.08,119.11,119.23,119.28,120.0,120.0,0,0.0,0,0.0,0.0,0.0,0.0,0.0
2022-11-08 01:30:00,120.07,120.07,119.27,120.03,120.18,120.17,120.12,120.12,120.08,119.11,119.23,119.28,120.0,120.0,0,0.0,0,0.0,0.0,0.0,0.0,0.0
2022-11-08 05:30:00,120.02,120.15,119.25,120.12,120.18,120.17,120.12,120.12,120.08,119.11,119.23,119.28,120.0,120.0,0,0.0,11/04/2022 17:00,121.71875,121.71875,122.71875,123.71875,0.0
2022-11-08 09:30:00,120.12,120.28,120.02,120.21,121.13,120.22,120.18,120.18,120.17,119.23,119.28,120.0,120.0,120.08,0,0.0,11/04/2022 17:00,121.71875,121.71875,122.71875,123.71875,0.0
2022-11-08 09:30:00,120.12,120.28,120.02,120.21,121.13,120.22,120.18,120.18,120.17,119.23,119.28,120.0,120.0,120.08,0,0.0,11/04/2022 17:00,121.71875,121.71875,122.71875,123.71875,0.0
2022-11-08 09:30:00,120.12,120.28,120.02,120.21,121.13,120.22,120.18,120.18,120.17,119.23,119.28,120.0,120.0,120.08,0,0.0,11/04/2022 17:00,121.71875,121.71875,122.71875,123.71875,0.0
2022-11-08 09:30:00,120.12,120.28,120.02,120.21,121.13,120.22,120.18,120.18,120.17,119.23,119.28,120.0,120.0,120.08,0,0.0,11/04/2022 17:00,121.71875,121.71875,122.71875,123.71875,0.0
2022-11-08 13:30:00,120.21,121.22,120.2,121.11,121.31,121.24,121.22,121.13,120.22,120.12,120.12,120.17,120.18,120.18,0,0.0,11/04/2022 17:00,121.71875,121.71875,122.71875,123.71875,0.0
2022-11-08 18:30:00,121.11,121.23,121.1,121.19,121.31,121.31,121.24,121.22,121.13,120.12,120.12,120.17,120.18,120.18,0,0.0,11/04/2022 17:00,121.71875,121.71875,122.71875,123.71875,0.0
2022-11-08 22:30:00,121.19,121.22,121.06,121.16,122.02,121.31,121.31,121.24,121.22,120.12,120.17,120.18,120.18,121.13,0,0.0,0,0.0,0.0,0.0,0.0,0.0
2022-11-09 02:30:00,121.15,121.2,121.09,121.14,122.02,121.31,121.31,121.24,121.22,120.17,120.18,120.18,120.2,121.13,0,0.0,0,0.0,0.0,0.0,0.0,0.0
2022-11-09 06:30:00,121.15,122.0,121.11,121.18,121.31,121.31,121.24,121.23,121.22,120.17,120.18,120.18,120.2,121.13,0,0.0,0,0.0,0.0,0.0,0.0,0.0
2022-11-09 10:30:00,121.17,121.29,120.27,121.27,121.31,121.31,121.24,121.23,121.22,120.18,120.18,120.2,121.06,121.13,0,0.0,11/04/2022 17:00,121.71875,121.71875,122.71875,123.71875,0.0
2022-11-09 10:30:00,121.17,121.29,120.27,121.27,121.31,121.31,121.24,121.23,121.22,120.18,120.18,120.2,121.06,121.13,0,0.0,11/04/2022 17:00,121.71875,121.71875,122.71875,123.71875,0.0
2022-11-09 14:30:00,121.27,122.05,121.03,121.09,122.16,122.05,122.02,121.31,121.31,120.2,121.06,121.13,121.22,121.23,0,0.0,0,0.0,0.0,0.0,0.0,0.0
2022-11-09 19:30:00,121.08,122.14,121.02,122.04,121.31,121.31,121.23,121.22,121.13,120.17,120.18,120.18,120.2,121.06,0,0.0,11/04/2022 17:00,121.71875,121.71875,122.71875,123.71875,0.0
2022-11-09 19:30:00,121.08,122.14,121.02,122.04,121.31,121.31,121.23,121.22,121.13,120.17,120.18,120.18,120.2,121.06,0,0.0,11/04/2022 17:00,121.71875,121.71875,122.71875,123.71875,0.0
2022-11-09 23:30:00,122.04,122.09,121.3,122.07,123.08,122.2,122.19,122.16,122.05,120.2,120.27,121.06,121.31,122.02,0,0.0,11/04/2022 17:00,121.71875,121.71875,122.71875,123.71875,0.0
2022-11-10 03:30:00,122.07,122.1,121.24,121.31,123.21,123.08,122.2,122.19,122.16,120.27,121.06,121.31,122.02,122.05,0,0.0,0,0.0,0.0,0.0,0.0,0.0
2022-11-10 07:30:00,121.3,122.04,121.2,122.03,122.19,122.16,122.14,122.05,121.31,120.18,120.2,120.27,121.02,121.06,0,0.0,0,0.0,0.0,0.0,0.0,0.0
2022-11-10 11:30:00,122.04,125.19,121.3,125.1,122.2,122.19,122.16,122.14,122.05,120.2,120.27,121.02,121.06,121.31,0,0.0,11/04/2022 17:00,121.71875,121.71875,122.71875,123.71875,0.0
2022-11-10 11:30:00,122.04,125.19,121.3,125.1,122.2,122.19,122.16,122.14,122.05,120.2,120.27,121.02,121.06,121.31,0,0.0,11/04/2022 17:00,121.71875,121.71875,122.71875,123.71875,0.0
2022-11-10 11:30:00,122.04,125.19,121.3,125.1,122.2,122.19,122.16,122.14,122.05,120.2,120.27,121.02,121.06,121.31,0,0.0,11/04/2022 17:00,121.71875,121.71875,122.71875,123.71875,0.0
2022-11-10 11:30:00,122.04,125.19,121.3,125.1,122.2,122.19,122.16,122.14,122.05,120.2,120.27,121.02,121.06,121.31,0,0.0,11/04/2022 17:00,121.71875,121.71875,122.71875,123.71875,0.0
2022-11-10 11:30:00,122.04,125.19,121.3,125.1,122.2,122.19,122.16,122.14,122.05,120.2,120.27,121.02,121.06,121.31,0,0.0,11/04/2022 17:00,121.71875,121.71875,122.71875,123.71875,0.0
2022-11-10 11:30:00,122.04,125.19,121.3,125.1,122.2,122.19,122.16,122.14,122.05,120.2,120.27,121.02,121.06,121.31,0,0.0,11/04/2022 17:00,121.71875,121.71875,122.71875,123.71875,0.0
2022-11-10 11:30:00,122.04,125.19,121.3,125.1,122.2,122.19,122.16,122.14,122.05,120.2,120.27,121.02,121.06,121.31,0,0.0,11/04/2022 17:00,121.71875,121.71875,122.71875,123.71875,0.0
2022-11-10 11:30:00,122.04,125.19,121.3,125.1,122.2,122.19,122.16,122.14,122.05,120.2,120.27,121.02,121.06,121.31,0,0.0,11/04/2022 17:00,121.71875,121.71875,122.71875,123.71875,0.0
2022-11-10 11:30:00,122.04,125.19,121.3,125.1,122.2,122.19,122.16,122.14,122.05,120.2,120.27,121.02,121.06,121.31,0,0.0,11/04/2022 17:00,121.71875,121.71875,122.71875,123.71875,0.0
2022-11-10 11:30:00,122.04,125.19,121.3,125.1,122.2,122.19,122.16,122.14,122.05,120.2,120.27,121.02,121.06,121.31,0,0.0,11/04/2022 17:00,121.71875,121.71875,122.71875,123.71875,0.0
2022-11-10 11:30:00,122.04,125.19,121.3,125.1,122.2,122.19,122.16,122.14,122.05,120.2,120.27,121.02,121.06,121.31,0,0.0,11/04/2022 17:00,121.71875,121.71875,122.71875,123.71875,0.0
2022-11-10 15:30:00,125.1,125.29,125.01,125.24,126.18,126.14,126.08,125.21,125.2,124.18,124.18,124.28,124.29,125.03,0,0.0,11/04/2022 17:00,121.71875,121.71875,122.71875,123.71875,0.0
2022-11-10 15:30:00,125.1,125.29,125.01,125.24,126.18,126.14,126.08,125.21,125.2,124.18,124.18,124.28,124.29,125.03,0,0.0,11/04/2022 17:00,121.71875,121.71875,122.71875,123.71875,0.0
2022-11-10 15:30:00,125.1,125.29,125.01,125.24,126.18,126.14,126.08,125.21,125.2,124.18,124.18,124.28,124.29,125.03,0,0.0,11/04/2022 17:00,121.71875,121.71875,122.71875,123.71875,0.0
2022-11-10 15:30:00,125.1,125.29,125.01,125.24,126.18,126.14,126.08,125.21,125.2,124.18,124.18,124.28,124.29,125.03,0,0.0,11/04/2022 17:00,121.71875,121.71875,122.71875,123.71875,0.0
2022-11-10 15:30:00,125.1,125.29,125.01,125.24,126.18,126.14,126.08,125.21,125.2,124.18,124.18,124.28,124.29,125.03,0,0.0,11/04/2022 17:00,121.71875,121.71875,122.71875,123.71875,0.0
2022-11-10 15:30:00,125.1,125.29,125.01,125.24,126.18,126.14,126.08,125.21,125.2,124.18,124.18,124.28,124.29,125.03,0,0.0,11/04/2022 17:00,121.71875,121.71875,122.71875,123.71875,0.0
2022-11-10 20:30:00,125.25,126.0,125.16,125.17,127.03,127.02,126.18,126.14,126.08,125.03,125.1,125.1,125.2,125.21,0,0.0,0,0.0,0.0,0.0,0.0,0.0
2022-11-11 00:30:00,125.17,125.21,125.04,125.08,126.18,126.14,126.08,125.21,125.2,124.28,124.29,125.03,125.1,125.1,0,0.0,0,0.0,0.0,0.0,0.0,0.0
2022-11-11 04:30:00,125.09,125.14,124.3,125.09,126.14,126.08,125.21,125.2,125.1,124.18,124.28,124.29,125.01,125.03,0,0.0,0,0.0,0.0,0.0,0.0,0.0
2022-11-11 08:30:00,125.09,125.14,124.24,124.25,126.08,126.0,125.21,125.2,125.1,124.18,124.28,124.29,125.01,125.03,0,0.0,0,0.0,0.0,0.0,0.0,0.0
2022-11-11 12:30:00,124.25,125.16,124.24,125.14,125.2,125.1,125.03,125.01,124.29,123.21,124.15,124.18,124.18,124.18,11/10/2022 17:00,125.65625,0,0.0,125.65625,124.65625,123.65625,0.0
2022-11-11 16:30:00,125.13,125.23,125.1,125.14,126.08,126.0,125.21,125.21,125.2,124.15,124.18,124.18,124.18,125.01,0,0.0,0,0.0,0.0,0.0,0.0,0.0
2022-11-13 21:30:00,125.14,125.15,124.18,124.26,126.08,126.0,125.21,125.21,125.2,124.15,124.18,124.18,124.18,125.01,0,0.0,0,0.0,0.0,0.0,0.0,0.0
2022-11-14 01:30:00,124.27,124.31,124.24,124.25,126.08,126.0,125.21,125.21,125.2,123.21,124.15,124.18,124.18,124.18,0,0.0,0,0.0,0.0,0.0,0.0,0.0
2022-11-14 05:30:00,124.24,125.04,124.21,125.0,126.0,125.23,125.21,125.21,125.2,123.21,124.15,124.18,124.18,124.18,0,0.0,0,0.0,0.0,0.0,0.0,0.0
2022-11-14 09:30:00,125.0,125.18,124.21,125.15,125.23,125.21,125.21,125.2,125.15,124.15,124.18,124.18,124.18,124.18,0,0.0,0,0.0,0.0,0.0,0.0,0.0
2022-11-14 13:30:00,125.15,125.17,124.23,125.07,126.0,125.23,125.21,125.21,125.2,124.15,124.18,124.18,124.18,124.18,0,0.0,0,0.0,0.0,0.0,0.0,0.0
2022-11-14 18:30:00,125.07,125.2,125.05,125.11,125.23,125.21,125.21,125.2,125.15,124.15,124.18,124.18,124.18,124.18,0,0.0,0,0.0,0.0,0.0,0.0,0.0
2022-11-14 22:30:00,125.12,125.17,125.06,125.09,125.23,125.21,125.21,125.2,125.15,124.18,124.18,124.18,124.18,124.21,0,0.0,0,0.0,0.0,0.0,0.0,0.0
2022-11-15 02:30:00,125.09,125.18,125.06,125.16,125.23,125.21,125.21,125.2,125.15,124.18,124.18,124.18,124.21,124.23,0,0.0,11/11/2022 17:00,125.65625,125.65625,126.65625,127.65625,0.0
2022-11-15 06:30:00,125.16,126.1,125.11,126.06,125.23,125.21,125.21,125.2,125.2,124.18,124.21,124.23,125.05,125.15,0,0.0,11/11/2022 17:00,125.65625,125.65625,126.65625,127.65625,0.0
2022-11-15 06:30:00,125.16,126.1,125.11,126.06,125.23,125.21,125.21,125.2,125.2,124.18,124.21,124.23,125.05,125.15,0,0.0,11/11/2022 17:00,125.65625,125.65625,126.65625,127.65625,0.0
2022-11-15 06:30:00,125.16,126.1,125.11,126.06,125.23,125.21,125.21,125.2,125.2,124.18,124.21,124.23,125.05,125.15,0,0.0,11/11/2022 17:00,125.65625,125.65625,126.65625,127.65625,0.0
2022-11-15 06:30:00,125.16,126.1,125.11,126.06,125.23,125.21,125.21,125.2,125.2,124.18,124.21,124.23,125.05,125.15,0,0.0,11/11/2022 17:00,125.65625,125.65625,126.65625,127.65625,0.0
2022-11-15 10:30:00,126.06,126.25,125.24,126.1,127.03,127.02,126.18,126.14,126.08,125.15,125.2,125.21,125.23,126.0,0,0.0,11/11/2022 17:00,125.65625,125.65625,126.65625,127.65625,0.0
2022-11-15 14:30:00,126.1,126.2,125.18,126.0,127.04,127.03,127.02,126.18,126.14,125.2,125.21,125.23,126.0,126.08,0,0.0,0,0.0,0.0,0.0,0.0,0.0
2022-11-15 19:30:00,126.0,126.27,125.31,126.15,127.04,127.03,127.02,126.18,126.14,125.11,125.15,125.2,125.21,125.23,11/15/2022 17:00,125.65625,0,0.0,125.65625,124.65625,123.65625,0.0
2022-11-15 23:30:00,126.14,126.26,126.08,126.09,127.06,127.04,127.03,127.02,126.18,125.15,125.2,125.21,125.23,126.0,0,0.0,0,0.0,0.0,0.0,0.0,0.0
2022-11-16 03:30:00,126.09,126.12,125.24,126.09,127.04,127.03,127.02,126.18,126.14,125.18,125.2,125.21,125.23,126.0,0,0.0,0,0.0,0.0,0.0,0.0,0.0
2022-11-16 07:30:00,126.09,126.25,126.01,126.22,127.03,127.02,126.27,126.18,126.14,125.18,125.2,125.21,125.23,126.0,11/15/2022 17:00,125.65625,0,0.0,125.65625,124.65625,123.65625,0.0
2022-11-16 11:30:00,126.22,127.21,126.12,127.11,127.04,127.03,127.02,126.27,126.26,125.2,125.21,125.23,126.0,126.18,11/15/2022 17:00,125.65625,0,0.0,125.65625,124.65625,123.65625,0.0
2022-11-16 11:30:00,126.22,127.21,126.12,127.11,127.04,127.03,127.02,126.27,126.26,125.2,125.21,125.23,126.0,126.18,11/15/2022 17:00,125.65625,0,0.0,125.65625,124.65625,123.65625,0.0
2022-11-16 11:30:00,126.22,127.21,126.12,127.11,127.04,127.03,127.02,126.27,126.26,125.2,125.21,125.23,126.0,126.18,11/15/2022 17:00,125.65625,0,0.0,125.65625,124.65625,123.65625,0.0
2022-11-16 15:30:00,127.1,128.08,127.1,128.08,127.18,127.18,127.17,127.16,127.12,125.24,126.0,126.18,126.26,126.27,11/15/2022 17:00,125.65625,0,0.0,125.65625,124.65625,123.65625,0.0
2022-11-16 15:30:00,127.1,128.08,127.1,128.08,127.18,127.18,127.17,127.16,127.12,125.24,126.0,126.18,126.26,126.27,11/15/2022 17:00,125.65625,0,0.0,125.65625,124.65625,123.65625,0.0
2022-11-16 15:30:00,127.1,128.08,127.1,128.08,127.18,127.18,127.17,127.16,127.12,125.24,126.0,126.18,126.26,126.27,11/15/2022 17:00,125.65625,0,0.0,125.65625,124.65625,123.65625,0.0
2022-11-16 15:30:00,127.1,128.08,127.1,128.08,127.18,127.18,127.17,127.16,127.12,125.24,126.0,126.18,126.26,126.27,11/15/2022 17:00,125.65625,0,0.0,125.65625,124.65625,123.65625,0.0
2022-11-16 15:30:00,127.1,128.08,127.1,128.08,127.18,127.18,127.17,127.16,127.12,125.24,126.0,126.18,126.26,126.27,11/15/2022 17:00,125.65625,0,0.0,125.65625,124.65625,123.65625,0.0
2022-11-16 15:30:00,127.1,128.08,127.1,128.08,127.18,127.18,127.17,127.16,127.12,125.24,126.0,126.18,126.26,126.27,11/15/2022 17:00,125.65625,0,0.0,125.65625,124.65625,123.65625,0.0
2022-11-16 15:30:00,127.1,128.08,127.1,128.08,127.18,127.18,127.17,127.16,127.12,125.24,126.0,126.18,126.26,126.27,11/15/2022 17:00,125.65625,0,0.0,125.65625,124.65625,123.65625,0.0
2022-11-16 15:30:00,127.1,128.08,127.1,128.08,127.18,127.18,127.17,127.16,127.12,125.24,126.0,126.18,126.26,126.27,11/15/2022 17:00,125.65625,0,0.0,125.65625,124.65625,123.65625,0.0
2022-11-16 15:30:00,127.1,128.08,127.1,128.08,127.18,127.18,127.17,127.16,127.12,125.24,126.0,126.18,126.26,126.27,11/15/2022 17:00,125.65625,0,0.0,125.65625,124.65625,123.65625,0.0
2022-11-16 20:30:00,128.08,128.12,127.29,127.3,129.02,128.31,128.29,128.27,128.14,127.21,127.22,128.01,128.03,128.06,11/16/2022 17:00,127.5,0,0.0,127.5,126.5,125.5,0.0
2022-11-17 00:30:00,127.3,128.01,127.25,127.31,128.14,128.08,128.06,128.03,128.01,127.17,127.18,127.18,127.21,127.22,0,0.0,0,0.0,0.0,0.0,0.0,0.0
2022-11-17 04:30:00,127.31,128.17,127.26,127.28,128.14,128.08,128.06,128.03,128.01,127.17,127.18,127.18,127.21,127.22,0,0.0,0,0.0,0.0,0.0,0.0,0.0
2022-11-17 08:30:00,127.28,128.04,127.07,127.15,128.14,128.08,128.06,128.03,128.01,127.17,127.18,127.18,127.21,127.22,0,0.0,0,0.0,0.0,0.0,0.0,0.0
2022-11-17 12:30:00,127.16,127.25,126.28,127.19,128.03,128.01,127.22,127.21,127.18,126.26,126.27,127.1,127.1,127.12,0,0.0,0,0.0,0.0,0.0,0.0,0.0
2022-11-17 16:30:00,127.19,127.24,127.1,127.21,128.06,128.03,128.01,127.22,127.21,126.26,126.27,127.1,127.1,127.12,0,0.0,0,0.0,0.0,0.0,0.0,0.0
2022-11-17 21:30:00,127.21,127.24,127.1,127.22,128.06,128.04,128.03,128.01,127.22,126.26,126.27,127.1,127.1,127.12,0,0.0,0,0.0,0.0,0.0,0.0,0.0
2022-11-18 01:30:00,127.21,127.29,127.2,127.28,128.04,128.03,128.01,127.25,127.22,126.27,126.28,127.1,127.1,127.12,0,0.0,11/17/2022 17:00,127.65625,127.65625,128.65625,129.65625,0.0
2022-11-18 05:30:00,127.29,128.0,126.31,127.1,128.08,128.06,128.04,128.03,128.01,126.28,127.1,127.1,127.12,127.25,0,0.0,0,0.0,0.0,0.0,0.0,0.0
2022-11-18 09:30:00,127.1,127.27,127.04,127.25,128.06,128.04,128.03,128.01,127.25,126.12,126.18,126.26,126.27,126.28,0,0.0,0,0.0,0.0,0.0,0.0,0.0
2022-11-18 13:30:00,127.26,128.02,127.01,127.08,128.08,128.06,128.04,128.03,128.01,126.27,126.28,127.1,127.1,127.25,0,0.0,0,0.0,0.0,0.0,0.0,0.0
2022-11-20 18:30:00,127.07,127.09,127.01,127.04,128.03,128.01,127.25,127.1,127.1,126.18,126.26,126.27,126.28,126.31,0,0.0,0,0.0,0.0,0.0,0.0,0.0
2022-11-20 22:30:00,127.04,127.2,127.03,127.19,128.03,128.01,127.25,127.1,127.1,126.18,126.26,126.27,126.28,126.31,0,0.0,11/18/2022 17:00,127.5,127.5,128.5,129.5,0.0
2022-11-21 02:30:00,127.2,127.21,127.14,127.17,128.04,128.03,128.02,128.01,127.25,126.26,126.27,126.28,126.31,127.1,0,0.0,0,0.0,0.0,0.0,0.0,0.0
2022-11-21 06:30:00,127.18,127.19,126.29,127.02,128.04,128.03,128.02,128.01,127.25,126.27,126.28,126.31,127.01,127.1,0,0.0,0,0.0,0.0,0.0,0.0,0.0
2022-11-21 10:30:00,127.01,128.03,127.0,127.19,128.04,128.03,128.02,128.01,127.25,126.18,126.26,126.27,126.28,126.31,0,0.0,0,0.0,0.0,0.0,0.0,0.0
2022-11-21 14:30:00,127.18,127.28,127.01,127.08,128.04,128.03,128.02,128.01,127.25,126.26,126.27,126.28,126.31,127.01,0,0.0,0,0.0,0.0,0.0,0.0,0.0
2022-11-21 19:30:00,127.08,127.11,127.0,127.06,128.04,128.03,128.02,128.01,127.25,126.27,126.28,126.29,126.31,127.01,0,0.0,0,0.0,0.0,0.0,0.0,0.0
2022-11-21 23:30:00,127.05,127.14,127.04,127.08,128.03,128.03,128.02,128.01,127.25,126.27,126.28,126.29,126.31,127.01,0,0.0,0,0.0,0.0,0.0,0.0,0.0
2022-11-22 03:30:00,127.07,127.19,127.07,127.1,128.03,128.02,128.01,127.28,127.25,126.27,126.28,126.29,126.31,127.01,0,0.0,0,0.0,0.0,0.0,0.0,0.0
2022-11-22 07:30:00,127.11,127.21,127.07,127.18,128.03,128.02,128.01,127.28,127.25,126.28,126.29,126.31,127.0,127.01,0,0.0,0,0.0,0.0,0.0,0.0,0.0
2022-11-22 11:30:00,127.17,128.05,127.09,128.01,128.03,128.02,128.01,127.28,127.25,126.29,126.31,127.0,127.01,127.04,0,0.0,11/18/2022 17:00,127.5,127.5,128.5,129.5,0.0
2022-11-22 15:30:00,128.02,128.17,128.01,128.08,128.08,128.06,128.04,128.03,128.03,127.0,127.01,127.04,127.28,128.01,0,0.0,11/18/2022 17:00,127.5,127.5,128.5,129.5,0.0
2022-11-22 15:30:00,128.02,128.17,128.01,128.08,128.08,128.06,128.04,128.03,128.03,127.0,127.01,127.04,127.28,128.01,0,0.0,11/18/2022 17:00,127.5,127.5,128.5,129.5,0.0
2022-11-22 15:30:00,128.02,128.17,128.01,128.08,128.08,128.06,128.04,128.03,128.03,127.0,127.01,127.04,127.28,128.01,0,0.0,11/18/2022 17:00,127.5,127.5,128.5,129.5,0.0
2022-11-22 20:30:00,128.09,128.15,128.06,128.1,128.31,128.29,128.27,128.17,128.14,127.28,128.02,128.03,128.04,128.08,11/22/2022 17:00,128.09375,0,0.0,128.09375,127.09375,126.09375,0.0
2022-11-23 00:30:00,128.1,128.14,128.08,128.14,128.31,128.29,128.27,128.17,128.14,127.28,128.02,128.03,128.04,128.08,0,0.0,0,0.0,0.0,0.0,0.0,0.0
2022-11-23 04:30:00,128.14,128.19,128.02,128.15,128.31,128.29,128.27,128.17,128.17,128.01,128.02,128.03,128.04,128.08,11/22/2022 17:00,128.09375,0,0.0,128.09375,127.09375,126.09375,0.0
2022-11-23 08:30:00,128.14,128.19,128.01,128.04,128.31,128.29,128.27,128.17,128.17,128.01,128.02,128.03,128.04,128.08,0,0.0,0,0.0,0.0,0.0,0.0,0.0
2022-11-23 12:30:00,128.04,129.13,128.0,129.01,128.29,128.27,128.17,128.17,128.14,127.09,127.28,128.01,128.02,128.03,11/22/2022 17:00,128.09375,0,0.0,128.09375,127.09375,126.09375,0.0
2022-11-23 12:30:00,128.04,129.13,128.0,129.01,128.29,128.27,128.17,128.17,128.14,127.09,127.28,128.01,128.02,128.03,11/22/2022 17:00,128.09375,0,0.0,128.09375,127.09375,126.09375,0.0
2022-11-23 12:30:00,128.04,129.13,128.0,129.01,128.29,128.27,128.17,128.17,128.14,127.09,127.28,128.01,128.02,128.03,11/22/2022 17:00,128.09375,0,0.0,128.09375,127.09375,126.09375,0.0
2022-11-23 16:30:00,129.01,129.17,128.26,129.17,129.22,129.2,129.06,129.02,129.02,128.04,128.17,128.17,128.27,128.31,11/22/2022 17:00,128.09375,0,0.0,128.09375,127.09375,126.09375,0.0
2022-11-23 16:30:00,129.01,129.17,128.26,129.17,129.22,129.2,129.06,129.02,129.02,128.04,128.17,128.17,128.27,128.31,11/22/2022 17:00,128.09375,0,0.0,128.09375,127.09375,126.09375,0.0
2022-11-23 16:30:00,129.01,129.17,128.26,129.17,129.22,129.2,129.06,129.02,129.02,128.04,128.17,128.17,128.27,128.31,11/22/2022 17:00,128.09375,0,0.0,128.09375,127.09375,126.09375,0.0
2022-11-23 21:30:00,129.16,129.18,129.11,129.14,129.27,129.26,129.23,129.22,129.2,128.17,128.27,128.31,129.02,129.06,0,0.0,0,0.0,0.0,0.0,0.0,0.0
2022-11-24 01:30:00,129.14,129.16,129.11,129.14,129.27,129.26,129.23,129.22,129.2,128.17,128.27,128.31,129.02,129.06,0,0.0,0,0.0,0.0,0.0,0.0,0.0
2022-11-24 05:30:00,129.14,130.06,129.12,130.05,129.27,129.26,129.23,129.22,129.2,128.26,128.27,128.31,129.02,129.06,11/23/2022 17:00,128.96875,0,0.0,128.96875,127.96875,126.96875,0.0
2022-11-24 05:30:00,129.14,130.06,129.12,130.05,129.27,129.26,129.23,129.22,129.2,128.26,128.27,128.31,129.02,129.06,11/23/2022 17:00,128.96875,0,0.0,128.96875,127.96875,126.96875,0.0
2022-11-24 05:30:00,129.14,130.06,129.12,130.05,129.27,129.26,129.23,129.22,129.2,128.26,128.27,128.31,129.02,129.06,11/23/2022 17:00,128.96875,0,0.0,128.96875,127.96875,126.96875,0.0
2022-11-24 05:30:00,129.14,130.06,129.12,130.05,129.27,129.26,129.23,129.22,129.2,128.26,128.27,128.31,129.02,129.06,11/23/2022 17:00,128.96875,0,0.0,128.96875,127.96875,126.96875,0.0
2022-11-24 09:30:00,130.04,130.09,129.27,130.01,130.27,130.27,130.15,130.12,130.09,129.22,129.26,129.27,130.0,130.01,11/23/2022 17:00,128.96875,0,0.0,128.96875,127.96875,126.96875,0.0
2022-11-24 09:30:00,130.04,130.09,129.27,130.01,130.27,130.27,130.15,130.12,130.09,129.22,129.26,129.27,130.0,130.01,11/23/2022 17:00,128.96875,0,0.0,128.96875,127.96875,126.96875,0.0
2022-11-24 18:30:00,130.01,130.02,129.29,129.3,130.27,130.27,130.15,130.12,130.09,129.2,129.22,129.26,129.27,130.0,0,0.0,0,0.0,0.0,0.0,0.0,0.0
2022-11-24 22:30:00,129.31,130.0,129.23,129.3,130.27,130.27,130.15,130.12,130.09,129.12,129.2,129.22,129.26,129.27,0,0.0,0,0.0,0.0,0.0,0.0,0.0
2022-11-25 02:30:00,129.29,130.01,129.26,129.3,130.27,130.15,130.12,130.09,130.09,129.12,129.2,129.22,129.26,129.27,0,0.0,0,0.0,0.0,0.0,0.0,0.0
2022-11-25 06:30:00,129.3,130.01,129.1,129.11,130.15,130.12,130.09,130.09,130.02,129.12,129.2,129.22,129.26,129.27,0,0.0,0,0.0,0.0,0.0,0.0,0.0
2022-11-25 10:30:00,129.12,129.14,128.26,129.03,130.12,130.09,130.09,130.02,129.2,128.27,128.31,129.02,129.06,129.11,0,0.0,0,0.0,0.0,0.0,0.0,0.0
2022-11-27 19:15:00,129.02,129.13,128.31,129.13,130.02,129.2,129.12,129.11,129.06,128.17,128.17,128.26,128.27,128.31,11/23/2022 17:00,128.96875,0,0.0,128.96875,127.96875,126.96875,0.0
2022-11-27 19:15:00,129.02,129.13,128.31,129.13,130.02,129.2,129.12,129.11,129.06,128.17,128.17,128.26,128.27,128.31,11/23/2022 17:00,128.96875,0,0.0,128.96875,127.96875,126.96875,0.0
2022-11-27 23:15:00,129.12,130.01,129.12,130.01,130.09,130.09,130.02,130.01,129.2,128.26,128.27,128.31,129.02,129.11,0,0.0,0,0.0,0.0,0.0,0.0,0.0
2022-11-28 03:15:00,130.0,130.09,129.29,130.07,130.12,130.09,130.09,130.02,130.01,128.27,128.31,129.02,129.11,129.12,11/23/2022 17:00,128.96875,0,0.0,128.96875,127.96875,126.96875,0.0
2022-11-28 03:15:00,130.0,130.09,129.29,130.07,130.12,130.09,130.09,130.02,130.01,128.27,128.31,129.02,129.11,129.12,11/23/2022 17:00,128.96875,0,0.0,128.96875,127.96875,126.96875,0.0
2022-11-28 07:15:00,130.07,130.11,129.12,129.22,130.27,130.15,130.12,130.09,130.09,129.02,129.11,129.12,130.01,130.02,0,0.0,0,0.0,0.0,0.0,0.0,0.0
2022-11-28 11:15:00,129.21,129.28,129.11,129.16,130.12,130.09,130.09,130.02,130.01,128.31,128.31,129.02,129.11,129.12,0,0.0,0,0.0,0.0,0.0,0.0,0.0
2022-11-28 15:15:00,129.16,129.17,128.31,129.05,130.12,130.09,130.09,130.02,130.01,128.31,128.31,129.02,129.11,129.12,0,0.0,0,0.0,0.0,0.0,0.0,0.0
2022-11-28 20:15:00,129.05,129.17,129.05,129.07,130.11,130.09,130.09,130.02,130.01,128.26,128.27,128.31,128.31,129.02,0,0.0,0,0.0,0.0,0.0,0.0,0.0
2022-11-29 00:15:00,129.08,129.13,129.0,129.04,130.09,130.09,130.02,130.01,129.28,128.26,128.27,128.31,128.31,129.02,0,0.0,0,0.0,0.0,0.0,0.0,0.0
2022-11-29 04:15:00,129.04,129.3,129.02,129.19,130.09,130.09,130.02,130.01,129.28,128.27,128.31,128.31,128.31,129.02,0,0.0,0,0.0,0.0,0.0,0.0,0.0
2022-11-29 08:15:00,129.2,129.3,129.01,129.04,130.09,130.09,130.02,130.01,129.28,128.27,128.31,128.31,128.31,129.02,0,0.0,0,0.0,0.0,0.0,0.0,0.0
2022-11-29 12:15:00,129.04,129.16,128.06,128.28,130.09,130.09,130.02,130.01,129.28,128.31,128.31,128.31,129.0,129.02,0,0.0,0,0.0,0.0,0.0,0.0,0.0
2022-11-29 16:15:00,128.28,129.0,128.1,128.13,129.28,129.0,128.31,128.31,128.31,128.17,128.17,128.26,128.26,128.27,0,0.0,0,0.0,0.0,0.0,0.0,0.0
2022-11-29 21:15:00,128.14,128.2,128.11,128.17,128.27,128.26,128.26,128.17,128.17,128.0,128.01,128.02,128.03,128.04,0,0.0,0,0.0,0.0,0.0,0.0,0.0
2022-11-30 01:15:00,128.17,128.24,128.16,128.23,128.31,128.31,128.27,128.26,128.26,128.01,128.02,128.03,128.04,128.06,0,0.0,0,0.0,0.0,0.0,0.0,0.0
2022-11-30 05:15:00,128.24,128.29,128.12,128.12,128.31,128.31,128.27,128.26,128.26,128.02,128.03,128.04,128.06,128.1,0,0.0,0,0.0,0.0,0.0,0.0,0.0
2022-11-30 09:15:00,128.13,128.28,127.28,128.05,128.31,128.31,128.27,128.26,128.26,128.03,128.04,128.06,128.1,128.11,0,0.0,0,0.0,0.0,0.0,0.0,0.0
2022-11-30 13:15:00,128.05,128.17,127.26,128.17,128.26,128.26,128.11,128.1,128.06,128.0,128.01,128.02,128.03,128.04,0,0.0,11/29/2022 17:00,128.96875,128.96875,129.96875,130.96875,0.0
2022-11-30 13:15:00,128.05,128.17,127.26,128.17,128.26,128.26,128.11,128.1,128.06,128.0,128.01,128.02,128.03,128.04,0,0.0,11/29/2022 17:00,128.96875,128.96875,129.96875,130.96875,0.0
2022-11-30 13:15:00,128.05,128.17,127.26,128.17,128.26,128.26,128.11,128.1,128.06,128.0,128.01,128.02,128.03,128.04,0,0.0,11/29/2022 17:00,128.96875,128.96875,129.96875,130.96875,0.0
2022-11-30 18:15:00,128.17,130.05,128.08,129.31,128.31,128.29,128.27,128.26,128.26,128.03,128.04,128.06,128.1,128.11,11/30/2022 17:00,128.53125,0,0.0,128.53125,127.53125,126.53125,0.0
2022-11-30 18:15:00,128.17,130.05,128.08,129.31,128.31,128.29,128.27,128.26,128.26,128.03,128.04,128.06,128.1,128.11,11/30/2022 17:00,128.53125,0,0.0,128.53125,127.53125,126.53125,0.0
2022-11-30 18:15:00,128.17,130.05,128.08,129.31,128.31,128.29,128.27,128.26,128.26,128.03,128.04,128.06,128.1,128.11,11/30/2022 17:00,128.53125,0,0.0,128.53125,127.53125,126.53125,0.0
2022-11-30 18:15:00,128.17,130.05,128.08,129.31,128.31,128.29,128.27,128.26,128.26,128.03,128.04,128.06,128.1,128.11,11/30/2022 17:00,128.53125,0,0.0,128.53125,127.53125,126.53125,0.0
2022-11-30 18:15:00,128.17,130.05,128.08,129.31,128.31,128.29,128.27,128.26,128.26,128.03,128.04,128.06,128.1,128.11,11/30/2022 17:00,128.53125,0,0.0,128.53125,127.53125,126.53125,0.0
2022-11-30 18:15:00,128.17,130.05,128.08,129.31,128.31,128.29,128.27,128.26,128.26,128.03,128.04,128.06,128.1,128.11,11/30/2022 17:00,128.53125,0,0.0,128.53125,127.53125,126.53125,0.0
2022-11-30 18:15:00,128.17,130.05,128.08,129.31,128.31,128.29,128.27,128.26,128.26,128.03,128.04,128.06,128.1,128.11,11/30/2022 17:00,128.53125,0,0.0,128.53125,127.53125,126.53125,0.0
2022-11-30 18:15:00,128.17,130.05,128.08,129.31,128.31,128.29,128.27,128.26,128.26,128.03,128.04,128.06,128.1,128.11,11/30/2022 17:00,128.53125,0,0.0,128.53125,127.53125,126.53125,0.0
2022-11-30 22:15:00,129.31,130.0,129.19,129.25,130.11,130.09,130.09,130.02,130.01,129.0,129.0,129.16,129.28,129.3,11/30/2022 17:00,128.53125,0,0.0,128.53125,127.53125,126.53125,0.0
2022-11-30 22:15:00,129.31,130.0,129.19,129.25,130.11,130.09,130.09,130.02,130.01,129.0,129.0,129.16,129.28,129.3,11/30/2022 17:00,128.53125,0,0.0,128.53125,127.53125,126.53125,0.0
2022-12-01 02:15:00,129.25,130.01,129.22,130.01,130.09,130.02,130.01,129.3,129.28,128.31,128.31,129.0,129.0,129.16,0,0.0,0,0.0,0.0,0.0,0.0,0.0
2022-12-01 06:15:00,130.01,130.11,129.24,130.08,130.11,130.09,130.09,130.05,130.02,128.31,128.31,129.0,129.0,129.16,11/30/2022 17:00,128.53125,0,0.0,128.53125,127.53125,126.53125,0.0
2022-12-01 10:15:00,130.08,131.03,129.31,130.06,130.15,130.12,130.11,130.09,130.09,129.0,129.0,129.16,129.19,130.05,0,0.0,0,0.0,0.0,0.0,0.0,0.0
2022-12-01 14:15:00,130.05,131.04,129.28,131.01,130.15,130.12,130.11,130.09,130.09,129.0,129.0,129.16,129.19,129.22,11/30/2022 17:00,128.53125,0,0.0,128.53125,127.53125,126.53125,0.0
2022-12-01 14:15:00,130.05,131.04,129.28,131.01,130.15,130.12,130.11,130.09,130.09,129.0,129.0,129.16,129.19,129.22,11/30/2022 17:00,128.53125,0,0.0,128.53125,127.53125,126.53125,0.0
2022-12-01 14:15:00,130.05,131.04,129.28,131.01,130.15,130.12,130.11,130.09,130.09,129.0,129.0,129.16,129.19,129.22,11/30/2022 17:00,128.53125,0,0.0,128.53125,127.53125,126.53125,0.0
2022-12-01 14:15:00,130.05,131.04,129.28,131.01,130.15,130.12,130.11,130.09,130.09,129.0,129.0,129.16,129.19,129.22,11/30/2022 17:00,128.53125,0,0.0,128.53125,127.53125,126.53125,0.0
2022-12-01 14:15:00,130.05,131.04,129.28,131.01,130.15,130.12,130.11,130.09,130.09,129.0,129.0,129.16,129.19,129.22,11/30/2022 17:00,128.53125,0,0.0,128.53125,127.53125,126.53125,0.0
2022-12-01 14:15:00,130.05,131.04,129.28,131.01,130.15,130.12,130.11,130.09,130.09,129.0,129.0,129.16,129.19,129.22,11/30/2022 17:00,128.53125,0,0.0,128.53125,127.53125,126.53125,0.0
2022-12-01 14:15:00,130.05,131.04,129.28,131.01,130.15,130.12,130.11,130.09,130.09,129.0,129.0,129.16,129.19,129.22,11/30/2022 17:00,128.53125,0,0.0,128.53125,127.53125,126.53125,0.0
2022-12-01 19:15:00,131.02,131.21,131.01,131.13,132.21,132.06,131.27,131.18,131.14,130.27,130.28,130.31,131.0,131.01,12/01/2022 17:00,131.0625,0,0.0,131.0625,130.0625,129.0625,0.0
2022-12-01 19:15:00,131.02,131.21,131.01,131.13,132.21,132.06,131.27,131.18,131.14,130.27,130.28,130.31,131.0,131.01,12/01/2022 17:00,131.0625,0,0.0,131.0625,130.0625,129.0625,0.0
2022-12-01 19:15:00,131.02,131.21,131.01,131.13,132.21,132.06,131.27,131.18,131.14,130.27,130.28,130.31,131.0,131.01,12/01/2022 17:00,131.0625,0,0.0,131.0625,130.0625,129.0625,0.0
2022-12-01 19:15:00,131.02,131.21,131.01,131.13,132.21,132.06,131.27,131.18,131.14,130.27,130.28,130.31,131.0,131.01,12/01/2022 17:00,131.0625,0,0.0,131.0625,130.0625,129.0625,0.0
2022-12-01 19:15:00,131.02,131.21,131.01,131.13,132.21,132.06,131.27,131.18,131.14,130.27,130.28,130.31,131.0,131.01,12/01/2022 17:00,131.0625,0,0.0,131.0625,130.0625,129.0625,0.0
2022-12-01 23:15:00,131.12,131.13,131.01,131.01,132.21,132.06,131.27,131.18,131.14,130.31,131.0,131.01,131.02,131.02,0,0.0,0,0.0,0.0,0.0,0.0,0.0
2022-12-02 03:15:00,131.01,131.16,131.01,131.1,131.27,131.18,131.14,131.02,131.02,130.27,130.27,130.28,130.31,131.0,12/01/2022 17:00,131.0625,0,0.0,131.0625,130.0625,129.0625,0.0
2022-12-02 07:15:00,131.11,131.2,131.08,131.14,132.06,131.27,131.21,131.18,131.14,130.27,130.28,130.31,131.0,131.01,0,0.0,0,0.0,0.0,0.0,0.0,0.0
2022-12-02 11:15:00,131.14,131.22,130.01,130.15,132.21,132.06,131.27,131.21,131.18,130.27,130.28,130.31,131.0,131.01,0,0.0,0,0.0,0.0,0.0,0.0,0.0
2022-12-02 15:15:00,130.15,131.24,130.13,131.2,131.14,131.01,131.0,130.27,130.27,130.05,130.09,130.09,130.11,130.12,12/01/2022 17:00,131.0625,0,0.0,131.0625,130.0625,129.0625,0.0
2022-12-02 15:15:00,130.15,131.24,130.13,131.2,131.14,131.01,131.0,130.27,130.27,130.05,130.09,130.09,130.11,130.12,12/01/2022 17:00,131.0625,0,0.0,131.0625,130.0625,129.0625,0.0
2022-12-04 20:15:00,131.19,132.03,131.08,131.09,132.22,132.21,132.06,131.27,131.21,130.11,130.12,130.15,131.14,131.18,0,0.0,0,0.0,0.0,0.0,0.0,0.0
2022-12-05 00:15:00,131.09,131.14,131.06,131.09,132.22,132.21,132.06,131.27,131.21,130.09,130.09,130.11,130.12,130.15,0,0.0,0,0.0,0.0,0.0,0.0,0.0
2022-12-05 04:15:00,131.1,131.19,131.04,131.14,132.22,132.21,132.06,131.27,131.21,130.09,130.11,130.12,130.13,130.15,0,0.0,0,0.0,0.0,0.0,0.0,0.0
2022-12-05 08:15:00,131.13,131.26,131.1,131.17,132.21,132.06,132.03,131.27,131.21,130.09,130.11,130.12,130.13,130.15,0,0.0,0,0.0,0.0,0.0,0.0,0.0
2022-12-05 12:15:00,131.17,131.2,130.06,130.24,132.21,132.06,132.03,131.27,131.21,130.09,130.11,130.12,130.13,130.15,0,0.0,0,0.0,0.0,0.0,0.0,0.0
2022-12-05 16:15:00,130.24,130.27,130.14,130.26,132.21,132.06,132.03,131.27,131.21,130.09,130.11,130.12,130.13,130.15,0,0.0,0,0.0,0.0,0.0,0.0,0.0
2022-12-05 21:15:00,130.26,131.03,130.22,131.01,132.06,132.03,131.27,131.26,131.21,130.09,130.11,130.12,130.13,130.15,0,0.0,0,0.0,0.0,0.0,0.0,0.0
2022-12-06 01:15:00,131.01,131.01,130.22,130.23,132.03,131.27,131.26,131.21,131.2,130.09,130.11,130.12,130.13,130.15,0,0.0,0,0.0,0.0,0.0,0.0,0.0
2022-12-06 05:15:00,130.24,131.02,130.18,130.28,132.03,131.27,131.26,131.21,131.2,130.11,130.12,130.13,130.14,130.15,0,0.0,0,0.0,0.0,0.0,0.0,0.0
2022-12-06 09:15:00,130.28,131.23,130.28,131.16,131.27,131.26,131.21,131.2,131.03,130.11,130.12,130.13,130.14,130.15,0,0.0,12/05/2022 17:00,131.0625,131.0625,132.0625,133.0625,0.0
2022-12-06 13:15:00,131.16,131.19,131.03,131.15,132.03,131.27,131.26,131.21,131.2,130.12,130.13,130.14,130.15,131.03,0,0.0,0,0.0,0.0,0.0,0.0,0.0
2022-12-06 18:15:00,131.15,132.09,131.12,131.3,132.03,131.27,131.26,131.21,131.2,130.13,130.14,130.15,130.18,131.03,12/06/2022 17:00,131.0625,0,0.0,131.0625,130.0625,129.0625,0.0
2022-12-06 18:15:00,131.15,132.09,131.12,131.3,132.03,131.27,131.26,131.21,131.2,130.13,130.14,130.15,130.18,131.03,12/06/2022 17:00,131.0625,0,0.0,131.0625,130.0625,129.0625,0.0
2022-12-06 18:15:00,131.15,132.09,131.12,131.3,132.03,131.27,131.26,131.21,131.2,130.13,130.14,130.15,130.18,131.03,12/06/2022 17:00,131.0625,0,0.0,131.0625,130.0625,129.0625,0.0
2022-12-06 18:15:00,131.15,132.09,131.12,131.3,132.03,131.27,131.26,131.21,131.2,130.13,130.14,130.15,130.18,131.03,12/06/2022 17:00,131.0625,0,0.0,131.0625,130.0625,129.0625,0.0
2022-12-06 22:15:00,131.3,131.3,131.19,131.2,132.22,132.22,132.21,132.06,132.03,131.03,131.2,131.21,131.26,131.27,0,0.0,0,0.0,0.0,0.0,0.0,0.0
2022-12-07 02:15:00,131.2,132.02,131.19,132.0,132.21,132.06,132.03,131.26,131.21,130.15,130.18,130.28,131.03,131.03,0,0.0,0,0.0,0.0,0.0,0.0,0.0
2022-12-07 06:15:00,132.0,132.11,131.28,131.29,132.22,132.21,132.09,132.06,132.03,130.28,131.03,131.03,131.12,131.2,0,0.0,0,0.0,0.0,0.0,0.0,0.0
2022-12-07 10:15:00,131.3,133.25,131.18,133.1,132.22,132.21,132.09,132.06,132.03,130.28,131.03,131.03,131.12,131.2,12/06/2022 17:00,131.0625,0,0.0,131.0625,130.0625,129.0625,0.0
2022-12-07 10:15:00,131.3,133.25,131.18,133.1,132.22,132.21,132.09,132.06,132.03,130.28,131.03,131.03,131.12,131.2,12/06/2022 17:00,131.0625,0,0.0,131.0625,130.0625,129.0625,0.0
2022-12-07 10:15:00,131.3,133.25,131.18,133.1,132.22,132.21,132.09,132.06,132.03,130.28,131.03,131.03,131.12,131.2,12/06/2022 17:00,131.0625,0,0.0,131.0625,130.0625,129.0625,0.0
2022-12-07 10:15:00,131.3,133.25,131.18,133.1,132.22,132.21,132.09,132.06,132.03,130.28,131.03,131.03,131.12,131.2,12/06/2022 17:00,131.0625,0,0.0,131.0625,130.0625,129.0625,0.0
2022-12-07 10:15:00,131.3,133.25,131.18,133.1,132.22,132.21,132.09,132.06,132.03,130.28,131.03,131.03,131.12,131.2,12/06/2022 17:00,131.0625,0,0.0,131.0625,130.0625,129.0625,0.0
2022-12-07 10:15:00,131.3,133.25,131.18,133.1,132.22,132.21,132.09,132.06,132.03,130.28,131.03,131.03,131.12,131.2,12/06/2022 17:00,131.0625,0,0.0,131.0625,130.0625,129.0625,0.0
2022-12-07 10:15:00,131.3,133.25,131.18,133.1,132.22,132.21,132.09,132.06,132.03,130.28,131.03,131.03,131.12,131.2,12/06/2022 17:00,131.0625,0,0.0,131.0625,130.0625,129.0625,0.0
2022-12-07 10:15:00,131.3,133.25,131.18,133.1,132.22,132.21,132.09,132.06,132.03,130.28,131.03,131.03,131.12,131.2,12/06/2022 17:00,131.0625,0,0.0,131.0625,130.0625,129.0625,0.0
2022-12-07 10:15:00,131.3,133.25,131.18,133.1,132.22,132.21,132.09,132.06,132.03,130.28,131.03,131.03,131.12,131.2,12/06/2022 17:00,131.0625,0,0.0,131.0625,130.0625,129.0625,0.0
2022-12-07 10:15:00,131.3,133.25,131.18,133.1,132.22,132.21,132.09,132.06,132.03,130.28,131.03,131.03,131.12,131.2,12/06/2022 17:00,131.0625,0,0.0,131.0625,130.0625,129.0625,0.0
2022-12-07 14:15:00,133.1,133.16,132.26,133.14,133.31,133.31,133.27,133.15,133.14,132.31,132.31,133.0,133.0,133.04,12/06/2022 17:00,131.0625,0,0.0,131.0625,130.0625,129.0625,0.0
2022-12-07 14:15:00,133.1,133.16,132.26,133.14,133.31,133.31,133.27,133.15,133.14,132.31,132.31,133.0,133.0,133.04,12/06/2022 17:00,131.0625,0,0.0,131.0625,130.0625,129.0625,0.0
2022-12-07 14:15:00,133.1,133.16,132.26,133.14,133.31,133.31,133.27,133.15,133.14,132.31,132.31,133.0,133.0,133.04,12/06/2022 17:00,131.0625,0,0.0,131.0625,130.0625,129.0625,0.0
2022-12-07 14:15:00,133.1,133.16,132.26,133.14,133.31,133.31,133.27,133.15,133.14,132.31,132.31,133.0,133.0,133.04,12/06/2022 17:00,131.0625,0,0.0,131.0625,130.0625,129.0625,0.0
2022-12-07 19:15:00,133.15,133.26,133.09,133.11,134.06,134.0,133.31,133.31,133.27,132.31,133.0,133.0,133.04,133.14,0,0.0,0,0.0,0.0,0.0,0.0,0.0
2022-12-07 23:15:00,133.1,133.11,132.31,133.03,133.31,133.31,133.27,133.15,133.14,132.31,132.31,133.0,133.0,133.04,0,0.0,0,0.0,0.0,0.0,0.0,0.0
2022-12-08 03:15:00,133.03,133.13,132.31,133.07,133.31,133.31,133.27,133.15,133.14,132.31,132.31,132.31,133.0,133.0,0,0.0,0,0.0,0.0,0.0,0.0,0.0
2022-12-08 07:15:00,133.07,133.13,133.01,133.07,133.31,133.27,133.26,133.15,133.14,132.31,132.31,132.31,133.0,133.0,0,0.0,0,0.0,0.0,0.0,0.0,0.0
2022-12-08 11:15:00,133.06,133.12,132.17,133.06,133.31,133.27,133.26,133.15,133.14,132.31,132.31,132.31,133.0,133.0,0,0.0,0,0.0,0.0,0.0,0.0,0.0
2022-12-08 15:15:00,133.05,133.07,132.23,132.25,133.31,133.27,133.26,133.15,133.14,132.31,132.31,132.31,133.0,133.0,0,0.0,0,0.0,0.0,0.0,0.0,0.0
2022-12-08 20:15:00,132.24,133.06,132.24,133.06,132.31,132.31,132.3,132.26,132.26,132.06,132.09,132.21,132.22,132.22,0,0.0,12/08/2022 17:00,133.46875,133.46875,134.46875,135.46875,0.0
2022-12-09 00:15:00,133.06,133.15,133.04,133.14,133.26,133.15,133.14,133.13,133.12,132.17,132.21,132.22,132.22,132.26,0,0.0,12/08/2022 17:00,133.46875,133.46875,134.46875,135.46875,0.0
2022-12-09 00:15:00,133.06,133.15,133.04,133.14,133.26,133.15,133.14,133.13,133.12,132.17,132.21,132.22,132.22,132.26,0,0.0,12/08/2022 17:00,133.46875,133.46875,134.46875,135.46875,0.0
2022-12-09 04:15:00,133.13,133.16,132.28,133.03,133.31,133.27,133.26,133.15,133.14,132.22,132.22,132.23,132.26,133.12,0,0.0,0,0.0,0.0,0.0,0.0,0.0
2022-12-09 08:15:00,133.03,133.05,132.24,132.31,133.26,133.15,133.14,133.13,133.12,132.22,132.22,132.23,132.24,132.26,0,0.0,0,0.0,0.0,0.0,0.0,0.0
2022-12-09 12:15:00,132.31,133.03,131.25,132.0,133.26,133.15,133.14,133.13,133.12,132.22,132.22,132.23,132.24,132.26,0,0.0,0,0.0,0.0,0.0,0.0,0.0
2022-12-09 16:15:00,131.31,131.31,131.09,131.11,132.21,132.17,132.09,132.06,132.03,131.03,131.03,131.12,131.18,131.2,0,0.0,0,0.0,0.0,0.0,0.0,0.0
2022-12-11 21:15:00,131.11,131.19,131.1,131.18,132.06,132.03,131.2,131.18,131.12,130.15,130.18,130.28,131.03,131.03,0,0.0,12/09/2022 17:00,132.8125,132.8125,133.8125,134.8125,0.0
2022-12-12 01:15:00,131.18,131.3,131.18,131.27,132.17,132.09,132.06,132.03,131.2,130.18,130.28,131.03,131.03,131.12,0,0.0,12/09/2022 17:00,132.8125,132.8125,133.8125,134.8125,0.0
2022-12-12 05:15:00,131.26,132.08,131.25,132.05,132.17,132.09,132.06,132.03,131.31,131.03,131.03,131.09,131.12,131.18,0,0.0,12/09/2022 17:00,132.8125,132.8125,133.8125,134.8125,0.0
2022-12-12 09:15:00,132.05,132.22,132.04,132.18,132.22,132.21,132.17,132.09,132.06,131.09,131.1,131.12,131.18,131.31,0,0.0,12/09/2022 17:00,132.8125,132.8125,133.8125,134.8125,0.0
2022-12-12 13:15:00,132.19,132.24,131.05,131.12,132.24,132.23,132.22,132.22,132.21,131.12,131.18,131.18,131.31,132.17,0,0.0,0,0.0,0.0,0.0,0.0,0.0
2022-12-12 18:15:00,131.12,131.18,131.09,131.12,132.22,132.22,132.21,131.31,131.18,130.28,131.03,131.03,131.09,131.1,0,0.0,0,0.0,0.0,0.0,0.0,0.0
2022-12-12 22:15:00,131.13,131.2,131.12,131.17,132.22,132.22,132.21,131.31,131.18,131.03,131.03,131.09,131.1,131.12,0,0.0,0,0.0,0.0,0.0,0.0,0.0
2022-12-13 02:15:00,131.18,131.18,131.12,131.17,132.23,132.22,132.22,132.21,131.31,131.03,131.05,131.09,131.1,131.12,0,0.0,0,0.0,0.0,0.0,0.0,0.0
2022-12-13 06:15:00,131.16,131.24,131.11,131.22,132.22,132.22,132.21,131.31,131.18,131.05,131.09,131.09,131.1,131.12,0,0.0,12/09/2022 17:00,132.8125,132.8125,133.8125,134.8125,0.0
2022-12-13 10:15:00,131.22,134.07,131.21,133.28,132.23,132.22,132.22,132.21,131.31,131.09,131.09,131.1,131.12,131.18,0,0.0,12/09/2022 17:00,132.8125,132.8125,133.8125,134.8125,0.0
2022-12-13 10:15:00,131.22,134.07,131.21,133.28,132.23,132.22,132.22,132.21,131.31,131.09,131.09,131.1,131.12,131.18,0,0.0,12/09/2022 17:00,132.8125,132.8125,133.8125,134.8125,0.0
2022-12-13 10:15:00,131.22,134.07,131.21,133.28,132.23,132.22,132.22,132.21,131.31,131.09,131.09,131.1,131.12,131.18,0,0.0,12/09/2022 17:00,132.8125,132.8125,133.8125,134.8125,0.0
2022-12-13 10:15:00,131.22,134.07,131.21,133.28,132.23,132.22,132.22,132.21,131.31,131.09,131.09,131.1,131.12,131.18,0,0.0,12/09/2022 17:00,132.8125,132.8125,133.8125,134.8125,0.0
2022-12-13 10:15:00,131.22,134.07,131.21,133.28,132.23,132.22,132.22,132.21,131.31,131.09,131.09,131.1,131.12,131.18,0,0.0,12/09/2022 17:00,132.8125,132.8125,133.8125,134.8125,0.0
2022-12-13 10:15:00,131.22,134.07,131.21,133.28,132.23,132.22,132.22,132.21,131.31,131.09,131.09,131.1,131.12,131.18,0,0.0,12/09/2022 17:00,132.8125,132.8125,133.8125,134.8125,0.0
2022-12-13 10:15:00,131.22,134.07,131.21,133.28,132.23,132.22,132.22,132.21,131.31,131.09,131.09,131.1,131.12,131.18,0,0.0,12/09/2022 17:00,132.8125,132.8125,133.8125,134.8125,0.0
2022-12-13 10:15:00,131.22,134.07,131.21,133.28,132.23,132.22,132.22,132.21,131.31,131.09,131.09,131.1,131.12,131.18,0,0.0,12/09/2022 17:00,132.8125,132.8125,133.8125,134.8125,0.0
2022-12-13 10:15:00,131.22,134.07,131.21,133.28,132.23,132.22,132.22,132.21,131.31,131.09,131.09,131.1,131.12,131.18,0,0.0,12/09/2022 17:00,132.8125,132.8125,133.8125,134.8125,0.0
2022-12-13 10:15:00,131.22,134.07,131.21,133.28,132.23,132.22,132.22,132.21,131.31,131.09,131.09,131.1,131.12,131.18,0,0.0,12/09/2022 17:00,132.8125,132.8125,133.8125,134.8125,0.0
2022-12-13 10:15:00,131.22,134.07,131.21,133.28,132.23,132.22,132.22,132.21,131.31,131.09,131.09,131.1,131.12,131.18,0,0.0,12/09/2022 17:00,132.8125,132.8125,133.8125,134.8125,0.0
2022-12-13 10:15:00,131.22,134.07,131.21,133.28,132.23,132.22,132.22,132.21,131.31,131.09,131.09,131.1,131.12,131.18,0,0.0,12/09/2022 17:00,132.8125,132.8125,133.8125,134.8125,0.0
2022-12-13 14:15:00,133.28,133.28,132.26,132.28,134.28,134.06,134.0,133.31,133.31,133.14,133.15,133.16,133.26,133.27,0,0.0,0,0.0,0.0,0.0,0.0,0.0
2022-12-13 19:15:00,132.28,133.03,132.23,132.31,133.16,133.15,133.14,133.05,133.03,131.12,131.18,132.23,132.24,132.24,0,0.0,0,0.0,0.0,0.0,0.0,0.0
2022-12-13 23:15:00,132.3,133.06,132.28,133.02,133.16,133.15,133.14,133.05,133.03,131.18,131.21,132.23,132.24,132.24,0,0.0,0,0.0,0.0,0.0,0.0,0.0
2022-12-14 03:15:00,133.02,133.16,132.31,133.08,133.16,133.15,133.14,133.05,133.03,131.18,131.21,132.23,132.24,132.24,0,0.0,0,0.0,0.0,0.0,0.0,0.0
2022-12-14 07:15:00,133.08,133.13,132.23,132.23,133.27,133.26,133.16,133.15,133.14,131.21,132.23,132.23,132.24,132.24,0,0.0,0,0.0,0.0,0.0,0.0,0.0
2022-12-14 11:15:00,132.23,133.09,132.16,133.06,133.26,133.16,133.15,133.14,132.24,131.1,131.11,131.12,131.18,131.21,0,0.0,0,0.0,0.0,0.0,0.0,0.0
2022-12-14 15:15:00,133.06,133.12,132.04,133.09,133.26,133.16,133.16,133.15,133.14,131.12,131.18,131.21,132.23,132.23,0,0.0,0,0.0,0.0,0.0,0.0,0.0
2022-12-14 20:15:00,133.09,133.14,132.26,132.29,133.16,133.16,133.15,133.14,133.13,131.12,131.18,131.21,132.23,132.23,0,0.0,0,0.0,0.0,0.0,0.0,0.0
2022-12-15 00:15:00,132.29,133.01,132.22,132.3,133.16,133.16,133.15,133.14,133.13,131.12,131.18,131.21,132.23,132.23,0,0.0,0,0.0,0.0,0.0,0.0,0.0
2022-12-15 04:15:00,132.3,133.09,132.27,132.29,133.16,133.16,133.15,133.14,133.13,131.18,131.21,132.04,132.23,132.23,0,0.0,0,0.0,0.0,0.0,0.0,0.0
2022-12-15 08:15:00,132.28,133.13,132.28,133.07,133.16,133.15,133.14,133.14,133.13,131.18,131.21,132.04,132.23,132.23,0,0.0,0,0.0,0.0,0.0,0.0,0.0
2022-12-15 12:15:00,133.07,134.04,132.19,134.04,133.16,133.15,133.14,133.14,133.13,131.21,132.04,132.22,132.23,132.23,12/13/2022 17:00,133.0,0,0.0,133.0,132.0,131.0,134.21
2022-12-15 12:15:00,133.07,134.04,132.19,134.04,133.16,133.15,133.14,133.14,133.13,131.21,132.04,132.22,132.23,132.23,12/13/2022 17:00,133.0,0,0.0,133.0,132.0,131.0,134.21
2022-12-15 12:15:00,133.07,134.04,132.19,134.04,133.16,133.15,133.14,133.14,133.13,131.21,132.04,132.22,132.23,132.23,12/13/2022 17:00,133.0,0,0.0,133.0,132.0,131.0,134.21
2022-12-15 12:15:00,133.07,134.04,132.19,134.04,133.16,133.15,133.14,133.14,133.13,131.21,132.04,132.22,132.23,132.23,12/13/2022 17:00,133.0,0,0.0,133.0,132.0,131.0,134.21
2022-12-15 12:15:00,133.07,134.04,132.19,134.04,133.16,133.15,133.14,133.14,133.13,131.21,132.04,132.22,132.23,132.23,12/13/2022 17:00,133.0,0,0.0,133.0,132.0,131.0,134.21
2022-12-15 12:15:00,133.07,134.04,132.19,134.04,133.16,133.15,133.14,133.14,133.13,131.21,132.04,132.22,132.23,132.23,12/13/2022 17:00,133.0,0,0.0,133.0,132.0,131.0,134.21
2022-12-15 16:15:00,134.04,134.09,133.25,133.26,135.06,135.0,134.28,134.07,134.06,133.16,133.28,133.31,133.31,134.0,0,0.0,0,0.0,0.0,0.0,0.0,0.0
2022-12-15 21:15:00,133.26,133.29,133.14,133.14,134.07,134.06,133.31,133.31,133.28,132.23,132.23,133.13,133.14,133.16,0,0.0,0,0.0,0.0,0.0,0.0,0.0
2022-12-16 01:15:00,133.14,133.15,133.08,133.12,134.06,133.31,133.31,133.28,133.16,132.19,132.22,132.23,132.23,133.13,0,0.0,0,0.0,0.0,0.0,0.0,0.0
2022-12-16 05:15:00,133.11,133.13,133.03,133.04,133.31,133.28,133.16,133.14,133.13,132.04,132.19,132.22,132.23,132.23,0,0.0,0,0.0,0.0,0.0,0.0,0.0
2022-12-16 09:15:00,133.04,133.11,132.14,132.14,133.29,133.28,133.16,133.14,133.13,132.04,132.19,132.22,132.23,132.23,0,0.0,0,0.0,0.0,0.0,0.0,0.0
2022-12-16 13:15:00,132.13,133.09,132.02,133.07,133.14,133.13,132.23,132.22,132.19,131.11,131.12,131.18,131.21,132.04,12/15/2022 17:00,133.46875,0,0.0,133.46875,132.46875,131.46875,0.0
2022-12-16 13:15:00,132.13,133.09,132.02,133.07,133.14,133.13,132.23,132.22,132.19,131.11,131.12,131.18,131.21,132.04,12/15/2022 17:00,133.46875,0,0.0,133.46875,132.46875,131.46875,0.0
2022-12-16 13:15:00,132.13,133.09,132.02,133.07,133.14,133.13,132.23,132.22,132.19,131.11,131.12,131.18,131.21,132.04,12/15/2022 17:00,133.46875,0,0.0,133.46875,132.46875,131.46875,0.0
2022-12-18 18:15:00,133.07,133.1,132.22,132.25,133.16,133.15,133.14,133.13,133.13,131.21,132.04,132.19,132.22,132.23,0,0.0,0,0.0,0.0,0.0,0.0,0.0
2022-12-18 22:15:00,132.24,132.27,132.12,132.13,133.15,133.14,133.13,133.13,133.11,131.21,132.04,132.19,132.22,132.23,0,0.0,0,0.0,0.0,0.0,0.0,0.0
2022-12-19 02:15:00,132.13,132.18,132.11,132.16,133.15,133.14,133.13,133.13,133.11,131.12,131.18,131.21,132.02,132.04,0,0.0,0,0.0,0.0,0.0,0.0,0.0
2022-12-19 06:15:00,132.16,132.21,132.03,132.06,133.14,133.13,133.13,133.11,133.1,131.12,131.18,131.21,132.02,132.04,0,0.0,0,0.0,0.0,0.0,0.0,0.0
2022-12-19 10:15:00,132.06,132.07,131.06,131.08,133.13,133.13,133.11,133.1,132.27,131.12,131.18,131.21,132.02,132.04,0,0.0,0,0.0,0.0,0.0,0.0,0.0
2022-12-19 14:15:00,131.08,131.2,131.03,131.17,131.21,131.11,131.1,131.09,131.09,130.18,130.28,131.03,131.03,131.05,0,0.0,12/16/2022 17:00,133.8125,133.8125,134.8125,135.8125,0.0
2022-12-19 14:15:00,131.08,131.2,131.03,131.17,131.21,131.11,131.1,131.09,131.09,130.18,130.28,131.03,131.03,131.05,0,0.0,12/16/2022 17:00,133.8125,133.8125,134.8125,135.8125,0.0
2022-12-19 14:15:00,131.08,131.2,131.03,131.17,131.21,131.11,131.1,131.09,131.09,130.18,130.28,131.03,131.03,131.05,0,0.0,12/16/2022 17:00,133.8125,133.8125,134.8125,135.8125,0.0
2022-12-19 19:15:00,131.17,131.21,131.11,131.12,132.27,132.21,132.04,132.02,131.21,131.05,131.09,131.09,131.1,131.11,0,0.0,12/16/2022 17:00,133.8125,133.8125,134.8125,135.8125,0.0
2022-12-19 23:15:00,131.12,131.16,129.13,129.27,132.21,132.07,132.04,132.02,131.21,131.05,131.09,131.09,131.1,131.11,0,0.0,0,0.0,0.0,0.0,0.0,0.0
2022-12-20 03:15:00,129.27,130.1,129.19,130.08,130.09,130.06,130.05,130.01,129.28,129.0,129.16,129.19,129.22,129.24,0,0.0,12/16/2022 17:00,133.8125,133.8125,134.8125,135.8125,0.0
2022-12-20 03:15:00,129.27,130.1,129.19,130.08,130.09,130.06,130.05,130.01,129.28,129.0,129.16,129.19,129.22,129.24,0,0.0,12/16/2022 17:00,133.8125,133.8125,134.8125,135.8125,0.0
2022-12-20 03:15:00,129.27,130.1,129.19,130.08,130.09,130.06,130.05,130.01,129.28,129.0,129.16,129.19,129.22,129.24,0,0.0,12/16/2022 17:00,133.8125,133.8125,134.8125,135.8125,0.0
2022-12-20 07:15:00,130.08,130.12,129.3,130.1,130.13,130.12,130.11,130.09,130.09,129.22,129.24,129.28,130.01,130.06,0,0.0,0,0.0,0.0,0.0,0.0,0.0
2022-12-20 11:15:00,130.1,130.12,129.2,130.0,130.15,130.14,130.13,130.12,130.11,129.22,129.24,129.28,130.01,130.06,0,0.0,0,0.0,0.0,0.0,0.0,0.0
2022-12-20 15:15:00,130.0,130.02,129.21,129.27,130.15,130.14,130.13,130.12,130.11,129.19,129.19,129.22,129.24,129.28,0,0.0,0,0.0,0.0,0.0,0.0,0.0
2022-12-20 20:15:00,129.28,130.0,129.17,129.18,130.15,130.14,130.13,130.12,130.11,129.16,129.19,129.19,129.22,129.24,0,0.0,0,0.0,0.0,0.0,0.0,0.0
2022-12-21 00:15:00,129.17,129.24,129.13,129.18,130.11,129.24,129.22,129.19,129.19,128.31,129.0,129.0,129.13,129.16,0,0.0,0,0.0,0.0,0.0,0.0,0.0
2022-12-21 04:15:00,129.18,129.3,129.15,129.28,130.02,129.24,129.22,129.19,129.19,128.31,129.0,129.0,129.13,129.16,0,0.0,12/20/2022 17:00,130.375,130.375,131.375,132.375,0.0
2022-12-21 04:15:00,129.18,129.3,129.15,129.28,130.02,129.24,129.22,129.19,129.19,128.31,129.0,129.0,129.13,129.16,0,0.0,12/20/2022 17:00,130.375,130.375,131.375,132.375,0.0
2022-12-21 04:15:00,129.18,129.3,129.15,129.28,130.02,129.24,129.22,129.19,129.19,128.31,129.0,129.0,129.13,129.16,0,0.0,12/20/2022 17:00,130.375,130.375,131.375,132.375,0.0
2022-12-21 04:15:00,129.18,129.3,129.15,129.28,130.02,129.24,129.22,129.19,129.19,128.31,129.0,129.0,129.13,129.16,0,0.0,12/20/2022 17:00,130.375,130.375,131.375,132.375,0.0
2022-12-21 08:15:00,129.28,130.08,129.24,130.07,130.12,130.12,130.11,130.02,130.0,129.16,129.19,129.19,129.22,129.24,0,0.0,12/20/2022 17:00,130.375,130.375,131.375,132.375,0.0
2022-12-21 08:15:00,129.28,130.08,129.24,130.07,130.12,130.12,130.11,130.02,130.0,129.16,129.19,129.19,129.22,129.24,0,0.0,12/20/2022 17:00,130.375,130.375,131.375,132.375,0.0
2022-12-21 12:15:00,130.06,130.24,129.24,129.24,130.14,130.13,130.12,130.12,130.11,129.19,129.22,129.24,130.0,130.02,0,0.0,0,0.0,0.0,0.0,0.0,0.0
2022-12-21 16:15:00,129.24,130.08,129.2,130.02,130.12,130.12,130.11,130.02,130.0,129.15,129.16,129.19,129.19,129.22,0,0.0,0,0.0,0.0,0.0,0.0,0.0
2022-12-21 21:15:00,130.02,130.13,130.02,130.11,130.14,130.13,130.12,130.12,130.11,129.16,129.19,129.19,129.22,129.24,0,0.0,0,0.0,0.0,0.0,0.0,0.0
2022-12-22 01:15:00,130.11,130.18,130.09,130.16,130.15,130.14,130.13,130.12,130.12,129.16,129.19,129.19,129.22,129.24,0,0.0,12/20/2022 17:00,130.375,130.375,131.375,132.375,0.0
2022-12-22 01:15:00,130.11,130.18,130.09,130.16,130.15,130.14,130.13,130.12,130.12,129.16,129.19,129.19,129.22,129.24,0,0.0,12/20/2022 17:00,130.375,130.375,131.375,132.375,0.0
2022-12-22 05:15:00,130.16,130.22,130.12,130.12,131.03,131.03,130.28,130.24,130.18,129.22,129.24,130.12,130.13,130.14,0,0.0,0,0.0,0.0,0.0,0.0,0.0
2022-12-22 09:15:00,130.12,130.15,129.28,130.02,131.03,131.03,130.28,130.24,130.18,129.19,129.2,129.22,129.24,130.02,0,0.0,0,0.0,0.0,0.0,0.0,0.0
2022-12-22 13:15:00,130.02,130.18,129.26,130.09,131.03,130.28,130.24,130.18,130.12,129.19,129.19,129.2,129.22,129.24,0,0.0,0,0.0,0.0,0.0,0.0,0.0
2022-12-22 18:15:00,130.08,130.12,130.0,130.01,130.28,130.24,130.22,130.18,130.12,129.19,129.2,129.22,129.24,130.02,0,0.0,0,0.0,0.0,0.0,0.0,0.0
2022-12-22 22:15:00,130.02,130.03,129.27,129.28,130.28,130.24,130.22,130.18,130.12,129.19,129.19,129.2,129.22,129.24,0,0.0,0,0.0,0.0,0.0,0.0,0.0
2022-12-23 02:15:00,129.28,130.01,129.26,129.29,130.22,130.18,130.18,130.12,130.02,129.19,129.2,129.22,129.24,129.26,0,0.0,0,0.0,0.0,0.0,0.0,0.0
2022-12-23 06:15:00,129.29,130.01,129.19,129.19,130.18,130.18,130.12,130.12,130.02,129.19,129.2,129.22,129.24,129.26,0,0.0,0,0.0,0.0,0.0,0.0,0.0
2022-12-23 10:15:00,129.19,129.27,129.01,129.1,130.12,130.03,130.02,129.26,129.2,129.0,129.13,129.13,129.15,129.16,0,0.0,0,0.0,0.0,0.0,0.0,0.0
2022-12-23 14:15:00,129.09,129.17,128.29,128.31,129.2,129.16,129.15,129.13,129.13,128.29,128.31,128.31,129.0,129.0,0,0.0,0,0.0,0.0,0.0,0.0,0.0
2022-12-26 19:15:00,129.0,129.08,128.3,129.04,129.2,129.16,129.15,129.13,129.13,128.26,128.26,128.29,128.31,128.31,0,0.0,0,0.0,0.0,0.0,0.0,0.0
2022-12-26 23:15:00,129.04,129.09,129.02,129.07,129.2,129.16,129.15,129.13,129.13,128.26,128.26,128.29,128.31,128.31,0,0.0,0,0.0,0.0,0.0,0.0,0.0
2022-12-27 03:15:00,129.07,129.07,129.0,129.0,129.17,129.16,129.15,129.13,129.13,128.26,128.29,128.29,128.31,128.31,0,0.0,0,0.0,0.0,0.0,0.0,0.0
2022-12-27 07:15:00,128.31,129.0,128.13,128.17,129.17,129.16,129.15,129.13,129.13,128.26,128.26,128.29,128.29,128.3,0,0.0,0,0.0,0.0,0.0,0.0,0.0
2022-12-27 11:15:00,128.18,128.19,127.15,127.2,129.13,129.09,128.3,128.29,128.29,128.04,128.06,128.08,128.1,128.11,0,0.0,0,0.0,0.0,0.0,0.0,0.0
2022-12-27 15:15:00,127.2,127.22,127.03,127.07,128.02,128.01,128.0,127.28,127.26,127.0,127.01,127.04,127.07,127.09,0,0.0,0,0.0,0.0,0.0,0.0,0.0
2022-12-27 20:15:00,127.07,127.12,127.04,127.11,128.01,128.0,127.28,127.26,127.09,126.29,126.31,127.0,127.01,127.04,0,0.0,12/27/2022 17:00,128.09375,128.09375,129.09375,130.09375,0.0
2022-12-28 00:15:00,127.11,127.12,127.06,127.09,128.02,128.01,128.0,127.28,127.26,127.0,127.01,127.04,127.07,127.09,0,0.0,0,0.0,0.0,0.0,0.0,0.0
2022-12-28 04:15:00,127.09,127.17,127.07,127.14,128.01,128.0,127.28,127.26,127.22,127.0,127.01,127.03,127.04,127.07,0,0.0,0,0.0,0.0,0.0,0.0,0.0
2022-12-28 08:15:00,127.14,127.25,127.12,127.23,128.01,128.0,127.28,127.26,127.22,127.03,127.04,127.04,127.07,127.09,0,0.0,12/27/2022 17:00,128.09375,128.09375,129.09375,130.09375,0.0
2022-12-28 12:15:00,127.23,127.24,126.16,126.31,128.02,128.01,128.0,127.28,127.26,127.04,127.06,127.07,127.09,127.22,0,0.0,0,0.0,0.0,0.0,0.0,0.0
2022-12-28 16:15:00,126.31,127.03,126.19,126.23,127.04,127.04,127.03,127.01,127.0,126.18,126.26,126.27,126.28,126.29,0,0.0,0,0.0,0.0,0.0,0.0,0.0
2022-12-28 21:15:00,126.23,126.31,126.2,126.3,126.31,126.29,126.28,126.27,126.26,125.24,126.0,126.01,126.12,126.18,0,0.0,12/28/2022 17:00,126.875,126.875,127.875,128.875,0.0
2022-12-28 21:15:00,126.23,126.31,126.2,126.3,126.31,126.29,126.28,126.27,126.26,125.24,126.0,126.01,126.12,126.18,0,0.0,12/28/2022 17:00,126.875,126.875,127.875,128.875,0.0
2022-12-29 01:15:00,126.3,127.01,126.29,126.29,127.04,127.03,127.01,127.0,126.31,126.12,126.16,126.18,126.28,126.29,0,0.0,0,0.0,0.0,0.0,0.0,0.0
2022-12-29 05:15:00,126.28,127.06,126.27,126.28,127.03,127.01,127.0,126.31,126.29,126.01,126.12,126.16,126.18,126.19,0,0.0,0,0.0,0.0,0.0,0.0,0.0
2022-12-29 09:15:00,126.28,126.31,126.16,126.17,127.03,127.03,127.01,127.0,126.31,126.12,126.16,126.18,126.19,126.2,0,0.0,0,0.0,0.0,0.0,0.0,0.0
2022-12-29 13:15:00,126.17,127.18,126.14,127.15,127.0,126.31,126.2,126.19,126.18,125.24,126.0,126.01,126.12,126.16,0,0.0,12/28/2022 17:00,126.875,126.875,127.875,128.875,0.0
2022-12-29 13:15:00,126.17,127.18,126.14,127.15,127.0,126.31,126.2,126.19,126.18,125.24,126.0,126.01,126.12,126.16,0,0.0,12/28/2022 17:00,126.875,126.875,127.875,128.875,0.0
2022-12-29 13:15:00,126.17,127.18,126.14,127.15,127.0,126.31,126.2,126.19,126.18,125.24,126.0,126.01,126.12,126.16,0,0.0,12/28/2022 17:00,126.875,126.875,127.875,128.875,0.0
2022-12-29 13:15:00,126.17,127.18,126.14,127.15,127.0,126.31,126.2,126.19,126.18,125.24,126.0,126.01,126.12,126.16,0,0.0,12/28/2022 17:00,126.875,126.875,127.875,128.875,0.0
2022-12-29 13:15:00,126.17,127.18,126.14,127.15,127.0,126.31,126.2,126.19,126.18,125.24,126.0,126.01,126.12,126.16,0,0.0,12/28/2022 17:00,126.875,126.875,127.875,128.875,0.0
2022-12-29 13:15:00,126.17,127.18,126.14,127.15,127.0,126.31,126.2,126.19,126.18,125.24,126.0,126.01,126.12,126.16,0,0.0,12/28/2022 17:00,126.875,126.875,127.875,128.875,0.0
2022-12-29 13:15:00,126.17,127.18,126.14,127.15,127.0,126.31,126.2,126.19,126.18,125.24,126.0,126.01,126.12,126.16,0,0.0,12/28/2022 17:00,126.875,126.875,127.875,128.875,0.0
2022-12-29 13:15:00,126.17,127.18,126.14,127.15,127.0,126.31,126.2,126.19,126.18,125.24,126.0,126.01,126.12,126.16,0,0.0,12/28/2022 17:00,126.875,126.875,127.875,128.875,0.0
2022-12-29 13:15:00,126.17,127.18,126.14,127.15,127.0,126.31,126.2,126.19,126.18,125.24,126.0,126.01,126.12,126.16,0,0.0,12/28/2022 17:00,126.875,126.875,127.875,128.875,0.0
2022-12-29 13:15:00,126.17,127.18,126.14,127.15,127.0,126.31,126.2,126.19,126.18,125.24,126.0,126.01,126.12,126.16,0,0.0,12/28/2022 17:00,126.875,126.875,127.875,128.875,0.0
2022-12-29 18:15:00,127.15,127.18,127.06,127.13,127.28,127.26,127.25,127.24,127.22,127.03,127.04,127.04,127.06,127.07,12/29/2022 17:00,126.875,0,0.0,126.875,125.875,124.875,0.0
2022-12-29 22:15:00,127.14,127.15,127.11,127.11,127.28,127.26,127.25,127.24,127.22,127.03,127.04,127.04,127.06,127.07,0,0.0,0,0.0,0.0,0.0,0.0,0.0
2022-12-30 02:15:00,127.11,127.11,127.03,127.07,127.28,127.26,127.25,127.24,127.22,127.03,127.04,127.04,127.06,127.07,0,0.0,0,0.0,0.0,0.0,0.0,0.0
2022-12-30 06:15:00,127.06,127.1,126.3,127.0,127.25,127.24,127.22,127.18,127.07,127.01,127.03,127.03,127.04,127.04,0,0.0,0,0.0,0.0,0.0,0.0,0.0
2022-12-30 10:15:00,127.01,127.07,126.05,126.1,127.24,127.22,127.18,127.15,127.03,126.16,126.19,126.2,126.31,127.0,0,0.0,0,0.0,0.0,0.0,0.0,0.0
2022-12-30 14:15:00,126.09,127.12,126.07,126.21,127.11,127.03,126.16,126.14,126.12,125.21,125.23,125.24,126.0,126.01,12/29/2022 17:00,126.875,0,0.0,126.875,125.875,124.875,0.0
2022-12-30 14:15:00,126.09,127.12,126.07,126.21,127.11,127.03,126.16,126.14,126.12,125.21,125.23,125.24,126.0,126.01,12/29/2022 17:00,126.875,0,0.0,126.875,125.875,124.875,0.0
2022-12-30 14:15:00,126.09,127.12,126.07,126.21,127.11,127.03,126.16,126.14,126.12,125.21,125.23,125.24,126.0,126.01,12/29/2022 17:00,126.875,0,0.0,126.875,125.875,124.875,0.0
2023-01-02 19:15:00,126.21,127.14,126.14,127.01,127.22,127.18,127.15,127.11,127.03,126.0,126.01,126.12,126.14,126.16,0,0.0,0,0.0,0.0,0.0,0.0,0.0
2023-01-02 23:15:00,127.02,127.1,127.01,127.1,127.22,127.18,127.15,127.11,127.03,126.01,126.05,126.12,126.14,126.16,0,0.0,0,0.0,0.0,0.0,0.0,0.0
2023-01-03 03:15:00,127.1,127.16,127.03,127.12,127.24,127.22,127.18,127.15,127.11,126.05,126.07,126.12,126.14,126.16,12/29/2022 17:00,126.875,0,0.0,126.875,125.875,124.875,0.0
2023-01-03 07:15:00,127.12,128.22,127.11,128.05,127.25,127.24,127.22,127.18,127.15,126.12,126.14,126.14,126.16,127.11,12/29/2022 17:00,126.875,0,0.0,126.875,125.875,124.875,0.0
2023-01-03 07:15:00,127.12,128.22,127.11,128.05,127.25,127.24,127.22,127.18,127.15,126.12,126.14,126.14,126.16,127.11,12/29/2022 17:00,126.875,0,0.0,126.875,125.875,124.875,0.0
2023-01-03 07:15:00,127.12,128.22,127.11,128.05,127.25,127.24,127.22,127.18,127.15,126.12,126.14,126.14,126.16,127.11,12/29/2022 17:00,126.875,0,0.0,126.875,125.875,124.875,0.0
2023-01-03 07:15:00,127.12,128.22,127.11,128.05,127.25,127.24,127.22,127.18,127.15,126.12,126.14,126.14,126.16,127.11,12/29/2022 17:00,126.875,0,0.0,126.875,125.875,124.875,0.0
2023-01-03 07:15:00,127.12,128.22,127.11,128.05,127.25,127.24,127.22,127.18,127.15,126.12,126.14,126.14,126.16,127.11,12/29/2022 17:00,126.875,0,0.0,126.875,125.875,124.875,0.0
2023-01-03 07:15:00,127.12,128.22,127.11,128.05,127.25,127.24,127.22,127.18,127.15,126.12,126.14,126.14,126.16,127.11,12/29/2022 17:00,126.875,0,0.0,126.875,125.875,124.875,0.0
2023-01-03 11:15:00,128.05,129.0,127.26,127.31,128.3,128.29,128.29,128.19,128.08,127.24,127.25,127.26,128.0,128.01,0,0.0,0,0.0,0.0,0.0,0.0,0.0
2023-01-03 15:15:00,127.31,128.13,127.2,128.02,128.3,128.29,128.29,128.19,128.08,127.15,127.18,127.24,127.25,127.26,12/29/2022 17:00,126.875,0,0.0,126.875,125.875,124.875,0.0
2023-01-03 20:15:00,128.02,128.22,127.3,128.15,128.3,128.29,128.29,128.19,128.08,127.15,127.18,127.24,127.25,127.26,01/03/2023 17:00,127.78125,0,0.0,127.78125,126.78125,125.78125,0.0
2023-01-04 00:15:00,128.15,128.3,128.11,128.27,129.0,128.3,128.29,128.29,128.19,127.18,127.24,127.25,127.26,128.08,01/03/2023 17:00,127.78125,0,0.0,127.78125,126.78125,125.78125,0.0
2023-01-04 04:15:00,128.28,129.19,128.27,129.07,129.0,129.0,128.3,128.29,128.29,127.24,127.25,127.26,128.08,128.19,01/03/2023 17:00,127.78125,0,0.0,127.78125,126.78125,125.78125,0.0
2023-01-04 04:15:00,128.28,129.19,128.27,129.07,129.0,129.0,128.3,128.29,128.29,127.24,127.25,127.26,128.08,128.19,01/03/2023 17:00,127.78125,0,0.0,127.78125,126.78125,125.78125,0.0
2023-01-04 08:15:00,129.07,129.19,129.04,129.18,129.16,129.15,129.13,129.13,129.09,128.19,128.29,128.3,129.0,129.0,01/03/2023 17:00,127.78125,0,0.0,127.78125,126.78125,125.78125,0.0
2023-01-04 08:15:00,129.07,129.19,129.04,129.18,129.16,129.15,129.13,129.13,129.09,128.19,128.29,128.3,129.0,129.0,01/03/2023 17:00,127.78125,0,0.0,127.78125,126.78125,125.78125,0.0
2023-01-04 08:15:00,129.07,129.19,129.04,129.18,129.16,129.15,129.13,129.13,129.09,128.19,128.29,128.3,129.0,129.0,01/03/2023 17:00,127.78125,0,0.0,127.78125,126.78125,125.78125,0.0
2023-01-04 08:15:00,129.07,129.19,129.04,129.18,129.16,129.15,129.13,129.13,129.09,128.19,128.29,128.3,129.0,129.0,01/03/2023 17:00,127.78125,0,0.0,127.78125,126.78125,125.78125,0.0
2023-01-04 08:15:00,129.07,129.19,129.04,129.18,129.16,129.15,129.13,129.13,129.09,128.19,128.29,128.3,129.0,129.0,01/03/2023 17:00,127.78125,0,0.0,127.78125,126.78125,125.78125,0.0
2023-01-04 08:15:00,129.07,129.19,129.04,129.18,129.16,129.15,129.13,129.13,129.09,128.19,128.29,128.3,129.0,129.0,01/03/2023 17:00,127.78125,0,0.0,127.78125,126.78125,125.78125,0.0
2023-01-04 08:15:00,129.07,129.19,129.04,129.18,129.16,129.15,129.13,129.13,129.09,128.19,128.29,128.3,129.0,129.0,01/03/2023 17:00,127.78125,0,0.0,127.78125,126.78125,125.78125,0.0
2023-01-04 12:15:00,129.18,129.3,129.03,129.03,130.02,130.01,129.27,129.26,129.2,129.09,129.13,129.13,129.15,129.17,0,0.0,0,0.0,0.0,0.0,0.0,0.0
2023-01-04 16:15:00,129.04,129.17,128.31,129.14,129.26,129.2,129.17,129.09,129.07,128.27,128.29,128.3,129.0,129.0,01/03/2023 17:00,127.78125,0,0.0,127.78125,126.78125,125.78125,0.0
2023-01-04 21:15:00,129.14,129.16,129.03,129.05,130.01,129.27,129.26,129.2,129.17,128.27,128.29,128.3,129.0,129.0,0,0.0,0,0.0,0.0,0.0,0.0,0.0
2023-01-05 01:15:00,129.05,129.08,128.31,129.05,129.3,129.27,129.26,129.2,129.17,128.27,128.29,128.3,129.0,129.0,0,0.0,0,0.0,0.0,0.0,0.0,0.0
2023-01-05 05:15:00,129.04,129.13,129.0,129.02,129.27,129.26,129.2,129.17,129.17,128.27,128.29,128.3,129.0,129.0,0,0.0,0,0.0,0.0,0.0,0.0,0.0
2023-01-05 09:15:00,129.03,129.18,128.09,128.21,129.26,129.2,129.17,129.17,129.16,128.27,128.29,128.3,129.0,129.0,0,0.0,0,0.0,0.0,0.0,0.0,0.0
2023-01-05 13:15:00,128.21,129.17,128.12,129.11,129.17,129.16,129.0,129.0,128.27,127.26,127.3,128.08,128.11,128.19,01/04/2023 17:00,128.09375,0,0.0,128.09375,127.09375,126.09375,0.0
2023-01-05 18:15:00,129.1,129.2,129.07,129.09,129.26,129.2,129.17,129.17,129.16,127.3,128.08,128.11,128.19,128.27,0,0.0,0,0.0,0.0,0.0,0.0,0.0
2023-01-05 22:15:00,129.09,129.16,129.04,129.15,129.26,129.2,129.17,129.17,129.16,128.08,128.09,128.11,128.19,128.27,0,0.0,0,0.0,0.0,0.0,0.0,0.0
2023-01-06 02:15:00,129.15,129.19,129.09,129.19,129.26,129.2,129.17,129.17,129.16,128.09,128.11,128.12,128.19,128.27,01/04/2023 17:00,128.09375,0,0.0,128.09375,127.09375,126.09375,0.0
2023-01-06 02:15:00,129.15,129.19,129.09,129.19,129.26,129.2,129.17,129.17,129.16,128.09,128.11,128.12,128.19,128.27,01/04/2023 17:00,128.09375,0,0.0,128.09375,127.09375,126.09375,0.0
2023-01-06 06:15:00,129.19,129.19,129.03,129.09,129.3,129.27,129.26,129.2,129.2,128.12,128.19,128.27,129.16,129.17,0,0.0,0,0.0,0.0,0.0,0.0,0.0
2023-01-06 10:15:00,129.09,130.2,128.21,130.16,129.26,129.2,129.2,129.17,129.16,128.09,128.11,128.12,128.19,128.27,01/04/2023 17:00,128.09375,0,0.0,128.09375,127.09375,126.09375,0.0
2023-01-06 10:15:00,129.09,130.2,128.21,130.16,129.26,129.2,129.2,129.17,129.16,128.09,128.11,128.12,128.19,128.27,01/04/2023 17:00,128.09375,0,0.0,128.09375,127.09375,126.09375,0.0
2023-01-06 10:15:00,129.09,130.2,128.21,130.16,129.26,129.2,129.2,129.17,129.16,128.09,128.11,128.12,128.19,128.27,01/04/2023 17:00,128.09375,0,0.0,128.09375,127.09375,126.09375,0.0
2023-01-06 10:15:00,129.09,130.2,128.21,130.16,129.26,129.2,129.2,129.17,129.16,128.09,128.11,128.12,128.19,128.27,01/04/2023 17:00,128.09375,0,0.0,128.09375,127.09375,126.09375,0.0
2023-01-06 10:15:00,129.09,130.2,128.21,130.16,129.26,129.2,129.2,129.17,129.16,128.09,128.11,128.12,128.19,128.27,01/04/2023 17:00,128.09375,0,0.0,128.09375,127.09375,126.09375,0.0
2023-01-06 10:15:00,129.09,130.2,128.21,130.16,129.26,129.2,129.2,129.17,129.16,128.09,128.11,128.12,128.19,128.27,01/04/2023 17:00,128.09375,0,0.0,128.09375,127.09375,126.09375,0.0
2023-01-06 10:15:00,129.09,130.2,128.21,130.16,129.26,129.2,129.2,129.17,129.16,128.09,128.11,128.12,128.19,128.27,01/04/2023 17:00,128.09375,0,0.0,128.09375,127.09375,126.09375,0.0
2023-01-06 10:15:00,129.09,130.2,128.21,130.16,129.26,129.2,129.2,129.17,129.16,128.09,128.11,128.12,128.19,128.27,01/04/2023 17:00,128.09375,0,0.0,128.09375,127.09375,126.09375,0.0
2023-01-06 10:15:00,129.09,130.2,128.21,130.16,129.26,129.2,129.2,129.17,129.16,128.09,128.11,128.12,128.19,128.27,01/04/2023 17:00,128.09375,0,0.0,128.09375,127.09375,126.09375,0.0
2023-01-06 10:15:00,129.09,130.2,128.21,130.16,129.26,129.2,129.2,129.17,129.16,128.09,128.11,128.12,128.19,128.27,01/04/2023 17:00,128.09375,0,0.0,128.09375,127.09375,126.09375,0.0
2023-01-06 14:15:00,130.16,131.1,130.16,131.04,130.28,130.24,130.22,130.18,130.18,129.3,130.01,130.02,130.03,130.12,01/04/2023 17:00,128.09375,0,0.0,128.09375,127.09375,126.09375,0.0
2023-01-06 14:15:00,130.16,131.1,130.16,131.04,130.28,130.24,130.22,130.18,130.18,129.3,130.01,130.02,130.03,130.12,01/04/2023 17:00,128.09375,0,0.0,128.09375,127.09375,126.09375,0.0
2023-01-06 14:15:00,130.16,131.1,130.16,131.04,130.28,130.24,130.22,130.18,130.18,129.3,130.01,130.02,130.03,130.12,01/04/2023 17:00,128.09375,0,0.0,128.09375,127.09375,126.09375,0.0
2023-01-06 14:15:00,130.16,131.1,130.16,131.04,130.28,130.24,130.22,130.18,130.18,129.3,130.01,130.02,130.03,130.12,01/04/2023 17:00,128.09375,0,0.0,128.09375,127.09375,126.09375,0.0
2023-01-06 14:15:00,130.16,131.1,130.16,131.04,130.28,130.24,130.22,130.18,130.18,129.3,130.01,130.02,130.03,130.12,01/04/2023 17:00,128.09375,0,0.0,128.09375,127.09375,126.09375,0.0
2023-01-06 14:15:00,130.16,131.1,130.16,131.04,130.28,130.24,130.22,130.18,130.18,129.3,130.01,130.02,130.03,130.12,01/04/2023 17:00,128.09375,0,0.0,128.09375,127.09375,126.09375,0.0
2023-01-08 19:15:00,131.04,131.09,130.26,130.28,132.02,131.21,131.21,131.16,131.05,130.18,130.22,130.24,130.28,131.03,0,0.0,0,0.0,0.0,0.0,0.0,0.0
2023-01-08 23:15:00,130.28,131.0,130.25,130.29,132.02,131.21,131.21,131.16,131.05,130.12,130.18,130.18,130.22,130.24,0,0.0,0,0.0,0.0,0.0,0.0,0.0
2023-01-09 03:15:00,130.3,131.0,130.13,130.14,131.21,131.21,131.16,131.1,131.05,130.18,130.18,130.22,130.24,130.28,0,0.0,0,0.0,0.0,0.0,0.0,0.0
2023-01-09 07:15:00,130.14,130.19,130.1,130.16,131.05,130.24,130.22,130.18,130.16,129.3,130.01,130.02,130.03,130.12,0,0.0,0,0.0,0.0,0.0,0.0,0.0
2023-01-09 11:15:00,130.16,131.14,130.11,131.13,131.09,131.05,130.24,130.22,130.18,129.3,130.01,130.02,130.03,130.12,01/06/2023 17:00,130.375,0,0.0,130.375,129.375,128.375,0.0
2023-01-09 11:15:00,130.16,131.14,130.11,131.13,131.09,131.05,130.24,130.22,130.18,129.3,130.01,130.02,130.03,130.12,01/06/2023 17:00,130.375,0,0.0,130.375,129.375,128.375,0.0
2023-01-09 11:15:00,130.16,131.14,130.11,131.13,131.09,131.05,130.24,130.22,130.18,129.3,130.01,130.02,130.03,130.12,01/06/2023 17:00,130.375,0,0.0,130.375,129.375,128.375,0.0
2023-01-09 11:15:00,130.16,131.14,130.11,131.13,131.09,131.05,130.24,130.22,130.18,129.3,130.01,130.02,130.03,130.12,01/06/2023 17:00,130.375,0,0.0,130.375,129.375,128.375,0.0
2023-01-09 15:15:00,131.14,131.27,131.12,131.18,132.04,132.02,131.21,131.21,131.16,130.12,130.16,131.05,131.09,131.1,01/06/2023 17:00,130.375,0,0.0,130.375,129.375,128.375,0.0
2023-01-09 20:15:00,131.19,131.22,131.07,131.12,132.07,132.04,132.02,131.21,131.21,130.16,131.05,131.09,131.1,131.16,0,0.0,0,0.0,0.0,0.0,0.0,0.0
2023-01-10 00:15:00,131.12,131.21,131.1,131.15,132.04,132.02,131.21,131.21,131.16,130.12,130.16,131.05,131.09,131.1,0,0.0,0,0.0,0.0,0.0,0.0,0.0
2023-01-10 04:15:00,131.16,131.2,131.07,131.1,132.04,132.02,131.27,131.21,131.21,130.12,130.16,131.05,131.09,131.1,0,0.0,0,0.0,0.0,0.0,0.0,0.0
2023-01-10 08:15:00,131.1,131.14,130.28,130.3,131.27,131.22,131.21,131.21,131.16,130.11,130.12,130.16,131.05,131.09,0,0.0,0,0.0,0.0,0.0,0.0,0.0
2023-01-10 12:15:00,130.3,130.31,129.24,129.3,131.21,131.21,131.16,131.1,131.09,130.03,130.1,130.11,130.12,130.16,0,0.0,0,0.0,0.0,0.0,0.0,0.0
2023-01-10 16:15:00,129.3,130.08,129.25,130.03,130.12,130.11,130.1,130.03,130.01,128.27,129.2,129.2,129.26,129.27,0,0.0,0,0.0,0.0,0.0,0.0,0.0
2023-01-10 21:15:00,130.03,130.14,129.3,130.13,131.1,131.09,130.12,130.11,130.1,129.2,129.2,129.26,129.27,129.3,0,0.0,01/10/2023 17:00,131.5,131.5,132.5,133.5,0.0
2023-01-10 21:15:00,130.03,130.14,129.3,130.13,131.1,131.09,130.12,130.11,130.1,129.2,129.2,129.26,129.27,129.3,0,0.0,01/10/2023 17:00,131.5,131.5,132.5,133.5,0.0
2023-01-11 01:15:00,130.13,130.21,130.12,130.15,131.16,131.14,131.1,131.09,130.31,129.26,129.27,129.3,130.1,130.11,0,0.0,0,0.0,0.0,0.0,0.0,0.0
2023-01-11 05:15:00,130.14,131.01,130.13,130.25,131.16,131.14,131.1,131.09,130.31,129.26,129.27,129.3,130.1,130.11,0,0.0,0,0.0,0.0,0.0,0.0,0.0
2023-01-11 09:15:00,130.25,131.02,130.16,130.21,131.16,131.14,131.1,131.09,130.31,129.27,129.3,129.3,130.1,130.11,0,0.0,0,0.0,0.0,0.0,0.0,0.0
2023-01-11 13:15:00,130.21,130.31,130.16,130.25,131.16,131.14,131.1,131.09,130.31,129.3,129.3,130.1,130.11,130.12,0,0.0,0,0.0,0.0,0.0,0.0,0.0
2023-01-11 18:15:00,130.24,131.1,130.16,131.02,131.16,131.14,131.1,131.09,130.31,129.3,130.1,130.11,130.12,130.13,01/11/2023 17:00,130.75,0,0.0,130.75,129.75,128.75,0.0
2023-01-11 22:15:00,131.02,131.16,130.24,131.14,131.2,131.16,131.14,131.1,131.09,130.1,130.11,130.12,130.13,130.31,0,0.0,0,0.0,0.0,0.0,0.0,0.0
2023-01-12 02:15:00,131.14,131.19,131.06,131.07,131.21,131.21,131.21,131.2,131.16,130.1,130.11,130.12,130.13,130.31,0,0.0,0,0.0,0.0,0.0,0.0,0.0
2023-01-12 06:15:00,131.06,131.21,131.01,131.14,131.21,131.21,131.2,131.16,131.14,130.11,130.12,130.13,130.16,130.31,0,0.0,0,0.0,0.0,0.0,0.0,0.0
2023-01-12 10:15:00,131.14,132.05,129.24,130.29,131.21,131.21,131.21,131.2,131.16,130.12,130.13,130.16,130.24,130.31,0,0.0,0,0.0,0.0,0.0,0.0,0.0
2023-01-12 14:15:00,130.29,132.22,130.29,132.19,131.21,131.2,131.16,131.14,130.31,130.11,130.12,130.13,130.16,130.24,01/11/2023 17:00,130.75,0,0.0,130.75,129.75,128.75,0.0
2023-01-12 14:15:00,130.29,132.22,130.29,132.19,131.21,131.2,131.16,131.14,130.31,130.11,130.12,130.13,130.16,130.24,01/11/2023 17:00,130.75,0,0.0,130.75,129.75,128.75,0.0
2023-01-12 14:15:00,130.29,132.22,130.29,132.19,131.21,131.2,131.16,131.14,130.31,130.11,130.12,130.13,130.16,130.24,01/11/2023 17:00,130.75,0,0.0,130.75,129.75,128.75,0.0
2023-01-12 14:15:00,130.29,132.22,130.29,132.19,131.21,131.2,131.16,131.14,130.31,130.11,130.12,130.13,130.16,130.24,01/11/2023 17:00,130.75,0,0.0,130.75,129.75,128.75,0.0
2023-01-12 14:15:00,130.29,132.22,130.29,132.19,131.21,131.2,131.16,131.14,130.31,130.11,130.12,130.13,130.16,130.24,01/11/2023 17:00,130.75,0,0.0,130.75,129.75,128.75,0.0
2023-01-12 14:15:00,130.29,132.22,130.29,132.19,131.21,131.2,131.16,131.14,130.31,130.11,130.12,130.13,130.16,130.24,01/11/2023 17:00,130.75,0,0.0,130.75,129.75,128.75,0.0
2023-01-12 14:15:00,130.29,132.22,130.29,132.19,131.21,131.2,131.16,131.14,130.31,130.11,130.12,130.13,130.16,130.24,01/11/2023 17:00,130.75,0,0.0,130.75,129.75,128.75,0.0
2023-01-12 19:15:00,132.18,132.25,132.07,132.11,133.13,133.11,133.1,132.27,132.21,131.22,131.27,132.02,132.04,132.07,01/12/2023 17:00,131.5,0,0.0,131.5,130.5,129.5,0.0
2023-01-12 19:15:00,132.18,132.25,132.07,132.11,133.13,133.11,133.1,132.27,132.21,131.22,131.27,132.02,132.04,132.07,01/12/2023 17:00,131.5,0,0.0,131.5,130.5,129.5,0.0
2023-01-12 19:15:00,132.18,132.25,132.07,132.11,133.13,133.11,133.1,132.27,132.21,131.22,131.27,132.02,132.04,132.07,01/12/2023 17:00,131.5,0,0.0,131.5,130.5,129.5,0.0
2023-01-12 23:15:00,132.1,132.12,131.31,132.04,133.13,133.11,133.1,132.27,132.21,131.22,131.27,132.02,132.04,132.07,0,0.0,0,0.0,0.0,0.0,0.0,0.0
2023-01-13 03:15:00,132.04,132.18,132.02,132.14,133.11,133.1,132.27,132.21,132.07,131.21,131.21,131.22,131.27,132.02,0,0.0,0,0.0,0.0,0.0,0.0,0.0
2023-01-13 07:15:00,132.14,132.28,132.01,132.05,133.11,133.1,132.27,132.25,132.21,131.21,131.22,131.27,132.02,132.04,0,0.0,0,0.0,0.0,0.0,0.0,0.0
2023-01-13 11:15:00,132.05,133.04,131.23,132.14,133.11,133.1,132.27,132.25,132.21,131.22,131.27,131.31,132.02,132.04,0,0.0,0,0.0,0.0,0.0,0.0,0.0
2023-01-13 15:15:00,132.15,132.21,131.21,131.25,133.11,133.1,132.27,132.25,132.21,131.22,131.27,131.31,132.02,132.04,0,0.0,0,0.0,0.0,0.0,0.0,0.0
2023-01-15 20:15:00,131.25,132.0,131.18,131.28,132.27,132.25,132.21,131.31,131.27,131.2,131.21,131.21,131.21,131.22,0,0.0,0,0.0,0.0,0.0,0.0,0.0
2023-01-16 00:15:00,131.27,131.3,131.23,131.23,133.04,132.27,132.25,132.21,131.31,131.2,131.21,131.21,131.21,131.22,0,0.0,0,0.0,0.0,0.0,0.0,0.0
2023-01-16 04:15:00,131.24,131.27,131.05,131.08,132.27,132.25,132.21,132.21,131.31,131.2,131.21,131.21,131.21,131.22,0,0.0,0,0.0,0.0,0.0,0.0,0.0
2023-01-16 08:15:00,131.08,131.13,131.04,131.13,131.22,131.21,131.21,131.2,131.14,130.12,130.13,130.16,130.24,130.29,0,0.0,0,0.0,0.0,0.0,0.0,0.0
2023-01-16 12:15:00,131.12,131.17,131.05,131.07,131.22,131.21,131.21,131.2,131.14,130.12,130.13,130.16,130.24,130.29,0,0.0,0,0.0,0.0,0.0,0.0,0.0
2023-01-16 21:15:00,131.07,131.22,131.05,131.07,131.22,131.21,131.21,131.2,131.14,130.12,130.13,130.16,130.24,130.29,0,0.0,0,0.0,0.0,0.0,0.0,0.0
2023-01-17 01:15:00,131.07,131.11,131.05,131.05,131.22,131.21,131.21,131.2,131.14,130.13,130.16,130.24,130.29,131.04,0,0.0,0,0.0,0.0,0.0,0.0,0.0
2023-01-17 05:15:00,131.04,131.07,130.27,130.31,131.22,131.21,131.21,131.2,131.14,130.12,130.13,130.16,130.24,130.29,0,0.0,0,0.0,0.0,0.0,0.0,0.0
2023-01-17 09:15:00,130.3,131.15,130.18,131.15,131.21,131.21,131.2,131.14,131.04,130.12,130.13,130.16,130.24,130.29,0,0.0,01/13/2023 17:00,131.84375,131.84375,132.84375,133.84375,0.0
2023-01-17 13:15:00,131.15,132.0,131.05,131.18,131.22,131.22,131.21,131.21,131.2,130.13,130.16,130.24,130.29,131.04,0,0.0,0,0.0,0.0,0.0,0.0,0.0
2023-01-17 18:15:00,131.18,131.24,131.1,131.14,131.22,131.22,131.21,131.21,131.2,130.13,130.16,130.24,130.29,131.04,0,0.0,0,0.0,0.0,0.0,0.0,0.0
2023-01-17 22:15:00,131.14,132.15,131.08,132.14,131.22,131.22,131.21,131.21,131.2,130.16,130.18,130.24,130.29,131.04,0,0.0,01/13/2023 17:00,131.84375,131.84375,132.84375,133.84375,0.0
2023-01-17 22:15:00,131.14,132.15,131.08,132.14,131.22,131.22,131.21,131.21,131.2,130.16,130.18,130.24,130.29,131.04,0,0.0,01/13/2023 17:00,131.84375,131.84375,132.84375,133.84375,0.0
2023-01-17 22:15:00,131.14,132.15,131.08,132.14,131.22,131.22,131.21,131.21,131.2,130.16,130.18,130.24,130.29,131.04,0,0.0,01/13/2023 17:00,131.84375,131.84375,132.84375,133.84375,0.0
2023-01-17 22:15:00,131.14,132.15,131.08,132.14,131.22,131.22,131.21,131.21,131.2,130.16,130.18,130.24,130.29,131.04,0,0.0,01/13/2023 17:00,131.84375,131.84375,132.84375,133.84375,0.0
2023-01-17 22:15:00,131.14,132.15,131.08,132.14,131.22,131.22,131.21,131.21,131.2,130.16,130.18,130.24,130.29,131.04,0,0.0,01/13/2023 17:00,131.84375,131.84375,132.84375,133.84375,0.0
2023-01-18 02:15:00,132.14,132.18,132.04,132.12,133.04,132.27,132.25,132.21,132.21,131.22,131.27,131.3,131.31,132.0,0,0.0,0,0.0,0.0,0.0,0.0,0.0
2023-01-18 06:15:00,132.12,132.15,132.02,132.14,133.04,132.27,132.25,132.21,132.21,131.22,131.27,131.3,131.31,132.0,0,0.0,0,0.0,0.0,0.0,0.0,0.0
2023-01-18 10:15:00,132.15,134.01,132.12,134.0,133.04,132.27,132.25,132.21,132.21,131.22,131.27,131.3,131.31,132.0,0,0.0,01/13/2023 17:00,131.84375,131.84375,132.84375,133.84375,0.0
2023-01-18 10:15:00,132.15,134.01,132.12,134.0,133.04,132.27,132.25,132.21,132.21,131.22,131.27,131.3,131.31,132.0,0,0.0,01/13/2023 17:00,131.84375,131.84375,132.84375,133.84375,0.0
2023-01-18 10:15:00,132.15,134.01,132.12,134.0,133.04,132.27,132.25,132.21,132.21,131.22,131.27,131.3,131.31,132.0,0,0.0,01/13/2023 17:00,131.84375,131.84375,132.84375,133.84375,0.0
2023-01-18 10:15:00,132.15,134.01,132.12,134.0,133.04,132.27,132.25,132.21,132.21,131.22,131.27,131.3,131.31,132.0,0,0.0,01/13/2023 17:00,131.84375,131.84375,132.84375,133.84375,0.0
2023-01-18 10:15:00,132.15,134.01,132.12,134.0,133.04,132.27,132.25,132.21,132.21,131.22,131.27,131.3,131.31,132.0,0,0.0,01/13/2023 17:00,131.84375,131.84375,132.84375,133.84375,0.0
2023-01-18 10:15:00,132.15,134.01,132.12,134.0,133.04,132.27,132.25,132.21,132.21,131.22,131.27,131.3,131.31,132.0,0,0.0,01/13/2023 17:00,131.84375,131.84375,132.84375,133.84375,0.0
2023-01-18 10:15:00,132.15,134.01,132.12,134.0,133.04,132.27,132.25,132.21,132.21,131.22,131.27,131.3,131.31,132.0,0,0.0,01/13/2023 17:00,131.84375,131.84375,132.84375,133.84375,0.0
2023-01-18 10:15:00,132.15,134.01,132.12,134.0,133.04,132.27,132.25,132.21,132.21,131.22,131.27,131.3,131.31,132.0,0,0.0,01/13/2023 17:00,131.84375,131.84375,132.84375,133.84375,0.0
2023-01-18 10:15:00,132.15,134.01,132.12,134.0,133.04,132.27,132.25,132.21,132.21,131.22,131.27,131.3,131.31,132.0,0,0.0,01/13/2023 17:00,131.84375,131.84375,132.84375,133.84375,0.0
2023-01-18 10:15:00,132.15,134.01,132.12,134.0,133.04,132.27,132.25,132.21,132.21,131.22,131.27,131.3,131.31,132.0,0,0.0,01/13/2023 17:00,131.84375,131.84375,132.84375,133.84375,0.0
2023-01-18 14:15:00,134.01,134.03,132.3,133.19,135.0,134.28,134.09,134.07,134.06,133.1,133.11,133.13,133.15,133.29,0,0.0,01/13/2023 17:00,131.84375,131.84375,132.84375,133.84375,0.0
2023-01-18 19:15:00,133.18,134.01,133.18,133.29,134.28,134.09,134.07,134.06,133.29,133.04,133.1,133.11,133.13,133.15,0,0.0,0,0.0,0.0,0.0,0.0,0.0
2023-01-18 23:15:00,133.29,134.24,133.28,134.21,135.0,134.28,134.09,134.07,134.06,133.04,133.1,133.11,133.13,133.15,01/18/2023 17:00,133.8125,0,0.0,133.8125,132.8125,131.8125,0.0
2023-01-18 23:15:00,133.29,134.24,133.28,134.21,135.0,134.28,134.09,134.07,134.06,133.04,133.1,133.11,133.13,133.15,01/18/2023 17:00,133.8125,0,0.0,133.8125,132.8125,131.8125,0.0
2023-01-18 23:15:00,133.29,134.24,133.28,134.21,135.0,134.28,134.09,134.07,134.06,133.04,133.1,133.11,133.13,133.15,01/18/2023 17:00,133.8125,0,0.0,133.8125,132.8125,131.8125,0.0
2023-01-19 03:15:00,134.21,134.25,134.06,134.1,135.16,135.09,135.06,135.0,134.28,133.13,133.15,134.06,134.07,134.09,0,0.0,0,0.0,0.0,0.0,0.0,0.0
2023-01-19 07:15:00,134.1,134.15,133.19,133.24,135.16,135.09,135.06,135.0,134.28,133.15,133.18,134.06,134.07,134.09,0,0.0,0,0.0,0.0,0.0,0.0,0.0
2023-01-19 11:15:00,133.24,133.3,133.1,133.18,135.0,134.28,134.09,134.07,134.06,133.1,133.11,133.13,133.15,133.18,0,0.0,0,0.0,0.0,0.0,0.0,0.0
2023-01-19 15:15:00,133.19,133.25,133.03,133.19,134.28,134.25,134.09,134.07,134.06,133.1,133.11,133.13,133.15,133.18,0,0.0,0,0.0,0.0,0.0,0.0,0.0
2023-01-19 20:15:00,133.19,133.21,133.12,133.15,134.25,134.15,134.09,134.07,134.06,133.1,133.11,133.13,133.15,133.18,0,0.0,0,0.0,0.0,0.0,0.0,0.0
2023-01-20 00:15:00,133.15,133.19,133.04,133.11,134.09,134.07,134.06,133.3,133.18,132.3,133.04,133.1,133.11,133.13,0,0.0,0,0.0,0.0,0.0,0.0,0.0
2023-01-20 04:15:00,133.11,133.15,133.04,133.06,133.3,133.25,133.18,133.15,133.13,132.27,132.3,133.03,133.04,133.1,0,0.0,0,0.0,0.0,0.0,0.0,0.0
2023-01-20 08:15:00,133.07,133.07,132.26,132.26,133.18,133.15,133.13,133.11,133.1,132.25,132.27,132.3,133.03,133.04,0,0.0,0,0.0,0.0,0.0,0.0,0.0
2023-01-20 12:15:00,132.27,133.04,131.29,131.3,133.11,133.1,133.04,133.03,132.3,132.02,132.12,132.21,132.21,132.25,0,0.0,0,0.0,0.0,0.0,0.0,0.0
2023-01-20 16:15:00,131.31,132.14,131.29,132.11,132.21,132.21,132.12,132.02,132.0,131.05,131.08,131.22,131.27,131.3,0,0.0,01/19/2023 17:00,133.84375,133.84375,134.84375,135.84375,0.0
2023-01-22 21:15:00,132.11,132.18,132.08,132.15,132.27,132.25,132.21,132.21,132.12,131.08,131.22,131.27,131.3,132.02,0,0.0,01/20/2023 17:00,132.84375,132.84375,133.84375,134.84375,0.0
2023-01-23 01:15:00,132.15,132.18,132.14,132.14,132.3,132.27,132.25,132.21,132.21,131.22,131.27,131.3,132.02,132.12,0,0.0,0,0.0,0.0,0.0,0.0,0.0
2023-01-23 05:15:00,132.14,132.15,132.03,132.05,132.3,132.27,132.25,132.21,132.21,131.27,131.29,131.3,132.02,132.12,0,0.0,0,0.0,0.0,0.0,0.0,0.0
2023-01-23 09:15:00,132.05,132.06,131.12,131.15,132.3,132.27,132.25,132.21,132.21,131.22,131.27,131.29,131.3,132.02,0,0.0,0,0.0,0.0,0.0,0.0,0.0
2023-01-23 13:15:00,131.15,132.08,131.14,131.2,132.18,131.3,131.29,131.27,131.22,130.24,130.29,131.04,131.05,131.08,0,0.0,0,0.0,0.0,0.0,0.0,0.0
2023-01-23 18:15:00,131.19,131.27,131.17,131.26,132.15,131.3,131.29,131.27,131.22,130.24,130.29,131.04,131.05,131.08,0,0.0,0,0.0,0.0,0.0,0.0,0.0
2023-01-23 22:15:00,131.26,131.29,131.24,131.25,132.18,132.15,131.3,131.29,131.27,130.29,131.04,131.05,131.08,131.12,0,0.0,0,0.0,0.0,0.0,0.0,0.0
2023-01-24 02:15:00,131.25,131.29,131.21,131.25,132.15,132.08,131.3,131.29,131.27,131.04,131.05,131.08,131.12,131.14,0,0.0,0,0.0,0.0,0.0,0.0,0.0
2023-01-24 06:15:00,131.26,132.08,131.26,132.04,132.15,132.08,131.3,131.29,131.27,131.05,131.08,131.12,131.14,131.17,0,0.0,01/20/2023 17:00,132.84375,132.84375,133.84375,134.84375,0.0
2023-01-24 10:15:00,132.03,132.15,131.1,131.27,132.21,132.21,132.18,132.15,132.08,131.08,131.12,131.14,131.17,131.29,0,0.0,0,0.0,0.0,0.0,0.0,0.0
2023-01-24 14:15:00,131.27,132.27,131.25,132.27,132.21,132.21,132.18,132.15,132.08,131.05,131.08,131.12,131.14,131.17,0,0.0,01/20/2023 17:00,132.84375,132.84375,133.84375,134.84375,0.0
2023-01-24 14:15:00,131.27,132.27,131.25,132.27,132.21,132.21,132.18,132.15,132.08,131.05,131.08,131.12,131.14,131.17,0,0.0,01/20/2023 17:00,132.84375,132.84375,133.84375,134.84375,0.0
2023-01-24 14:15:00,131.27,132.27,131.25,132.27,132.21,132.21,132.18,132.15,132.08,131.05,131.08,131.12,131.14,131.17,0,0.0,01/20/2023 17:00,132.84375,132.84375,133.84375,134.84375,0.0
2023-01-24 19:15:00,132.27,133.01,132.2,133.01,133.07,133.04,133.04,133.03,132.3,131.14,131.17,132.08,132.15,132.18,0,0.0,01/20/2023 17:00,132.84375,132.84375,133.84375,134.84375,0.0
2023-01-24 23:15:00,133.01,133.02,132.23,132.23,133.1,133.07,133.04,133.04,133.03,131.17,132.08,132.15,132.18,132.3,0,0.0,0,0.0,0.0,0.0,0.0,0.0
2023-01-25 03:15:00,132.23,133.03,132.22,133.02,133.1,133.07,133.04,133.04,133.03,131.17,131.25,132.08,132.15,132.18,0,0.0,0,0.0,0.0,0.0,0.0,0.0
2023-01-25 07:15:00,133.02,133.11,132.31,133.08,133.1,133.07,133.04,133.04,133.03,131.25,132.08,132.15,132.18,132.2,0,0.0,01/20/2023 17:00,132.84375,132.84375,133.84375,134.84375,0.0
2023-01-25 07:15:00,133.02,133.11,132.31,133.08,133.1,133.07,133.04,133.04,133.03,131.25,132.08,132.15,132.18,132.2,0,0.0,01/20/2023 17:00,132.84375,132.84375,133.84375,134.84375,0.0
2023-01-25 07:15:00,133.02,133.11,132.31,133.08,133.1,133.07,133.04,133.04,133.03,131.25,132.08,132.15,132.18,132.2,0,0.0,01/20/2023 17:00,132.84375,132.84375,133.84375,134.84375,0.0
2023-01-25 11:15:00,133.08,133.15,132.1,132.16,133.15,133.15,133.13,133.11,133.1,132.18,132.2,133.03,133.04,133.07,0,0.0,0,0.0,0.0,0.0,0.0,0.0
2023-01-25 15:15:00,132.15,133.01,132.11,132.21,133.1,133.07,133.04,132.2,132.18,131.12,131.14,131.17,131.25,132.08,0,0.0,01/20/2023 17:00,132.84375,132.84375,133.84375,134.84375,0.0
2023-01-25 20:15:00,132.22,133.02,132.17,132.3,133.13,133.11,133.1,133.07,133.04,131.17,131.25,132.08,132.15,132.2,0,0.0,0,0.0,0.0,0.0,0.0,0.0
2023-01-26 00:15:00,132.31,133.02,132.29,133.0,133.13,133.11,133.1,133.07,133.04,131.25,132.08,132.1,132.15,132.2,0,0.0,0,0.0,0.0,0.0,0.0,0.0
2023-01-26 04:15:00,133.01,133.01,132.22,132.23,133.13,133.11,133.1,133.07,133.04,132.08,132.1,132.11,132.15,132.2,0,0.0,0,0.0,0.0,0.0,0.0,0.0
2023-01-26 08:15:00,132.23,132.23,132.08,132.11,133.13,133.11,133.1,133.07,133.04,132.1,132.11,132.15,132.17,132.2,0,0.0,0,0.0,0.0,0.0,0.0,0.0
2023-01-26 12:15:00,132.11,132.24,131.26,132.03,133.07,133.04,133.02,132.17,132.15,131.14,131.17,131.25,132.08,132.1,0,0.0,0,0.0,0.0,0.0,0.0,0.0
2023-01-26 16:15:00,132.03,132.28,132.02,132.04,132.17,132.15,132.11,132.1,132.08,131.1,131.12,131.14,131.17,131.25,0,0.0,0,0.0,0.0,0.0,0.0,0.0
2023-01-26 21:15:00,132.05,132.07,131.26,131.28,132.17,132.15,132.11,132.1,132.08,131.1,131.12,131.14,131.17,131.25,0,0.0,0,0.0,0.0,0.0,0.0,0.0
2023-01-27 01:15:00,131.28,131.29,131.19,131.2,132.17,132.15,132.11,132.1,132.08,131.1,131.12,131.14,131.17,131.25,0,0.0,0,0.0,0.0,0.0,0.0,0.0
2023-01-27 05:15:00,131.2,131.23,131.1,131.15,132.15,132.11,132.1,132.08,131.25,131.08,131.1,131.12,131.14,131.17,0,0.0,0,0.0,0.0,0.0,0.0,0.0
2023-01-27 09:15:00,131.15,131.27,131.04,131.16,132.1,132.08,132.07,131.25,131.17,131.05,131.08,131.1,131.12,131.14,0,0.0,0,0.0,0.0,0.0,0.0,0.0
2023-01-27 13:15:00,131.16,132.0,131.1,131.24,132.08,132.07,131.29,131.25,131.17,131.05,131.08,131.1,131.12,131.14,0,0.0,01/20/2023 17:00,132.84375,132.84375,133.84375,134.84375,0.0
2023-01-29 18:15:00,131.24,132.06,131.24,132.01,132.1,132.08,132.07,131.29,131.25,131.08,131.1,131.12,131.14,131.17,0,0.0,01/20/2023 17:00,132.84375,132.84375,133.84375,134.84375,0.0
2023-01-29 18:15:00,131.24,132.06,131.24,132.01,132.1,132.08,132.07,131.29,131.25,131.08,131.1,131.12,131.14,131.17,0,0.0,01/20/2023 17:00,132.84375,132.84375,133.84375,134.84375,0.0
2023-01-29 22:15:00,132.01,132.04,131.25,132.0,132.15,132.11,132.1,132.08,132.07,131.12,131.14,131.17,131.25,131.29,0,0.0,0,0.0,0.0,0.0,0.0,0.0
2023-01-30 02:15:00,131.31,132.1,131.31,132.1,132.15,132.11,132.1,132.08,132.07,131.12,131.14,131.17,131.25,131.29,0,0.0,01/20/2023 17:00,132.84375,132.84375,133.84375,134.84375,0.0
2023-01-30 06:15:00,132.1,132.1,131.14,131.14,133.01,132.28,132.17,132.15,132.11,131.17,131.24,131.25,131.29,132.07,0,0.0,0,0.0,0.0,0.0,0.0,0.0
2023-01-30 10:15:00,131.15,132.06,131.06,132.01,132.11,132.1,132.07,131.29,131.24,131.08,131.1,131.1,131.12,131.14,0,0.0,01/20/2023 17:00,132.84375,132.84375,133.84375,134.84375,0.0
2023-01-30 14:15:00,132.01,132.03,131.14,131.23,132.17,132.15,132.11,132.1,132.07,131.1,131.1,131.12,131.14,131.24,0,0.0,0,0.0,0.0,0.0,0.0,0.0
2023-01-30 19:15:00,131.23,131.24,131.16,131.18,132.15,132.11,132.1,132.1,132.07,131.08,131.1,131.1,131.12,131.14,0,0.0,0,0.0,0.0,0.0,0.0,0.0
2023-01-30 23:15:00,131.18,131.26,131.16,131.23,132.11,132.1,132.1,132.07,132.06,131.08,131.1,131.1,131.12,131.14,0,0.0,0,0.0,0.0,0.0,0.0,0.0
2023-01-31 03:15:00,131.22,132.04,131.16,131.3,132.1,132.1,132.07,132.06,132.03,131.1,131.1,131.12,131.14,131.14,0,0.0,0,0.0,0.0,0.0,0.0,0.0
2023-01-31 07:15:00,131.3,132.01,131.19,131.26,132.1,132.1,132.07,132.06,132.03,131.1,131.1,131.12,131.14,131.14,0,0.0,0,0.0,0.0,0.0,0.0,0.0
2023-01-31 11:15:00,131.26,132.12,131.09,131.21,132.1,132.1,132.07,132.06,132.03,131.1,131.1,131.12,131.14,131.14,0,0.0,0,0.0,0.0,0.0,0.0,0.0
2023-01-31 15:15:00,131.22,131.31,131.17,131.27,132.1,132.1,132.07,132.06,132.03,131.1,131.1,131.12,131.14,131.14,0,0.0,0,0.0,0.0,0.0,0.0,0.0
2023-01-31 20:15:00,131.27,132.13,131.22,131.29,132.1,132.1,132.07,132.06,132.03,131.1,131.1,131.12,131.14,131.14,0,0.0,0,0.0,0.0,0.0,0.0,0.0
2023-02-01 00:15:00,131.29,132.03,131.28,132.0,132.1,132.1,132.07,132.06,132.03,131.1,131.1,131.12,131.14,131.14,0,0.0,0,0.0,0.0,0.0,0.0,0.0
2023-02-01 04:15:00,132.0,132.21,131.3,132.17,132.1,132.1,132.07,132.06,132.03,131.1,131.12,131.14,131.14,131.17,0,0.0,01/20/2023 17:00,132.84375,132.84375,133.84375,134.84375,0.0
2023-02-01 04:15:00,132.0,132.21,131.3,132.17,132.1,132.1,132.07,132.06,132.03,131.1,131.12,131.14,131.14,131.17,0,0.0,01/20/2023 17:00,132.84375,132.84375,133.84375,134.84375,0.0
2023-02-01 04:15:00,132.0,132.21,131.3,132.17,132.1,132.1,132.07,132.06,132.03,131.1,131.12,131.14,131.14,131.17,0,0.0,01/20/2023 17:00,132.84375,132.84375,133.84375,134.84375,0.0
2023-02-01 04:15:00,132.0,132.21,131.3,132.17,132.1,132.1,132.07,132.06,132.03,131.1,131.12,131.14,131.14,131.17,0,0.0,01/20/2023 17:00,132.84375,132.84375,133.84375,134.84375,0.0
2023-02-01 08:15:00,132.16,132.2,132.08,132.12,133.04,133.02,133.01,132.28,132.17,132.03,132.06,132.1,132.1,132.11,0,0.0,01/20/2023 17:00,132.84375,132.84375,133.84375,134.84375,0.0
2023-02-01 12:15:00,132.13,132.27,131.25,132.13,133.04,133.02,133.01,132.28,132.17,132.03,132.06,132.1,132.1,132.11,0,0.0,0,0.0,0.0,0.0,0.0,0.0
2023-02-01 16:15:00,132.13,133.22,132.03,133.07,133.04,133.02,133.01,132.28,132.17,132.03,132.06,132.1,132.1,132.11,0,0.0,01/20/2023 17:00,132.84375,132.84375,133.84375,134.84375,0.0
2023-02-01 16:15:00,132.13,133.22,132.03,133.07,133.04,133.02,133.01,132.28,132.17,132.03,132.06,132.1,132.1,132.11,0,0.0,01/20/2023 17:00,132.84375,132.84375,133.84375,134.84375,0.0
2023-02-01 16:15:00,132.13,133.22,132.03,133.07,133.04,133.02,133.01,132.28,132.17,132.03,132.06,132.1,132.1,132.11,0,0.0,01/20/2023 17:00,132.84375,132.84375,133.84375,134.84375,0.0
2023-02-01 16:15:00,132.13,133.22,132.03,133.07,133.04,133.02,133.01,132.28,132.17,132.03,132.06,132.1,132.1,132.11,0,0.0,01/20/2023 17:00,132.84375,132.84375,133.84375,134.84375,0.0
2023-02-01 21:15:00,133.07,133.14,133.01,133.11,133.15,133.15,133.13,133.11,133.1,132.11,132.17,132.28,133.01,133.02,0,0.0,0,0.0,0.0,0.0,0.0,0.0
2023-02-02 01:15:00,133.12,133.17,133.06,133.09,133.18,133.15,133.15,133.15,133.13,132.17,132.28,133.01,133.02,133.11,0,0.0,0,0.0,0.0,0.0,0.0,0.0
2023-02-02 05:15:00,133.1,133.22,133.06,133.07,133.15,133.15,133.15,133.13,133.11,132.11,132.17,132.28,133.01,133.02,0,0.0,0,0.0,0.0,0.0,0.0,0.0
2023-02-02 09:15:00,133.07,134.13,133.02,134.02,133.15,133.15,133.15,133.13,133.11,132.17,132.28,133.01,133.01,133.02,02/01/2023 17:00,132.84375,0,0.0,132.84375,131.84375,130.84375,0.0
2023-02-02 09:15:00,133.07,134.13,133.02,134.02,133.15,133.15,133.15,133.13,133.11,132.17,132.28,133.01,133.01,133.02,02/01/2023 17:00,132.84375,0,0.0,132.84375,131.84375,130.84375,0.0
2023-02-02 09:15:00,133.07,134.13,133.02,134.02,133.15,133.15,133.15,133.13,133.11,132.17,132.28,133.01,133.01,133.02,02/01/2023 17:00,132.84375,0,0.0,132.84375,131.84375,130.84375,0.0
2023-02-02 09:15:00,133.07,134.13,133.02,134.02,133.15,133.15,133.15,133.13,133.11,132.17,132.28,133.01,133.01,133.02,02/01/2023 17:00,132.84375,0,0.0,132.84375,131.84375,130.84375,0.0
2023-02-02 09:15:00,133.07,134.13,133.02,134.02,133.15,133.15,133.15,133.13,133.11,132.17,132.28,133.01,133.01,133.02,02/01/2023 17:00,132.84375,0,0.0,132.84375,131.84375,130.84375,0.0
2023-02-02 09:15:00,133.07,134.13,133.02,134.02,133.15,133.15,133.15,133.13,133.11,132.17,132.28,133.01,133.01,133.02,02/01/2023 17:00,132.84375,0,0.0,132.84375,131.84375,130.84375,0.0
2023-02-02 09:15:00,133.07,134.13,133.02,134.02,133.15,133.15,133.15,133.13,133.11,132.17,132.28,133.01,133.01,133.02,02/01/2023 17:00,132.84375,0,0.0,132.84375,131.84375,130.84375,0.0
2023-02-02 09:15:00,133.07,134.13,133.02,134.02,133.15,133.15,133.15,133.13,133.11,132.17,132.28,133.01,133.01,133.02,02/01/2023 17:00,132.84375,0,0.0,132.84375,131.84375,130.84375,0.0
2023-02-02 13:15:00,134.02,134.16,133.17,133.24,134.25,134.15,134.09,134.07,134.06,133.19,133.21,133.22,133.25,133.3,0,0.0,0,0.0,0.0,0.0,0.0,0.0
2023-02-02 18:15:00,133.23,133.24,133.13,133.19,134.09,134.07,134.06,133.3,133.25,133.15,133.18,133.19,133.21,133.22,0,0.0,0,0.0,0.0,0.0,0.0,0.0
2023-02-02 22:15:00,133.19,134.02,133.19,134.01,134.06,133.3,133.25,133.22,133.21,133.02,133.02,133.15,133.15,133.18,0,0.0,0,0.0,0.0,0.0,0.0,0.0
2023-02-03 02:15:00,134.01,134.03,133.25,133.25,134.16,134.15,134.09,134.07,134.06,133.02,133.15,133.15,133.18,133.19,0,0.0,0,0.0,0.0,0.0,0.0,0.0
2023-02-03 06:15:00,133.25,133.28,133.13,133.2,134.16,134.15,134.09,134.07,134.06,133.13,133.15,133.15,133.18,133.19,0,0.0,0,0.0,0.0,0.0,0.0,0.0
2023-02-03 10:15:00,133.2,133.27,131.13,131.28,134.16,134.15,134.09,134.07,134.06,133.13,133.15,133.15,133.18,133.19,0,0.0,0,0.0,0.0,0.0,0.0,0.0
2023-02-03 14:15:00,131.28,132.02,131.15,131.29,132.28,132.1,132.06,132.03,132.03,131.14,131.14,131.17,131.22,131.25,0,0.0,0,0.0,0.0,0.0,0.0,0.0
2023-02-05 19:15:00,131.28,132.02,131.11,131.11,132.28,132.1,132.06,132.03,132.03,131.14,131.14,131.17,131.22,131.25,0,0.0,0,0.0,0.0,0.0,0.0,0.0
2023-02-05 23:15:00,131.11,131.21,131.07,131.19,131.22,131.17,131.14,131.14,131.12,131.06,131.08,131.09,131.1,131.1,0,0.0,02/03/2023 17:00,133.46875,133.46875,134.46875,135.46875,0.0
2023-02-05 23:15:00,131.11,131.21,131.07,131.19,131.22,131.17,131.14,131.14,131.12,131.06,131.08,131.09,131.1,131.1,0,0.0,02/03/2023 17:00,133.46875,133.46875,134.46875,135.46875,0.0
2023-02-05 23:15:00,131.11,131.21,131.07,131.19,131.22,131.17,131.14,131.14,131.12,131.06,131.08,131.09,131.1,131.1,0,0.0,02/03/2023 17:00,133.46875,133.46875,134.46875,135.46875,0.0
2023-02-06 03:15:00,131.2,131.28,131.15,131.21,132.03,132.03,131.28,131.25,131.22,131.1,131.12,131.14,131.14,131.17,0,0.0,02/03/2023 17:00,133.46875,133.46875,134.46875,135.46875,0.0
2023-02-06 07:15:00,131.21,131.21,130.26,131.01,132.03,132.02,131.28,131.25,131.22,131.1,131.12,131.14,131.14,131.17,0,0.0,0,0.0,0.0,0.0,0.0,0.0
2023-02-06 11:15:00,131.01,131.07,130.18,131.02,131.09,131.08,131.06,131.05,131.04,130.13,130.16,130.18,130.24,130.29,0,0.0,0,0.0,0.0,0.0,0.0,0.0
2023-02-06 15:15:00,131.02,131.04,130.23,130.27,131.09,131.08,131.06,131.05,131.04,130.13,130.16,130.18,130.24,130.29,0,0.0,0,0.0,0.0,0.0,0.0,0.0
2023-02-06 20:15:00,130.27,130.3,130.21,130.29,131.08,131.06,131.05,131.04,130.29,130.12,130.13,130.16,130.18,130.24,0,0.0,0,0.0,0.0,0.0,0.0,0.0
2023-02-07 00:15:00,130.29,131.03,130.25,130.31,131.08,131.07,131.06,131.05,131.04,130.13,130.16,130.18,130.18,130.24,0,0.0,02/06/2023 17:00,131.25,131.25,132.25,133.25,0.0
2023-02-07 04:15:00,130.31,131.04,130.2,130.28,131.07,131.06,131.05,131.04,131.04,130.16,130.18,130.18,130.24,130.29,0,0.0,0,0.0,0.0,0.0,0.0,0.0
2023-02-07 08:15:00,130.28,130.31,130.16,130.18,131.07,131.06,131.05,131.04,131.04,130.13,130.16,130.18,130.18,130.24,0,0.0,0,0.0,0.0,0.0,0.0,0.0
2023-02-07 12:15:00,130.19,130.3,130.07,130.2,131.06,131.05,131.04,131.04,130.24,130.12,130.13,130.16,130.18,130.18,0,0.0,0,0.0,0.0,0.0,0.0,0.0
2023-02-07 16:15:00,130.2,131.05,129.31,129.31,131.05,131.04,131.04,131.04,130.24,130.12,130.13,130.16,130.18,130.18,0,0.0,0,0.0,0.0,0.0,0.0,0.0
2023-02-07 21:15:00,130.0,130.15,130.0,130.1,130.18,130.18,130.16,130.13,130.12,129.25,129.26,129.27,129.3,129.3,0,0.0,0,0.0,0.0,0.0,0.0,0.0
2023-02-08 01:15:00,130.11,130.17,130.1,130.12,130.18,130.18,130.16,130.13,130.12,129.25,129.26,129.27,129.3,129.3,0,0.0,0,0.0,0.0,0.0,0.0,0.0
2023-02-08 05:15:00,130.12,130.19,130.04,130.11,130.24,130.18,130.18,130.16,130.13,129.26,129.27,129.3,129.3,129.31,0,0.0,0,0.0,0.0,0.0,0.0,0.0
2023-02-08 09:15:00,130.12,130.18,130.01,130.07,130.24,130.18,130.18,130.16,130.13,129.27,129.3,129.3,129.31,130.0,0,0.0,0,0.0,0.0,0.0,0.0,0.0
2023-02-08 13:15:00,130.08,130.2,129.22,130.18,130.18,130.18,130.16,130.13,130.12,129.27,129.3,129.3,129.31,130.0,0,0.0,02/07/2023 17:00,130.5625,130.5625,131.5625,132.5625,0.0
2023-02-08 18:15:00,130.17,130.25,130.03,130.22,131.04,131.04,130.24,130.18,130.18,129.31,130.0,130.12,130.13,130.16,0,0.0,02/07/2023 17:00,130.5625,130.5625,131.5625,132.5625,0.0
2023-02-08 18:15:00,130.17,130.25,130.03,130.22,131.04,131.04,130.24,130.18,130.18,129.31,130.0,130.12,130.13,130.16,0,0.0,02/07/2023 17:00,130.5625,130.5625,131.5625,132.5625,0.0
2023-02-08 18:15:00,130.17,130.25,130.03,130.22,131.04,131.04,130.24,130.18,130.18,129.31,130.0,130.12,130.13,130.16,0,0.0,02/07/2023 17:00,130.5625,130.5625,131.5625,132.5625,0.0
2023-02-08 22:15:00,130.23,130.24,130.12,130.12,131.05,131.04,131.04,131.04,130.24,130.12,130.13,130.16,130.18,130.18,0,0.0,0,0.0,0.0,0.0,0.0,0.0
2023-02-09 02:15:00,130.11,130.23,130.08,130.18,131.04,131.04,131.04,130.24,130.12,129.27,129.3,129.3,129.31,130.0,0,0.0,0,0.0,0.0,0.0,0.0,0.0
2023-02-09 06:15:00,130.18,130.29,130.12,130.27,131.04,131.04,131.04,130.25,130.24,129.3,129.31,130.0,130.03,130.12,0,0.0,02/07/2023 17:00,130.5625,130.5625,131.5625,132.5625,0.0
2023-02-09 06:15:00,130.18,130.29,130.12,130.27,131.04,131.04,131.04,130.25,130.24,129.3,129.31,130.0,130.03,130.12,0,0.0,02/07/2023 17:00,130.5625,130.5625,131.5625,132.5625,0.0
2023-02-09 10:15:00,130.26,131.07,130.23,131.0,131.05,131.05,131.04,131.04,131.04,130.0,130.03,130.12,130.24,130.25,0,0.0,02/07/2023 17:00,130.5625,130.5625,131.5625,132.5625,0.0
2023-02-09 14:15:00,131.0,131.06,129.28,129.29,131.05,131.05,131.04,131.04,131.04,130.03,130.08,130.12,130.24,130.25,0,0.0,0,0.0,0.0,0.0,0.0,0.0
2023-02-09 19:15:00,129.28,129.3,129.19,129.24,130.03,130.0,129.31,129.3,129.3,129.24,129.24,129.25,129.26,129.27,0,0.0,0,0.0,0.0,0.0,0.0,0.0
2023-02-09 23:15:00,129.23,129.26,129.19,129.24,129.3,129.27,129.25,129.24,129.24,128.21,128.27,129.2,129.2,129.22,0,0.0,0,0.0,0.0,0.0,0.0,0.0
2023-02-10 03:15:00,129.24,129.29,129.17,129.27,129.31,129.3,129.3,129.27,129.25,128.21,128.27,129.2,129.2,129.22,0,0.0,02/09/2023 17:00,129.75,129.75,130.75,131.75,0.0
2023-02-10 07:15:00,129.28,129.29,129.04,129.09,130.0,129.31,129.3,129.3,129.3,129.22,129.24,129.24,129.25,129.27,0,0.0,0,0.0,0.0,0.0,0.0,0.0
2023-02-10 11:15:00,129.09,129.25,128.27,128.28,129.27,129.24,129.24,129.22,129.2,128.11,128.12,128.19,128.21,128.27,0,0.0,0,0.0,0.0,0.0,0.0,0.0
2023-02-10 15:15:00,128.28,129.0,128.2,128.22,129.27,129.24,129.24,129.22,129.2,128.11,128.12,128.19,128.21,128.27,0,0.0,0,0.0,0.0,0.0,0.0,0.0
2023-02-12 20:15:00,128.21,128.26,128.19,128.25,129.27,129.24,129.24,129.22,129.2,128.08,128.09,128.11,128.12,128.19,0,0.0,0,0.0,0.0,0.0,0.0,0.0
2023-02-13 00:15:00,128.25,128.27,128.21,128.26,129.25,129.24,129.24,129.22,129.2,128.09,128.11,128.12,128.19,128.21,0,0.0,0,0.0,0.0,0.0,0.0,0.0
2023-02-13 04:15:00,128.26,128.28,128.17,128.23,129.24,129.24,129.22,129.2,129.0,128.09,128.11,128.12,128.19,128.21,0,0.0,0,0.0,0.0,0.0,0.0,0.0
2023-02-13 08:15:00,128.24,128.31,128.23,128.27,129.24,129.24,129.22,129.2,129.0,128.09,128.11,128.12,128.19,128.21,0,0.0,0,0.0,0.0,0.0,0.0,0.0
2023-02-13 12:15:00,128.26,129.13,128.17,129.0,129.24,129.24,129.22,129.2,129.0,128.09,128.11,128.12,128.19,128.21,0,0.0,0,0.0,0.0,0.0,0.0,0.0
2023-02-13 16:15:00,129.01,129.13,128.31,129.12,129.25,129.24,129.24,129.22,129.2,128.11,128.12,128.19,128.21,129.0,0,0.0,02/10/2023 17:00,129.28125,129.28125,130.28125,131.28125,0.0
2023-02-13 21:15:00,129.12,129.18,129.09,129.13,129.25,129.24,129.24,129.22,129.2,128.11,128.12,128.19,128.21,129.0,0,0.0,0,0.0,0.0,0.0,0.0,0.0
2023-02-14 01:15:00,129.14,129.18,129.11,129.16,129.25,129.24,129.24,129.22,129.2,128.12,128.17,128.19,128.21,129.0,0,0.0,0,0.0,0.0,0.0,0.0,0.0
2023-02-14 05:15:00,129.17,129.28,129.14,129.16,129.25,129.24,129.24,129.22,129.2,128.17,128.19,128.21,128.31,129.0,0,0.0,0,0.0,0.0,0.0,0.0,0.0
2023-02-14 09:15:00,129.16,130.2,128.29,129.05,129.25,129.24,129.24,129.22,129.2,128.19,128.21,128.31,129.0,129.09,0,0.0,0,0.0,0.0,0.0,0.0,0.0
2023-02-14 13:15:00,129.05,129.19,128.08,128.31,129.24,129.24,129.22,129.2,129.09,128.17,128.19,128.21,128.31,129.0,0,0.0,0,0.0,0.0,0.0,0.0,0.0
2023-02-14 18:15:00,128.31,129.05,128.22,129.02,129.24,129.22,129.2,129.09,129.0,128.11,128.12,128.17,128.19,128.21,0,0.0,0,0.0,0.0,0.0,0.0,0.0
2023-02-14 22:15:00,129.02,129.07,129.01,129.07,129.24,129.24,129.22,129.2,129.09,128.12,128.17,128.19,128.21,128.31,0,0.0,0,0.0,0.0,0.0,0.0,0.0
2023-02-15 02:15:00,129.07,129.07,128.3,129.03,129.24,129.22,129.2,129.19,129.09,128.12,128.17,128.19,128.21,128.31,0,0.0,0,0.0,0.0,0.0,0.0,0.0
2023-02-15 06:15:00,129.03,129.13,128.29,129.08,129.24,129.22,129.2,129.19,129.09,128.17,128.19,128.21,128.22,128.31,0,0.0,0,0.0,0.0,0.0,0.0,0.0
2023-02-15 10:15:00,129.08,129.09,128.13,128.22,129.24,129.22,129.2,129.19,129.09,128.17,128.19,128.21,128.22,128.31,0,0.0,0,0.0,0.0,0.0,0.0,0.0
2023-02-15 14:15:00,128.21,128.25,127.26,128.02,129.2,129.19,129.09,128.31,128.22,128.09,128.11,128.12,128.17,128.19,0,0.0,0,0.0,0.0,0.0,0.0,0.0
2023-02-15 19:15:00,128.02,128.09,127.29,127.3,128.17,128.12,128.11,128.09,128.08,127.2,127.24,127.25,127.26,127.3,0,0.0,0,0.0,0.0,0.0,0.0,0.0
2023-02-15 23:15:00,127.3,128.13,127.24,128.09,128.17,128.12,128.11,128.09,128.08,127.18,127.2,127.24,127.25,127.26,0,0.0,02/15/2023 17:00,128.28125,128.28125,129.28125,130.28125,0.0
2023-02-16 03:15:00,128.09,128.13,128.07,128.07,128.21,128.19,128.17,128.12,128.11,127.24,127.25,127.26,127.3,128.08,0,0.0,0,0.0,0.0,0.0,0.0,0.0
2023-02-16 07:15:00,128.08,128.14,128.02,128.05,128.19,128.17,128.12,128.11,128.09,127.2,127.24,127.25,127.26,127.3,0,0.0,0,0.0,0.0,0.0,0.0,0.0
2023-02-16 11:15:00,128.05,128.05,127.04,127.18,128.19,128.17,128.12,128.11,128.09,127.24,127.24,127.25,127.26,127.3,0,0.0,0,0.0,0.0,0.0,0.0,0.0
2023-02-16 15:15:00,127.17,127.23,127.05,127.12,127.25,127.24,127.24,127.2,127.18,127.01,127.03,127.11,127.11,127.15,0,0.0,0,0.0,0.0,0.0,0.0,0.0
2023-02-16 20:15:00,127.12,127.13,126.29,126.29,127.24,127.24,127.2,127.18,127.15,126.16,127.01,127.03,127.11,127.11,0,0.0,0,0.0,0.0,0.0,0.0,0.0
2023-02-17 00:15:00,126.3,126.3,126.19,126.24,127.15,127.11,127.11,127.03,127.01,126.07,126.12,126.14,126.14,126.16,0,0.0,0,0.0,0.0,0.0,0.0,0.0
2023-02-17 04:15:00,126.24,126.27,126.08,126.16,127.15,127.11,127.11,127.03,127.01,126.07,126.12,126.14,126.14,126.16,0,0.0,0,0.0,0.0,0.0,0.0,0.0
2023-02-17 08:15:00,126.16,127.01,126.15,126.26,127.13,127.11,127.11,127.03,127.01,126.05,126.07,126.12,126.14,126.14,0,0.0,0,0.0,0.0,0.0,0.0,0.0
2023-02-17 12:15:00,126.26,127.2,126.19,127.2,127.13,127.11,127.11,127.03,127.01,126.07,126.12,126.14,126.14,126.16,0,0.0,02/16/2023 17:00,127.78125,127.78125,128.78125,129.78125,0.0
2023-02-17 12:15:00,126.26,127.2,126.19,127.2,127.13,127.11,127.11,127.03,127.01,126.07,126.12,126.14,126.14,126.16,0,0.0,02/16/2023 17:00,127.78125,127.78125,128.78125,129.78125,0.0
2023-02-17 12:15:00,126.26,127.2,126.19,127.2,127.13,127.11,127.11,127.03,127.01,126.07,126.12,126.14,126.14,126.16,0,0.0,02/16/2023 17:00,127.78125,127.78125,128.78125,129.78125,0.0
2023-02-17 12:15:00,126.26,127.2,126.19,127.2,127.13,127.11,127.11,127.03,127.01,126.07,126.12,126.14,126.14,126.16,0,0.0,02/16/2023 17:00,127.78125,127.78125,128.78125,129.78125,0.0
2023-02-17 16:15:00,127.19,127.26,127.13,127.25,127.25,127.24,127.24,127.23,127.2,126.16,127.01,127.03,127.11,127.13,0,0.0,02/16/2023 17:00,127.78125,127.78125,128.78125,129.78125,0.0
2023-02-17 16:15:00,127.19,127.26,127.13,127.25,127.25,127.24,127.24,127.23,127.2,126.16,127.01,127.03,127.11,127.13,0,0.0,02/16/2023 17:00,127.78125,127.78125,128.78125,129.78125,0.0
2023-02-19 21:15:00,127.24,127.25,127.13,127.14,128.11,128.09,128.05,127.3,127.25,127.03,127.11,127.13,127.2,127.23,0,0.0,0,0.0,0.0,0.0,0.0,0.0
2023-02-20 01:15:00,127.14,127.16,127.13,127.15,128.09,128.05,127.3,127.25,127.23,126.19,127.01,127.03,127.11,127.13,0,0.0,0,0.0,0.0,0.0,0.0,0.0
2023-02-20 05:15:00,127.15,127.15,127.09,127.12,128.05,127.3,127.26,127.25,127.23,126.19,127.01,127.03,127.11,127.13,0,0.0,0,0.0,0.0,0.0,0.0,0.0
2023-02-20 09:15:00,127.13,127.18,127.12,127.15,127.3,127.26,127.25,127.25,127.23,126.16,126.19,127.01,127.03,127.11,0,0.0,0,0.0,0.0,0.0,0.0,0.0
2023-02-20 18:15:00,127.15,127.2,127.11,127.13,127.3,127.26,127.25,127.25,127.23,126.16,126.19,127.01,127.03,127.11,0,0.0,0,0.0,0.0,0.0,0.0,0.0
2023-02-20 22:15:00,127.14,127.15,127.06,127.08,127.3,127.26,127.25,127.25,127.23,126.19,127.01,127.03,127.09,127.11,0,0.0,0,0.0,0.0,0.0,0.0,0.0
2023-02-21 02:15:00,127.08,127.12,127.06,127.1,127.26,127.25,127.25,127.23,127.09,126.15,126.16,126.19,127.01,127.03,0,0.0,02/16/2023 17:00,127.78125,127.78125,128.78125,129.78125,0.0
2023-02-21 06:15:00,127.1,127.17,126.29,127.0,127.26,127.25,127.25,127.23,127.2,126.16,126.19,127.01,127.03,127.09,0,0.0,0,0.0,0.0,0.0,0.0,0.0
2023-02-21 10:15:00,127.0,127.01,125.3,126.08,127.26,127.25,127.25,127.23,127.2,126.14,126.14,126.15,126.16,126.19,0,0.0,0,0.0,0.0,0.0,0.0,0.0
2023-02-21 14:15:00,126.08,126.19,125.28,125.31,127.23,127.2,126.19,126.15,126.14,125.24,126.0,126.01,126.05,126.07,0,0.0,0,0.0,0.0,0.0,0.0,0.0
2023-02-21 19:15:00,126.0,126.02,125.27,125.3,126.14,126.08,126.07,126.05,126.01,125.18,125.2,125.21,125.23,125.24,0,0.0,0,0.0,0.0,0.0,0.0,0.0
2023-02-21 23:15:00,125.3,126.07,125.29,126.04,126.08,126.07,126.05,126.01,126.0,125.18,125.2,125.21,125.23,125.24,0,0.0,02/21/2023 17:00,126.5625,126.5625,127.5625,128.5625,0.0
2023-02-22 03:15:00,126.05,126.09,126.0,126.03,126.19,126.15,126.14,126.08,126.07,125.2,125.21,125.23,125.24,126.01,0,0.0,0,0.0,0.0,0.0,0.0,0.0
2023-02-22 07:15:00,126.03,126.05,125.24,126.04,126.15,126.14,126.08,126.07,126.05,125.21,125.23,125.24,125.27,126.01,0,0.0,0,0.0,0.0,0.0,0.0,0.0
2023-02-22 11:15:00,126.05,126.24,126.01,126.19,126.19,126.15,126.14,126.08,126.07,125.21,125.23,125.24,125.27,126.01,0,0.0,02/21/2023 17:00,126.5625,126.5625,127.5625,128.5625,0.0
2023-02-22 11:15:00,126.05,126.24,126.01,126.19,126.19,126.15,126.14,126.08,126.07,125.21,125.23,125.24,125.27,126.01,0,0.0,02/21/2023 17:00,126.5625,126.5625,127.5625,128.5625,0.0
2023-02-22 11:15:00,126.05,126.24,126.01,126.19,126.19,126.15,126.14,126.08,126.07,125.21,125.23,125.24,125.27,126.01,0,0.0,02/21/2023 17:00,126.5625,126.5625,127.5625,128.5625,0.0
2023-02-22 11:15:00,126.05,126.24,126.01,126.19,126.19,126.15,126.14,126.08,126.07,125.21,125.23,125.24,125.27,126.01,0,0.0,02/21/2023 17:00,126.5625,126.5625,127.5625,128.5625,0.0
2023-02-22 15:15:00,126.19,126.24,126.09,126.1,127.25,127.23,127.2,127.17,127.01,126.05,126.07,126.08,126.14,126.15,0,0.0,0,0.0,0.0,0.0,0.0,0.0
2023-02-22 20:15:00,126.1,126.18,126.08,126.14,127.2,127.17,127.01,126.19,126.19,125.27,126.01,126.05,126.07,126.08,0,0.0,0,0.0,0.0,0.0,0.0,0.0
2023-02-23 00:15:00,126.13,126.14,126.1,126.13,127.2,127.17,127.01,126.19,126.19,126.01,126.01,126.05,126.07,126.08,0,0.0,0,0.0,0.0,0.0,0.0,0.0
2023-02-23 04:15:00,126.13,126.15,126.06,126.08,127.17,127.01,126.24,126.19,126.19,126.01,126.01,126.05,126.07,126.08,0,0.0,0,0.0,0.0,0.0,0.0,0.0
2023-02-23 08:15:00,126.08,126.1,125.3,126.0,127.01,126.24,126.19,126.19,126.18,125.27,126.01,126.01,126.05,126.07,0,0.0,0,0.0,0.0,0.0,0.0,0.0
2023-02-23 12:15:00,126.01,126.3,125.2,126.19,127.01,126.24,126.19,126.19,126.18,125.21,125.23,125.24,125.24,125.27,02/22/2023 17:00,126.0,0,0.0,126.0,125.0,124.0,134.21
2023-02-23 12:15:00,126.01,126.3,125.2,126.19,127.01,126.24,126.19,126.19,126.18,125.21,125.23,125.24,125.24,125.27,02/22/2023 17:00,126.0,0,0.0,126.0,125.0,124.0,134.21
2023-02-23 12:15:00,126.01,126.3,125.2,126.19,127.01,126.24,126.19,126.19,126.18,125.21,125.23,125.24,125.24,125.27,02/22/2023 17:00,126.0,0,0.0,126.0,125.0,124.0,134.21
2023-02-23 16:15:00,126.2,127.06,126.17,126.23,127.23,127.2,127.17,127.01,126.24,125.27,126.01,126.18,126.19,126.19,02/22/2023 17:00,126.0,0,0.0,126.0,125.0,124.0,134.21
2023-02-23 16:15:00,126.2,127.06,126.17,126.23,127.23,127.2,127.17,127.01,126.24,125.27,126.01,126.18,126.19,126.19,02/22/2023 17:00,126.0,0,0.0,126.0,125.0,124.0,134.21
2023-02-23 21:15:00,126.24,127.04,126.23,126.31,127.25,127.23,127.2,127.17,127.01,125.27,126.01,126.18,126.19,126.19,02/23/2023 17:00,126.5625,0,0.0,126.5625,125.5625,124.5625,0.0
2023-02-24 01:15:00,126.31,127.05,126.29,127.05,127.25,127.23,127.2,127.17,127.01,126.01,126.18,126.19,126.19,126.24,02/23/2023 17:00,126.5625,0,0.0,126.5625,125.5625,124.5625,0.0
2023-02-24 05:15:00,127.05,127.07,126.16,126.16,127.25,127.23,127.2,127.17,127.06,126.18,126.19,126.19,126.24,127.01,0,0.0,0,0.0,0.0,0.0,0.0,0.0
2023-02-24 09:15:00,126.17,126.2,125.3,126.03,127.06,127.01,126.24,126.19,126.18,125.23,125.24,125.24,125.27,126.01,0,0.0,0,0.0,0.0,0.0,0.0,0.0
2023-02-24 13:15:00,126.03,126.07,125.12,125.14,127.01,126.24,126.19,126.18,126.17,125.23,125.24,125.24,125.27,126.01,0,0.0,0,0.0,0.0,0.0,0.0,0.0
2023-02-26 18:15:00,125.14,125.24,125.13,125.23,125.21,125.2,125.2,125.18,125.15,124.21,124.23,125.05,125.06,125.11,0,0.0,02/24/2023 17:00,125.75,125.75,126.75,127.75,0.0
2023-02-26 18:15:00,125.14,125.24,125.13,125.23,125.21,125.2,125.2,125.18,125.15,124.21,124.23,125.05,125.06,125.11,0,0.0,02/24/2023 17:00,125.75,125.75,126.75,127.75,0.0
2023-02-26 22:15:00,125.22,126.0,125.22,125.29,126.17,125.27,125.24,125.24,125.23,125.05,125.06,125.11,125.18,125.2,0,0.0,02/24/2023 17:00,125.75,125.75,126.75,127.75,0.0
2023-02-26 22:15:00,125.22,126.0,125.22,125.29,126.17,125.27,125.24,125.24,125.23,125.05,125.06,125.11,125.18,125.2,0,0.0,02/24/2023 17:00,125.75,125.75,126.75,127.75,0.0
2023-02-27 02:15:00,125.29,125.29,125.22,125.28,126.2,126.19,126.18,126.17,126.07,125.18,125.2,125.24,125.24,125.27,0,0.0,02/24/2023 17:00,125.75,125.75,126.75,127.75,0.0
2023-02-27 06:15:00,125.27,125.31,125.14,125.18,126.2,126.19,126.18,126.17,126.07,125.13,125.18,125.2,125.24,125.24,0,0.0,0,0.0,0.0,0.0,0.0,0.0
2023-02-27 10:15:00,125.18,126.09,125.03,125.31,126.19,126.18,126.17,126.07,126.0,125.05,125.06,125.11,125.12,125.13,0,0.0,0,0.0,0.0,0.0,0.0,0.0
2023-02-27 14:15:00,125.31,126.05,125.22,125.31,126.19,126.18,126.17,126.07,126.0,125.06,125.11,125.12,125.13,125.18,0,0.0,0,0.0,0.0,0.0,0.0,0.0
2023-02-27 19:15:00,125.31,126.03,125.19,125.28,126.19,126.18,126.17,126.07,126.0,125.06,125.11,125.12,125.13,125.18,0,0.0,0,0.0,0.0,0.0,0.0,0.0
2023-02-27 23:15:00,125.28,125.28,125.22,125.27,126.18,126.17,126.09,126.07,126.0,125.06,125.11,125.12,125.13,125.18,0,0.0,0,0.0,0.0,0.0,0.0,0.0
2023-02-28 03:15:00,125.27,125.27,125.09,125.15,126.17,126.09,126.07,126.05,126.0,125.06,125.11,125.12,125.13,125.18,0,0.0,0,0.0,0.0,0.0,0.0,0.0
2023-02-28 07:15:00,125.15,125.21,125.11,125.16,126.09,126.07,126.05,126.03,126.0,125.05,125.06,125.11,125.12,125.13,0,0.0,0,0.0,0.0,0.0,0.0,0.0
2023-02-28 11:15:00,125.16,125.23,124.3,125.22,126.07,126.05,126.03,126.0,125.28,125.05,125.06,125.11,125.12,125.13,0,0.0,0,0.0,0.0,0.0,0.0,0.0
2023-02-28 15:15:00,125.22,126.02,125.18,125.31,126.05,126.03,126.0,125.28,125.27,125.05,125.06,125.11,125.12,125.13,02/27/2023 17:00,125.75,0,0.0,125.75,124.75,123.75,0.0
2023-02-28 15:15:00,125.22,126.02,125.18,125.31,126.05,126.03,126.0,125.28,125.27,125.05,125.06,125.11,125.12,125.13,02/27/2023 17:00,125.75,0,0.0,125.75,124.75,123.75,0.0
2023-02-28 20:15:00,125.31,126.05,125.15,125.2,126.09,126.07,126.05,126.03,126.0,125.11,125.12,125.13,125.27,125.28,0,0.0,0,0.0,0.0,0.0,0.0,0.0
2023-03-01 00:15:00,125.2,125.22,125.16,125.21,126.05,126.03,126.0,125.28,125.27,125.05,125.06,125.11,125.12,125.13,0,0.0,0,0.0,0.0,0.0,0.0,0.0
2023-03-01 04:15:00,125.21,125.23,125.08,125.18,126.05,126.03,126.0,125.28,125.27,125.05,125.06,125.11,125.12,125.13,0,0.0,0,0.0,0.0,0.0,0.0,0.0
2023-03-01 08:15:00,125.18,126.01,125.12,125.21,126.05,126.03,126.0,125.28,125.27,125.05,125.06,125.11,125.12,125.13,0,0.0,0,0.0,0.0,0.0,0.0,0.0
2023-03-01 12:15:00,125.21,125.23,124.17,125.03,126.05,126.03,126.0,125.28,125.27,125.05,125.06,125.11,125.12,125.13,0,0.0,0,0.0,0.0,0.0,0.0,0.0
2023-03-01 16:15:00,125.03,125.06,124.18,124.24,125.13,125.12,125.11,125.06,125.05,124.18,124.18,124.21,124.23,124.3,0,0.0,0,0.0,0.0,0.0,0.0,0.0
2023-03-01 21:15:00,124.24,124.27,124.15,124.19,125.11,125.06,125.05,125.03,124.3,124.18,124.18,124.18,124.21,124.23,0,0.0,0,0.0,0.0,0.0,0.0,0.0
2023-03-02 01:15:00,124.19,124.19,124.11,124.13,125.05,125.03,124.3,124.23,124.21,124.15,124.18,124.18,124.18,124.18,0,0.0,0,0.0,0.0,0.0,0.0,0.0
2023-03-02 05:15:00,124.13,124.14,124.0,124.02,124.21,124.18,124.18,124.18,124.15,122.16,122.19,122.2,123.08,123.21,0,0.0,0,0.0,0.0,0.0,0.0,0.0
2023-03-02 09:15:00,124.03,124.16,123.14,123.24,124.21,124.18,124.18,124.18,124.15,122.16,122.19,122.2,123.08,123.21,0,0.0,0,0.0,0.0,0.0,0.0,0.0
2023-03-02 13:15:00,123.24,124.0,123.11,123.19,124.19,124.18,124.18,124.18,124.15,122.16,122.19,122.2,123.08,123.21,0,0.0,0,0.0,0.0,0.0,0.0,0.0
2023-03-02 18:15:00,123.19,123.28,123.16,123.24,124.18,124.18,124.18,124.15,123.21,122.14,122.16,122.19,122.2,123.08,0,0.0,0,0.0,0.0,0.0,0.0,0.0
2023-03-02 22:15:00,123.24,123.3,123.19,123.29,124.18,124.18,124.18,124.16,124.15,122.14,122.16,122.19,122.2,123.08,0,0.0,0,0.0,0.0,0.0,0.0,0.0
2023-03-03 02:15:00,123.29,124.1,123.28,124.06,124.18,124.18,124.16,124.15,124.0,122.16,122.19,122.2,123.08,123.11,0,0.0,03/02/2023 17:00,124.46875,124.46875,125.46875,126.46875,0.0
2023-03-03 06:15:00,124.05,124.24,124.02,124.22,124.18,124.18,124.18,124.16,124.15,122.2,123.08,123.11,123.16,124.0,0,0.0,03/02/2023 17:00,124.46875,124.46875,125.46875,126.46875,0.0
2023-03-03 06:15:00,124.05,124.24,124.02,124.22,124.18,124.18,124.18,124.16,124.15,122.2,123.08,123.11,123.16,124.0,0,0.0,03/02/2023 17:00,124.46875,124.46875,125.46875,126.46875,0.0
2023-03-03 06:15:00,124.05,124.24,124.02,124.22,124.18,124.18,124.18,124.16,124.15,122.2,123.08,123.11,123.16,124.0,0,0.0,03/02/2023 17:00,124.46875,124.46875,125.46875,126.46875,0.0
2023-03-03 10:15:00,124.22,125.11,124.15,125.0,125.05,125.03,124.3,124.27,124.23,124.0,124.16,124.18,124.19,124.21,0,0.0,03/02/2023 17:00,124.46875,124.46875,125.46875,126.46875,0.0
2023-03-03 10:15:00,124.22,125.11,124.15,125.0,125.05,125.03,124.3,124.27,124.23,124.0,124.16,124.18,124.19,124.21,0,0.0,03/02/2023 17:00,124.46875,124.46875,125.46875,126.46875,0.0
2023-03-03 10:15:00,124.22,125.11,124.15,125.0,125.05,125.03,124.3,124.27,124.23,124.0,124.16,124.18,124.19,124.21,0,0.0,03/02/2023 17:00,124.46875,124.46875,125.46875,126.46875,0.0
2023-03-03 14:15:00,125.0,125.18,124.22,125.18,125.11,125.06,125.06,125.05,125.03,124.19,124.21,124.23,124.27,124.3,0,0.0,03/02/2023 17:00,124.46875,124.46875,125.46875,126.46875,0.0
2023-03-03 14:15:00,125.0,125.18,124.22,125.18,125.11,125.06,125.06,125.05,125.03,124.19,124.21,124.23,124.27,124.3,0,0.0,03/02/2023 17:00,124.46875,124.46875,125.46875,126.46875,0.0
2023-03-03 14:15:00,125.0,125.18,124.22,125.18,125.11,125.06,125.06,125.05,125.03,124.19,124.21,124.23,124.27,124.3,0,0.0,03/02/2023 17:00,124.46875,124.46875,125.46875,126.46875,0.0
2023-03-03 14:15:00,125.0,125.18,124.22,125.18,125.11,125.06,125.06,125.05,125.03,124.19,124.21,124.23,124.27,124.3,0,0.0,03/02/2023 17:00,124.46875,124.46875,125.46875,126.46875,0.0
2023-03-03 14:15:00,125.0,125.18,124.22,125.18,125.11,125.06,125.06,125.05,125.03,124.19,124.21,124.23,124.27,124.3,0,0.0,03/02/2023 17:00,124.46875,124.46875,125.46875,126.46875,0.0
2023-03-03 14:15:00,125.0,125.18,124.22,125.18,125.11,125.06,125.06,125.05,125.03,124.19,124.21,124.23,124.27,124.3,0,0.0,03/02/2023 17:00,124.46875,124.46875,125.46875,126.46875,0.0
2023-03-03 14:15:00,125.0,125.18,124.22,125.18,125.11,125.06,125.06,125.05,125.03,124.19,124.21,124.23,124.27,124.3,0,0.0,03/02/2023 17:00,124.46875,124.46875,125.46875,126.46875,0.0
2023-03-05 19:15:00,125.17,125.22,125.13,125.22,126.01,126.0,125.28,125.27,125.23,125.06,125.06,125.11,125.12,125.13,03/03/2023 17:00,125.15625,0,0.0,125.15625,124.15625,123.15625,0.0
2023-03-05 23:15:00,125.22,125.3,125.19,125.29,126.01,126.0,125.28,125.27,125.23,125.06,125.06,125.11,125.12,125.13,03/03/2023 17:00,125.15625,0,0.0,125.15625,124.15625,123.15625,0.0
2023-03-06 03:15:00,125.29,126.05,125.23,125.25,126.05,126.05,126.03,126.01,126.0,125.06,125.11,125.12,125.13,125.23,0,0.0,0,0.0,0.0,0.0,0.0,0.0
2023-03-06 07:15:00,125.26,126.12,125.24,126.02,126.05,126.05,126.03,126.01,126.0,125.11,125.12,125.13,125.13,125.23,03/03/2023 17:00,125.15625,0,0.0,125.15625,124.15625,123.15625,0.0
2023-03-06 07:15:00,125.26,126.12,125.24,126.02,126.05,126.05,126.03,126.01,126.0,125.11,125.12,125.13,125.13,125.23,03/03/2023 17:00,125.15625,0,0.0,125.15625,124.15625,123.15625,0.0
2023-03-06 11:15:00,126.02,126.17,125.18,125.23,126.09,126.07,126.05,126.05,126.03,125.13,125.19,125.23,126.0,126.01,0,0.0,0,0.0,0.0,0.0,0.0,0.0
2023-03-06 15:15:00,125.22,125.22,125.06,125.09,126.05,126.03,126.01,126.0,125.23,125.11,125.12,125.13,125.13,125.19,0,0.0,0,0.0,0.0,0.0,0.0,0.0
2023-03-06 20:15:00,125.09,125.17,125.06,125.12,126.01,126.0,125.23,125.19,125.13,124.3,125.03,125.05,125.06,125.06,0,0.0,0,0.0,0.0,0.0,0.0,0.0
2023-03-07 00:15:00,125.13,125.22,125.12,125.2,126.03,126.01,126.0,125.23,125.19,124.3,125.03,125.05,125.06,125.06,03/03/2023 17:00,125.15625,0,0.0,125.15625,124.15625,123.15625,0.0
2023-03-07 00:15:00,125.13,125.22,125.12,125.2,126.03,126.01,126.0,125.23,125.19,124.3,125.03,125.05,125.06,125.06,03/03/2023 17:00,125.15625,0,0.0,125.15625,124.15625,123.15625,0.0
2023-03-07 04:15:00,125.19,126.05,125.18,126.02,126.05,126.03,126.01,126.0,125.23,125.03,125.05,125.06,125.06,125.13,0,0.0,0,0.0,0.0,0.0,0.0,0.0
2023-03-07 08:15:00,126.03,126.07,125.29,126.02,126.17,126.09,126.07,126.05,126.05,125.06,125.06,125.06,125.13,125.19,0,0.0,0,0.0,0.0,0.0,0.0,0.0
2023-03-07 12:15:00,126.01,126.12,125.05,125.28,126.09,126.07,126.05,126.05,126.03,125.06,125.06,125.12,125.13,125.19,0,0.0,0,0.0,0.0,0.0,0.0,0.0
2023-03-07 16:15:00,125.28,126.1,125.2,125.27,126.09,126.07,126.05,126.05,126.03,125.06,125.06,125.12,125.13,125.19,0,0.0,0,0.0,0.0,0.0,0.0,0.0
2023-03-07 21:15:00,125.26,125.3,125.18,125.21,126.09,126.07,126.05,126.05,126.03,125.06,125.06,125.12,125.13,125.19,0,0.0,0,0.0,0.0,0.0,0.0,0.0
2023-03-08 01:15:00,125.21,125.21,125.11,125.21,126.09,126.07,126.05,126.05,126.03,125.06,125.06,125.12,125.13,125.19,0,0.0,0,0.0,0.0,0.0,0.0,0.0
2023-03-08 05:15:00,125.21,125.25,125.14,125.2,126.09,126.07,126.05,126.05,126.03,125.06,125.06,125.12,125.13,125.19,0,0.0,0,0.0,0.0,0.0,0.0,0.0
2023-03-08 09:15:00,125.2,126.24,125.2,126.19,126.07,126.05,126.05,126.03,125.3,125.06,125.06,125.12,125.13,125.19,03/03/2023 17:00,125.15625,0,0.0,125.15625,124.15625,123.15625,0.0
2023-03-08 09:15:00,125.2,126.24,125.2,126.19,126.07,126.05,126.05,126.03,125.3,125.06,125.06,125.12,125.13,125.19,03/03/2023 17:00,125.15625,0,0.0,125.15625,124.15625,123.15625,0.0
2023-03-08 09:15:00,125.2,126.24,125.2,126.19,126.07,126.05,126.05,126.03,125.3,125.06,125.06,125.12,125.13,125.19,03/03/2023 17:00,125.15625,0,0.0,125.15625,124.15625,123.15625,0.0
2023-03-08 09:15:00,125.2,126.24,125.2,126.19,126.07,126.05,126.05,126.03,125.3,125.06,125.06,125.12,125.13,125.19,03/03/2023 17:00,125.15625,0,0.0,125.15625,124.15625,123.15625,0.0
2023-03-08 09:15:00,125.2,126.24,125.2,126.19,126.07,126.05,126.05,126.03,125.3,125.06,125.06,125.12,125.13,125.19,03/03/2023 17:00,125.15625,0,0.0,125.15625,124.15625,123.15625,0.0
2023-03-08 09:15:00,125.2,126.24,125.2,126.19,126.07,126.05,126.05,126.03,125.3,125.06,125.06,125.12,125.13,125.19,03/03/2023 17:00,125.15625,0,0.0,125.15625,124.15625,123.15625,0.0
2023-03-08 09:15:00,125.2,126.24,125.2,126.19,126.07,126.05,126.05,126.03,125.3,125.06,125.06,125.12,125.13,125.19,03/03/2023 17:00,125.15625,0,0.0,125.15625,124.15625,123.15625,0.0
2023-03-08 09:15:00,125.2,126.24,125.2,126.19,126.07,126.05,126.05,126.03,125.3,125.06,125.06,125.12,125.13,125.19,03/03/2023 17:00,125.15625,0,0.0,125.15625,124.15625,123.15625,0.0
2023-03-08 09:15:00,125.2,126.24,125.2,126.19,126.07,126.05,126.05,126.03,125.3,125.06,125.06,125.12,125.13,125.19,03/03/2023 17:00,125.15625,0,0.0,125.15625,124.15625,123.15625,0.0
2023-03-08 13:15:00,126.19,127.02,125.22,125.25,127.07,127.06,127.01,126.24,126.2,126.09,126.1,126.12,126.17,126.17,0,0.0,0,0.0,0.0,0.0,0.0,0.0
2023-03-08 18:15:00,125.24,126.03,125.19,125.23,126.07,126.05,126.05,126.03,125.3,125.11,125.12,125.13,125.14,125.19,0,0.0,0,0.0,0.0,0.0,0.0,0.0
2023-03-08 22:15:00,125.23,126.01,125.22,125.24,126.07,126.05,126.05,126.03,125.3,125.11,125.12,125.13,125.14,125.19,0,0.0,0,0.0,0.0,0.0,0.0,0.0
2023-03-09 02:15:00,125.24,125.25,125.12,125.13,126.07,126.05,126.05,126.03,125.3,125.11,125.12,125.13,125.14,125.19,0,0.0,0,0.0,0.0,0.0,0.0,0.0
2023-03-09 06:15:00,125.12,125.25,125.12,125.23,126.03,126.03,125.3,125.14,125.13,125.05,125.06,125.06,125.06,125.11,03/03/2023 17:00,125.15625,0,0.0,125.15625,124.15625,123.15625,0.0
2023-03-09 10:15:00,125.22,126.1,125.08,126.07,126.05,126.03,126.03,126.01,125.3,125.06,125.11,125.12,125.13,125.14,03/03/2023 17:00,125.15625,0,0.0,125.15625,124.15625,123.15625,0.0
2023-03-09 10:15:00,125.22,126.1,125.08,126.07,126.05,126.03,126.03,126.01,125.3,125.06,125.11,125.12,125.13,125.14,03/03/2023 17:00,125.15625,0,0.0,125.15625,124.15625,123.15625,0.0
2023-03-09 10:15:00,125.22,126.1,125.08,126.07,126.05,126.03,126.03,126.01,125.3,125.06,125.11,125.12,125.13,125.14,03/03/2023 17:00,125.15625,0,0.0,125.15625,124.15625,123.15625,0.0
2023-03-09 14:15:00,126.07,126.27,125.21,126.23,126.19,126.17,126.12,126.1,126.09,125.12,125.13,125.14,126.01,126.03,03/03/2023 17:00,125.15625,0,0.0,125.15625,124.15625,123.15625,0.0
2023-03-09 19:15:00,126.23,127.03,126.11,127.01,127.07,127.06,127.02,127.01,126.24,125.13,125.14,126.01,126.03,126.2,0,0.0,0,0.0,0.0,0.0,0.0,0.0
2023-03-09 23:15:00,127.02,128.01,127.01,127.26,127.23,127.2,127.17,127.07,127.06,125.14,126.01,126.03,126.2,127.01,03/09/2023 17:00,126.28125,0,0.0,126.28125,125.28125,124.28125,0.0
2023-03-09 23:15:00,127.02,128.01,127.01,127.26,127.23,127.2,127.17,127.07,127.06,125.14,126.01,126.03,126.2,127.01,03/09/2023 17:00,126.28125,0,0.0,126.28125,125.28125,124.28125,0.0
2023-03-09 23:15:00,127.02,128.01,127.01,127.26,127.23,127.2,127.17,127.07,127.06,125.14,126.01,126.03,126.2,127.01,03/09/2023 17:00,126.28125,0,0.0,126.28125,125.28125,124.28125,0.0
2023-03-09 23:15:00,127.02,128.01,127.01,127.26,127.23,127.2,127.17,127.07,127.06,125.14,126.01,126.03,126.2,127.01,03/09/2023 17:00,126.28125,0,0.0,126.28125,125.28125,124.28125,0.0
2023-03-09 23:15:00,127.02,128.01,127.01,127.26,127.23,127.2,127.17,127.07,127.06,125.14,126.01,126.03,126.2,127.01,03/09/2023 17:00,126.28125,0,0.0,126.28125,125.28125,124.28125,0.0
2023-03-09 23:15:00,127.02,128.01,127.01,127.26,127.23,127.2,127.17,127.07,127.06,125.14,126.01,126.03,126.2,127.01,03/09/2023 17:00,126.28125,0,0.0,126.28125,125.28125,124.28125,0.0
2023-03-09 23:15:00,127.02,128.01,127.01,127.26,127.23,127.2,127.17,127.07,127.06,125.14,126.01,126.03,126.2,127.01,03/09/2023 17:00,126.28125,0,0.0,126.28125,125.28125,124.28125,0.0
2023-03-10 03:15:00,127.25,128.14,127.25,128.12,128.11,128.09,128.05,127.3,127.26,127.02,127.06,127.07,127.17,127.2,03/09/2023 17:00,126.28125,0,0.0,126.28125,125.28125,124.28125,0.0
2023-03-10 03:15:00,127.25,128.14,127.25,128.12,128.11,128.09,128.05,127.3,127.26,127.02,127.06,127.07,127.17,127.2,03/09/2023 17:00,126.28125,0,0.0,126.28125,125.28125,124.28125,0.0
2023-03-10 03:15:00,127.25,128.14,127.25,128.12,128.11,128.09,128.05,127.3,127.26,127.02,127.06,127.07,127.17,127.2,03/09/2023 17:00,126.28125,0,0.0,126.28125,125.28125,124.28125,0.0
2023-03-10 03:15:00,127.25,128.14,127.25,128.12,128.11,128.09,128.05,127.3,127.26,127.02,127.06,127.07,127.17,127.2,03/09/2023 17:00,126.28125,0,0.0,126.28125,125.28125,124.28125,0.0
2023-03-10 07:15:00,128.12,128.12,127.18,127.26,128.22,128.21,128.19,128.17,128.14,127.26,127.3,128.05,128.09,128.11,0,0.0,0,0.0,0.0,0.0,0.0,0.0
2023-03-10 11:15:00,127.26,130.08,127.26,129.23,128.19,128.17,128.14,128.12,128.05,127.06,127.07,127.17,127.2,127.25,03/09/2023 17:00,126.28125,0,0.0,126.28125,125.28125,124.28125,0.0
2023-03-10 11:15:00,127.26,130.08,127.26,129.23,128.19,128.17,128.14,128.12,128.05,127.06,127.07,127.17,127.2,127.25,03/09/2023 17:00,126.28125,0,0.0,126.28125,125.28125,124.28125,0.0
2023-03-10 11:15:00,127.26,130.08,127.26,129.23,128.19,128.17,128.14,128.12,128.05,127.06,127.07,127.17,127.2,127.25,03/09/2023 17:00,126.28125,0,0.0,126.28125,125.28125,124.28125,0.0
2023-03-10 11:15:00,127.26,130.08,127.26,129.23,128.19,128.17,128.14,128.12,128.05,127.06,127.07,127.17,127.2,127.25,03/09/2023 17:00,126.28125,0,0.0,126.28125,125.28125,124.28125,0.0
2023-03-10 11:15:00,127.26,130.08,127.26,129.23,128.19,128.17,128.14,128.12,128.05,127.06,127.07,127.17,127.2,127.25,03/09/2023 17:00,126.28125,0,0.0,126.28125,125.28125,124.28125,0.0
2023-03-10 11:15:00,127.26,130.08,127.26,129.23,128.19,128.17,128.14,128.12,128.05,127.06,127.07,127.17,127.2,127.25,03/09/2023 17:00,126.28125,0,0.0,126.28125,125.28125,124.28125,0.0
2023-03-10 11:15:00,127.26,130.08,127.26,129.23,128.19,128.17,128.14,128.12,128.05,127.06,127.07,127.17,127.2,127.25,03/09/2023 17:00,126.28125,0,0.0,126.28125,125.28125,124.28125,0.0
2023-03-10 11:15:00,127.26,130.08,127.26,129.23,128.19,128.17,128.14,128.12,128.05,127.06,127.07,127.17,127.2,127.25,03/09/2023 17:00,126.28125,0,0.0,126.28125,125.28125,124.28125,0.0
2023-03-10 11:15:00,127.26,130.08,127.26,129.23,128.19,128.17,128.14,128.12,128.05,127.06,127.07,127.17,127.2,127.25,03/09/2023 17:00,126.28125,0,0.0,126.28125,125.28125,124.28125,0.0
2023-03-10 11:15:00,127.26,130.08,127.26,129.23,128.19,128.17,128.14,128.12,128.05,127.06,127.07,127.17,127.2,127.25,03/09/2023 17:00,126.28125,0,0.0,126.28125,125.28125,124.28125,0.0
2023-03-10 11:15:00,127.26,130.08,127.26,129.23,128.19,128.17,128.14,128.12,128.05,127.06,127.07,127.17,127.2,127.25,03/09/2023 17:00,126.28125,0,0.0,126.28125,125.28125,124.28125,0.0
2023-03-10 15:15:00,129.23,130.05,129.01,130.03,129.29,129.27,129.25,129.24,129.24,129.09,129.09,129.13,129.19,129.22,03/09/2023 17:00,126.28125,0,0.0,126.28125,125.28125,124.28125,0.0
2023-03-10 15:15:00,129.23,130.05,129.01,130.03,129.29,129.27,129.25,129.24,129.24,129.09,129.09,129.13,129.19,129.22,03/09/2023 17:00,126.28125,0,0.0,126.28125,125.28125,124.28125,0.0
2023-03-10 15:15:00,129.23,130.05,129.01,130.03,129.29,129.27,129.25,129.24,129.24,129.09,129.09,129.13,129.19,129.22,03/09/2023 17:00,126.28125,0,0.0,126.28125,125.28125,124.28125,0.0
2023-03-10 15:15:00,129.23,130.05,129.01,130.03,129.29,129.27,129.25,129.24,129.24,129.09,129.09,129.13,129.19,129.22,03/09/2023 17:00,126.28125,0,0.0,126.28125,125.28125,124.28125,0.0
2023-03-10 15:15:00,129.23,130.05,129.01,130.03,129.29,129.27,129.25,129.24,129.24,129.09,129.09,129.13,129.19,129.22,03/09/2023 17:00,126.28125,0,0.0,126.28125,125.28125,124.28125,0.0
2023-03-10 15:15:00,129.23,130.05,129.01,130.03,129.29,129.27,129.25,129.24,129.24,129.09,129.09,129.13,129.19,129.22,03/09/2023 17:00,126.28125,0,0.0,126.28125,125.28125,124.28125,0.0
2023-03-10 15:15:00,129.23,130.05,129.01,130.03,129.29,129.27,129.25,129.24,129.24,129.09,129.09,129.13,129.19,129.22,03/09/2023 17:00,126.28125,0,0.0,126.28125,125.28125,124.28125,0.0
2023-03-10 15:15:00,129.23,130.05,129.01,130.03,129.29,129.27,129.25,129.24,129.24,129.09,129.09,129.13,129.19,129.22,03/09/2023 17:00,126.28125,0,0.0,126.28125,125.28125,124.28125,0.0
2023-03-10 15:15:00,129.23,130.05,129.01,130.03,129.29,129.27,129.25,129.24,129.24,129.09,129.09,129.13,129.19,129.22,03/09/2023 17:00,126.28125,0,0.0,126.28125,125.28125,124.28125,0.0
2023-03-12 20:15:00,130.02,131.09,128.28,129.11,131.04,130.25,130.2,130.08,130.03,129.29,129.3,129.3,129.31,130.0,0,0.0,0,0.0,0.0,0.0,0.0,0.0
2023-03-13 00:15:00,129.12,129.29,128.31,129.14,129.3,129.29,129.25,129.19,129.13,128.22,128.25,128.31,129.09,129.09,0,0.0,0,0.0,0.0,0.0,0.0,0.0
2023-03-13 04:15:00,129.14,129.23,129.03,129.22,130.03,129.3,129.29,129.25,129.19,128.22,128.25,128.31,129.09,129.09,0,0.0,0,0.0,0.0,0.0,0.0,0.0
2023-03-13 08:15:00,129.22,132.21,129.2,132.12,130.08,130.03,129.3,129.29,129.25,128.25,128.28,128.31,129.09,129.09,03/10/2023 17:00,129.28125,0,0.0,129.28125,128.28125,127.28125,0.0
2023-03-13 08:15:00,129.22,132.21,129.2,132.12,130.08,130.03,129.3,129.29,129.25,128.25,128.28,128.31,129.09,129.09,03/10/2023 17:00,129.28125,0,0.0,129.28125,128.28125,127.28125,0.0
2023-03-13 08:15:00,129.22,132.21,129.2,132.12,130.08,130.03,129.3,129.29,129.25,128.25,128.28,128.31,129.09,129.09,03/10/2023 17:00,129.28125,0,0.0,129.28125,128.28125,127.28125,0.0
2023-03-13 08:15:00,129.22,132.21,129.2,132.12,130.08,130.03,129.3,129.29,129.25,128.25,128.28,128.31,129.09,129.09,03/10/2023 17:00,129.28125,0,0.0,129.28125,128.28125,127.28125,0.0
2023-03-13 08:15:00,129.22,132.21,129.2,132.12,130.08,130.03,129.3,129.29,129.25,128.25,128.28,128.31,129.09,129.09,03/10/2023 17:00,129.28125,0,0.0,129.28125,128.28125,127.28125,0.0
2023-03-13 08:15:00,129.22,132.21,129.2,132.12,130.08,130.03,129.3,129.29,129.25,128.25,128.28,128.31,129.09,129.09,03/10/2023 17:00,129.28125,0,0.0,129.28125,128.28125,127.28125,0.0
2023-03-13 08:15:00,129.22,132.21,129.2,132.12,130.08,130.03,129.3,129.29,129.25,128.25,128.28,128.31,129.09,129.09,03/10/2023 17:00,129.28125,0,0.0,129.28125,128.28125,127.28125,0.0
2023-03-13 08:15:00,129.22,132.21,129.2,132.12,130.08,130.03,129.3,129.29,129.25,128.25,128.28,128.31,129.09,129.09,03/10/2023 17:00,129.28125,0,0.0,129.28125,128.28125,127.28125,0.0
2023-03-13 08:15:00,129.22,132.21,129.2,132.12,130.08,130.03,129.3,129.29,129.25,128.25,128.28,128.31,129.09,129.09,03/10/2023 17:00,129.28125,0,0.0,129.28125,128.28125,127.28125,0.0
2023-03-13 08:15:00,129.22,132.21,129.2,132.12,130.08,130.03,129.3,129.29,129.25,128.25,128.28,128.31,129.09,129.09,03/10/2023 17:00,129.28125,0,0.0,129.28125,128.28125,127.28125,0.0
2023-03-13 08:15:00,129.22,132.21,129.2,132.12,130.08,130.03,129.3,129.29,129.25,128.25,128.28,128.31,129.09,129.09,03/10/2023 17:00,129.28125,0,0.0,129.28125,128.28125,127.28125,0.0
2023-03-13 08:15:00,129.22,132.21,129.2,132.12,130.08,130.03,129.3,129.29,129.25,128.25,128.28,128.31,129.09,129.09,03/10/2023 17:00,129.28125,0,0.0,129.28125,128.28125,127.28125,0.0
2023-03-13 08:15:00,129.22,132.21,129.2,132.12,130.08,130.03,129.3,129.29,129.25,128.25,128.28,128.31,129.09,129.09,03/10/2023 17:00,129.28125,0,0.0,129.28125,128.28125,127.28125,0.0
2023-03-13 08:15:00,129.22,132.21,129.2,132.12,130.08,130.03,129.3,129.29,129.25,128.25,128.28,128.31,129.09,129.09,03/10/2023 17:00,129.28125,0,0.0,129.28125,128.28125,127.28125,0.0
2023-03-13 08:15:00,129.22,132.21,129.2,132.12,130.08,130.03,129.3,129.29,129.25,128.25,128.28,128.31,129.09,129.09,03/10/2023 17:00,129.28125,0,0.0,129.28125,128.28125,127.28125,0.0
2023-03-13 08:15:00,129.22,132.21,129.2,132.12,130.08,130.03,129.3,129.29,129.25,128.25,128.28,128.31,129.09,129.09,03/10/2023 17:00,129.28125,0,0.0,129.28125,128.28125,127.28125,0.0
2023-03-13 08:15:00,129.22,132.21,129.2,132.12,130.08,130.03,129.3,129.29,129.25,128.25,128.28,128.31,129.09,129.09,03/10/2023 17:00,129.28125,0,0.0,129.28125,128.28125,127.28125,0.0
2023-03-13 08:15:00,129.22,132.21,129.2,132.12,130.08,130.03,129.3,129.29,129.25,128.25,128.28,128.31,129.09,129.09,03/10/2023 17:00,129.28125,0,0.0,129.28125,128.28125,127.28125,0.0
2023-03-13 08:15:00,129.22,132.21,129.2,132.12,130.08,130.03,129.3,129.29,129.25,128.25,128.28,128.31,129.09,129.09,03/10/2023 17:00,129.28125,0,0.0,129.28125,128.28125,127.28125,0.0
2023-03-13 12:15:00,132.12,133.19,132.0,132.13,133.02,133.02,133.01,133.01,132.28,131.25,131.28,131.28,132.02,132.03,03/10/2023 17:00,129.28125,0,0.0,129.28125,128.28125,127.28125,0.0
2023-03-13 12:15:00,132.12,133.19,132.0,132.13,133.02,133.02,133.01,133.01,132.28,131.25,131.28,131.28,132.02,132.03,03/10/2023 17:00,129.28125,0,0.0,129.28125,128.28125,127.28125,0.0
2023-03-13 12:15:00,132.12,133.19,132.0,132.13,133.02,133.02,133.01,133.01,132.28,131.25,131.28,131.28,132.02,132.03,03/10/2023 17:00,129.28125,0,0.0,129.28125,128.28125,127.28125,0.0
2023-03-13 12:15:00,132.12,133.19,132.0,132.13,133.02,133.02,133.01,133.01,132.28,131.25,131.28,131.28,132.02,132.03,03/10/2023 17:00,129.28125,0,0.0,129.28125,128.28125,127.28125,0.0
2023-03-13 12:15:00,132.12,133.19,132.0,132.13,133.02,133.02,133.01,133.01,132.28,131.25,131.28,131.28,132.02,132.03,03/10/2023 17:00,129.28125,0,0.0,129.28125,128.28125,127.28125,0.0
2023-03-13 16:15:00,132.12,132.18,131.05,131.25,133.02,133.02,133.01,133.01,132.28,131.25,131.28,131.28,132.02,132.03,0,0.0,0,0.0,0.0,0.0,0.0,0.0
2023-03-13 21:15:00,131.26,132.0,131.12,131.24,133.01,133.01,132.28,132.02,131.28,131.1,131.1,131.21,131.22,131.25,0,0.0,0,0.0,0.0,0.0,0.0,0.0
2023-03-14 01:15:00,131.24,131.28,131.17,131.25,133.01,133.01,132.28,132.02,131.28,131.09,131.1,131.1,131.21,131.22,0,0.0,0,0.0,0.0,0.0,0.0,0.0
2023-03-14 05:15:00,131.25,132.25,131.15,131.16,133.01,132.28,132.18,132.02,131.28,131.09,131.1,131.1,131.21,131.22,0,0.0,0,0.0,0.0,0.0,0.0,0.0
2023-03-14 09:15:00,131.16,131.3,130.27,131.08,132.28,132.18,132.02,131.28,131.21,131.09,131.09,131.1,131.1,131.12,0,0.0,0,0.0,0.0,0.0,0.0,0.0
2023-03-14 13:15:00,131.08,131.14,129.31,130.29,132.02,131.28,131.21,131.12,131.09,131.05,131.06,131.06,131.07,131.07,0,0.0,0,0.0,0.0,0.0,0.0,0.0
2023-03-14 18:15:00,130.29,131.13,129.31,130.03,131.06,131.05,131.05,131.04,131.04,129.09,129.2,130.03,130.08,130.2,0,0.0,0,0.0,0.0,0.0,0.0,0.0
2023-03-14 22:15:00,130.03,130.12,129.27,130.1,131.05,131.05,131.04,131.04,130.2,128.31,129.03,129.09,129.09,129.2,0,0.0,0,0.0,0.0,0.0,0.0,0.0
2023-03-15 02:15:00,130.1,130.12,129.31,129.31,131.05,131.05,131.04,131.04,130.2,129.03,129.09,129.09,129.2,130.03,0,0.0,0,0.0,0.0,0.0,0.0,0.0
2023-03-15 06:15:00,129.31,131.18,129.22,131.13,131.05,131.05,131.04,131.04,130.2,128.31,129.03,129.09,129.09,129.2,0,0.0,03/14/2023 17:00,131.875,131.875,132.875,133.875,0.0
2023-03-15 06:15:00,129.31,131.18,129.22,131.13,131.05,131.05,131.04,131.04,130.2,128.31,129.03,129.09,129.09,129.2,0,0.0,03/14/2023 17:00,131.875,131.875,132.875,133.875,0.0
2023-03-15 10:15:00,131.13,133.17,131.06,133.0,132.02,131.3,131.28,131.21,131.14,129.09,129.09,129.2,131.05,131.12,0,0.0,03/14/2023 17:00,131.875,131.875,132.875,133.875,0.0
2023-03-15 10:15:00,131.13,133.17,131.06,133.0,132.02,131.3,131.28,131.21,131.14,129.09,129.09,129.2,131.05,131.12,0,0.0,03/14/2023 17:00,131.875,131.875,132.875,133.875,0.0
2023-03-15 10:15:00,131.13,133.17,131.06,133.0,132.02,131.3,131.28,131.21,131.14,129.09,129.09,129.2,131.05,131.12,0,0.0,03/14/2023 17:00,131.875,131.875,132.875,133.875,0.0
2023-03-15 10:15:00,131.13,133.17,131.06,133.0,132.02,131.3,131.28,131.21,131.14,129.09,129.09,129.2,131.05,131.12,0,0.0,03/14/2023 17:00,131.875,131.875,132.875,133.875,0.0
2023-03-15 10:15:00,131.13,133.17,131.06,133.0,132.02,131.3,131.28,131.21,131.14,129.09,129.09,129.2,131.05,131.12,0,0.0,03/14/2023 17:00,131.875,131.875,132.875,133.875,0.0
2023-03-15 10:15:00,131.13,133.17,131.06,133.0,132.02,131.3,131.28,131.21,131.14,129.09,129.09,129.2,131.05,131.12,0,0.0,03/14/2023 17:00,131.875,131.875,132.875,133.875,0.0
2023-03-15 14:15:00,133.0,133.23,132.2,132.27,133.13,133.02,133.02,133.01,133.01,131.13,131.14,131.3,132.18,132.25,0,0.0,0,0.0,0.0,0.0,0.0,0.0
2023-03-15 19:15:00,132.27,133.0,131.26,132.28,133.13,133.02,133.02,133.01,133.01,131.13,131.14,131.3,132.18,132.25,0,0.0,0,0.0,0.0,0.0,0.0,0.0
2023-03-15 23:15:00,132.28,133.16,132.06,132.19,133.13,133.02,133.02,133.01,133.01,131.13,131.14,131.3,132.18,132.25,0,0.0,0,0.0,0.0,0.0,0.0,0.0
2023-03-16 03:15:00,132.2,132.25,132.02,132.02,133.02,133.02,133.01,133.01,132.25,131.12,131.13,131.14,131.3,132.18,0,0.0,0,0.0,0.0,0.0,0.0,0.0
2023-03-16 07:15:00,132.02,132.27,131.3,132.26,133.02,133.01,133.01,132.25,132.18,131.12,131.13,131.14,131.26,131.3,0,0.0,0,0.0,0.0,0.0,0.0,0.0
2023-03-16 11:15:00,132.25,134.05,132.2,133.1,133.13,133.02,133.02,133.01,133.01,131.12,131.13,131.14,131.26,131.3,03/15/2023 17:00,131.875,0,0.0,131.875,130.875,129.875,0.0
2023-03-16 15:15:00,133.09,133.09,131.04,131.13,133.19,133.16,133.15,133.15,133.13,131.14,131.26,131.3,133.01,133.02,0,0.0,0,0.0,0.0,0.0,0.0,0.0
2023-03-16 20:15:00,131.13,131.21,131.03,131.09,133.15,133.13,131.3,131.26,131.14,129.2,129.22,131.05,131.06,131.12,0,0.0,0,0.0,0.0,0.0,0.0,0.0
2023-03-17 00:15:00,131.08,131.18,130.31,131.11,133.13,131.3,131.26,131.14,131.13,129.09,129.2,129.22,131.05,131.06,0,0.0,0,0.0,0.0,0.0,0.0,0.0
2023-03-17 04:15:00,131.11,132.03,131.1,131.14,133.09,131.3,131.26,131.14,131.13,129.09,129.2,129.22,131.05,131.06,0,0.0,0,0.0,0.0,0.0,0.0,0.0
2023-03-17 08:15:00,131.14,132.18,131.11,132.08,133.15,133.13,133.09,131.3,131.26,129.09,129.2,129.22,131.05,131.06,03/15/2023 17:00,131.875,0,0.0,131.875,130.875,129.875,0.0
2023-03-17 12:15:00,132.08,133.24,132.07,133.06,133.16,133.15,133.15,133.13,133.09,129.22,130.31,131.05,131.06,131.26,03/15/2023 17:00,131.875,0,0.0,131.875,130.875,129.875,0.0
2023-03-17 16:15:00,133.06,133.19,132.24,133.02,133.16,133.15,133.15,133.13,133.09,130.31,131.05,131.06,131.1,131.26,0,0.0,0,0.0,0.0,0.0,0.0,0.0
2023-03-19 21:15:00,133.02,133.02,131.26,131.3,133.16,133.15,133.15,133.13,133.09,131.05,131.06,131.1,131.11,131.26,0,0.0,0,0.0,0.0,0.0,0.0,0.0
2023-03-20 01:15:00,131.3,133.04,131.29,132.31,133.16,133.15,133.15,133.13,133.09,131.05,131.06,131.1,131.11,131.26,0,0.0,0,0.0,0.0,0.0,0.0,0.0
2023-03-20 05:15:00,132.31,134.18,132.3,134.03,133.16,133.15,133.15,133.13,133.09,131.05,131.06,131.1,131.11,131.26,03/17/2023 17:00,133.0625,0,0.0,133.0625,132.0625,131.0625,0.0
2023-03-20 05:15:00,132.31,134.18,132.3,134.03,133.16,133.15,133.15,133.13,133.09,131.05,131.06,131.1,131.11,131.26,03/17/2023 17:00,133.0625,0,0.0,133.0625,132.0625,131.0625,0.0
2023-03-20 05:15:00,132.31,134.18,132.3,134.03,133.16,133.15,133.15,133.13,133.09,131.05,131.06,131.1,131.11,131.26,03/17/2023 17:00,133.0625,0,0.0,133.0625,132.0625,131.0625,0.0
2023-03-20 05:15:00,132.31,134.18,132.3,134.03,133.16,133.15,133.15,133.13,133.09,131.05,131.06,131.1,131.11,131.26,03/17/2023 17:00,133.0625,0,0.0,133.0625,132.0625,131.0625,0.0
2023-03-20 05:15:00,132.31,134.18,132.3,134.03,133.16,133.15,133.15,133.13,133.09,131.05,131.06,131.1,131.11,131.26,03/17/2023 17:00,133.0625,0,0.0,133.0625,132.0625,131.0625,0.0
2023-03-20 05:15:00,132.31,134.18,132.3,134.03,133.16,133.15,133.15,133.13,133.09,131.05,131.06,131.1,131.11,131.26,03/17/2023 17:00,133.0625,0,0.0,133.0625,132.0625,131.0625,0.0
2023-03-20 05:15:00,132.31,134.18,132.3,134.03,133.16,133.15,133.15,133.13,133.09,131.05,131.06,131.1,131.11,131.26,03/17/2023 17:00,133.0625,0,0.0,133.0625,132.0625,131.0625,0.0
2023-03-20 05:15:00,132.31,134.18,132.3,134.03,133.16,133.15,133.15,133.13,133.09,131.05,131.06,131.1,131.11,131.26,03/17/2023 17:00,133.0625,0,0.0,133.0625,132.0625,131.0625,0.0
2023-03-20 09:15:00,134.02,134.05,132.16,133.01,134.09,134.07,134.06,134.05,134.03,133.19,133.23,133.24,133.27,133.28,0,0.0,0,0.0,0.0,0.0,0.0,0.0
2023-03-20 13:15:00,133.0,133.05,132.02,132.02,133.23,133.19,133.19,133.16,133.09,131.1,131.11,131.26,131.26,131.29,0,0.0,0,0.0,0.0,0.0,0.0,0.0
2023-03-20 18:15:00,132.02,132.09,131.24,131.26,133.23,133.19,133.19,133.16,133.09,131.1,131.11,131.26,131.26,131.29,0,0.0,0,0.0,0.0,0.0,0.0,0.0
2023-03-20 22:15:00,131.26,132.13,131.22,132.1,133.19,133.19,133.16,133.09,131.29,130.31,131.05,131.06,131.1,131.11,03/17/2023 17:00,133.0625,0,0.0,133.0625,132.0625,131.0625,0.0
2023-03-21 02:15:00,132.1,132.16,132.07,132.09,133.19,133.19,133.16,133.09,133.05,131.1,131.11,131.26,131.26,131.29,0,0.0,0,0.0,0.0,0.0,0.0,0.0
2023-03-21 06:15:00,132.08,132.17,131.15,131.15,133.19,133.19,133.16,133.09,133.05,131.1,131.11,131.26,131.26,131.29,0,0.0,0,0.0,0.0,0.0,0.0,0.0
2023-03-21 10:15:00,131.15,131.18,130.23,130.31,133.19,133.16,133.09,133.05,131.26,130.31,131.05,131.06,131.1,131.11,0,0.0,0,0.0,0.0,0.0,0.0,0.0
2023-03-21 14:15:00,130.31,131.15,130.18,130.25,133.05,131.26,131.11,131.1,131.06,129.03,129.09,129.09,129.2,129.22,0,0.0,0,0.0,0.0,0.0,0.0,0.0
2023-03-21 19:15:00,130.24,130.27,130.16,130.19,131.26,131.11,131.1,131.06,130.31,129.03,129.09,129.09,129.2,129.22,0,0.0,0,0.0,0.0,0.0,0.0,0.0
2023-03-21 23:15:00,130.19,130.31,130.19,130.28,131.18,131.11,131.1,131.06,130.31,129.03,129.09,129.09,129.2,129.22,0,0.0,0,0.0,0.0,0.0,0.0,0.0
2023-03-22 03:15:00,130.28,131.01,130.21,130.24,131.15,131.11,131.1,131.06,130.31,129.03,129.09,129.09,129.2,129.22,0,0.0,0,0.0,0.0,0.0,0.0,0.0
2023-03-22 07:15:00,130.24,131.0,130.11,130.11,131.15,131.11,131.1,131.06,130.31,129.09,129.09,129.2,129.22,130.16,0,0.0,0,0.0,0.0,0.0,0.0,0.0
2023-03-22 11:15:00,130.11,130.28,129.29,130.22,131.11,131.1,131.06,130.31,130.16,129.03,129.09,129.09,129.2,129.22,03/17/2023 17:00,133.0625,0,0.0,133.0625,132.0625,131.0625,0.0
2023-03-22 15:15:00,130.22,132.03,130.19,131.2,131.11,131.1,131.06,131.01,130.31,129.09,129.09,129.2,129.22,130.16,03/17/2023 17:00,133.0625,0,0.0,133.0625,132.0625,131.0625,0.0
2023-03-22 15:15:00,130.22,132.03,130.19,131.2,131.11,131.1,131.06,131.01,130.31,129.09,129.09,129.2,129.22,130.16,03/17/2023 17:00,133.0625,0,0.0,133.0625,132.0625,131.0625,0.0
2023-03-22 15:15:00,130.22,132.03,130.19,131.2,131.11,131.1,131.06,131.01,130.31,129.09,129.09,129.2,129.22,130.16,03/17/2023 17:00,133.0625,0,0.0,133.0625,132.0625,131.0625,0.0
2023-03-22 15:15:00,130.22,132.03,130.19,131.2,131.11,131.1,131.06,131.01,130.31,129.09,129.09,129.2,129.22,130.16,03/17/2023 17:00,133.0625,0,0.0,133.0625,132.0625,131.0625,0.0
2023-03-22 15:15:00,130.22,132.03,130.19,131.2,131.11,131.1,131.06,131.01,130.31,129.09,129.09,129.2,129.22,130.16,03/17/2023 17:00,133.0625,0,0.0,133.0625,132.0625,131.0625,0.0
2023-03-22 15:15:00,130.22,132.03,130.19,131.2,131.11,131.1,131.06,131.01,130.31,129.09,129.09,129.2,129.22,130.16,03/17/2023 17:00,133.0625,0,0.0,133.0625,132.0625,131.0625,0.0
2023-03-22 15:15:00,130.22,132.03,130.19,131.2,131.11,131.1,131.06,131.01,130.31,129.09,129.09,129.2,129.22,130.16,03/17/2023 17:00,133.0625,0,0.0,133.0625,132.0625,131.0625,0.0
2023-03-22 20:15:00,131.2,132.17,131.14,132.07,133.16,133.09,133.05,132.17,131.26,131.06,131.1,131.11,131.15,131.18,03/17/2023 17:00,133.0625,0,0.0,133.0625,132.0625,131.0625,0.0
2023-03-23 00:15:00,132.06,132.12,131.3,132.03,133.19,133.16,133.09,133.05,132.17,131.1,131.11,131.15,131.18,131.26,0,0.0,0,0.0,0.0,0.0,0.0,0.0
2023-03-23 04:15:00,132.04,132.16,131.31,132.05,133.19,133.16,133.09,133.05,132.17,131.1,131.11,131.15,131.18,131.26,0,0.0,0,0.0,0.0,0.0,0.0,0.0
2023-03-23 08:15:00,132.05,132.06,131.21,131.28,133.16,133.09,133.05,132.17,132.17,131.11,131.14,131.15,131.18,131.26,0,0.0,0,0.0,0.0,0.0,0.0,0.0
2023-03-23 12:15:00,131.28,131.29,131.03,131.26,133.16,133.09,133.05,132.17,132.17,131.11,131.14,131.15,131.18,131.26,0,0.0,0,0.0,0.0,0.0,0.0,0.0
2023-03-23 16:15:00,131.27,132.29,131.2,132.21,133.09,133.05,132.17,132.17,132.16,131.11,131.14,131.15,131.18,131.26,03/17/2023 17:00,133.0625,0,0.0,133.0625,132.0625,131.0625,0.0
2023-03-23 16:15:00,131.27,132.29,131.2,132.21,133.09,133.05,132.17,132.17,132.16,131.11,131.14,131.15,131.18,131.26,03/17/2023 17:00,133.0625,0,0.0,133.0625,132.0625,131.0625,0.0
2023-03-23 21:15:00,132.22,132.23,131.27,132.2,133.19,133.19,133.16,133.09,133.05,131.18,131.26,132.16,132.17,132.17,03/17/2023 17:00,133.0625,0,0.0,133.0625,132.0625,131.0625,0.0
2023-03-24 01:15:00,132.2,132.22,132.09,132.21,133.19,133.19,133.16,133.09,133.05,131.18,131.26,132.16,132.17,132.17,0,0.0,0,0.0,0.0,0.0,0.0,0.0
2023-03-24 05:15:00,132.21,133.09,132.07,133.07,133.19,133.16,133.09,133.05,132.29,131.2,131.26,132.16,132.17,132.17,03/17/2023 17:00,133.0625,0,0.0,133.0625,132.0625,131.0625,0.0
2023-03-24 05:15:00,132.21,133.09,132.07,133.07,133.19,133.16,133.09,133.05,132.29,131.2,131.26,132.16,132.17,132.17,03/17/2023 17:00,133.0625,0,0.0,133.0625,132.0625,131.0625,0.0
2023-03-24 09:15:00,133.06,133.3,133.05,133.23,133.23,133.19,133.19,133.16,133.09,132.16,132.17,132.17,132.29,133.05,03/17/2023 17:00,133.0625,0,0.0,133.0625,132.0625,131.0625,0.0
2023-03-24 13:15:00,133.23,133.27,132.23,133.04,134.05,134.03,133.28,133.27,133.24,132.16,132.17,132.17,132.29,133.05,0,0.0,0,0.0,0.0,0.0,0.0,0.0
2023-03-26 18:15:00,133.03,133.11,132.24,132.27,133.28,133.27,133.24,133.23,133.05,132.07,132.16,132.17,132.17,132.29,0,0.0,0,0.0,0.0,0.0,0.0,0.0
2023-03-26 22:15:00,132.26,133.08,132.22,133.02,133.27,133.24,133.23,133.05,132.29,131.27,132.07,132.16,132.17,132.17,0,0.0,0,0.0,0.0,0.0,0.0,0.0
2023-03-27 02:15:00,133.02,133.06,132.22,132.23,133.27,133.27,133.24,133.23,133.05,131.27,132.07,132.16,132.17,132.17,0,0.0,0,0.0,0.0,0.0,0.0,0.0
2023-03-27 06:15:00,132.23,133.07,131.3,132.04,133.27,133.24,133.23,133.11,133.05,131.27,132.07,132.16,132.17,132.17,0,0.0,0,0.0,0.0,0.0,0.0,0.0
2023-03-27 10:15:00,132.04,132.07,131.08,131.1,133.05,132.17,132.17,132.16,132.07,131.15,131.18,131.2,131.26,131.27,0,0.0,0,0.0,0.0,0.0,0.0,0.0
2023-03-27 14:15:00,131.1,131.31,131.0,131.05,131.27,131.2,131.18,131.15,131.14,130.19,130.31,131.01,131.03,131.06,0,0.0,0,0.0,0.0,0.0,0.0,0.0
2023-03-27 19:15:00,131.04,131.04,130.26,130.28,131.27,131.2,131.18,131.15,131.14,130.16,130.19,130.31,131.01,131.03,0,0.0,0,0.0,0.0,0.0,0.0,0.0
2023-03-27 23:15:00,130.28,131.14,130.28,131.06,131.18,131.15,131.14,131.03,131.01,129.2,129.22,129.29,130.16,130.19,03/17/2023 17:00,133.0625,0,0.0,133.0625,132.0625,131.0625,0.0
2023-03-28 03:15:00,131.06,131.11,130.28,130.31,131.27,131.2,131.18,131.15,131.14,129.22,129.29,130.16,130.19,131.03,0,0.0,0,0.0,0.0,0.0,0.0,0.0
2023-03-28 07:15:00,130.31,131.03,130.17,130.23,131.27,131.2,131.18,131.15,131.14,129.22,129.29,130.16,130.19,130.26,0,0.0,0,0.0,0.0,0.0,0.0,0.0
2023-03-28 11:15:00,130.22,131.07,130.16,130.27,131.18,131.15,131.14,131.14,130.26,129.2,129.22,129.29,130.16,130.19,03/17/2023 17:00,133.0625,0,0.0,133.0625,132.0625,131.0625,0.0
2023-03-28 15:15:00,130.27,131.02,130.16,130.22,131.18,131.15,131.14,131.14,131.11,129.22,129.29,130.16,130.19,130.26,0,0.0,0,0.0,0.0,0.0,0.0,0.0
2023-03-28 20:15:00,130.22,130.31,130.15,130.19,131.18,131.15,131.14,131.14,131.11,129.2,129.22,129.29,130.16,130.19,0,0.0,0,0.0,0.0,0.0,0.0,0.0
2023-03-29 00:15:00,130.19,130.25,130.15,130.24,131.15,131.14,131.14,131.11,131.07,129.09,129.2,129.22,129.29,130.16,0,0.0,0,0.0,0.0,0.0,0.0,0.0
2023-03-29 04:15:00,130.24,130.25,130.15,130.17,131.14,131.14,131.11,131.07,131.02,129.2,129.22,129.29,130.16,130.19,0,0.0,0,0.0,0.0,0.0,0.0,0.0
2023-03-29 08:15:00,130.17,130.28,130.14,130.18,131.11,131.07,131.02,130.31,130.19,129.09,129.2,129.22,129.29,130.16,0,0.0,0,0.0,0.0,0.0,0.0,0.0
2023-03-29 12:15:00,130.18,130.24,129.27,130.17,131.11,131.07,131.02,130.31,130.19,129.09,129.2,129.22,129.29,130.16,0,0.0,0,0.0,0.0,0.0,0.0,0.0
2023-03-29 16:15:00,130.17,130.2,130.08,130.15,131.11,131.07,131.02,130.31,130.19,129.09,129.2,129.22,129.29,130.16,0,0.0,0,0.0,0.0,0.0,0.0,0.0
2023-03-29 21:15:00,130.16,130.2,130.12,130.14,131.07,131.02,130.31,130.28,130.19,129.09,129.09,129.2,129.22,129.29,0,0.0,0,0.0,0.0,0.0,0.0,0.0
2023-03-30 01:15:00,130.15,130.17,130.08,130.1,131.02,130.31,130.28,130.24,130.19,129.09,129.2,129.22,129.27,129.29,0,0.0,0,0.0,0.0,0.0,0.0,0.0
2023-03-30 05:15:00,130.09,131.0,130.07,130.08,131.02,130.31,130.28,130.24,130.19,129.09,129.2,129.22,129.27,129.29,0,0.0,0,0.0,0.0,0.0,0.0,0.0
2023-03-30 09:15:00,130.08,130.24,130.02,130.13,131.02,130.31,130.28,130.24,130.19,129.09,129.2,129.22,129.27,129.29,0,0.0,0,0.0,0.0,0.0,0.0,0.0
2023-03-30 13:15:00,130.13,130.25,130.08,130.22,131.02,130.31,130.28,130.24,130.19,129.09,129.2,129.22,129.27,129.29,0,0.0,03/29/2023 17:00,130.5625,130.5625,131.5625,132.5625,0.0
2023-03-30 18:15:00,130.23,131.0,130.2,130.3,131.02,131.0,130.31,130.28,130.24,129.2,129.22,129.27,129.29,130.19,0,0.0,03/29/2023 17:00,130.5625,130.5625,131.5625,132.5625,0.0
2023-03-30 18:15:00,130.23,131.0,130.2,130.3,131.02,131.0,130.31,130.28,130.24,129.2,129.22,129.27,129.29,130.19,0,0.0,03/29/2023 17:00,130.5625,130.5625,131.5625,132.5625,0.0
2023-03-30 22:15:00,130.31,130.31,130.2,130.22,131.14,131.11,131.07,131.02,131.0,129.29,130.02,130.19,130.24,130.28,0,0.0,0,0.0,0.0,0.0,0.0,0.0
2023-03-31 02:15:00,130.22,130.3,130.2,130.3,131.02,131.0,130.31,130.28,130.24,129.27,129.29,130.02,130.08,130.19,0,0.0,0,0.0,0.0,0.0,0.0,0.0
2023-03-31 06:15:00,130.3,130.3,130.11,130.17,131.07,131.02,131.0,131.0,130.31,129.27,129.29,130.02,130.08,130.19,0,0.0,0,0.0,0.0,0.0,0.0,0.0
2023-03-31 10:15:00,130.16,131.16,130.16,131.08,131.02,131.0,131.0,130.31,130.31,129.22,129.27,129.29,130.02,130.08,0,0.0,03/29/2023 17:00,130.5625,130.5625,131.5625,132.5625,0.0
2023-03-31 10:15:00,130.16,131.16,130.16,131.08,131.02,131.0,131.0,130.31,130.31,129.22,129.27,129.29,130.02,130.08,0,0.0,03/29/2023 17:00,130.5625,130.5625,131.5625,132.5625,0.0
2023-03-31 10:15:00,130.16,131.16,130.16,131.08,131.02,131.0,131.0,130.31,130.31,129.22,129.27,129.29,130.02,130.08,0,0.0,03/29/2023 17:00,130.5625,130.5625,131.5625,132.5625,0.0
2023-03-31 10:15:00,130.16,131.16,130.16,131.08,131.02,131.0,131.0,130.31,130.31,129.22,129.27,129.29,130.02,130.08,0,0.0,03/29/2023 17:00,130.5625,130.5625,131.5625,132.5625,0.0
2023-03-31 10:15:00,130.16,131.16,130.16,131.08,131.02,131.0,131.0,130.31,130.31,129.22,129.27,129.29,130.02,130.08,0,0.0,03/29/2023 17:00,130.5625,130.5625,131.5625,132.5625,0.0
2023-03-31 14:15:00,131.09,131.24,130.3,131.2,131.18,131.15,131.14,131.14,131.11,130.31,131.0,131.0,131.02,131.07,0,0.0,03/29/2023 17:00,130.5625,130.5625,131.5625,132.5625,0.0
2023-03-31 14:15:00,131.09,131.24,130.3,131.2,131.18,131.15,131.14,131.14,131.11,130.31,131.0,131.0,131.02,131.07,0,0.0,03/29/2023 17:00,130.5625,130.5625,131.5625,132.5625,0.0
2023-03-31 14:15:00,131.09,131.24,130.3,131.2,131.18,131.15,131.14,131.14,131.11,130.31,131.0,131.0,131.02,131.07,0,0.0,03/29/2023 17:00,130.5625,130.5625,131.5625,132.5625,0.0
2023-03-31 14:15:00,131.09,131.24,130.3,131.2,131.18,131.15,131.14,131.14,131.11,130.31,131.0,131.0,131.02,131.07,0,0.0,03/29/2023 17:00,130.5625,130.5625,131.5625,132.5625,0.0
2023-04-02 19:15:00,131.2,132.06,131.07,131.13,132.16,132.07,132.07,131.31,131.27,131.02,131.07,131.11,131.14,131.14,0,0.0,0,0.0,0.0,0.0,0.0,0.0
2023-04-02 23:15:00,131.13,131.21,131.11,131.17,132.07,131.31,131.27,131.2,131.14,131.0,131.0,131.02,131.07,131.11,0,0.0,0,0.0,0.0,0.0,0.0,0.0
2023-04-03 03:15:00,131.16,131.19,131.05,131.07,132.07,132.07,131.31,131.27,131.2,131.0,131.0,131.02,131.07,131.11,0,0.0,0,0.0,0.0,0.0,0.0,0.0
2023-04-03 07:15:00,131.07,131.18,131.01,131.12,132.06,131.31,131.27,131.2,131.11,130.31,130.31,131.0,131.0,131.02,0,0.0,0,0.0,0.0,0.0,0.0,0.0
2023-04-03 11:15:00,131.12,133.01,131.09,133.01,132.06,131.31,131.27,131.21,131.2,130.31,131.0,131.0,131.02,131.07,03/31/2023 17:00,131.4375,0,0.0,131.4375,130.4375,129.4375,0.0
2023-04-03 11:15:00,131.12,133.01,131.09,133.01,132.06,131.31,131.27,131.21,131.2,130.31,131.0,131.0,131.02,131.07,03/31/2023 17:00,131.4375,0,0.0,131.4375,130.4375,129.4375,0.0
2023-04-03 11:15:00,131.12,133.01,131.09,133.01,132.06,131.31,131.27,131.21,131.2,130.31,131.0,131.0,131.02,131.07,03/31/2023 17:00,131.4375,0,0.0,131.4375,130.4375,129.4375,0.0
2023-04-03 11:15:00,131.12,133.01,131.09,133.01,132.06,131.31,131.27,131.21,131.2,130.31,131.0,131.0,131.02,131.07,03/31/2023 17:00,131.4375,0,0.0,131.4375,130.4375,129.4375,0.0
2023-04-03 11:15:00,131.12,133.01,131.09,133.01,132.06,131.31,131.27,131.21,131.2,130.31,131.0,131.0,131.02,131.07,03/31/2023 17:00,131.4375,0,0.0,131.4375,130.4375,129.4375,0.0
2023-04-03 15:15:00,133.0,133.03,132.17,132.19,133.23,133.11,133.08,133.07,133.05,131.27,131.31,132.06,132.07,132.07,03/31/2023 17:00,131.4375,0,0.0,131.4375,130.4375,129.4375,0.0
2023-04-03 15:15:00,133.0,133.03,132.17,132.19,133.23,133.11,133.08,133.07,133.05,131.27,131.31,132.06,132.07,132.07,03/31/2023 17:00,131.4375,0,0.0,131.4375,130.4375,129.4375,0.0
2023-04-03 20:15:00,132.19,132.29,132.19,132.25,133.23,133.11,133.08,133.07,133.05,131.27,131.31,132.06,132.07,132.07,0,0.0,0,0.0,0.0,0.0,0.0,0.0
2023-04-04 00:15:00,132.24,132.25,132.18,132.18,133.23,133.11,133.08,133.07,133.05,131.27,131.31,132.06,132.07,132.07,0,0.0,0,0.0,0.0,0.0,0.0,0.0
2023-04-04 04:15:00,132.18,132.3,132.11,132.14,133.11,133.08,133.07,133.05,133.03,131.31,132.06,132.07,132.07,132.17,0,0.0,0,0.0,0.0,0.0,0.0,0.0
2023-04-04 08:15:00,132.14,132.14,131.29,132.02,133.08,133.07,133.05,133.03,132.17,131.27,131.31,132.06,132.07,132.07,0,0.0,0,0.0,0.0,0.0,0.0,0.0
2023-04-04 12:15:00,132.02,133.27,131.26,133.26,133.05,133.03,132.17,132.07,132.06,131.09,131.2,131.21,131.27,131.31,03/31/2023 17:00,131.4375,0,0.0,131.4375,130.4375,129.4375,0.0
2023-04-04 12:15:00,132.02,133.27,131.26,133.26,133.05,133.03,132.17,132.07,132.06,131.09,131.2,131.21,131.27,131.31,03/31/2023 17:00,131.4375,0,0.0,131.4375,130.4375,129.4375,0.0
2023-04-04 12:15:00,132.02,133.27,131.26,133.26,133.05,133.03,132.17,132.07,132.06,131.09,131.2,131.21,131.27,131.31,03/31/2023 17:00,131.4375,0,0.0,131.4375,130.4375,129.4375,0.0
2023-04-04 12:15:00,132.02,133.27,131.26,133.26,133.05,133.03,132.17,132.07,132.06,131.09,131.2,131.21,131.27,131.31,03/31/2023 17:00,131.4375,0,0.0,131.4375,130.4375,129.4375,0.0
2023-04-04 12:15:00,132.02,133.27,131.26,133.26,133.05,133.03,132.17,132.07,132.06,131.09,131.2,131.21,131.27,131.31,03/31/2023 17:00,131.4375,0,0.0,131.4375,130.4375,129.4375,0.0
2023-04-04 16:15:00,133.26,133.28,133.17,133.2,134.03,133.3,133.28,133.27,133.27,132.17,133.03,133.07,133.08,133.11,0,0.0,0,0.0,0.0,0.0,0.0,0.0
2023-04-04 21:15:00,133.2,133.26,133.18,133.23,134.03,133.3,133.28,133.27,133.27,132.17,133.03,133.07,133.08,133.11,0,0.0,0,0.0,0.0,0.0,0.0,0.0
2023-04-05 01:15:00,133.22,133.24,133.17,133.23,134.03,133.3,133.28,133.27,133.27,132.17,133.03,133.07,133.08,133.11,0,0.0,0,0.0,0.0,0.0,0.0,0.0
2023-04-05 05:15:00,133.23,133.27,133.15,133.15,133.3,133.28,133.28,133.27,133.27,132.17,133.03,133.07,133.08,133.11,0,0.0,0,0.0,0.0,0.0,0.0,0.0
2023-04-05 09:15:00,133.15,134.19,133.13,134.14,133.3,133.28,133.28,133.27,133.27,132.17,133.03,133.07,133.08,133.11,04/04/2023 17:00,133.65625,0,0.0,133.65625,132.65625,131.65625,0.0
2023-04-05 09:15:00,133.15,134.19,133.13,134.14,133.3,133.28,133.28,133.27,133.27,132.17,133.03,133.07,133.08,133.11,04/04/2023 17:00,133.65625,0,0.0,133.65625,132.65625,131.65625,0.0
2023-04-05 09:15:00,133.15,134.19,133.13,134.14,133.3,133.28,133.28,133.27,133.27,132.17,133.03,133.07,133.08,133.11,04/04/2023 17:00,133.65625,0,0.0,133.65625,132.65625,131.65625,0.0
2023-04-05 09:15:00,133.15,134.19,133.13,134.14,133.3,133.28,133.28,133.27,133.27,132.17,133.03,133.07,133.08,133.11,04/04/2023 17:00,133.65625,0,0.0,133.65625,132.65625,131.65625,0.0
2023-04-05 09:15:00,133.15,134.19,133.13,134.14,133.3,133.28,133.28,133.27,133.27,132.17,133.03,133.07,133.08,133.11,04/04/2023 17:00,133.65625,0,0.0,133.65625,132.65625,131.65625,0.0
2023-04-05 13:15:00,134.14,134.28,133.31,134.21,134.28,134.25,134.18,134.16,134.15,133.28,133.3,134.03,134.05,134.05,04/04/2023 17:00,133.65625,0,0.0,133.65625,132.65625,131.65625,0.0
2023-04-05 13:15:00,134.14,134.28,133.31,134.21,134.28,134.25,134.18,134.16,134.15,133.28,133.3,134.03,134.05,134.05,04/04/2023 17:00,133.65625,0,0.0,133.65625,132.65625,131.65625,0.0
2023-04-05 13:15:00,134.14,134.28,133.31,134.21,134.28,134.25,134.18,134.16,134.15,133.28,133.3,134.03,134.05,134.05,04/04/2023 17:00,133.65625,0,0.0,133.65625,132.65625,131.65625,0.0
2023-04-05 13:15:00,134.14,134.28,133.31,134.21,134.28,134.25,134.18,134.16,134.15,133.28,133.3,134.03,134.05,134.05,04/04/2023 17:00,133.65625,0,0.0,133.65625,132.65625,131.65625,0.0
2023-04-05 18:15:00,134.21,134.24,134.17,134.21,135.09,135.06,135.0,134.28,134.25,134.05,134.05,134.15,134.16,134.18,0,0.0,0,0.0,0.0,0.0,0.0,0.0
2023-04-16 18:15:00,131.15,131.17,131.13,131.15,131.31,131.27,131.26,131.21,131.2,131.0,131.01,131.02,131.07,131.09,0,0.0,0,0.0,0.0,0.0,0.0,0.0
2023-04-16 22:15:00,131.16,131.18,131.09,131.17,133.07,133.03,131.31,131.26,131.21,131.0,131.01,131.02,131.07,131.09,0,0.0,0,0.0,0.0,0.0,0.0,0.0
2023-04-17 02:15:00,131.18,131.2,131.15,131.18,133.07,133.03,131.31,131.26,131.21,131.0,131.01,131.02,131.07,131.09,0,0.0,0,0.0,0.0,0.0,0.0,0.0
2023-04-17 06:15:00,131.18,131.2,131.06,131.06,133.07,133.03,131.31,131.26,131.21,131.0,131.01,131.02,131.07,131.09,0,0.0,0,0.0,0.0,0.0,0.0,0.0
2023-04-17 10:15:00,131.06,131.1,130.23,130.23,131.31,131.26,131.21,131.09,131.07,130.31,131.0,131.0,131.01,131.02,0,0.0,0,0.0,0.0,0.0,0.0,0.0
2023-04-17 14:15:00,130.23,130.24,130.09,130.11,131.0,131.0,130.31,130.31,130.3,129.29,130.02,130.08,130.11,130.16,0,0.0,0,0.0,0.0,0.0,0.0,0.0
2023-04-17 19:15:00,130.11,130.15,130.06,130.09,131.0,130.31,130.31,130.3,130.16,129.22,129.27,129.29,130.02,130.08,0,0.0,0,0.0,0.0,0.0,0.0,0.0
2023-04-17 23:15:00,130.1,130.14,130.07,130.13,130.31,130.31,130.3,130.16,130.11,129.22,129.27,129.29,130.02,130.08,0,0.0,04/17/2023 17:00,134.1875,134.1875,135.1875,136.1875,0.0
2023-04-18 03:15:00,130.12,130.13,130.05,130.06,130.31,130.31,130.3,130.24,130.16,129.27,129.29,130.02,130.08,130.11,0,0.0,0,0.0,0.0,0.0,0.0,0.0
2023-04-18 07:15:00,130.06,130.16,130.04,130.11,130.3,130.24,130.16,130.15,130.08,129.2,129.22,129.27,129.29,130.02,0,0.0,04/17/2023 17:00,134.1875,134.1875,135.1875,136.1875,0.0
2023-04-18 11:15:00,130.11,130.31,130.06,130.27,130.31,130.3,130.24,130.16,130.15,129.22,129.27,129.29,130.02,130.08,0,0.0,04/17/2023 17:00,134.1875,134.1875,135.1875,136.1875,0.0
2023-04-18 11:15:00,130.11,130.31,130.06,130.27,130.31,130.3,130.24,130.16,130.15,129.22,129.27,129.29,130.02,130.08,0,0.0,04/17/2023 17:00,134.1875,134.1875,135.1875,136.1875,0.0
2023-04-18 11:15:00,130.11,130.31,130.06,130.27,130.31,130.3,130.24,130.16,130.15,129.22,129.27,129.29,130.02,130.08,0,0.0,04/17/2023 17:00,134.1875,134.1875,135.1875,136.1875,0.0
2023-04-18 15:15:00,130.26,130.28,130.14,130.2,131.0,131.0,130.31,130.31,130.3,130.02,130.08,130.15,130.16,130.24,0,0.0,0,0.0,0.0,0.0,0.0,0.0
2023-04-18 20:15:00,130.2,130.22,130.14,130.16,131.0,130.31,130.31,130.3,130.24,130.02,130.04,130.08,130.15,130.16,0,0.0,0,0.0,0.0,0.0,0.0,0.0
2023-04-19 00:15:00,130.16,130.2,130.15,130.17,130.31,130.31,130.31,130.3,130.24,130.02,130.04,130.06,130.08,130.15,0,0.0,0,0.0,0.0,0.0,0.0,0.0
2023-04-19 04:15:00,130.17,130.19,129.31,130.01,130.31,130.31,130.3,130.28,130.24,130.04,130.06,130.08,130.15,130.16,0,0.0,0,0.0,0.0,0.0,0.0,0.0
2023-04-19 08:15:00,130.01,130.05,129.26,130.0,130.22,130.15,130.06,130.04,130.02,129.09,129.2,129.22,129.27,129.29,0,0.0,0,0.0,0.0,0.0,0.0,0.0
2023-04-19 12:15:00,130.0,130.09,129.25,129.27,130.2,130.15,130.06,130.04,130.02,129.09,129.2,129.22,129.27,129.29,0,0.0,0,0.0,0.0,0.0,0.0,0.0
2023-04-19 16:15:00,129.26,130.15,129.26,130.13,130.06,130.04,130.02,129.29,129.27,129.03,129.09,129.09,129.2,129.22,0,0.0,04/17/2023 17:00,134.1875,134.1875,135.1875,136.1875,0.0
2023-04-19 16:15:00,129.26,130.15,129.26,130.13,130.06,130.04,130.02,129.29,129.27,129.03,129.09,129.09,129.2,129.22,0,0.0,04/17/2023 17:00,134.1875,134.1875,135.1875,136.1875,0.0
2023-04-19 16:15:00,129.26,130.15,129.26,130.13,130.06,130.04,130.02,129.29,129.27,129.03,129.09,129.09,129.2,129.22,0,0.0,04/17/2023 17:00,134.1875,134.1875,135.1875,136.1875,0.0
2023-04-19 16:15:00,129.26,130.15,129.26,130.13,130.06,130.04,130.02,129.29,129.27,129.03,129.09,129.09,129.2,129.22,0,0.0,04/17/2023 17:00,134.1875,134.1875,135.1875,136.1875,0.0
2023-04-19 21:15:00,130.14,130.17,130.09,130.1,130.24,130.22,130.2,130.19,130.15,129.27,129.29,130.02,130.04,130.06,0,0.0,0,0.0,0.0,0.0,0.0,0.0
2023-04-20 01:15:00,130.1,130.17,130.1,130.13,130.24,130.22,130.2,130.19,130.15,129.27,129.29,130.02,130.04,130.06,0,0.0,0,0.0,0.0,0.0,0.0,0.0
2023-04-20 05:15:00,130.13,131.02,130.12,130.19,130.24,130.22,130.2,130.19,130.15,129.27,129.29,130.02,130.04,130.06,0,0.0,0,0.0,0.0,0.0,0.0,0.0
2023-04-20 09:15:00,130.19,131.08,130.17,130.3,130.3,130.28,130.24,130.22,130.2,129.29,130.02,130.04,130.06,130.09,0,0.0,04/17/2023 17:00,134.1875,134.1875,135.1875,136.1875,0.0
2023-04-20 09:15:00,130.19,131.08,130.17,130.3,130.3,130.28,130.24,130.22,130.2,129.29,130.02,130.04,130.06,130.09,0,0.0,04/17/2023 17:00,134.1875,134.1875,135.1875,136.1875,0.0
2023-04-20 09:15:00,130.19,131.08,130.17,130.3,130.3,130.28,130.24,130.22,130.2,129.29,130.02,130.04,130.06,130.09,0,0.0,04/17/2023 17:00,134.1875,134.1875,135.1875,136.1875,0.0
2023-04-20 09:15:00,130.19,131.08,130.17,130.3,130.3,130.28,130.24,130.22,130.2,129.29,130.02,130.04,130.06,130.09,0,0.0,04/17/2023 17:00,134.1875,134.1875,135.1875,136.1875,0.0
2023-04-20 13:15:00,130.3,131.12,130.28,131.03,131.0,131.0,130.31,130.31,130.31,130.1,130.19,130.2,130.22,130.28,0,0.0,04/17/2023 17:00,134.1875,134.1875,135.1875,136.1875,0.0
2023-04-20 13:15:00,130.3,131.12,130.28,131.03,131.0,131.0,130.31,130.31,130.31,130.1,130.19,130.2,130.22,130.28,0,0.0,04/17/2023 17:00,134.1875,134.1875,135.1875,136.1875,0.0
2023-04-20 18:15:00,131.03,131.06,130.28,131.03,131.21,131.2,131.1,131.09,131.07,130.22,130.28,130.3,130.31,131.01,0,0.0,04/17/2023 17:00,134.1875,134.1875,135.1875,136.1875,0.0
2023-04-20 22:15:00,131.03,131.08,131.0,131.06,131.21,131.2,131.1,131.09,131.07,130.22,130.28,130.3,130.31,131.01,0,0.0,0,0.0,0.0,0.0,0.0,0.0
2023-04-21 02:15:00,131.05,131.1,131.04,131.08,131.2,131.12,131.1,131.09,131.07,130.22,130.28,130.3,130.31,131.01,0,0.0,0,0.0,0.0,0.0,0.0,0.0
2023-04-21 06:15:00,131.08,131.12,130.25,131.03,131.21,131.2,131.12,131.1,131.09,130.28,130.28,130.3,130.31,131.01,0,0.0,0,0.0,0.0,0.0,0.0,0.0
2023-04-21 10:15:00,131.03,131.19,130.17,130.21,131.21,131.2,131.12,131.1,131.09,130.28,130.28,130.3,130.31,131.01,0,0.0,0,0.0,0.0,0.0,0.0,0.0
2023-04-21 14:15:00,130.21,130.27,130.13,130.21,131.09,130.31,130.28,130.28,130.22,130.1,130.12,130.17,130.19,130.2,0,0.0,0,0.0,0.0,0.0,0.0,0.0
2023-04-23 19:15:00,130.2,130.21,130.15,130.17,131.09,130.31,130.28,130.28,130.22,130.09,130.1,130.12,130.17,130.19,0,0.0,0,0.0,0.0,0.0,0.0,0.0
2023-04-23 23:15:00,130.16,130.23,130.16,130.19,130.28,130.22,130.2,130.19,130.17,130.04,130.06,130.09,130.1,130.12,0,0.0,0,0.0,0.0,0.0,0.0,0.0
2023-04-24 03:15:00,130.19,131.0,130.18,130.3,130.28,130.28,130.27,130.22,130.2,130.09,130.1,130.12,130.13,130.17,0,0.0,04/17/2023 17:00,134.1875,134.1875,135.1875,136.1875,0.0
2023-04-24 03:15:00,130.19,131.0,130.18,130.3,130.28,130.28,130.27,130.22,130.2,130.09,130.1,130.12,130.13,130.17,0,0.0,04/17/2023 17:00,134.1875,134.1875,135.1875,136.1875,0.0
2023-04-24 07:15:00,130.3,131.04,130.27,130.31,131.19,131.12,131.1,131.09,130.31,130.13,130.15,130.17,130.27,130.28,0,0.0,0,0.0,0.0,0.0,0.0,0.0
2023-04-24 11:15:00,130.31,131.16,130.29,131.15,131.2,131.19,131.12,131.1,131.09,130.15,130.16,130.17,130.27,130.28,0,0.0,04/17/2023 17:00,134.1875,134.1875,135.1875,136.1875,0.0
2023-04-24 11:15:00,130.31,131.16,130.29,131.15,131.2,131.19,131.12,131.1,131.09,130.15,130.16,130.17,130.27,130.28,0,0.0,04/17/2023 17:00,134.1875,134.1875,135.1875,136.1875,0.0
2023-04-24 11:15:00,130.31,131.16,130.29,131.15,131.2,131.19,131.12,131.1,131.09,130.15,130.16,130.17,130.27,130.28,0,0.0,04/17/2023 17:00,134.1875,134.1875,135.1875,136.1875,0.0
2023-04-24 15:15:00,131.15,131.19,131.09,131.13,131.31,131.26,131.21,131.2,131.19,130.27,130.28,131.09,131.1,131.12,0,0.0,0,0.0,0.0,0.0,0.0,0.0
2023-04-24 20:15:00,131.13,131.28,131.11,131.25,131.31,131.26,131.21,131.2,131.19,130.27,130.28,131.09,131.1,131.12,04/24/2023 17:00,131.03125,0,0.0,131.03125,130.03125,129.03125,0.0
2023-04-24 20:15:00,131.13,131.28,131.11,131.25,131.31,131.26,131.21,131.2,131.19,130.27,130.28,131.09,131.1,131.12,04/24/2023 17:00,131.03125,0,0.0,131.03125,130.03125,129.03125,0.0
2023-04-25 00:15:00,131.25,131.3,131.22,131.27,133.08,133.07,133.03,131.31,131.26,131.09,131.1,131.12,131.19,131.2,04/24/2023 17:00,131.03125,0,0.0,131.03125,130.03125,129.03125,0.0
2023-04-25 04:15:00,131.27,132.14,131.27,132.1,133.11,133.08,133.07,133.03,131.31,131.1,131.12,131.19,131.2,131.26,0,0.0,0,0.0,0.0,0.0,0.0,0.0
2023-04-25 08:15:00,132.09,132.19,132.07,132.13,133.13,133.11,133.08,133.07,133.03,131.11,131.12,131.19,131.2,131.26,0,0.0,0,0.0,0.0,0.0,0.0,0.0
2023-04-25 12:15:00,132.13,133.06,132.12,132.3,133.13,133.11,133.08,133.07,133.03,131.12,131.19,131.2,131.22,131.26,0,0.0,0,0.0,0.0,0.0,0.0,0.0
2023-04-25 16:15:00,132.3,133.09,132.23,132.31,133.13,133.11,133.08,133.07,133.03,131.19,131.2,131.22,131.26,131.27,0,0.0,0,0.0,0.0,0.0,0.0,0.0
2023-04-25 21:15:00,132.31,133.01,132.23,132.27,133.13,133.11,133.08,133.07,133.03,131.2,131.22,131.26,131.27,132.07,0,0.0,0,0.0,0.0,0.0,0.0,0.0
2023-04-26 01:15:00,132.26,133.02,132.26,133.0,133.13,133.11,133.08,133.07,133.03,131.22,131.26,131.27,132.07,132.12,0,0.0,0,0.0,0.0,0.0,0.0,0.0
2023-04-26 05:15:00,132.31,133.04,132.24,132.28,133.11,133.09,133.08,133.07,133.03,131.22,131.26,131.27,132.07,132.12,0,0.0,0,0.0,0.0,0.0,0.0,0.0
2023-04-26 09:15:00,132.28,133.03,132.13,132.28,133.11,133.09,133.08,133.07,133.03,131.26,131.27,132.07,132.12,132.23,0,0.0,0,0.0,0.0,0.0,0.0,0.0
2023-04-26 13:15:00,132.28,133.1,132.02,132.04,133.11,133.09,133.08,133.07,133.03,131.26,131.27,132.07,132.12,132.23,0,0.0,0,0.0,0.0,0.0,0.0,0.0
2023-04-26 18:15:00,132.04,132.17,132.03,132.04,133.07,133.03,132.23,132.12,132.07,131.19,131.2,131.22,131.26,131.27,0,0.0,0,0.0,0.0,0.0,0.0,0.0
2023-04-26 22:15:00,132.04,132.09,132.04,132.09,133.07,133.03,132.23,132.12,132.07,131.19,131.2,131.22,131.26,131.27,04/25/2023 17:00,131.4375,0,0.0,131.4375,130.4375,129.4375,0.0
2023-04-27 02:15:00,132.08,132.08,131.25,131.28,133.08,133.07,133.03,132.23,132.12,131.22,131.26,131.27,132.02,132.07,0,0.0,0,0.0,0.0,0.0,0.0,0.0
2023-04-27 06:15:00,131.28,132.05,131.21,131.28,133.03,132.23,132.17,132.12,132.02,131.19,131.2,131.22,131.26,131.27,0,0.0,0,0.0,0.0,0.0,0.0,0.0
2023-04-27 10:15:00,131.28,132.01,131.01,131.03,132.23,132.17,132.12,132.09,132.02,131.19,131.2,131.22,131.26,131.27,0,0.0,0,0.0,0.0,0.0,0.0,0.0
2023-04-27 14:15:00,131.02,131.08,130.28,131.02,131.19,131.12,131.11,131.1,131.09,130.18,130.27,130.27,130.28,130.29,0,0.0,0,0.0,0.0,0.0,0.0,0.0
2023-04-27 19:15:00,131.02,131.05,130.3,131.02,131.19,131.12,131.11,131.1,131.09,130.18,130.27,130.27,130.28,130.29,0,0.0,0,0.0,0.0,0.0,0.0,0.0
2023-04-27 23:15:00,131.01,131.05,130.23,131.04,131.19,131.12,131.11,131.1,131.09,130.18,130.27,130.27,130.28,130.29,0,0.0,0,0.0,0.0,0.0,0.0,0.0
2023-04-28 03:15:00,131.04,131.15,130.28,131.15,131.12,131.11,131.1,131.09,131.08,130.18,130.27,130.27,130.28,130.29,0,0.0,04/27/2023 17:00,131.625,131.625,132.625,133.625,0.0
2023-04-28 03:15:00,131.04,131.15,130.28,131.15,131.12,131.11,131.1,131.09,131.08,130.18,130.27,130.27,130.28,130.29,0,0.0,04/27/2023 17:00,131.625,131.625,132.625,133.625,0.0
2023-04-28 03:15:00,131.04,131.15,130.28,131.15,131.12,131.11,131.1,131.09,131.08,130.18,130.27,130.27,130.28,130.29,0,0.0,04/27/2023 17:00,131.625,131.625,132.625,133.625,0.0
2023-04-28 07:15:00,131.15,132.05,131.15,131.25,132.01,131.27,131.22,131.2,131.19,130.28,130.29,131.08,131.09,131.11,0,0.0,04/27/2023 17:00,131.625,131.625,132.625,133.625,0.0
2023-04-28 11:15:00,131.25,132.16,131.22,132.1,132.08,132.05,132.02,132.01,131.27,130.29,131.08,131.09,131.11,131.22,0,0.0,04/27/2023 17:00,131.625,131.625,132.625,133.625,0.0
2023-04-28 11:15:00,131.25,132.16,131.22,132.1,132.08,132.05,132.02,132.01,131.27,130.29,131.08,131.09,131.11,131.22,0,0.0,04/27/2023 17:00,131.625,131.625,132.625,133.625,0.0
2023-04-28 11:15:00,131.25,132.16,131.22,132.1,132.08,132.05,132.02,132.01,131.27,130.29,131.08,131.09,131.11,131.22,0,0.0,04/27/2023 17:00,131.625,131.625,132.625,133.625,0.0
2023-04-28 11:15:00,131.25,132.16,131.22,132.1,132.08,132.05,132.02,132.01,131.27,130.29,131.08,131.09,131.11,131.22,0,0.0,04/27/2023 17:00,131.625,131.625,132.625,133.625,0.0
2023-04-28 11:15:00,131.25,132.16,131.22,132.1,132.08,132.05,132.02,132.01,131.27,130.29,131.08,131.09,131.11,131.22,0,0.0,04/27/2023 17:00,131.625,131.625,132.625,133.625,0.0
2023-04-28 15:15:00,132.1,132.19,132.08,132.16,133.07,133.03,132.23,132.17,132.12,132.01,132.02,132.05,132.08,132.09,0,0.0,04/27/2023 17:00,131.625,131.625,132.625,133.625,0.0
2023-04-28 15:15:00,132.1,132.19,132.08,132.16,133.07,133.03,132.23,132.17,132.12,132.01,132.02,132.05,132.08,132.09,0,0.0,04/27/2023 17:00,131.625,131.625,132.625,133.625,0.0
2023-04-30 20:15:00,132.16,132.25,132.07,132.08,133.08,133.07,133.03,132.23,132.17,132.02,132.05,132.08,132.09,132.12,0,0.0,0,0.0,0.0,0.0,0.0,0.0
2023-05-01 00:15:00,132.08,132.09,132.02,132.05,133.07,133.03,132.23,132.17,132.09,131.22,131.27,132.01,132.02,132.05,0,0.0,0,0.0,0.0,0.0,0.0,0.0
2023-05-01 04:15:00,132.06,132.06,131.28,132.01,133.03,132.23,132.17,132.09,132.08,131.22,131.27,132.01,132.02,132.05,0,0.0,0,0.0,0.0,0.0,0.0,0.0
2023-05-01 08:15:00,132.01,132.09,131.21,131.24,132.23,132.17,132.09,132.08,132.05,131.11,131.15,131.22,131.22,131.27,0,0.0,0,0.0,0.0,0.0,0.0,0.0
2023-05-01 12:15:00,131.24,132.04,130.19,130.2,132.17,132.09,132.08,132.05,132.01,131.09,131.11,131.15,131.22,131.22,0,0.0,0,0.0,0.0,0.0,0.0,0.0
2023-05-01 16:15:00,130.21,130.22,129.23,130.04,130.29,130.28,130.27,130.27,130.23,130.13,130.15,130.16,130.17,130.18,0,0.0,0,0.0,0.0,0.0,0.0,0.0
2023-05-01 21:15:00,130.04,130.16,130.04,130.16,130.15,130.13,130.12,130.1,130.09,129.25,129.26,129.27,129.29,130.02,0,0.0,05/01/2023 17:00,130.34375,130.34375,131.34375,132.34375,0.0
2023-05-01 21:15:00,130.04,130.16,130.04,130.16,130.15,130.13,130.12,130.1,130.09,129.25,129.26,129.27,129.29,130.02,0,0.0,05/01/2023 17:00,130.34375,130.34375,131.34375,132.34375,0.0
2023-05-01 21:15:00,130.04,130.16,130.04,130.16,130.15,130.13,130.12,130.1,130.09,129.25,129.26,129.27,129.29,130.02,0,0.0,05/01/2023 17:00,130.34375,130.34375,131.34375,132.34375,0.0
2023-05-01 21:15:00,130.04,130.16,130.04,130.16,130.15,130.13,130.12,130.1,130.09,129.25,129.26,129.27,129.29,130.02,0,0.0,05/01/2023 17:00,130.34375,130.34375,131.34375,132.34375,0.0
2023-05-01 21:15:00,130.04,130.16,130.04,130.16,130.15,130.13,130.12,130.1,130.09,129.25,129.26,129.27,129.29,130.02,0,0.0,05/01/2023 17:00,130.34375,130.34375,131.34375,132.34375,0.0
2023-05-02 01:15:00,130.16,130.19,130.09,130.12,130.27,130.27,130.23,130.18,130.17,130.09,130.1,130.12,130.13,130.15,0,0.0,0,0.0,0.0,0.0,0.0,0.0
2023-05-02 05:15:00,130.12,131.01,130.12,130.3,130.23,130.22,130.18,130.17,130.16,129.29,130.02,130.04,130.09,130.1,0,0.0,05/01/2023 17:00,130.34375,130.34375,131.34375,132.34375,0.0
2023-05-02 05:15:00,130.12,131.01,130.12,130.3,130.23,130.22,130.18,130.17,130.16,129.29,130.02,130.04,130.09,130.1,0,0.0,05/01/2023 17:00,130.34375,130.34375,131.34375,132.34375,0.0
2023-05-02 05:15:00,130.12,131.01,130.12,130.3,130.23,130.22,130.18,130.17,130.16,129.29,130.02,130.04,130.09,130.1,0,0.0,05/01/2023 17:00,130.34375,130.34375,131.34375,132.34375,0.0
2023-05-02 05:15:00,130.12,131.01,130.12,130.3,130.23,130.22,130.18,130.17,130.16,129.29,130.02,130.04,130.09,130.1,0,0.0,05/01/2023 17:00,130.34375,130.34375,131.34375,132.34375,0.0
2023-05-02 05:15:00,130.12,131.01,130.12,130.3,130.23,130.22,130.18,130.17,130.16,129.29,130.02,130.04,130.09,130.1,0,0.0,05/01/2023 17:00,130.34375,130.34375,131.34375,132.34375,0.0
2023-05-02 05:15:00,130.12,131.01,130.12,130.3,130.23,130.22,130.18,130.17,130.16,129.29,130.02,130.04,130.09,130.1,0,0.0,05/01/2023 17:00,130.34375,130.34375,131.34375,132.34375,0.0
2023-05-02 05:15:00,130.12,131.01,130.12,130.3,130.23,130.22,130.18,130.17,130.16,129.29,130.02,130.04,130.09,130.1,0,0.0,05/01/2023 17:00,130.34375,130.34375,131.34375,132.34375,0.0
2023-05-02 09:15:00,130.29,130.31,130.17,130.18,132.04,132.01,131.22,131.15,131.08,130.18,130.22,130.23,130.27,130.28,0,0.0,0,0.0,0.0,0.0,0.0,0.0
2023-05-02 13:15:00,130.18,132.12,130.16,132.05,132.01,131.22,131.15,131.08,130.22,130.09,130.1,130.12,130.16,130.17,0,0.0,05/01/2023 17:00,130.34375,130.34375,131.34375,132.34375,0.0
2023-05-02 13:15:00,130.18,132.12,130.16,132.05,132.01,131.22,131.15,131.08,130.22,130.09,130.1,130.12,130.16,130.17,0,0.0,05/01/2023 17:00,130.34375,130.34375,131.34375,132.34375,0.0
2023-05-02 18:15:00,132.06,132.13,131.31,132.11,132.23,132.17,132.09,132.09,132.08,130.18,131.15,131.22,132.04,132.05,05/02/2023 17:00,130.34375,0,0.0,130.34375,129.34375,128.34375,0.0
2023-05-02 18:15:00,132.06,132.13,131.31,132.11,132.23,132.17,132.09,132.09,132.08,130.18,131.15,131.22,132.04,132.05,05/02/2023 17:00,130.34375,0,0.0,130.34375,129.34375,128.34375,0.0
2023-05-02 22:15:00,132.11,132.11,132.05,132.06,133.07,133.03,132.25,132.23,132.17,130.18,131.15,131.22,132.04,132.09,05/02/2023 17:00,130.34375,0,0.0,130.34375,129.34375,128.34375,0.0
2023-05-03 02:15:00,132.06,132.11,132.05,132.07,133.03,132.25,132.23,132.17,132.09,130.17,130.18,131.15,131.22,132.04,0,0.0,0,0.0,0.0,0.0,0.0,0.0
2023-05-03 06:15:00,132.06,132.27,132.05,132.22,132.25,132.23,132.17,132.13,132.09,130.18,131.15,131.22,131.31,132.04,05/02/2023 17:00,130.34375,0,0.0,130.34375,129.34375,128.34375,0.0
2023-05-03 06:15:00,132.06,132.27,132.05,132.22,132.25,132.23,132.17,132.13,132.09,130.18,131.15,131.22,131.31,132.04,05/02/2023 17:00,130.34375,0,0.0,130.34375,129.34375,128.34375,0.0
2023-05-03 10:15:00,132.21,133.02,132.09,132.28,133.08,133.07,133.03,132.25,132.23,131.22,131.31,132.04,132.13,132.17,05/02/2023 17:00,130.34375,0,0.0,130.34375,129.34375,128.34375,0.0
2023-05-03 10:15:00,132.21,133.02,132.09,132.28,133.08,133.07,133.03,132.25,132.23,131.22,131.31,132.04,132.13,132.17,05/02/2023 17:00,130.34375,0,0.0,130.34375,129.34375,128.34375,0.0
2023-05-03 14:15:00,132.29,133.18,132.22,132.24,133.1,133.09,133.08,133.07,133.03,132.04,132.13,132.17,132.23,132.25,0,0.0,0,0.0,0.0,0.0,0.0,0.0
2023-05-03 19:15:00,132.24,133.21,132.08,133.11,133.09,133.08,133.07,133.03,132.25,132.04,132.05,132.13,132.17,132.23,05/02/2023 17:00,130.34375,0,0.0,130.34375,129.34375,128.34375,0.0
2023-05-03 19:15:00,132.24,133.21,132.08,133.11,133.09,133.08,133.07,133.03,132.25,132.04,132.05,132.13,132.17,132.23,05/02/2023 17:00,130.34375,0,0.0,130.34375,129.34375,128.34375,0.0
2023-05-03 23:15:00,133.11,133.13,132.31,132.31,134.03,133.3,133.28,133.27,133.13,132.13,132.17,132.23,133.09,133.1,0,0.0,0,0.0,0.0,0.0,0.0,0.0
2023-05-04 03:15:00,133.0,133.04,132.25,132.29,133.27,133.13,133.11,133.1,133.09,132.04,132.05,132.13,132.17,132.23,0,0.0,0,0.0,0.0,0.0,0.0,0.0
2023-05-04 07:15:00,132.29,133.06,132.23,133.03,133.21,133.13,133.11,133.1,133.09,132.05,132.08,132.13,132.17,132.23,0,0.0,0,0.0,0.0,0.0,0.0,0.0
2023-05-04 11:15:00,133.04,133.17,132.03,133.04,133.13,133.13,133.11,133.1,133.09,132.05,132.08,132.13,132.17,132.23,0,0.0,0,0.0,0.0,0.0,0.0,0.0
2023-05-04 15:15:00,133.04,133.18,132.16,132.2,133.13,133.13,133.11,133.1,133.09,132.05,132.08,132.13,132.17,132.23,0,0.0,0,0.0,0.0,0.0,0.0,0.0
2023-05-04 20:15:00,132.2,132.23,132.13,132.15,133.13,133.13,133.11,133.1,133.09,132.04,132.05,132.08,132.13,132.17,0,0.0,0,0.0,0.0,0.0,0.0,0.0
2023-05-05 00:15:00,132.16,132.19,132.14,132.15,133.13,133.11,133.1,133.09,132.17,132.03,132.04,132.05,132.08,132.13,0,0.0,0,0.0,0.0,0.0,0.0,0.0
2023-05-05 04:15:00,132.15,132.17,132.05,132.07,133.13,133.11,133.1,133.09,132.17,132.03,132.04,132.05,132.08,132.13,0,0.0,0,0.0,0.0,0.0,0.0,0.0
2023-05-05 08:15:00,132.07,132.13,131.31,132.04,133.09,132.23,132.17,132.13,132.08,131.22,131.31,132.03,132.04,132.05,0,0.0,0,0.0,0.0,0.0,0.0,0.0
2023-05-05 12:15:00,132.03,132.06,131.02,131.19,132.17,132.13,132.08,132.05,132.04,130.17,130.18,131.15,131.22,131.31,0,0.0,0,0.0,0.0,0.0,0.0,0.0
2023-05-05 16:15:00,131.19,131.3,131.15,131.3,132.08,132.05,132.04,132.03,131.31,130.16,130.16,130.17,130.18,131.15,0,0.0,0,0.0,0.0,0.0,0.0,0.0
2023-05-07 21:15:00,131.31,132.0,131.16,131.27,132.13,132.08,132.05,132.04,132.03,130.16,130.16,130.17,130.18,131.15,0,0.0,0,0.0,0.0,0.0,0.0,0.0
2023-05-08 01:15:00,131.27,132.02,131.26,131.31,132.06,132.05,132.04,132.03,131.31,130.16,130.17,130.18,131.02,131.15,0,0.0,0,0.0,0.0,0.0,0.0,0.0
2023-05-08 05:15:00,131.3,132.0,131.12,131.16,132.06,132.05,132.04,132.03,131.31,130.17,130.18,131.02,131.15,131.15,0,0.0,0,0.0,0.0,0.0,0.0,0.0
2023-05-08 09:15:00,131.16,131.17,130.24,130.24,132.06,132.05,132.04,132.03,131.31,130.17,130.18,131.02,131.15,131.15,0,0.0,0,0.0,0.0,0.0,0.0,0.0
2023-05-08 13:15:00,130.24,130.31,130.17,130.26,132.03,132.02,131.31,131.15,131.02,130.12,130.16,130.16,130.17,130.18,0,0.0,0,0.0,0.0,0.0,0.0,0.0
2023-05-08 18:15:00,130.26,130.27,130.15,130.21,132.02,132.0,131.31,131.15,131.02,130.12,130.16,130.16,130.17,130.18,0,0.0,0,0.0,0.0,0.0,0.0,0.0
2023-05-08 22:15:00,130.21,130.27,130.18,130.25,132.0,131.31,131.17,131.15,131.02,130.12,130.16,130.16,130.17,130.18,0,0.0,0,0.0,0.0,0.0,0.0,0.0
2023-05-09 02:15:00,130.25,130.29,130.24,130.28,131.31,131.17,131.15,131.02,130.31,130.12,130.16,130.16,130.17,130.18,0,0.0,0,0.0,0.0,0.0,0.0,0.0
2023-05-09 06:15:00,130.29,131.05,130.25,131.01,131.31,131.17,131.15,131.02,130.31,130.15,130.16,130.16,130.17,130.18,05/02/2023 17:00,130.34375,0,0.0,130.34375,129.34375,128.34375,0.0
2023-05-09 10:15:00,131.01,131.03,130.17,130.19,132.0,131.31,131.17,131.15,131.02,130.16,130.17,130.18,130.18,130.31,0,0.0,0,0.0,0.0,0.0,0.0,0.0
2023-05-09 14:15:00,130.19,130.25,130.08,130.15,131.31,131.17,131.15,131.02,130.31,130.16,130.16,130.17,130.18,130.18,0,0.0,0,0.0,0.0,0.0,0.0,0.0
2023-05-09 19:15:00,130.14,130.17,130.07,130.14,131.02,130.31,130.18,130.16,130.15,130.09,130.09,130.1,130.12,130.12,0,0.0,0,0.0,0.0,0.0,0.0,0.0
2023-05-09 23:15:00,130.15,130.21,130.12,130.19,131.03,131.02,130.31,130.18,130.16,130.09,130.09,130.1,130.12,130.12,0,0.0,05/09/2023 17:00,130.40625,130.40625,131.40625,132.40625,0.0
2023-05-09 23:15:00,130.15,130.21,130.12,130.19,131.03,131.02,130.31,130.18,130.16,130.09,130.09,130.1,130.12,130.12,0,0.0,05/09/2023 17:00,130.40625,130.40625,131.40625,132.40625,0.0
2023-05-09 23:15:00,130.15,130.21,130.12,130.19,131.03,131.02,130.31,130.18,130.16,130.09,130.09,130.1,130.12,130.12,0,0.0,05/09/2023 17:00,130.40625,130.40625,131.40625,132.40625,0.0
2023-05-10 03:15:00,130.19,130.2,130.09,130.12,131.05,131.03,131.02,130.31,130.25,130.12,130.12,130.15,130.16,130.18,0,0.0,0,0.0,0.0,0.0,0.0,0.0
2023-05-10 07:15:00,130.12,130.26,130.1,130.25,131.05,131.03,131.02,130.31,130.25,130.04,130.07,130.09,130.09,130.1,0,0.0,0,0.0,0.0,0.0,0.0,0.0
2023-05-10 11:15:00,130.26,131.16,130.08,131.09,131.15,131.05,131.03,131.02,130.31,130.09,130.1,130.12,130.12,130.25,0,0.0,05/09/2023 17:00,130.40625,130.40625,131.40625,132.40625,0.0
2023-05-10 11:15:00,130.26,131.16,130.08,131.09,131.15,131.05,131.03,131.02,130.31,130.09,130.1,130.12,130.12,130.25,0,0.0,05/09/2023 17:00,130.40625,130.40625,131.40625,132.40625,0.0
2023-05-10 11:15:00,130.26,131.16,130.08,131.09,131.15,131.05,131.03,131.02,130.31,130.09,130.1,130.12,130.12,130.25,0,0.0,05/09/2023 17:00,130.40625,130.40625,131.40625,132.40625,0.0
2023-05-10 11:15:00,130.26,131.16,130.08,131.09,131.15,131.05,131.03,131.02,130.31,130.09,130.1,130.12,130.12,130.25,0,0.0,05/09/2023 17:00,130.40625,130.40625,131.40625,132.40625,0.0
2023-05-10 15:15:00,131.1,131.18,131.0,131.09,132.02,132.0,131.31,131.17,131.15,130.12,130.25,131.02,131.03,131.05,0,0.0,0,0.0,0.0,0.0,0.0,0.0
2023-05-10 20:15:00,131.09,131.13,131.04,131.1,132.02,132.0,131.31,131.17,131.15,130.12,130.25,131.02,131.03,131.05,0,0.0,0,0.0,0.0,0.0,0.0,0.0
2023-05-11 00:15:00,131.09,131.16,131.07,131.08,132.02,132.0,131.31,131.17,131.15,130.12,130.25,131.02,131.03,131.05,0,0.0,0,0.0,0.0,0.0,0.0,0.0
2023-05-11 04:15:00,131.08,131.21,131.06,131.15,132.0,131.31,131.18,131.17,131.15,130.25,131.0,131.02,131.03,131.05,0,0.0,0,0.0,0.0,0.0,0.0,0.0
2023-05-11 08:15:00,131.15,132.04,131.09,132.0,132.02,132.0,131.31,131.18,131.17,131.0,131.02,131.03,131.04,131.05,0,0.0,05/09/2023 17:00,130.40625,130.40625,131.40625,132.40625,0.0
2023-05-11 08:15:00,131.15,132.04,131.09,132.0,132.02,132.0,131.31,131.18,131.17,131.0,131.02,131.03,131.04,131.05,0,0.0,05/09/2023 17:00,130.40625,130.40625,131.40625,132.40625,0.0
2023-05-11 08:15:00,131.15,132.04,131.09,132.0,132.02,132.0,131.31,131.18,131.17,131.0,131.02,131.03,131.04,131.05,0,0.0,05/09/2023 17:00,130.40625,130.40625,131.40625,132.40625,0.0
2023-05-11 12:15:00,132.0,132.29,131.19,132.05,132.06,132.05,132.04,132.03,132.02,131.05,131.15,131.17,131.18,131.31,0,0.0,05/09/2023 17:00,130.40625,130.40625,131.40625,132.40625,0.0
2023-05-11 12:15:00,132.0,132.29,131.19,132.05,132.06,132.05,132.04,132.03,132.02,131.05,131.15,131.17,131.18,131.31,0,0.0,05/09/2023 17:00,130.40625,130.40625,131.40625,132.40625,0.0
2023-05-11 12:15:00,132.0,132.29,131.19,132.05,132.06,132.05,132.04,132.03,132.02,131.05,131.15,131.17,131.18,131.31,0,0.0,05/09/2023 17:00,130.40625,130.40625,131.40625,132.40625,0.0
2023-05-11 12:15:00,132.0,132.29,131.19,132.05,132.06,132.05,132.04,132.03,132.02,131.05,131.15,131.17,131.18,131.31,0,0.0,05/09/2023 17:00,130.40625,130.40625,131.40625,132.40625,0.0
2023-05-11 16:15:00,132.05,132.14,132.02,132.11,132.17,132.13,132.13,132.08,132.06,131.18,131.31,132.0,132.02,132.03,0,0.0,05/09/2023 17:00,130.40625,130.40625,131.40625,132.40625,0.0
2023-05-11 16:15:00,132.05,132.14,132.02,132.11,132.17,132.13,132.13,132.08,132.06,131.18,131.31,132.0,132.02,132.03,0,0.0,05/09/2023 17:00,130.40625,130.40625,131.40625,132.40625,0.0
2023-05-11 21:15:00,132.12,132.16,132.06,132.13,132.19,132.17,132.17,132.13,132.13,132.02,132.03,132.05,132.06,132.08,05/11/2023 17:00,132.0625,0,0.0,132.0625,131.0625,130.0625,0.0
2023-05-12 01:15:00,132.13,132.19,132.12,132.16,132.29,132.23,132.19,132.17,132.17,132.02,132.03,132.05,132.06,132.08,05/11/2023 17:00,132.0625,0,0.0,132.0625,131.0625,130.0625,0.0
2023-05-12 05:15:00,132.16,132.16,131.26,131.29,132.29,132.23,132.19,132.17,132.17,132.03,132.05,132.06,132.08,132.13,0,0.0,0,0.0,0.0,0.0,0.0,0.0
2023-05-12 09:15:00,131.29,132.06,131.2,132.04,132.13,132.06,132.02,132.02,132.0,131.09,131.15,131.17,131.18,131.19,05/11/2023 17:00,132.0625,0,0.0,132.0625,131.0625,130.0625,0.0
2023-05-12 13:15:00,132.04,132.11,131.15,131.2,132.19,132.17,132.17,132.13,132.06,131.15,131.17,131.18,131.19,132.02,0,0.0,0,0.0,0.0,0.0,0.0,0.0
2023-05-14 18:15:00,131.21,131.22,131.04,131.09,132.17,132.17,132.16,132.13,132.06,131.09,131.15,131.17,131.18,131.19,0,0.0,0,0.0,0.0,0.0,0.0,0.0
2023-05-14 22:15:00,131.09,131.13,131.06,131.11,132.13,132.06,131.19,131.18,131.17,131.02,131.03,131.04,131.05,131.06,0,0.0,0,0.0,0.0,0.0,0.0,0.0
2023-05-15 02:15:00,131.11,131.13,130.29,130.3,132.11,132.06,131.19,131.18,131.17,131.03,131.04,131.05,131.06,131.09,0,0.0,0,0.0,0.0,0.0,0.0,0.0
2023-05-15 06:15:00,130.31,131.03,130.27,130.29,131.06,131.05,131.04,131.03,131.0,130.09,130.1,130.12,130.12,130.25,0,0.0,0,0.0,0.0,0.0,0.0,0.0
2023-05-15 10:15:00,130.28,131.03,130.12,130.13,131.06,131.05,131.04,131.03,131.0,130.09,130.1,130.12,130.12,130.25,0,0.0,0,0.0,0.0,0.0,0.0,0.0
2023-05-15 14:15:00,130.13,130.18,130.09,130.14,131.05,131.04,131.03,131.0,130.25,130.09,130.09,130.1,130.12,130.12,0,0.0,0,0.0,0.0,0.0,0.0,0.0
2023-05-15 19:15:00,130.15,130.17,130.11,130.13,131.05,131.04,131.03,131.0,130.25,130.09,130.09,130.1,130.12,130.12,0,0.0,0,0.0,0.0,0.0,0.0,0.0
2023-05-15 23:15:00,130.13,130.21,130.12,130.2,131.04,131.03,131.03,131.0,130.25,130.09,130.09,130.1,130.12,130.12,0,0.0,0,0.0,0.0,0.0,0.0,0.0
2023-05-16 03:15:00,130.21,131.01,130.19,130.31,131.04,131.03,131.03,131.0,130.25,130.09,130.09,130.1,130.12,130.12,0,0.0,0,0.0,0.0,0.0,0.0,0.0
2023-05-16 07:15:00,130.31,131.01,130.22,130.22,131.05,131.04,131.03,131.03,131.0,130.09,130.1,130.11,130.12,130.12,0,0.0,0,0.0,0.0,0.0,0.0,0.0
2023-05-16 11:15:00,130.22,130.24,129.11,129.17,131.05,131.04,131.03,131.03,131.0,130.1,130.11,130.12,130.12,130.12,0,0.0,0,0.0,0.0,0.0,0.0,0.0
2023-05-16 15:15:00,129.16,129.28,129.13,129.25,129.26,129.25,129.23,129.22,129.2,128.31,128.31,129.03,129.09,129.09,0,0.0,05/12/2023 17:00,132.0625,132.0625,133.0625,134.0625,0.0
2023-05-16 15:15:00,129.16,129.28,129.13,129.25,129.26,129.25,129.23,129.22,129.2,128.31,128.31,129.03,129.09,129.09,0,0.0,05/12/2023 17:00,132.0625,132.0625,133.0625,134.0625,0.0
2023-05-16 15:15:00,129.16,129.28,129.13,129.25,129.26,129.25,129.23,129.22,129.2,128.31,128.31,129.03,129.09,129.09,0,0.0,05/12/2023 17:00,132.0625,132.0625,133.0625,134.0625,0.0
2023-05-16 20:15:00,129.26,130.02,129.23,129.3,130.09,130.08,130.07,130.04,129.27,129.09,129.2,129.22,129.23,129.25,0,0.0,05/16/2023 17:00,129.90625,129.90625,130.90625,131.90625,0.0
2023-05-16 20:15:00,129.26,130.02,129.23,129.3,130.09,130.08,130.07,130.04,129.27,129.09,129.2,129.22,129.23,129.25,0,0.0,05/16/2023 17:00,129.90625,129.90625,130.90625,131.90625,0.0
2023-05-16 20:15:00,129.26,130.02,129.23,129.3,130.09,130.08,130.07,130.04,129.27,129.09,129.2,129.22,129.23,129.25,0,0.0,05/16/2023 17:00,129.90625,129.90625,130.90625,131.90625,0.0
2023-05-17 00:15:00,129.3,130.04,129.3,130.04,130.09,130.09,130.08,130.07,130.04,129.22,129.23,129.25,129.26,129.27,0,0.0,0,0.0,0.0,0.0,0.0,0.0
2023-05-17 04:15:00,130.04,130.06,129.27,130.03,130.11,130.09,130.09,130.08,130.07,129.22,129.23,129.25,129.26,129.27,0,0.0,0,0.0,0.0,0.0,0.0,0.0
2023-05-17 08:15:00,130.03,130.1,129.31,130.08,130.09,130.09,130.08,130.07,130.04,129.23,129.23,129.25,129.26,129.27,0,0.0,05/16/2023 17:00,129.90625,129.90625,130.90625,131.90625,0.0
2023-05-17 12:15:00,130.08,130.1,129.18,129.23,130.12,130.12,130.11,130.09,130.09,129.25,129.26,129.27,130.04,130.07,0,0.0,0,0.0,0.0,0.0,0.0,0.0
2023-05-17 16:15:00,129.23,129.29,129.11,129.15,130.12,130.11,130.09,130.09,130.08,129.09,129.11,129.13,129.2,129.22,0,0.0,0,0.0,0.0,0.0,0.0,0.0
2023-05-17 21:15:00,129.16,129.26,129.14,129.25,130.11,130.09,130.09,130.08,129.23,129.03,129.09,129.09,129.11,129.13,0,0.0,05/17/2023 17:00,129.75,129.75,130.75,131.75,0.0
2023-05-18 01:15:00,129.25,129.3,129.2,129.21,130.11,130.1,130.09,130.09,130.08,129.09,129.09,129.11,129.13,129.23,0,0.0,0,0.0,0.0,0.0,0.0,0.0
2023-05-18 05:15:00,129.21,129.23,129.06,129.11,130.11,130.1,130.09,130.09,130.08,129.09,129.09,129.11,129.11,129.13,0,0.0,0,0.0,0.0,0.0,0.0,0.0
2023-05-18 09:15:00,129.12,129.13,128.21,128.27,130.1,130.09,130.09,130.08,129.13,129.03,129.09,129.09,129.11,129.11,0,0.0,0,0.0,0.0,0.0,0.0,0.0
2023-05-18 13:15:00,128.27,129.0,128.16,128.23,129.11,129.09,129.03,128.31,128.28,128.14,128.17,128.21,128.22,128.25,0,0.0,0,0.0,0.0,0.0,0.0,0.0
2023-05-18 18:15:00,128.22,128.26,128.14,128.2,129.09,129.03,128.31,128.28,128.25,127.26,128.12,128.14,128.17,128.21,0,0.0,0,0.0,0.0,0.0,0.0,0.0
2023-05-18 22:15:00,128.19,128.22,128.15,128.19,129.09,129.03,128.31,128.28,128.25,127.26,127.26,128.12,128.14,128.17,0,0.0,0,0.0,0.0,0.0,0.0,0.0
2023-05-19 02:15:00,128.19,128.24,128.17,128.21,129.03,129.0,128.31,128.28,128.25,127.26,127.26,128.12,128.14,128.17,0,0.0,0,0.0,0.0,0.0,0.0,0.0
2023-05-19 06:15:00,128.21,128.27,128.16,128.18,129.0,128.31,128.28,128.26,128.25,127.26,128.12,128.14,128.14,128.17,0,0.0,0,0.0,0.0,0.0,0.0,0.0
2023-05-19 10:15:00,128.18,128.19,127.15,127.21,129.0,128.31,128.28,128.26,128.25,128.12,128.14,128.14,128.15,128.17,0,0.0,0,0.0,0.0,0.0,0.0,0.0
2023-05-19 14:15:00,127.21,128.17,127.21,127.3,128.14,128.14,127.26,127.26,127.25,127.06,127.07,127.17,127.18,127.2,0,0.0,05/18/2023 17:00,129.40625,129.40625,130.40625,131.40625,0.0
2023-05-21 19:15:00,127.31,128.07,127.21,128.06,128.26,128.25,128.15,128.14,128.14,127.07,127.17,127.18,127.2,127.26,0,0.0,0,0.0,0.0,0.0,0.0,0.0
2023-05-21 23:15:00,128.07,128.11,128.0,128.09,128.25,128.19,128.15,128.14,128.14,127.15,127.17,127.18,127.2,127.26,0,0.0,0,0.0,0.0,0.0,0.0,0.0
2023-05-22 03:15:00,128.09,128.11,128.01,128.07,128.19,128.17,128.15,128.14,128.14,127.15,127.17,127.18,127.2,127.26,0,0.0,0,0.0,0.0,0.0,0.0,0.0
2023-05-22 07:15:00,128.07,128.13,128.0,128.03,128.19,128.17,128.15,128.14,128.14,127.17,127.18,127.2,127.21,127.26,0,0.0,0,0.0,0.0,0.0,0.0,0.0
2023-05-22 11:15:00,128.03,128.06,127.11,127.12,128.19,128.17,128.15,128.14,128.14,127.17,127.18,127.2,127.21,127.26,0,0.0,0,0.0,0.0,0.0,0.0,0.0
2023-05-22 15:15:00,127.13,127.21,127.09,127.15,127.21,127.2,127.18,127.17,127.15,126.2,127.01,127.02,127.06,127.07,0,0.0,0,0.0,0.0,0.0,0.0,0.0
2023-05-22 20:15:00,127.16,127.16,127.1,127.15,128.13,127.21,127.2,127.18,127.17,127.01,127.02,127.06,127.07,127.15,0,0.0,0,0.0,0.0,0.0,0.0,0.0
2023-05-23 00:15:00,127.15,127.17,127.11,127.15,128.06,127.21,127.2,127.18,127.17,126.2,127.01,127.02,127.06,127.07,0,0.0,0,0.0,0.0,0.0,0.0,0.0
2023-05-23 04:15:00,127.14,127.16,127.07,127.12,127.21,127.2,127.18,127.17,127.15,127.01,127.02,127.06,127.07,127.09,0,0.0,0,0.0,0.0,0.0,0.0,0.0
2023-05-23 08:15:00,127.12,127.16,126.3,127.01,127.21,127.2,127.18,127.17,127.15,127.01,127.02,127.06,127.07,127.09,0,0.0,0,0.0,0.0,0.0,0.0,0.0
2023-05-23 12:15:00,127.01,127.13,126.27,127.03,127.15,127.09,127.07,127.06,127.02,125.21,126.01,126.03,126.11,126.2,0,0.0,0,0.0,0.0,0.0,0.0,0.0
2023-05-23 16:15:00,127.03,127.24,127.03,127.18,127.17,127.15,127.09,127.07,127.06,126.01,126.03,126.11,126.2,127.01,0,0.0,05/22/2023 17:00,127.8125,127.8125,128.8125,129.8125,0.0
2023-05-23 16:15:00,127.03,127.24,127.03,127.18,127.17,127.15,127.09,127.07,127.06,126.01,126.03,126.11,126.2,127.01,0,0.0,05/22/2023 17:00,127.8125,127.8125,128.8125,129.8125,0.0
2023-05-23 16:15:00,127.03,127.24,127.03,127.18,127.17,127.15,127.09,127.07,127.06,126.01,126.03,126.11,126.2,127.01,0,0.0,05/22/2023 17:00,127.8125,127.8125,128.8125,129.8125,0.0
2023-05-23 21:15:00,127.18,127.21,127.14,127.19,128.13,128.06,127.21,127.21,127.2,126.2,127.01,127.09,127.15,127.17,05/23/2023 17:00,127.53125,0,0.0,127.53125,126.53125,125.53125,0.0
2023-05-24 01:15:00,127.2,127.26,127.18,127.24,128.14,128.13,128.06,127.21,127.21,127.01,127.09,127.15,127.17,127.18,05/23/2023 17:00,127.53125,0,0.0,127.53125,126.53125,125.53125,0.0
2023-05-24 01:15:00,127.2,127.26,127.18,127.24,128.14,128.13,128.06,127.21,127.21,127.01,127.09,127.15,127.17,127.18,05/23/2023 17:00,127.53125,0,0.0,127.53125,126.53125,125.53125,0.0
2023-05-24 05:15:00,127.24,127.25,127.07,127.21,128.15,128.14,128.14,128.13,128.06,127.15,127.17,127.18,127.21,127.21,0,0.0,0,0.0,0.0,0.0,0.0,0.0
2023-05-24 09:15:00,127.22,128.03,127.2,127.22,128.15,128.14,128.14,128.13,128.06,127.15,127.17,127.18,127.21,127.21,0,0.0,0,0.0,0.0,0.0,0.0,0.0
2023-05-24 13:15:00,127.21,127.26,127.0,127.04,128.15,128.14,128.14,128.13,128.06,127.03,127.09,127.15,127.17,127.18,0,0.0,0,0.0,0.0,0.0,0.0,0.0
2023-05-24 18:15:00,127.04,127.17,126.27,126.3,128.14,128.13,128.06,127.21,127.17,126.11,126.2,126.27,127.01,127.03,0,0.0,0,0.0,0.0,0.0,0.0,0.0
2023-05-24 22:15:00,126.29,127.05,126.23,126.26,128.03,127.21,127.17,127.03,127.01,126.01,126.03,126.11,126.2,126.27,0,0.0,0,0.0,0.0,0.0,0.0,0.0
2023-05-25 02:15:00,126.26,126.29,126.24,126.24,127.21,127.17,127.03,127.01,126.27,125.21,126.01,126.03,126.11,126.2,0,0.0,0,0.0,0.0,0.0,0.0,0.0
2023-05-25 06:15:00,126.24,126.29,126.18,126.23,127.17,127.17,127.03,127.01,126.27,125.21,126.01,126.03,126.11,126.2,0,0.0,0,0.0,0.0,0.0,0.0,0.0
2023-05-25 10:15:00,126.23,127.04,126.09,126.25,127.17,127.05,127.03,127.01,126.27,125.21,126.01,126.03,126.11,126.2,0,0.0,0,0.0,0.0,0.0,0.0,0.0
2023-05-25 14:15:00,126.25,126.28,126.09,126.09,127.17,127.05,127.03,127.01,126.27,125.21,126.01,126.03,126.11,126.2,0,0.0,0,0.0,0.0,0.0,0.0,0.0
2023-05-25 19:15:00,126.09,126.1,126.01,126.05,127.03,127.01,126.27,126.2,126.11,125.13,125.14,125.21,126.01,126.03,0,0.0,0,0.0,0.0,0.0,0.0,0.0
2023-05-25 23:15:00,126.06,126.07,125.31,126.06,127.03,127.01,126.27,126.2,126.11,125.13,125.14,125.21,126.01,126.03,0,0.0,0,0.0,0.0,0.0,0.0,0.0
2023-05-26 03:15:00,126.06,126.11,126.02,126.04,127.01,126.28,126.27,126.2,126.11,125.13,125.14,125.21,126.01,126.03,0,0.0,0,0.0,0.0,0.0,0.0,0.0
2023-05-26 07:15:00,126.03,126.18,126.03,126.15,127.01,126.28,126.27,126.2,126.11,125.12,125.13,125.14,125.21,126.01,0,0.0,05/25/2023 17:00,127.21875,127.21875,128.21875,129.21875,0.0
2023-05-26 11:15:00,126.15,126.19,125.2,125.22,127.03,127.01,126.28,126.27,126.2,125.21,125.31,126.01,126.03,126.11,0,0.0,0,0.0,0.0,0.0,0.0,0.0
2023-05-26 15:15:00,125.22,126.2,125.22,126.18,126.27,126.2,126.03,126.01,125.31,125.11,125.12,125.13,125.14,125.21,0,0.0,05/25/2023 17:00,127.21875,127.21875,128.21875,129.21875,0.0
2023-05-28 20:15:00,126.18,126.25,126.01,126.09,127.03,127.01,126.28,126.27,126.2,125.12,125.13,125.14,125.21,125.31,0,0.0,0,0.0,0.0,0.0,0.0,0.0
2023-05-29 00:15:00,126.1,126.17,126.08,126.14,127.03,127.01,126.28,126.27,126.2,125.13,125.14,125.2,125.21,125.31,0,0.0,0,0.0,0.0,0.0,0.0,0.0
2023-05-29 04:15:00,126.15,126.17,126.11,126.15,127.03,127.01,126.28,126.27,126.2,125.14,125.2,125.21,125.22,125.31,0,0.0,0,0.0,0.0,0.0,0.0,0.0
2023-05-29 08:15:00,126.15,127.09,126.14,127.09,127.01,126.28,126.27,126.25,126.2,125.2,125.21,125.22,125.31,126.01,0,0.0,05/25/2023 17:00,127.21875,127.21875,128.21875,129.21875,0.0
2023-05-29 08:15:00,126.15,127.09,126.14,127.09,127.01,126.28,126.27,126.25,126.2,125.2,125.21,125.22,125.31,126.01,0,0.0,05/25/2023 17:00,127.21875,127.21875,128.21875,129.21875,0.0
2023-05-29 08:15:00,126.15,127.09,126.14,127.09,127.01,126.28,126.27,126.25,126.2,125.2,125.21,125.22,125.31,126.01,0,0.0,05/25/2023 17:00,127.21875,127.21875,128.21875,129.21875,0.0
2023-05-29 08:15:00,126.15,127.09,126.14,127.09,127.01,126.28,126.27,126.25,126.2,125.2,125.21,125.22,125.31,126.01,0,0.0,05/25/2023 17:00,127.21875,127.21875,128.21875,129.21875,0.0
2023-05-29 08:15:00,126.15,127.09,126.14,127.09,127.01,126.28,126.27,126.25,126.2,125.2,125.21,125.22,125.31,126.01,0,0.0,05/25/2023 17:00,127.21875,127.21875,128.21875,129.21875,0.0
2023-05-29 12:15:00,127.09,127.11,127.03,127.04,128.03,127.26,127.21,127.17,127.17,126.28,127.01,127.03,127.04,127.05,0,0.0,05/25/2023 17:00,127.21875,127.21875,128.21875,129.21875,0.0
2023-05-29 21:15:00,127.03,127.09,126.31,127.05,127.21,127.17,127.17,127.05,127.04,126.11,126.25,126.27,126.28,127.01,05/29/2023 13:00,126.28125,0,0.0,126.28125,125.28125,124.28125,0.0
2023-05-30 01:15:00,127.04,127.15,127.04,127.07,127.26,127.21,127.17,127.17,127.05,126.25,126.27,126.28,127.01,127.03,0,0.0,0,0.0,0.0,0.0,0.0,0.0
2023-05-30 05:15:00,127.08,127.18,127.04,127.09,128.03,127.26,127.21,127.17,127.17,126.27,126.28,127.01,127.03,127.04,0,0.0,0,0.0,0.0,0.0,0.0,0.0
2023-05-30 09:15:00,127.09,127.29,127.09,127.12,128.03,127.26,127.21,127.17,127.17,126.28,126.31,127.01,127.03,127.04,0,0.0,0,0.0,0.0,0.0,0.0,0.0
2023-05-30 13:15:00,127.11,128.0,127.05,127.31,128.03,127.26,127.21,127.17,127.17,126.28,126.31,127.01,127.03,127.04,05/29/2023 13:00,126.28125,0,0.0,126.28125,125.28125,124.28125,0.0
2023-05-30 13:15:00,127.11,128.0,127.05,127.31,128.03,127.26,127.21,127.17,127.17,126.28,126.31,127.01,127.03,127.04,05/29/2023 13:00,126.28125,0,0.0,126.28125,125.28125,124.28125,0.0
2023-05-30 18:15:00,127.31,128.04,127.25,127.28,128.14,128.14,128.13,128.06,128.03,127.03,127.04,127.04,127.17,127.26,0,0.0,0,0.0,0.0,0.0,0.0,0.0
2023-05-30 22:15:00,127.27,128.08,127.27,128.02,128.14,128.14,128.13,128.06,128.03,127.03,127.04,127.04,127.17,127.26,0,0.0,0,0.0,0.0,0.0,0.0,0.0
2023-05-31 02:15:00,128.03,128.15,128.02,128.13,128.15,128.14,128.14,128.13,128.06,127.04,127.04,127.05,127.17,127.26,05/30/2023 17:00,127.8125,0,0.0,127.8125,126.8125,125.8125,0.0
2023-05-31 02:15:00,128.03,128.15,128.02,128.13,128.15,128.14,128.14,128.13,128.06,127.04,127.04,127.05,127.17,127.26,05/30/2023 17:00,127.8125,0,0.0,127.8125,126.8125,125.8125,0.0
2023-05-31 06:15:00,128.13,128.2,128.08,128.19,128.19,128.17,128.15,128.14,128.14,127.17,127.25,127.26,128.03,128.06,05/30/2023 17:00,127.8125,0,0.0,127.8125,126.8125,125.8125,0.0
2023-05-31 06:15:00,128.13,128.2,128.08,128.19,128.19,128.17,128.15,128.14,128.14,127.17,127.25,127.26,128.03,128.06,05/30/2023 17:00,127.8125,0,0.0,127.8125,126.8125,125.8125,0.0
2023-05-31 06:15:00,128.13,128.2,128.08,128.19,128.19,128.17,128.15,128.14,128.14,127.17,127.25,127.26,128.03,128.06,05/30/2023 17:00,127.8125,0,0.0,127.8125,126.8125,125.8125,0.0
2023-05-31 10:15:00,128.19,128.21,127.28,128.01,128.31,128.28,128.27,128.26,128.25,128.06,128.13,128.14,128.15,128.17,0,0.0,0,0.0,0.0,0.0,0.0,0.0
2023-05-31 14:15:00,128.01,128.21,128.01,128.2,128.19,128.17,128.13,128.06,128.03,127.05,127.17,127.25,127.26,127.27,05/30/2023 17:00,127.8125,0,0.0,127.8125,126.8125,125.8125,0.0
2023-05-31 14:15:00,128.01,128.21,128.01,128.2,128.19,128.17,128.13,128.06,128.03,127.05,127.17,127.25,127.26,127.27,05/30/2023 17:00,127.8125,0,0.0,127.8125,126.8125,125.8125,0.0
2023-05-31 19:15:00,128.21,129.01,128.2,128.23,128.31,128.28,128.27,128.26,128.25,127.17,127.25,127.26,127.27,128.19,0,0.0,0,0.0,0.0,0.0,0.0,0.0
2023-05-31 23:15:00,128.23,128.29,128.13,128.17,128.31,128.28,128.27,128.26,128.25,127.25,127.26,127.27,127.28,128.19,0,0.0,0,0.0,0.0,0.0,0.0,0.0
2023-06-01 03:15:00,128.16,128.17,128.05,128.07,128.28,128.27,128.26,128.25,128.19,127.25,127.26,127.27,127.28,128.01,0,0.0,0,0.0,0.0,0.0,0.0,0.0
2023-06-01 07:15:00,128.07,128.17,128.06,128.15,128.28,128.27,128.26,128.25,128.19,127.25,127.26,127.27,127.28,128.01,0,0.0,0,0.0,0.0,0.0,0.0,0.0
2023-06-01 11:15:00,128.16,129.27,128.14,129.03,128.28,128.27,128.26,128.25,128.19,127.25,127.26,127.27,127.28,128.01,05/31/2023 17:00,128.4375,0,0.0,128.4375,127.4375,126.4375,0.0
2023-06-01 11:15:00,128.16,129.27,128.14,129.03,128.28,128.27,128.26,128.25,128.19,127.25,127.26,127.27,127.28,128.01,05/31/2023 17:00,128.4375,0,0.0,128.4375,127.4375,126.4375,0.0
2023-06-01 11:15:00,128.16,129.27,128.14,129.03,128.28,128.27,128.26,128.25,128.19,127.25,127.26,127.27,127.28,128.01,05/31/2023 17:00,128.4375,0,0.0,128.4375,127.4375,126.4375,0.0
2023-06-01 11:15:00,128.16,129.27,128.14,129.03,128.28,128.27,128.26,128.25,128.19,127.25,127.26,127.27,127.28,128.01,05/31/2023 17:00,128.4375,0,0.0,128.4375,127.4375,126.4375,0.0
2023-06-01 11:15:00,128.16,129.27,128.14,129.03,128.28,128.27,128.26,128.25,128.19,127.25,127.26,127.27,127.28,128.01,05/31/2023 17:00,128.4375,0,0.0,128.4375,127.4375,126.4375,0.0
2023-06-01 11:15:00,128.16,129.27,128.14,129.03,128.28,128.27,128.26,128.25,128.19,127.25,127.26,127.27,127.28,128.01,05/31/2023 17:00,128.4375,0,0.0,128.4375,127.4375,126.4375,0.0
2023-06-01 15:15:00,129.03,129.1,128.31,129.08,129.13,129.13,129.11,129.11,129.09,128.28,128.29,128.31,129.0,129.01,05/31/2023 17:00,128.4375,0,0.0,128.4375,127.4375,126.4375,0.0
2023-06-01 15:15:00,129.03,129.1,128.31,129.08,129.13,129.13,129.11,129.11,129.09,128.28,128.29,128.31,129.0,129.01,05/31/2023 17:00,128.4375,0,0.0,128.4375,127.4375,126.4375,0.0
2023-06-01 20:15:00,129.08,129.14,129.04,129.09,129.13,129.13,129.11,129.11,129.09,128.29,128.31,129.0,129.01,129.03,0,0.0,0,0.0,0.0,0.0,0.0,0.0
2023-06-02 00:15:00,129.09,129.11,129.05,129.05,129.23,129.13,129.13,129.11,129.11,128.29,128.31,129.0,129.01,129.03,0,0.0,0,0.0,0.0,0.0,0.0,0.0
2023-06-02 04:15:00,129.06,129.1,129.03,129.07,129.13,129.13,129.11,129.11,129.09,128.31,128.31,129.0,129.01,129.03,0,0.0,0,0.0,0.0,0.0,0.0,0.0
2023-06-02 08:15:00,129.07,129.14,129.04,129.09,129.13,129.13,129.11,129.11,129.09,128.31,128.31,129.0,129.01,129.03,0,0.0,0,0.0,0.0,0.0,0.0,0.0
2023-06-02 12:15:00,129.09,129.11,128.13,128.13,129.14,129.13,129.13,129.11,129.11,128.31,128.31,129.0,129.01,129.03,0,0.0,0,0.0,0.0,0.0,0.0,0.0
2023-06-02 16:15:00,128.14,128.14,128.05,128.06,129.0,128.31,128.29,128.27,128.26,127.27,127.28,128.01,128.05,128.06,0,0.0,0,0.0,0.0,0.0,0.0,0.0
2023-06-04 21:15:00,128.07,128.08,127.3,127.31,128.31,128.29,128.27,128.26,128.14,127.27,127.28,128.01,128.05,128.06,0,0.0,0,0.0,0.0,0.0,0.0,0.0
2023-06-05 01:15:00,127.3,128.0,127.28,127.3,128.26,128.14,128.06,128.05,128.01,127.17,127.25,127.26,127.27,127.28,0,0.0,0,0.0,0.0,0.0,0.0,0.0
2023-06-05 05:15:00,127.3,127.3,127.13,127.15,128.14,128.14,128.06,128.05,128.01,127.17,127.25,127.26,127.27,127.28,0,0.0,0,0.0,0.0,0.0,0.0,0.0
2023-06-05 09:15:00,127.15,127.19,127.04,127.14,127.28,127.27,127.26,127.25,127.17,127.01,127.03,127.04,127.04,127.05,0,0.0,0,0.0,0.0,0.0,0.0,0.0
2023-06-05 13:15:00,127.14,128.19,127.12,128.0,127.28,127.27,127.26,127.25,127.17,127.01,127.03,127.04,127.04,127.05,0,0.0,06/02/2023 17:00,128.84375,128.84375,129.84375,130.84375,0.0
2023-06-05 13:15:00,127.14,128.19,127.12,128.0,127.28,127.27,127.26,127.25,127.17,127.01,127.03,127.04,127.04,127.05,0,0.0,06/02/2023 17:00,128.84375,128.84375,129.84375,130.84375,0.0
2023-06-05 13:15:00,127.14,128.19,127.12,128.0,127.28,127.27,127.26,127.25,127.17,127.01,127.03,127.04,127.04,127.05,0,0.0,06/02/2023 17:00,128.84375,128.84375,129.84375,130.84375,0.0
2023-06-05 18:15:00,128.0,128.11,127.29,128.09,128.14,128.08,128.06,128.05,128.01,127.04,127.05,127.25,127.27,127.28,0,0.0,06/02/2023 17:00,128.84375,128.84375,129.84375,130.84375,0.0
2023-06-05 18:15:00,128.0,128.11,127.29,128.09,128.14,128.08,128.06,128.05,128.01,127.04,127.05,127.25,127.27,127.28,0,0.0,06/02/2023 17:00,128.84375,128.84375,129.84375,130.84375,0.0
2023-06-05 18:15:00,128.0,128.11,127.29,128.09,128.14,128.08,128.06,128.05,128.01,127.04,127.05,127.25,127.27,127.28,0,0.0,06/02/2023 17:00,128.84375,128.84375,129.84375,130.84375,0.0
2023-06-05 18:15:00,128.0,128.11,127.29,128.09,128.14,128.08,128.06,128.05,128.01,127.04,127.05,127.25,127.27,127.28,0,0.0,06/02/2023 17:00,128.84375,128.84375,129.84375,130.84375,0.0
2023-06-05 18:15:00,128.0,128.11,127.29,128.09,128.14,128.08,128.06,128.05,128.01,127.04,127.05,127.25,127.27,127.28,0,0.0,06/02/2023 17:00,128.84375,128.84375,129.84375,130.84375,0.0
2023-06-05 22:15:00,128.09,128.11,128.04,128.04,128.29,128.27,128.26,128.14,128.14,128.0,128.01,128.05,128.06,128.08,0,0.0,0,0.0,0.0,0.0,0.0,0.0
2023-06-06 02:15:00,128.04,128.08,127.3,128.03,128.26,128.19,128.14,128.14,128.08,127.25,127.27,127.28,128.0,128.01,0,0.0,0,0.0,0.0,0.0,0.0,0.0
2023-06-06 06:15:00,128.02,128.22,127.31,128.18,128.26,128.19,128.14,128.14,128.08,127.27,127.28,127.29,128.0,128.01,0,0.0,06/02/2023 17:00,128.84375,128.84375,129.84375,130.84375,0.0
2023-06-06 06:15:00,128.02,128.22,127.31,128.18,128.26,128.19,128.14,128.14,128.08,127.27,127.28,127.29,128.0,128.01,0,0.0,06/02/2023 17:00,128.84375,128.84375,129.84375,130.84375,0.0
2023-06-06 10:15:00,128.18,128.21,127.2,127.22,128.31,128.29,128.27,128.26,128.19,127.29,128.0,128.01,128.14,128.14,0,0.0,0,0.0,0.0,0.0,0.0,0.0
2023-06-06 14:15:00,127.22,128.11,127.22,128.1,128.26,128.19,128.14,128.0,127.29,127.04,127.04,127.04,127.05,127.12,0,0.0,06/02/2023 17:00,128.84375,128.84375,129.84375,130.84375,0.0
2023-06-06 19:15:00,128.1,128.24,128.05,128.21,128.27,128.26,128.22,128.19,128.14,127.04,127.04,127.05,127.12,127.29,0,0.0,06/02/2023 17:00,128.84375,128.84375,129.84375,130.84375,0.0
2023-06-06 23:15:00,128.2,128.27,128.19,128.25,128.31,128.29,128.27,128.26,128.22,127.05,127.12,127.2,127.29,128.19,0,0.0,06/02/2023 17:00,128.84375,128.84375,129.84375,130.84375,0.0
2023-06-07 03:15:00,128.25,128.27,128.18,128.19,129.0,128.31,128.29,128.27,128.26,127.2,127.22,127.29,128.19,128.22,0,0.0,0,0.0,0.0,0.0,0.0,0.0
2023-06-07 07:15:00,128.19,128.22,128.12,128.13,128.31,128.29,128.27,128.26,128.22,127.12,127.2,127.22,127.29,128.05,0,0.0,0,0.0,0.0,0.0,0.0,0.0
2023-06-07 11:15:00,128.13,128.18,127.09,127.11,128.29,128.27,128.26,128.22,128.19,127.12,127.2,127.22,127.29,128.05,0,0.0,0,0.0,0.0,0.0,0.0,0.0
2023-06-07 15:15:00,127.11,127.13,126.23,126.3,128.19,128.05,127.22,127.2,127.12,127.03,127.04,127.04,127.04,127.05,0,0.0,0,0.0,0.0,0.0,0.0,0.0
2023-06-07 20:15:00,126.29,126.29,126.22,126.27,127.05,127.04,127.04,127.04,126.31,126.11,126.14,126.25,126.27,126.28,0,0.0,0,0.0,0.0,0.0,0.0,0.0
2023-06-08 00:15:00,126.27,126.28,126.2,126.23,127.04,127.04,127.04,126.31,126.28,126.01,126.08,126.11,126.14,126.25,0,0.0,0,0.0,0.0,0.0,0.0,0.0
2023-06-08 04:15:00,126.23,126.27,126.12,126.2,127.04,127.04,126.31,126.28,126.25,125.31,126.01,126.08,126.11,126.14,0,0.0,0,0.0,0.0,0.0,0.0,0.0
2023-06-08 08:15:00,126.2,126.23,126.07,126.08,127.04,126.31,126.29,126.28,126.25,125.31,126.01,126.08,126.11,126.14,0,0.0,0,0.0,0.0,0.0,0.0,0.0
2023-06-08 12:15:00,126.08,127.26,126.06,127.22,126.28,126.28,126.25,126.14,126.11,125.2,125.21,125.22,125.31,126.01,0,0.0,06/07/2023 17:00,128.09375,128.09375,129.09375,130.09375,0.0
2023-06-08 12:15:00,126.08,127.26,126.06,127.22,126.28,126.28,126.25,126.14,126.11,125.2,125.21,125.22,125.31,126.01,0,0.0,06/07/2023 17:00,128.09375,128.09375,129.09375,130.09375,0.0
2023-06-08 12:15:00,126.08,127.26,126.06,127.22,126.28,126.28,126.25,126.14,126.11,125.2,125.21,125.22,125.31,126.01,0,0.0,06/07/2023 17:00,128.09375,128.09375,129.09375,130.09375,0.0
2023-06-08 12:15:00,126.08,127.26,126.06,127.22,126.28,126.28,126.25,126.14,126.11,125.2,125.21,125.22,125.31,126.01,0,0.0,06/07/2023 17:00,128.09375,128.09375,129.09375,130.09375,0.0
2023-06-08 12:15:00,126.08,127.26,126.06,127.22,126.28,126.28,126.25,126.14,126.11,125.2,125.21,125.22,125.31,126.01,0,0.0,06/07/2023 17:00,128.09375,128.09375,129.09375,130.09375,0.0
2023-06-08 12:15:00,126.08,127.26,126.06,127.22,126.28,126.28,126.25,126.14,126.11,125.2,125.21,125.22,125.31,126.01,0,0.0,06/07/2023 17:00,128.09375,128.09375,129.09375,130.09375,0.0
2023-06-08 12:15:00,126.08,127.26,126.06,127.22,126.28,126.28,126.25,126.14,126.11,125.2,125.21,125.22,125.31,126.01,0,0.0,06/07/2023 17:00,128.09375,128.09375,129.09375,130.09375,0.0
2023-06-08 12:15:00,126.08,127.26,126.06,127.22,126.28,126.28,126.25,126.14,126.11,125.2,125.21,125.22,125.31,126.01,0,0.0,06/07/2023 17:00,128.09375,128.09375,129.09375,130.09375,0.0
2023-06-08 12:15:00,126.08,127.26,126.06,127.22,126.28,126.28,126.25,126.14,126.11,125.2,125.21,125.22,125.31,126.01,0,0.0,06/07/2023 17:00,128.09375,128.09375,129.09375,130.09375,0.0
2023-06-08 12:15:00,126.08,127.26,126.06,127.22,126.28,126.28,126.25,126.14,126.11,125.2,125.21,125.22,125.31,126.01,0,0.0,06/07/2023 17:00,128.09375,128.09375,129.09375,130.09375,0.0
2023-06-08 16:15:00,127.21,128.01,127.19,127.31,128.22,128.19,128.18,128.05,127.22,127.04,127.05,127.12,127.13,127.2,0,0.0,06/07/2023 17:00,128.09375,128.09375,129.09375,130.09375,0.0
2023-06-08 16:15:00,127.21,128.01,127.19,127.31,128.22,128.19,128.18,128.05,127.22,127.04,127.05,127.12,127.13,127.2,0,0.0,06/07/2023 17:00,128.09375,128.09375,129.09375,130.09375,0.0
2023-06-08 21:15:00,127.31,128.0,127.21,127.23,128.22,128.22,128.19,128.18,128.05,127.05,127.12,127.13,127.2,127.22,0,0.0,0,0.0,0.0,0.0,0.0,0.0
2023-06-09 01:15:00,127.24,127.26,127.2,127.25,128.22,128.22,128.19,128.18,128.05,127.05,127.12,127.13,127.2,127.22,0,0.0,0,0.0,0.0,0.0,0.0,0.0
2023-06-09 05:15:00,127.25,127.26,127.13,127.16,128.22,128.19,128.18,128.05,128.01,127.12,127.13,127.19,127.2,127.22,0,0.0,0,0.0,0.0,0.0,0.0,0.0
2023-06-09 09:15:00,127.16,128.01,127.08,127.25,128.18,128.05,128.01,128.0,127.19,127.04,127.04,127.05,127.12,127.13,06/08/2023 17:00,126.96875,0,0.0,126.96875,125.96875,124.96875,0.0
2023-06-09 13:15:00,127.25,127.28,127.05,127.28,128.19,128.18,128.05,128.01,128.0,127.04,127.05,127.12,127.13,127.19,0,0.0,0,0.0,0.0,0.0,0.0,0.0
2023-06-11 18:15:00,127.28,128.0,127.18,127.24,128.19,128.18,128.05,128.01,128.0,127.04,127.05,127.12,127.13,127.19,0,0.0,0,0.0,0.0,0.0,0.0,0.0
2023-06-11 22:15:00,127.24,127.31,127.22,127.27,128.18,128.05,128.01,128.01,128.0,127.04,127.05,127.12,127.13,127.19,0,0.0,0,0.0,0.0,0.0,0.0,0.0
2023-06-12 02:15:00,127.27,127.27,127.2,127.22,128.18,128.05,128.01,128.01,128.0,127.05,127.05,127.12,127.13,127.19,0,0.0,0,0.0,0.0,0.0,0.0,0.0
2023-06-12 06:15:00,127.22,127.27,127.14,127.27,128.05,128.01,128.01,128.0,128.0,127.05,127.12,127.13,127.18,127.19,0,0.0,0,0.0,0.0,0.0,0.0,0.0
2023-06-12 10:15:00,127.27,128.14,127.04,127.07,128.01,128.01,128.0,128.0,127.31,127.05,127.12,127.13,127.18,127.19,0,0.0,0,0.0,0.0,0.0,0.0,0.0
2023-06-12 14:15:00,127.07,127.16,127.0,127.12,128.0,128.0,127.31,127.18,127.13,126.31,127.04,127.04,127.05,127.05,0,0.0,0,0.0,0.0,0.0,0.0,0.0
2023-06-12 19:15:00,127.13,127.3,127.11,127.26,128.01,128.0,128.0,127.31,127.18,126.31,127.04,127.04,127.05,127.05,0,0.0,06/12/2023 17:00,127.78125,127.78125,128.78125,129.78125,0.0
2023-06-12 23:15:00,127.26,128.05,127.25,128.0,128.01,128.01,128.0,128.0,127.31,127.04,127.04,127.05,127.05,127.18,0,0.0,06/12/2023 17:00,127.78125,127.78125,128.78125,129.78125,0.0
2023-06-13 03:15:00,128.0,128.01,127.21,127.29,128.18,128.14,128.05,128.01,128.01,127.04,127.05,127.05,127.18,127.31,0,0.0,0,0.0,0.0,0.0,0.0,0.0
2023-06-13 07:15:00,127.28,128.03,127.25,127.29,128.01,128.01,128.0,128.0,127.31,127.04,127.05,127.05,127.11,127.18,0,0.0,0,0.0,0.0,0.0,0.0,0.0
2023-06-13 11:15:00,127.29,128.24,126.3,127.02,128.01,128.01,128.0,128.0,127.31,127.04,127.05,127.05,127.11,127.18,0,0.0,0,0.0,0.0,0.0,0.0,0.0
2023-06-13 15:15:00,127.03,127.13,126.15,126.18,128.0,128.0,127.31,127.11,127.05,126.14,126.28,126.29,126.31,127.0,0,0.0,0,0.0,0.0,0.0,0.0,0.0
2023-06-13 20:15:00,126.18,126.29,126.17,126.27,127.11,127.05,127.0,126.29,126.28,126.01,126.06,126.08,126.11,126.14,0,0.0,0,0.0,0.0,0.0,0.0,0.0
2023-06-14 00:15:00,126.26,127.01,126.26,126.3,127.11,127.05,127.0,126.29,126.28,126.01,126.06,126.08,126.11,126.14,0,0.0,0,0.0,0.0,0.0,0.0,0.0
2023-06-14 04:15:00,126.31,127.05,126.25,127.01,127.31,127.13,127.11,127.05,127.0,126.06,126.08,126.11,126.14,126.15,0,0.0,06/13/2023 17:00,126.75,126.75,127.75,128.75,0.0
2023-06-14 08:15:00,127.02,127.03,126.18,126.27,128.0,127.31,127.13,127.11,127.05,126.11,126.14,126.15,126.17,127.0,0,0.0,0,0.0,0.0,0.0,0.0,0.0
2023-06-14 12:15:00,126.27,127.15,126.23,127.06,128.0,127.31,127.13,127.11,127.05,126.08,126.11,126.14,126.15,126.17,0,0.0,06/13/2023 17:00,126.75,126.75,127.75,128.75,0.0
2023-06-14 16:15:00,127.06,127.17,126.23,127.1,128.0,128.0,127.31,127.13,127.11,126.11,126.14,126.15,126.17,127.05,0,0.0,0,0.0,0.0,0.0,0.0,0.0
2023-06-14 21:15:00,127.09,127.12,127.04,127.06,128.0,128.0,127.31,127.13,127.11,126.14,126.15,126.17,126.18,127.05,0,0.0,0,0.0,0.0,0.0,0.0,0.0
2023-06-15 01:15:00,127.06,127.06,126.24,126.27,128.0,128.0,127.31,127.13,127.11,126.14,126.15,126.17,126.18,127.05,0,0.0,0,0.0,0.0,0.0,0.0,0.0
2023-06-15 05:15:00,126.27,127.02,126.19,127.0,128.0,127.31,127.17,127.13,127.11,126.14,126.15,126.17,126.18,126.23,0,0.0,0,0.0,0.0,0.0,0.0,0.0
2023-06-15 09:15:00,127.0,128.01,126.21,127.28,127.31,127.17,127.13,127.12,127.11,126.14,126.15,126.17,126.18,126.23,0,0.0,06/13/2023 17:00,126.75,126.75,127.75,128.75,0.0
2023-06-15 09:15:00,127.0,128.01,126.21,127.28,127.31,127.17,127.13,127.12,127.11,126.14,126.15,126.17,126.18,126.23,0,0.0,06/13/2023 17:00,126.75,126.75,127.75,128.75,0.0
2023-06-15 09:15:00,127.0,128.01,126.21,127.28,127.31,127.17,127.13,127.12,127.11,126.14,126.15,126.17,126.18,126.23,0,0.0,06/13/2023 17:00,126.75,126.75,127.75,128.75,0.0
2023-06-15 09:15:00,127.0,128.01,126.21,127.28,127.31,127.17,127.13,127.12,127.11,126.14,126.15,126.17,126.18,126.23,0,0.0,06/13/2023 17:00,126.75,126.75,127.75,128.75,0.0
2023-06-15 13:15:00,127.29,128.21,127.24,128.07,128.01,128.01,128.0,128.0,127.31,126.23,127.11,127.12,127.13,127.17,0,0.0,06/13/2023 17:00,126.75,126.75,127.75,128.75,0.0
2023-06-15 13:15:00,127.29,128.21,127.24,128.07,128.01,128.01,128.0,128.0,127.31,126.23,127.11,127.12,127.13,127.17,0,0.0,06/13/2023 17:00,126.75,126.75,127.75,128.75,0.0
2023-06-15 13:15:00,127.29,128.21,127.24,128.07,128.01,128.01,128.0,128.0,127.31,126.23,127.11,127.12,127.13,127.17,0,0.0,06/13/2023 17:00,126.75,126.75,127.75,128.75,0.0
2023-06-15 13:15:00,127.29,128.21,127.24,128.07,128.01,128.01,128.0,128.0,127.31,126.23,127.11,127.12,127.13,127.17,0,0.0,06/13/2023 17:00,126.75,126.75,127.75,128.75,0.0
2023-06-15 18:15:00,128.07,128.1,128.03,128.07,128.22,128.22,128.19,128.18,128.14,128.0,128.01,128.01,128.05,128.05,06/15/2023 17:00,128.09375,0,0.0,128.09375,127.09375,126.09375,0.0
2023-06-15 18:15:00,128.07,128.1,128.03,128.07,128.22,128.22,128.19,128.18,128.14,128.0,128.01,128.01,128.05,128.05,06/15/2023 17:00,128.09375,0,0.0,128.09375,127.09375,126.09375,0.0
2023-06-15 22:15:00,128.06,128.08,127.29,127.29,128.22,128.22,128.19,128.18,128.14,128.0,128.01,128.01,128.05,128.05,0,0.0,0,0.0,0.0,0.0,0.0,0.0
2023-06-16 02:15:00,127.29,128.03,127.26,127.3,128.05,128.01,128.01,128.0,128.0,127.11,127.12,127.13,127.17,127.24,0,0.0,0,0.0,0.0,0.0,0.0,0.0
2023-06-16 06:15:00,127.29,128.07,127.21,128.03,128.05,128.01,128.01,128.0,128.0,127.11,127.12,127.13,127.17,127.24,0,0.0,0,0.0,0.0,0.0,0.0,0.0
2023-06-16 10:15:00,128.03,128.12,127.13,127.15,128.18,128.14,128.1,128.08,128.05,127.11,127.12,127.13,127.17,127.24,0,0.0,0,0.0,0.0,0.0,0.0,0.0
2023-06-16 14:15:00,127.15,127.28,127.05,127.23,128.1,128.08,128.05,127.24,127.17,126.21,126.23,127.11,127.12,127.13,0,0.0,0,0.0,0.0,0.0,0.0,0.0
2023-06-18 19:15:00,127.23,127.25,127.19,127.24,128.14,128.1,128.08,128.05,127.24,126.21,126.23,127.11,127.12,127.13,0,0.0,0,0.0,0.0,0.0,0.0,0.0
2023-06-18 23:15:00,127.25,127.28,127.23,127.24,128.14,128.12,128.1,128.08,128.05,126.23,127.11,127.12,127.13,127.24,0,0.0,0,0.0,0.0,0.0,0.0,0.0
2023-06-19 03:15:00,127.24,127.31,127.22,127.27,128.14,128.12,128.1,128.08,128.05,126.23,127.05,127.11,127.12,127.13,06/15/2023 17:00,128.09375,0,0.0,128.09375,127.09375,126.09375,0.0
2023-06-19 07:15:00,127.27,127.27,127.0,127.0,128.14,128.12,128.1,128.08,128.05,127.11,127.12,127.13,127.19,127.24,0,0.0,0,0.0,0.0,0.0,0.0,0.0
2023-06-19 11:15:00,127.01,127.01,126.23,126.24,128.05,127.19,127.13,127.12,127.05,126.17,126.18,126.19,126.21,126.23,0,0.0,0,0.0,0.0,0.0,0.0,0.0
2023-06-19 20:15:00,126.24,126.28,126.23,126.26,127.31,127.19,127.13,127.12,127.05,126.17,126.18,126.19,126.21,126.23,0,0.0,0,0.0,0.0,0.0,0.0,0.0
2023-06-20 00:15:00,126.27,127.06,126.25,127.02,127.27,127.19,127.13,127.12,127.05,126.17,126.18,126.19,126.21,126.23,0,0.0,0,0.0,0.0,0.0,0.0,0.0
2023-06-20 04:15:00,127.03,127.1,127.0,127.08,127.27,127.19,127.13,127.12,127.05,126.17,126.18,126.19,126.21,126.23,06/15/2023 17:00,128.09375,0,0.0,128.09375,127.09375,126.09375,0.0
2023-06-20 08:15:00,127.09,128.02,127.03,128.01,127.31,127.27,127.19,127.13,127.12,126.19,126.21,126.23,126.23,127.05,06/15/2023 17:00,128.09375,0,0.0,128.09375,127.09375,126.09375,0.0
2023-06-20 08:15:00,127.09,128.02,127.03,128.01,127.31,127.27,127.19,127.13,127.12,126.19,126.21,126.23,126.23,127.05,06/15/2023 17:00,128.09375,0,0.0,128.09375,127.09375,126.09375,0.0
2023-06-20 08:15:00,127.09,128.02,127.03,128.01,127.31,127.27,127.19,127.13,127.12,126.19,126.21,126.23,126.23,127.05,06/15/2023 17:00,128.09375,0,0.0,128.09375,127.09375,126.09375,0.0
2023-06-20 12:15:00,128.01,128.22,127.15,128.18,128.14,128.12,128.1,128.08,128.05,126.25,127.05,127.19,127.27,127.31,06/15/2023 17:00,128.09375,0,0.0,128.09375,127.09375,126.09375,0.0
2023-06-20 12:15:00,128.01,128.22,127.15,128.18,128.14,128.12,128.1,128.08,128.05,126.25,127.05,127.19,127.27,127.31,06/15/2023 17:00,128.09375,0,0.0,128.09375,127.09375,126.09375,0.0
2023-06-20 12:15:00,128.01,128.22,127.15,128.18,128.14,128.12,128.1,128.08,128.05,126.25,127.05,127.19,127.27,127.31,06/15/2023 17:00,128.09375,0,0.0,128.09375,127.09375,126.09375,0.0
2023-06-20 12:15:00,128.01,128.22,127.15,128.18,128.14,128.12,128.1,128.08,128.05,126.25,127.05,127.19,127.27,127.31,06/15/2023 17:00,128.09375,0,0.0,128.09375,127.09375,126.09375,0.0
2023-06-20 16:15:00,128.17,128.21,128.08,128.14,128.22,128.22,128.21,128.19,128.18,127.31,128.08,128.1,128.12,128.14,0,0.0,0,0.0,0.0,0.0,0.0,0.0
2023-06-20 21:15:00,128.15,128.17,128.08,128.08,128.22,128.22,128.21,128.19,128.18,127.31,128.08,128.1,128.12,128.14,0,0.0,0,0.0,0.0,0.0,0.0,0.0
2023-06-21 01:15:00,128.08,128.09,128.04,128.07,128.19,128.18,128.14,128.12,128.1,127.05,127.15,127.19,127.27,127.31,0,0.0,0,0.0,0.0,0.0,0.0,0.0
2023-06-21 05:15:00,128.07,128.11,127.29,128.07,128.18,128.14,128.12,128.1,128.08,127.05,127.15,127.19,127.27,127.31,0,0.0,0,0.0,0.0,0.0,0.0,0.0
2023-06-21 09:15:00,128.06,128.14,127.22,127.29,128.17,128.14,128.12,128.1,128.08,127.05,127.15,127.19,127.27,127.31,0,0.0,0,0.0,0.0,0.0,0.0,0.0
2023-06-21 13:15:00,127.28,128.05,127.12,128.04,128.14,128.12,128.1,128.08,127.31,127.03,127.05,127.15,127.19,127.27,0,0.0,0,0.0,0.0,0.0,0.0,0.0
2023-06-21 18:15:00,128.04,128.2,128.04,128.16,128.17,128.14,128.12,128.1,128.08,127.03,127.05,127.15,127.19,127.27,0,0.0,0,0.0,0.0,0.0,0.0,0.0
2023-06-21 22:15:00,128.16,128.16,128.11,128.14,128.21,128.21,128.19,128.18,128.17,127.03,127.05,127.15,127.19,127.27,0,0.0,0,0.0,0.0,0.0,0.0,0.0
2023-06-22 02:15:00,128.14,128.18,128.11,128.12,128.21,128.21,128.19,128.18,128.17,127.05,127.12,127.15,127.19,127.27,0,0.0,0,0.0,0.0,0.0,0.0,0.0
2023-06-22 06:15:00,128.12,128.13,127.31,127.31,128.21,128.2,128.19,128.18,128.17,127.12,127.15,127.19,127.27,128.04,0,0.0,0,0.0,0.0,0.0,0.0,0.0
2023-06-22 10:15:00,127.31,128.21,127.17,127.24,128.2,128.19,128.18,128.17,128.04,127.05,127.12,127.15,127.19,127.27,0,0.0,0,0.0,0.0,0.0,0.0,0.0
2023-06-22 14:15:00,127.24,127.26,127.06,127.14,128.19,128.18,128.17,128.04,127.27,127.03,127.05,127.12,127.15,127.19,0,0.0,0,0.0,0.0,0.0,0.0,0.0
2023-06-22 19:15:00,127.14,127.15,127.09,127.13,128.18,128.17,128.04,127.27,127.15,126.25,127.0,127.03,127.05,127.12,0,0.0,0,0.0,0.0,0.0,0.0,0.0
2023-06-22 23:15:00,127.13,127.19,127.13,127.17,128.18,128.17,128.04,127.27,127.15,126.25,127.0,127.03,127.05,127.12,06/20/2023 17:00,128.40625,0,0.0,128.40625,127.40625,126.40625,0.0
2023-06-23 03:15:00,127.17,127.22,127.11,127.13,128.18,128.17,128.04,127.27,127.26,127.03,127.05,127.06,127.12,127.15,0,0.0,0,0.0,0.0,0.0,0.0,0.0
2023-06-23 07:15:00,127.14,128.14,127.14,128.08,128.18,128.17,128.04,127.27,127.26,127.03,127.05,127.06,127.09,127.12,06/20/2023 17:00,128.40625,0,0.0,128.40625,127.40625,126.40625,0.0
2023-06-23 07:15:00,127.14,128.14,127.14,128.08,128.18,128.17,128.04,127.27,127.26,127.03,127.05,127.06,127.09,127.12,06/20/2023 17:00,128.40625,0,0.0,128.40625,127.40625,126.40625,0.0
2023-06-23 11:15:00,128.08,128.31,127.3,128.07,128.21,128.2,128.19,128.18,128.17,127.06,127.09,127.12,127.26,128.04,0,0.0,0,0.0,0.0,0.0,0.0,0.0
2023-06-23 15:15:00,128.06,128.11,127.31,128.06,128.21,128.2,128.19,128.18,128.17,127.09,127.11,127.12,127.26,128.04,0,0.0,0,0.0,0.0,0.0,0.0,0.0
2023-06-25 20:15:00,128.07,128.2,128.05,128.18,128.21,128.2,128.19,128.18,128.17,127.11,127.12,127.14,127.26,128.04,06/20/2023 17:00,128.40625,0,0.0,128.40625,127.40625,126.40625,0.0
2023-06-26 00:15:00,128.18,128.18,128.1,128.13,128.21,128.21,128.21,128.2,128.19,127.14,127.26,127.3,128.04,128.17,0,0.0,0,0.0,0.0,0.0,0.0,0.0
2023-06-26 04:15:00,128.13,129.01,128.11,129.0,128.21,128.2,128.19,128.18,128.17,127.14,127.26,127.3,127.31,128.04,06/20/2023 17:00,128.40625,0,0.0,128.40625,127.40625,126.40625,0.0
2023-06-26 04:15:00,128.13,129.01,128.11,129.0,128.21,128.2,128.19,128.18,128.17,127.14,127.26,127.3,127.31,128.04,06/20/2023 17:00,128.40625,0,0.0,128.40625,127.40625,126.40625,0.0
2023-06-26 04:15:00,128.13,129.01,128.11,129.0,128.21,128.2,128.19,128.18,128.17,127.14,127.26,127.3,127.31,128.04,06/20/2023 17:00,128.40625,0,0.0,128.40625,127.40625,126.40625,0.0
2023-06-26 04:15:00,128.13,129.01,128.11,129.0,128.21,128.2,128.19,128.18,128.17,127.14,127.26,127.3,127.31,128.04,06/20/2023 17:00,128.40625,0,0.0,128.40625,127.40625,126.40625,0.0
2023-06-26 04:15:00,128.13,129.01,128.11,129.0,128.21,128.2,128.19,128.18,128.17,127.14,127.26,127.3,127.31,128.04,06/20/2023 17:00,128.40625,0,0.0,128.40625,127.40625,126.40625,0.0
2023-06-26 04:15:00,128.13,129.01,128.11,129.0,128.21,128.2,128.19,128.18,128.17,127.14,127.26,127.3,127.31,128.04,06/20/2023 17:00,128.40625,0,0.0,128.40625,127.40625,126.40625,0.0
2023-06-26 04:15:00,128.13,129.01,128.11,129.0,128.21,128.2,128.19,128.18,128.17,127.14,127.26,127.3,127.31,128.04,06/20/2023 17:00,128.40625,0,0.0,128.40625,127.40625,126.40625,0.0
2023-06-26 04:15:00,128.13,129.01,128.11,129.0,128.21,128.2,128.19,128.18,128.17,127.14,127.26,127.3,127.31,128.04,06/20/2023 17:00,128.40625,0,0.0,128.40625,127.40625,126.40625,0.0
2023-06-26 04:15:00,128.13,129.01,128.11,129.0,128.21,128.2,128.19,128.18,128.17,127.14,127.26,127.3,127.31,128.04,06/20/2023 17:00,128.40625,0,0.0,128.40625,127.40625,126.40625,0.0
2023-06-26 04:15:00,128.13,129.01,128.11,129.0,128.21,128.2,128.19,128.18,128.17,127.14,127.26,127.3,127.31,128.04,06/20/2023 17:00,128.40625,0,0.0,128.40625,127.40625,126.40625,0.0
2023-06-26 08:15:00,129.0,129.04,128.22,128.24,129.11,129.11,129.11,129.09,129.01,128.22,128.24,128.27,128.31,128.31,06/20/2023 17:00,128.40625,0,0.0,128.40625,127.40625,126.40625,0.0
2023-06-26 12:15:00,128.24,129.05,128.06,128.15,129.09,129.01,129.0,128.31,128.27,128.21,128.21,128.21,128.22,128.22,0,0.0,0,0.0,0.0,0.0,0.0,0.0
2023-06-26 16:15:00,128.14,128.2,128.09,128.15,128.21,128.21,128.21,128.2,128.18,127.3,127.31,128.04,128.05,128.1,0,0.0,0,0.0,0.0,0.0,0.0,0.0
2023-06-26 21:15:00,128.15,128.17,128.11,128.17,128.21,128.21,128.21,128.2,128.18,127.3,127.31,128.04,128.05,128.1,0,0.0,0,0.0,0.0,0.0,0.0,0.0
2023-06-27 01:15:00,128.17,128.17,128.07,128.08,128.21,128.21,128.21,128.2,128.18,127.31,128.04,128.05,128.06,128.1,0,0.0,0,0.0,0.0,0.0,0.0,0.0
2023-06-27 05:15:00,128.09,128.12,128.02,128.1,128.21,128.2,128.2,128.18,128.1,127.3,127.31,128.04,128.05,128.06,0,0.0,0,0.0,0.0,0.0,0.0,0.0
2023-06-27 09:15:00,128.1,128.19,128.01,128.06,128.21,128.21,128.2,128.2,128.18,127.3,127.31,128.04,128.05,128.06,0,0.0,0,0.0,0.0,0.0,0.0,0.0
2023-06-27 13:15:00,128.07,128.29,127.23,127.28,128.21,128.2,128.2,128.18,128.1,127.3,127.31,128.04,128.05,128.06,0,0.0,0,0.0,0.0,0.0,0.0,0.0
2023-06-27 18:15:00,127.29,128.01,127.26,127.29,128.1,128.06,128.05,127.31,127.3,127.09,127.11,127.12,127.14,127.26,0,0.0,0,0.0,0.0,0.0,0.0,0.0
2023-06-27 22:15:00,127.29,128.01,127.28,127.29,128.1,128.06,128.05,127.31,127.3,127.09,127.11,127.12,127.14,127.26,0,0.0,0,0.0,0.0,0.0,0.0,0.0
2023-06-28 02:15:00,127.29,127.31,127.25,127.29,128.1,128.06,128.05,127.31,127.3,127.11,127.12,127.14,127.23,127.26,0,0.0,0,0.0,0.0,0.0,0.0,0.0
2023-06-28 06:15:00,127.29,128.09,127.28,128.07,128.1,128.06,128.05,127.31,127.3,127.11,127.12,127.14,127.23,127.26,06/20/2023 17:00,128.40625,0,0.0,128.40625,127.40625,126.40625,0.0
2023-06-28 06:15:00,127.29,128.09,127.28,128.07,128.1,128.06,128.05,127.31,127.3,127.11,127.12,127.14,127.23,127.26,06/20/2023 17:00,128.40625,0,0.0,128.40625,127.40625,126.40625,0.0
2023-06-28 06:15:00,127.29,128.09,127.28,128.07,128.1,128.06,128.05,127.31,127.3,127.11,127.12,127.14,127.23,127.26,06/20/2023 17:00,128.40625,0,0.0,128.40625,127.40625,126.40625,0.0
2023-06-28 06:15:00,127.29,128.09,127.28,128.07,128.1,128.06,128.05,127.31,127.3,127.11,127.12,127.14,127.23,127.26,06/20/2023 17:00,128.40625,0,0.0,128.40625,127.40625,126.40625,0.0
2023-06-28 10:15:00,128.06,128.19,127.31,128.03,128.21,128.2,128.2,128.18,128.1,127.23,127.26,127.3,127.31,128.05,0,0.0,0,0.0,0.0,0.0,0.0,0.0
2023-06-28 14:15:00,128.03,128.24,127.28,128.21,128.21,128.2,128.2,128.18,128.1,127.23,127.25,127.26,127.3,127.31,06/20/2023 17:00,128.40625,0,0.0,128.40625,127.40625,126.40625,0.0
2023-06-28 14:15:00,128.03,128.24,127.28,128.21,128.21,128.2,128.2,128.18,128.1,127.23,127.25,127.26,127.3,127.31,06/20/2023 17:00,128.40625,0,0.0,128.40625,127.40625,126.40625,0.0
2023-06-28 19:15:00,128.21,128.22,128.15,128.19,128.29,128.27,128.24,128.22,128.22,127.26,127.3,127.31,128.1,128.2,0,0.0,0,0.0,0.0,0.0,0.0,0.0
2023-06-28 23:15:00,128.19,128.2,128.12,128.13,128.22,128.21,128.21,128.21,128.2,127.25,127.26,127.3,127.31,128.1,0,0.0,0,0.0,0.0,0.0,0.0,0.0
2023-06-29 03:15:00,128.13,128.14,128.0,128.02,128.22,128.21,128.21,128.21,128.2,127.26,127.28,127.3,127.31,128.1,0,0.0,0,0.0,0.0,0.0,0.0,0.0
2023-06-29 07:15:00,128.02,128.09,127.29,128.05,128.22,128.21,128.21,128.21,128.2,127.25,127.26,127.28,127.3,127.31,0,0.0,0,0.0,0.0,0.0,0.0,0.0
2023-06-29 11:15:00,128.05,128.07,126.09,126.25,128.21,128.21,128.21,128.2,128.2,127.25,127.26,127.28,127.3,127.31,0,0.0,0,0.0,0.0,0.0,0.0,0.0
2023-06-29 15:15:00,126.25,126.3,126.12,126.16,127.11,127.09,127.06,127.03,127.0,126.18,126.19,126.21,126.23,126.23,0,0.0,0,0.0,0.0,0.0,0.0,0.0
2023-06-29 20:15:00,126.15,126.24,126.14,126.2,126.23,126.21,126.19,126.18,126.17,126.01,126.06,126.08,126.11,126.14,0,0.0,06/29/2023 17:00,126.5625,126.5625,127.5625,128.5625,0.0
2023-06-29 20:15:00,126.15,126.24,126.14,126.2,126.23,126.21,126.19,126.18,126.17,126.01,126.06,126.08,126.11,126.14,0,0.0,06/29/2023 17:00,126.5625,126.5625,127.5625,128.5625,0.0
2023-06-29 20:15:00,126.15,126.24,126.14,126.2,126.23,126.21,126.19,126.18,126.17,126.01,126.06,126.08,126.11,126.14,0,0.0,06/29/2023 17:00,126.5625,126.5625,127.5625,128.5625,0.0
2023-06-30 00:15:00,126.2,126.23,126.18,126.19,127.0,126.25,126.23,126.23,126.21,126.14,126.15,126.17,126.18,126.19,0,0.0,0,0.0,0.0,0.0,0.0,0.0
2023-06-30 04:15:00,126.19,126.24,126.01,126.01,126.3,126.25,126.23,126.23,126.21,126.12,126.14,126.15,126.17,126.18,0,0.0,0,0.0,0.0,0.0,0.0,0.0
2023-06-30 08:15:00,126.01,126.15,126.0,126.15,126.15,126.12,126.09,126.08,126.06,125.14,125.2,125.21,125.22,125.31,0,0.0,06/29/2023 17:00,126.5625,126.5625,127.5625,128.5625,0.0
2023-06-30 08:15:00,126.01,126.15,126.0,126.15,126.15,126.12,126.09,126.08,126.06,125.14,125.2,125.21,125.22,125.31,0,0.0,06/29/2023 17:00,126.5625,126.5625,127.5625,128.5625,0.0
2023-06-30 08:15:00,126.01,126.15,126.0,126.15,126.15,126.12,126.09,126.08,126.06,125.14,125.2,125.21,125.22,125.31,0,0.0,06/29/2023 17:00,126.5625,126.5625,127.5625,128.5625,0.0
2023-06-30 08:15:00,126.01,126.15,126.0,126.15,126.15,126.12,126.09,126.08,126.06,125.14,125.2,125.21,125.22,125.31,0,0.0,06/29/2023 17:00,126.5625,126.5625,127.5625,128.5625,0.0
2023-06-30 12:15:00,126.14,127.09,126.09,127.01,126.25,126.23,126.23,126.21,126.15,126.01,126.06,126.08,126.09,126.12,0,0.0,06/29/2023 17:00,126.5625,126.5625,127.5625,128.5625,0.0
2023-06-30 12:15:00,126.14,127.09,126.09,127.01,126.25,126.23,126.23,126.21,126.15,126.01,126.06,126.08,126.09,126.12,0,0.0,06/29/2023 17:00,126.5625,126.5625,127.5625,128.5625,0.0
2023-06-30 12:15:00,126.14,127.09,126.09,127.01,126.25,126.23,126.23,126.21,126.15,126.01,126.06,126.08,126.09,126.12,0,0.0,06/29/2023 17:00,126.5625,126.5625,127.5625,128.5625,0.0
2023-06-30 12:15:00,126.14,127.09,126.09,127.01,126.25,126.23,126.23,126.21,126.15,126.01,126.06,126.08,126.09,126.12,0,0.0,06/29/2023 17:00,126.5625,126.5625,127.5625,128.5625,0.0
2023-06-30 12:15:00,126.14,127.09,126.09,127.01,126.25,126.23,126.23,126.21,126.15,126.01,126.06,126.08,126.09,126.12,0,0.0,06/29/2023 17:00,126.5625,126.5625,127.5625,128.5625,0.0
2023-06-30 12:15:00,126.14,127.09,126.09,127.01,126.25,126.23,126.23,126.21,126.15,126.01,126.06,126.08,126.09,126.12,0,0.0,06/29/2023 17:00,126.5625,126.5625,127.5625,128.5625,0.0
2023-06-30 16:15:00,127.01,127.18,127.01,127.08,127.12,127.11,127.09,127.06,127.03,126.23,126.23,126.25,126.3,127.0,0,0.0,06/29/2023 17:00,126.5625,126.5625,127.5625,128.5625,0.0
2023-06-30 16:15:00,127.01,127.18,127.01,127.08,127.12,127.11,127.09,127.06,127.03,126.23,126.23,126.25,126.3,127.0,0,0.0,06/29/2023 17:00,126.5625,126.5625,127.5625,128.5625,0.0
2023-06-30 16:15:00,127.01,127.18,127.01,127.08,127.12,127.11,127.09,127.06,127.03,126.23,126.23,126.25,126.3,127.0,0,0.0,06/29/2023 17:00,126.5625,126.5625,127.5625,128.5625,0.0
2023-07-02 21:15:00,127.08,127.1,127.0,127.04,127.23,127.14,127.12,127.11,127.09,126.25,126.3,127.0,127.03,127.06,0,0.0,0,0.0,0.0,0.0,0.0,0.0
2023-07-03 01:15:00,127.04,127.08,127.04,127.06,127.23,127.14,127.12,127.11,127.09,126.23,126.25,126.3,127.0,127.03,0,0.0,0,0.0,0.0,0.0,0.0,0.0
2023-07-03 05:15:00,127.06,127.12,126.29,127.05,127.18,127.14,127.12,127.11,127.09,126.23,126.25,126.3,127.0,127.03,0,0.0,0,0.0,0.0,0.0,0.0,0.0
2023-07-03 09:15:00,127.04,127.18,126.24,127.17,127.18,127.14,127.12,127.11,127.09,126.23,126.25,126.3,127.0,127.03,06/30/2023 17:00,126.5625,0,0.0,126.5625,125.5625,124.5625,0.0
2023-07-03 09:15:00,127.04,127.18,126.24,127.17,127.18,127.14,127.12,127.11,127.09,126.23,126.25,126.3,127.0,127.03,06/30/2023 17:00,126.5625,0,0.0,126.5625,125.5625,124.5625,0.0
2023-07-03 13:15:00,127.17,128.03,126.29,126.3,127.28,127.26,127.25,127.23,127.18,127.03,127.09,127.11,127.12,127.14,0,0.0,0,0.0,0.0,0.0,0.0,0.0
2023-07-03 18:15:00,126.3,127.06,126.29,127.06,127.28,127.26,127.25,127.23,127.18,126.15,126.21,126.23,126.23,126.25,0,0.0,0,0.0,0.0,0.0,0.0,0.0
2023-07-03 22:15:00,127.06,127.08,127.03,127.05,127.28,127.26,127.25,127.23,127.18,126.23,126.23,126.24,126.25,126.3,0,0.0,0,0.0,0.0,0.0,0.0,0.0
2023-07-04 02:15:00,127.05,127.08,127.02,127.02,127.28,127.26,127.25,127.23,127.18,126.23,126.23,126.24,126.25,126.3,0,0.0,0,0.0,0.0,0.0,0.0,0.0
2023-07-04 06:15:00,127.02,127.03,126.23,126.26,127.28,127.26,127.25,127.23,127.18,126.23,126.24,126.25,126.29,126.3,0,0.0,0,0.0,0.0,0.0,0.0,0.0
2023-07-04 10:15:00,126.25,127.11,126.23,127.11,127.25,127.23,127.18,126.3,126.29,126.15,126.21,126.23,126.23,126.24,0,0.0,07/03/2023 17:00,127.1875,127.1875,128.1875,129.1875,0.0
2023-07-04 19:15:00,127.11,127.11,127.0,127.07,127.28,127.26,127.25,127.23,127.18,126.23,126.23,126.24,126.25,126.29,0,0.0,0,0.0,0.0,0.0,0.0,0.0
2023-07-04 23:15:00,127.07,127.1,127.01,127.06,127.28,127.26,127.25,127.23,127.18,126.23,126.23,126.24,126.25,126.29,0,0.0,0,0.0,0.0,0.0,0.0,0.0
2023-07-05 03:15:00,127.06,127.07,126.27,126.29,127.28,127.26,127.25,127.23,127.18,126.23,126.23,126.24,126.25,126.29,0,0.0,0,0.0,0.0,0.0,0.0,0.0
2023-07-05 07:15:00,126.29,127.11,126.27,126.31,127.26,127.25,127.23,127.18,127.11,126.23,126.23,126.23,126.24,126.25,0,0.0,0,0.0,0.0,0.0,0.0,0.0
2023-07-05 11:15:00,126.31,126.31,126.08,126.12,127.26,127.25,127.23,127.18,127.11,126.23,126.23,126.24,126.25,126.29,0,0.0,0,0.0,0.0,0.0,0.0,0.0
2023-07-05 15:15:00,126.12,126.13,125.16,125.2,127.23,127.18,127.11,126.24,126.23,126.01,126.06,126.08,126.09,126.09,0,0.0,0,0.0,0.0,0.0,0.0,0.0
2023-07-05 20:15:00,125.21,125.28,125.18,125.24,126.23,126.09,126.01,126.0,125.22,125.11,125.12,125.13,125.14,125.2,0,0.0,07/05/2023 17:00,126.15625,126.15625,127.15625,128.15625,0.0
2023-07-05 20:15:00,125.21,125.28,125.18,125.24,126.23,126.09,126.01,126.0,125.22,125.11,125.12,125.13,125.14,125.2,0,0.0,07/05/2023 17:00,126.15625,126.15625,127.15625,128.15625,0.0
2023-07-06 00:15:00,125.24,125.25,125.13,125.18,126.24,126.23,126.09,126.01,126.0,125.13,125.14,125.2,125.21,125.22,0,0.0,0,0.0,0.0,0.0,0.0,0.0
2023-07-06 04:15:00,125.19,125.2,125.09,125.12,126.13,126.09,126.01,126.0,125.2,125.08,125.11,125.12,125.13,125.14,0,0.0,0,0.0,0.0,0.0,0.0,0.0
2023-07-06 08:15:00,125.12,125.17,125.05,125.1,126.09,126.01,126.0,125.28,125.2,125.06,125.06,125.06,125.08,125.11,0,0.0,0,0.0,0.0,0.0,0.0,0.0
2023-07-06 12:15:00,125.1,125.1,123.3,124.04,125.28,125.25,125.2,125.12,125.11,125.05,125.06,125.06,125.06,125.08,0,0.0,0,0.0,0.0,0.0,0.0,0.0
2023-07-06 16:15:00,124.04,124.15,124.03,124.14,124.27,124.22,124.19,124.16,124.15,123.16,123.19,123.28,124.0,124.02,0,0.0,0,0.0,0.0,0.0,0.0,0.0
2023-07-06 21:15:00,124.13,124.16,124.05,124.08,124.27,124.22,124.19,124.16,124.15,123.16,123.19,123.28,124.0,124.02,0,0.0,0,0.0,0.0,0.0,0.0,0.0
2023-07-07 01:15:00,124.09,124.16,124.06,124.12,124.27,124.22,124.19,124.16,124.15,123.19,123.28,123.3,124.0,124.02,0,0.0,0,0.0,0.0,0.0,0.0,0.0
2023-07-07 05:15:00,124.12,124.2,124.07,124.07,124.27,124.22,124.19,124.16,124.15,123.28,123.3,124.0,124.02,124.03,0,0.0,0,0.0,0.0,0.0,0.0,0.0
2023-07-07 09:15:00,124.06,124.26,123.19,123.28,124.27,124.22,124.19,124.16,124.15,123.3,124.0,124.02,124.03,124.05,0,0.0,0,0.0,0.0,0.0,0.0,0.0
2023-07-07 13:15:00,123.28,124.15,123.23,124.02,124.05,124.03,124.02,124.0,123.3,122.2,123.08,123.11,123.16,123.19,0,0.0,07/06/2023 17:00,124.5625,124.5625,125.5625,126.5625,0.0
2023-07-09 18:15:00,124.02,124.07,123.26,123.27,124.19,124.16,124.15,124.05,124.03,123.11,123.16,123.19,123.28,123.3,0,0.0,0,0.0,0.0,0.0,0.0,0.0
2023-07-09 22:15:00,123.28,123.3,123.17,123.18,124.16,124.15,124.05,124.03,124.02,123.08,123.11,123.16,123.19,123.19,0,0.0,0,0.0,0.0,0.0,0.0,0.0
2023-07-10 02:15:00,123.18,123.23,123.17,123.22,124.03,124.02,123.28,123.19,123.19,122.19,122.2,123.08,123.11,123.16,0,0.0,07/06/2023 17:00,124.5625,124.5625,125.5625,126.5625,0.0
2023-07-10 02:15:00,123.18,123.23,123.17,123.22,124.03,124.02,123.28,123.19,123.19,122.19,122.2,123.08,123.11,123.16,0,0.0,07/06/2023 17:00,124.5625,124.5625,125.5625,126.5625,0.0
2023-07-10 06:15:00,123.22,123.3,123.17,123.19,124.07,124.05,124.03,124.02,123.28,123.08,123.11,123.16,123.19,123.19,0,0.0,0,0.0,0.0,0.0,0.0,0.0
2023-07-10 10:15:00,123.19,124.09,123.09,124.09,124.07,124.05,124.03,124.02,123.28,122.19,122.2,123.08,123.11,123.16,0,0.0,07/06/2023 17:00,124.5625,124.5625,125.5625,126.5625,0.0
2023-07-10 10:15:00,123.19,124.09,123.09,124.09,124.07,124.05,124.03,124.02,123.28,122.19,122.2,123.08,123.11,123.16,0,0.0,07/06/2023 17:00,124.5625,124.5625,125.5625,126.5625,0.0
2023-07-10 10:15:00,123.19,124.09,123.09,124.09,124.07,124.05,124.03,124.02,123.28,122.19,122.2,123.08,123.11,123.16,0,0.0,07/06/2023 17:00,124.5625,124.5625,125.5625,126.5625,0.0
2023-07-10 10:15:00,123.19,124.09,123.09,124.09,124.07,124.05,124.03,124.02,123.28,122.19,122.2,123.08,123.11,123.16,0,0.0,07/06/2023 17:00,124.5625,124.5625,125.5625,126.5625,0.0
2023-07-10 10:15:00,123.19,124.09,123.09,124.09,124.07,124.05,124.03,124.02,123.28,122.19,122.2,123.08,123.11,123.16,0,0.0,07/06/2023 17:00,124.5625,124.5625,125.5625,126.5625,0.0
2023-07-10 14:15:00,124.09,124.22,123.31,124.2,124.22,124.19,124.16,124.15,124.15,123.28,124.02,124.03,124.05,124.07,0,0.0,07/06/2023 17:00,124.5625,124.5625,125.5625,126.5625,0.0
2023-07-10 14:15:00,124.09,124.22,123.31,124.2,124.22,124.19,124.16,124.15,124.15,123.28,124.02,124.03,124.05,124.07,0,0.0,07/06/2023 17:00,124.5625,124.5625,125.5625,126.5625,0.0
2023-07-10 19:15:00,124.19,124.19,124.1,124.14,125.06,125.05,124.27,124.26,124.22,124.03,124.05,124.07,124.15,124.15,0,0.0,0,0.0,0.0,0.0,0.0,0.0
2023-07-10 23:15:00,124.14,124.21,124.1,124.19,125.05,124.27,124.26,124.22,124.15,123.28,124.02,124.03,124.05,124.07,0,0.0,0,0.0,0.0,0.0,0.0,0.0
2023-07-11 03:15:00,124.19,124.3,124.18,124.26,125.05,124.27,124.26,124.22,124.22,123.31,124.02,124.03,124.05,124.07,0,0.0,07/06/2023 17:00,124.5625,124.5625,125.5625,126.5625,0.0
2023-07-11 03:15:00,124.19,124.3,124.18,124.26,125.05,124.27,124.26,124.22,124.22,123.31,124.02,124.03,124.05,124.07,0,0.0,07/06/2023 17:00,124.5625,124.5625,125.5625,126.5625,0.0
2023-07-11 07:15:00,124.26,125.03,124.22,124.26,125.08,125.06,125.06,125.05,124.27,124.03,124.05,124.07,124.22,124.22,0,0.0,0,0.0,0.0,0.0,0.0,0.0
2023-07-11 11:15:00,124.26,124.31,124.13,124.19,125.08,125.06,125.06,125.05,124.27,124.05,124.07,124.1,124.22,124.22,0,0.0,0,0.0,0.0,0.0,0.0,0.0
2023-07-11 15:15:00,124.19,125.01,124.17,124.19,125.06,125.05,124.27,124.26,124.22,124.02,124.03,124.05,124.07,124.1,0,0.0,0,0.0,0.0,0.0,0.0,0.0
2023-07-11 20:15:00,124.19,124.31,124.19,124.31,125.05,125.03,124.27,124.26,124.22,124.02,124.03,124.05,124.07,124.1,0,0.0,07/06/2023 17:00,124.5625,124.5625,125.5625,126.5625,0.0
2023-07-12 00:15:00,124.3,125.01,124.28,124.29,125.08,125.06,125.06,125.05,125.03,124.05,124.07,124.1,124.13,124.26,0,0.0,0,0.0,0.0,0.0,0.0,0.0
2023-07-12 04:15:00,124.29,125.07,124.26,125.06,125.08,125.06,125.06,125.05,125.03,124.07,124.1,124.13,124.17,124.26,0,0.0,07/06/2023 17:00,124.5625,124.5625,125.5625,126.5625,0.0
2023-07-12 04:15:00,124.29,125.07,124.26,125.06,125.08,125.06,125.06,125.05,125.03,124.07,124.1,124.13,124.17,124.26,0,0.0,07/06/2023 17:00,124.5625,124.5625,125.5625,126.5625,0.0
2023-07-12 08:15:00,125.06,125.09,124.28,124.29,125.17,125.12,125.11,125.1,125.08,124.17,124.19,124.26,125.03,125.05,0,0.0,0,0.0,0.0,0.0,0.0,0.0
2023-07-12 12:15:00,124.29,126.05,124.28,126.03,125.1,125.08,125.06,125.06,125.03,124.1,124.13,124.17,124.19,124.26,0,0.0,07/06/2023 17:00,124.5625,124.5625,125.5625,126.5625,0.0
2023-07-12 12:15:00,124.29,126.05,124.28,126.03,125.1,125.08,125.06,125.06,125.03,124.1,124.13,124.17,124.19,124.26,0,0.0,07/06/2023 17:00,124.5625,124.5625,125.5625,126.5625,0.0
2023-07-12 12:15:00,124.29,126.05,124.28,126.03,125.1,125.08,125.06,125.06,125.03,124.1,124.13,124.17,124.19,124.26,0,0.0,07/06/2023 17:00,124.5625,124.5625,125.5625,126.5625,0.0
2023-07-12 12:15:00,124.29,126.05,124.28,126.03,125.1,125.08,125.06,125.06,125.03,124.1,124.13,124.17,124.19,124.26,0,0.0,07/06/2023 17:00,124.5625,124.5625,125.5625,126.5625,0.0
2023-07-12 12:15:00,124.29,126.05,124.28,126.03,125.1,125.08,125.06,125.06,125.03,124.1,124.13,124.17,124.19,124.26,0,0.0,07/06/2023 17:00,124.5625,124.5625,125.5625,126.5625,0.0
2023-07-12 12:15:00,124.29,126.05,124.28,126.03,125.1,125.08,125.06,125.06,125.03,124.1,124.13,124.17,124.19,124.26,0,0.0,07/06/2023 17:00,124.5625,124.5625,125.5625,126.5625,0.0
2023-07-12 12:15:00,124.29,126.05,124.28,126.03,125.1,125.08,125.06,125.06,125.03,124.1,124.13,124.17,124.19,124.26,0,0.0,07/06/2023 17:00,124.5625,124.5625,125.5625,126.5625,0.0
2023-07-12 12:15:00,124.29,126.05,124.28,126.03,125.1,125.08,125.06,125.06,125.03,124.1,124.13,124.17,124.19,124.26,0,0.0,07/06/2023 17:00,124.5625,124.5625,125.5625,126.5625,0.0
2023-07-12 12:15:00,124.29,126.05,124.28,126.03,125.1,125.08,125.06,125.06,125.03,124.1,124.13,124.17,124.19,124.26,0,0.0,07/06/2023 17:00,124.5625,124.5625,125.5625,126.5625,0.0
2023-07-12 12:15:00,124.29,126.05,124.28,126.03,125.1,125.08,125.06,125.06,125.03,124.1,124.13,124.17,124.19,124.26,0,0.0,07/06/2023 17:00,124.5625,124.5625,125.5625,126.5625,0.0
2023-07-12 12:15:00,124.29,126.05,124.28,126.03,125.1,125.08,125.06,125.06,125.03,124.1,124.13,124.17,124.19,124.26,0,0.0,07/06/2023 17:00,124.5625,124.5625,125.5625,126.5625,0.0
2023-07-12 16:15:00,126.03,126.11,125.31,126.02,126.31,126.24,126.23,126.13,126.09,125.2,125.25,125.28,126.0,126.01,0,0.0,07/06/2023 17:00,124.5625,124.5625,125.5625,126.5625,0.0
2023-07-12 21:15:00,126.02,126.06,125.31,126.05,126.31,126.24,126.23,126.13,126.09,125.2,125.25,125.28,126.0,126.01,0,0.0,0,0.0,0.0,0.0,0.0,0.0
2023-07-13 01:15:00,126.05,126.05,125.29,125.3,126.31,126.24,126.23,126.13,126.09,125.2,125.25,125.28,126.0,126.01,0,0.0,0,0.0,0.0,0.0,0.0,0.0
2023-07-13 05:15:00,125.29,126.21,125.27,126.11,126.24,126.23,126.13,126.11,126.09,125.17,125.2,125.2,125.25,125.28,07/12/2023 17:00,126.03125,0,0.0,126.03125,125.03125,124.03125,0.0
2023-07-13 09:15:00,126.12,126.23,126.05,126.16,127.11,126.31,126.24,126.23,126.13,125.2,125.25,125.28,126.09,126.11,07/12/2023 17:00,126.03125,0,0.0,126.03125,125.03125,124.03125,0.0
2023-07-13 09:15:00,126.12,126.23,126.05,126.16,127.11,126.31,126.24,126.23,126.13,125.2,125.25,125.28,126.09,126.11,07/12/2023 17:00,126.03125,0,0.0,126.03125,125.03125,124.03125,0.0
2023-07-13 13:15:00,126.16,127.1,126.12,127.07,127.11,127.11,126.31,126.24,126.23,125.25,125.28,126.09,126.11,126.13,07/12/2023 17:00,126.03125,0,0.0,126.03125,125.03125,124.03125,0.0
2023-07-13 13:15:00,126.16,127.1,126.12,127.07,127.11,127.11,126.31,126.24,126.23,125.25,125.28,126.09,126.11,126.13,07/12/2023 17:00,126.03125,0,0.0,126.03125,125.03125,124.03125,0.0
2023-07-13 13:15:00,126.16,127.1,126.12,127.07,127.11,127.11,126.31,126.24,126.23,125.25,125.28,126.09,126.11,126.13,07/12/2023 17:00,126.03125,0,0.0,126.03125,125.03125,124.03125,0.0
2023-07-13 18:15:00,127.07,127.13,127.0,127.08,127.25,127.23,127.18,127.11,127.11,126.11,126.13,126.23,126.24,126.31,0,0.0,0,0.0,0.0,0.0,0.0,0.0
2023-07-13 22:15:00,127.08,127.1,126.31,127.1,127.25,127.23,127.18,127.11,127.11,126.11,126.13,126.23,126.24,126.31,0,0.0,0,0.0,0.0,0.0,0.0,0.0
2023-07-14 02:15:00,127.09,127.11,127.0,127.03,127.25,127.23,127.18,127.11,127.11,126.12,126.13,126.23,126.24,126.31,0,0.0,0,0.0,0.0,0.0,0.0,0.0
2023-07-14 06:15:00,127.03,127.04,126.26,127.02,127.23,127.18,127.13,127.11,127.11,126.12,126.13,126.23,126.24,126.31,0,0.0,0,0.0,0.0,0.0,0.0,0.0
2023-07-14 10:15:00,127.01,127.17,126.23,126.3,127.23,127.18,127.13,127.11,127.11,126.12,126.13,126.23,126.24,126.31,0,0.0,0,0.0,0.0,0.0,0.0,0.0
2023-07-14 14:15:00,126.3,127.09,126.22,126.25,127.18,127.13,127.11,127.11,126.31,126.11,126.12,126.13,126.23,126.24,0,0.0,0,0.0,0.0,0.0,0.0,0.0
2023-07-16 19:15:00,126.25,126.28,126.18,126.22,127.18,127.13,127.11,127.11,126.31,126.11,126.12,126.13,126.23,126.24,0,0.0,0,0.0,0.0,0.0,0.0,0.0
2023-07-16 23:15:00,126.23,126.29,126.22,126.27,127.17,127.13,127.11,127.11,126.31,126.05,126.09,126.11,126.12,126.13,0,0.0,0,0.0,0.0,0.0,0.0,0.0
2023-07-17 03:15:00,126.27,126.28,126.21,126.23,127.13,127.11,127.11,127.09,126.31,126.05,126.09,126.11,126.12,126.13,0,0.0,0,0.0,0.0,0.0,0.0,0.0
2023-07-17 07:15:00,126.22,127.15,126.16,127.09,127.13,127.11,127.11,127.09,126.31,126.09,126.11,126.12,126.13,126.18,0,0.0,0,0.0,0.0,0.0,0.0,0.0
2023-07-17 11:15:00,127.09,127.11,126.12,126.14,127.18,127.17,127.13,127.11,127.11,126.09,126.11,126.12,126.13,126.18,0,0.0,0,0.0,0.0,0.0,0.0,0.0
2023-07-17 15:15:00,126.14,126.3,126.12,126.25,127.13,127.11,127.11,127.09,126.18,126.05,126.09,126.11,126.12,126.13,07/13/2023 17:00,126.15625,0,0.0,126.15625,125.15625,124.15625,0.0
2023-07-17 20:15:00,126.26,126.27,126.22,126.25,127.15,127.13,127.11,127.11,127.09,126.09,126.11,126.12,126.13,126.18,0,0.0,0,0.0,0.0,0.0,0.0,0.0
2023-07-18 00:15:00,126.26,126.3,126.25,126.27,127.13,127.11,127.11,127.11,127.09,126.09,126.11,126.12,126.13,126.18,0,0.0,0,0.0,0.0,0.0,0.0,0.0
2023-07-18 04:15:00,126.28,127.17,126.27,127.14,127.13,127.11,127.11,127.11,127.09,126.11,126.12,126.12,126.13,126.18,07/13/2023 17:00,126.15625,0,0.0,126.15625,125.15625,124.15625,0.0
2023-07-18 04:15:00,126.28,127.17,126.27,127.14,127.13,127.11,127.11,127.11,127.09,126.11,126.12,126.12,126.13,126.18,07/13/2023 17:00,126.15625,0,0.0,126.15625,125.15625,124.15625,0.0
2023-07-18 04:15:00,126.28,127.17,126.27,127.14,127.13,127.11,127.11,127.11,127.09,126.11,126.12,126.12,126.13,126.18,07/13/2023 17:00,126.15625,0,0.0,126.15625,125.15625,124.15625,0.0
2023-07-18 04:15:00,126.28,127.17,126.27,127.14,127.13,127.11,127.11,127.11,127.09,126.11,126.12,126.12,126.13,126.18,07/13/2023 17:00,126.15625,0,0.0,126.15625,125.15625,124.15625,0.0
2023-07-18 04:15:00,126.28,127.17,126.27,127.14,127.13,127.11,127.11,127.11,127.09,126.11,126.12,126.12,126.13,126.18,07/13/2023 17:00,126.15625,0,0.0,126.15625,125.15625,124.15625,0.0
2023-07-18 04:15:00,126.28,127.17,126.27,127.14,127.13,127.11,127.11,127.11,127.09,126.11,126.12,126.12,126.13,126.18,07/13/2023 17:00,126.15625,0,0.0,126.15625,125.15625,124.15625,0.0
2023-07-18 08:15:00,127.14,127.2,127.1,127.19,127.25,127.23,127.18,127.17,127.15,127.09,127.11,127.11,127.11,127.13,07/13/2023 17:00,126.15625,0,0.0,126.15625,125.15625,124.15625,0.0
2023-07-18 08:15:00,127.14,127.2,127.1,127.19,127.25,127.23,127.18,127.17,127.15,127.09,127.11,127.11,127.11,127.13,07/13/2023 17:00,126.15625,0,0.0,126.15625,125.15625,124.15625,0.0
2023-07-18 08:15:00,127.14,127.2,127.1,127.19,127.25,127.23,127.18,127.17,127.15,127.09,127.11,127.11,127.11,127.13,07/13/2023 17:00,126.15625,0,0.0,126.15625,125.15625,124.15625,0.0
2023-07-18 08:15:00,127.14,127.2,127.1,127.19,127.25,127.23,127.18,127.17,127.15,127.09,127.11,127.11,127.11,127.13,07/13/2023 17:00,126.15625,0,0.0,126.15625,125.15625,124.15625,0.0
2023-07-18 12:15:00,127.18,127.23,127.04,127.09,128.03,127.28,127.26,127.25,127.23,127.11,127.11,127.13,127.15,127.17,0,0.0,0,0.0,0.0,0.0,0.0,0.0
2023-07-18 16:15:00,127.09,127.11,126.31,127.04,127.15,127.13,127.11,127.11,127.11,126.13,126.18,126.22,126.25,126.27,0,0.0,0,0.0,0.0,0.0,0.0,0.0
2023-07-18 21:15:00,127.04,127.1,127.03,127.08,127.13,127.11,127.11,127.11,127.09,126.13,126.18,126.22,126.25,126.27,0,0.0,0,0.0,0.0,0.0,0.0,0.0
2023-07-19 01:15:00,127.07,127.15,127.07,127.11,127.13,127.11,127.11,127.11,127.09,126.13,126.18,126.22,126.25,126.27,0,0.0,0,0.0,0.0,0.0,0.0,0.0
2023-07-19 05:15:00,127.11,127.29,127.11,127.19,127.23,127.18,127.17,127.15,127.13,126.18,126.22,126.25,126.27,126.31,0,0.0,0,0.0,0.0,0.0,0.0,0.0
2023-07-19 09:15:00,127.18,127.3,127.13,127.16,127.28,127.26,127.25,127.23,127.23,126.22,126.25,126.27,126.31,127.03,0,0.0,0,0.0,0.0,0.0,0.0,0.0
2023-07-19 13:15:00,127.16,127.28,127.01,127.22,127.28,127.26,127.25,127.23,127.23,126.25,126.27,126.31,127.03,127.07,0,0.0,0,0.0,0.0,0.0,0.0,0.0
2023-07-19 18:15:00,127.22,128.03,127.21,127.3,127.28,127.26,127.25,127.23,127.23,126.25,126.27,126.31,127.03,127.07,07/19/2023 17:00,127.34375,0,0.0,127.34375,126.34375,125.34375,0.0
2023-07-19 18:15:00,127.22,128.03,127.21,127.3,127.28,127.26,127.25,127.23,127.23,126.25,126.27,126.31,127.03,127.07,07/19/2023 17:00,127.34375,0,0.0,127.34375,126.34375,125.34375,0.0
2023-07-19 22:15:00,127.29,127.31,127.24,127.24,128.2,128.14,128.09,128.07,128.03,127.07,127.23,127.23,127.25,127.28,07/19/2023 17:00,127.34375,0,0.0,127.34375,126.34375,125.34375,0.0
2023-07-20 02:15:00,127.24,127.27,127.21,127.24,128.2,128.14,128.09,128.07,128.03,127.01,127.03,127.07,127.23,127.23,0,0.0,0,0.0,0.0,0.0,0.0,0.0
2023-07-20 06:15:00,127.24,127.27,127.12,127.17,128.14,128.09,128.07,128.03,128.03,127.01,127.03,127.07,127.23,127.23,0,0.0,0,0.0,0.0,0.0,0.0,0.0
2023-07-20 10:15:00,127.16,127.2,126.22,126.24,128.07,128.03,128.03,127.31,127.23,126.27,126.31,127.01,127.03,127.07,0,0.0,0,0.0,0.0,0.0,0.0,0.0
2023-07-20 14:15:00,126.23,126.27,126.08,126.19,127.03,127.01,126.31,126.27,126.25,126.12,126.12,126.13,126.18,126.22,0,0.0,0,0.0,0.0,0.0,0.0,0.0
2023-07-20 19:15:00,126.18,126.22,126.14,126.19,127.01,126.31,126.27,126.25,126.22,126.09,126.11,126.12,126.12,126.13,0,0.0,0,0.0,0.0,0.0,0.0,0.0
2023-07-20 23:15:00,126.19,126.23,126.17,126.2,127.01,126.31,126.27,126.25,126.22,126.11,126.12,126.12,126.13,126.18,0,0.0,0,0.0,0.0,0.0,0.0,0.0
2023-07-21 03:15:00,126.19,126.26,126.15,126.16,126.31,126.27,126.27,126.25,126.22,126.11,126.12,126.12,126.13,126.18,0,0.0,0,0.0,0.0,0.0,0.0,0.0
2023-07-21 07:15:00,126.16,126.28,126.16,126.27,126.31,126.27,126.27,126.25,126.22,126.11,126.12,126.12,126.13,126.14,0,0.0,07/20/2023 17:00,127.34375,127.34375,128.34375,129.34375,0.0
2023-07-21 11:15:00,126.27,127.09,126.22,127.05,127.2,127.07,127.03,127.01,126.31,126.12,126.13,126.14,126.22,126.25,0,0.0,07/20/2023 17:00,127.34375,127.34375,128.34375,129.34375,0.0
2023-07-21 11:15:00,126.27,127.09,126.22,127.05,127.2,127.07,127.03,127.01,126.31,126.12,126.13,126.14,126.22,126.25,0,0.0,07/20/2023 17:00,127.34375,127.34375,128.34375,129.34375,0.0
2023-07-21 11:15:00,126.27,127.09,126.22,127.05,127.2,127.07,127.03,127.01,126.31,126.12,126.13,126.14,126.22,126.25,0,0.0,07/20/2023 17:00,127.34375,127.34375,128.34375,129.34375,0.0
2023-07-21 11:15:00,126.27,127.09,126.22,127.05,127.2,127.07,127.03,127.01,126.31,126.12,126.13,126.14,126.22,126.25,0,0.0,07/20/2023 17:00,127.34375,127.34375,128.34375,129.34375,0.0
2023-07-21 11:15:00,126.27,127.09,126.22,127.05,127.2,127.07,127.03,127.01,126.31,126.12,126.13,126.14,126.22,126.25,0,0.0,07/20/2023 17:00,127.34375,127.34375,128.34375,129.34375,0.0
2023-07-21 11:15:00,126.27,127.09,126.22,127.05,127.2,127.07,127.03,127.01,126.31,126.12,126.13,126.14,126.22,126.25,0,0.0,07/20/2023 17:00,127.34375,127.34375,128.34375,129.34375,0.0
2023-07-21 15:15:00,127.06,127.06,126.2,126.21,127.31,127.27,127.23,127.2,127.07,126.27,126.27,126.31,127.01,127.03,0,0.0,0,0.0,0.0,0.0,0.0,0.0
2023-07-23 20:15:00,126.21,126.25,126.17,126.18,127.27,127.23,127.2,127.07,126.27,126.12,126.13,126.14,126.15,126.16,0,0.0,0,0.0,0.0,0.0,0.0,0.0
2023-07-24 00:15:00,126.18,126.2,126.16,126.19,127.23,127.2,127.09,127.07,126.27,126.12,126.13,126.14,126.15,126.16,0,0.0,0,0.0,0.0,0.0,0.0,0.0
2023-07-24 04:15:00,126.18,127.01,126.15,126.26,127.2,127.09,127.07,127.06,126.27,126.12,126.13,126.14,126.15,126.16,0,0.0,0,0.0,0.0,0.0,0.0,0.0
2023-07-24 08:15:00,126.26,127.13,126.25,127.09,127.2,127.09,127.07,127.06,126.27,126.12,126.13,126.14,126.15,126.16,0,0.0,07/20/2023 17:00,127.34375,127.34375,128.34375,129.34375,0.0
2023-07-24 08:15:00,126.26,127.13,126.25,127.09,127.2,127.09,127.07,127.06,126.27,126.12,126.13,126.14,126.15,126.16,0,0.0,07/20/2023 17:00,127.34375,127.34375,128.34375,129.34375,0.0
2023-07-24 12:15:00,127.09,127.09,126.15,126.17,128.03,127.31,127.27,127.23,127.2,126.14,126.15,126.16,127.06,127.07,0,0.0,0,0.0,0.0,0.0,0.0,0.0
2023-07-24 16:15:00,126.17,126.21,126.08,126.09,127.27,127.23,127.2,127.09,127.06,126.12,126.13,126.14,126.15,126.16,0,0.0,0,0.0,0.0,0.0,0.0,0.0
2023-07-24 21:15:00,126.09,126.15,126.08,126.14,126.14,126.13,126.12,126.12,126.11,125.25,125.27,125.28,126.05,126.08,0,0.0,07/20/2023 17:00,127.34375,127.34375,128.34375,129.34375,0.0
2023-07-25 01:15:00,126.14,126.17,126.11,126.12,127.09,127.09,127.06,126.16,126.15,126.05,126.08,126.09,126.12,126.12,0,0.0,0,0.0,0.0,0.0,0.0,0.0
2023-07-25 05:15:00,126.12,126.13,126.01,126.03,127.06,126.21,126.16,126.15,126.14,125.27,125.28,126.05,126.08,126.09,0,0.0,0,0.0,0.0,0.0,0.0,0.0
2023-07-25 09:15:00,126.03,126.05,125.23,125.25,126.16,126.15,126.14,126.08,126.05,125.2,125.2,125.25,125.27,125.28,0,0.0,0,0.0,0.0,0.0,0.0,0.0
2023-07-25 13:15:00,125.25,126.12,125.21,126.03,126.14,126.08,126.05,125.28,125.27,125.11,125.12,125.17,125.2,125.2,0,0.0,07/20/2023 17:00,127.34375,127.34375,128.34375,129.34375,0.0
2023-07-25 18:15:00,126.02,126.1,125.25,126.04,126.15,126.14,126.13,126.08,126.05,125.17,125.2,125.2,125.25,125.27,0,0.0,0,0.0,0.0,0.0,0.0,0.0
2023-07-25 22:15:00,126.03,126.07,125.31,126.0,126.15,126.14,126.13,126.08,126.05,125.17,125.2,125.2,125.25,125.27,0,0.0,0,0.0,0.0,0.0,0.0,0.0
2023-07-26 02:15:00,126.0,126.07,125.31,126.04,126.14,126.13,126.12,126.08,126.05,125.2,125.2,125.21,125.25,125.27,0,0.0,0,0.0,0.0,0.0,0.0,0.0
2023-07-26 06:15:00,126.03,126.08,126.0,126.01,126.13,126.12,126.1,126.08,126.05,125.2,125.21,125.25,125.25,125.27,0,0.0,0,0.0,0.0,0.0,0.0,0.0
2023-07-26 10:15:00,126.0,126.21,125.29,126.11,126.13,126.12,126.1,126.08,126.05,125.2,125.21,125.25,125.25,125.27,0,0.0,07/25/2023 17:00,126.03125,126.03125,127.03125,128.03125,0.0
2023-07-26 10:15:00,126.0,126.21,125.29,126.11,126.13,126.12,126.1,126.08,126.05,125.2,125.21,125.25,125.25,125.27,0,0.0,07/25/2023 17:00,126.03125,126.03125,127.03125,128.03125,0.0
2023-07-26 14:15:00,126.11,126.14,125.27,126.06,126.16,126.15,126.14,126.13,126.12,125.25,125.27,126.05,126.08,126.1,0,0.0,07/25/2023 17:00,126.03125,126.03125,127.03125,128.03125,0.0
2023-07-26 19:15:00,126.06,126.19,125.29,126.07,126.15,126.14,126.13,126.12,126.1,125.21,125.25,125.25,125.27,126.05,0,0.0,0,0.0,0.0,0.0,0.0,0.0
2023-07-26 23:15:00,126.07,126.15,126.02,126.12,126.15,126.14,126.13,126.12,126.1,125.21,125.25,125.25,125.27,126.05,0,0.0,0,0.0,0.0,0.0,0.0,0.0
2023-07-27 03:15:00,126.13,126.21,126.1,126.13,126.21,126.17,126.16,126.15,126.14,125.25,125.27,125.27,126.05,126.12,07/26/2023 17:00,126.375,0,0.0,126.375,125.375,124.375,0.0
2023-07-27 03:15:00,126.13,126.21,126.1,126.13,126.21,126.17,126.16,126.15,126.14,125.25,125.27,125.27,126.05,126.12,07/26/2023 17:00,126.375,0,0.0,126.375,125.375,124.375,0.0
2023-07-27 07:15:00,126.14,126.15,125.31,126.08,126.21,126.21,126.17,126.16,126.15,125.27,125.29,126.05,126.12,126.13,0,0.0,0,0.0,0.0,0.0,0.0,0.0
2023-07-27 11:15:00,126.08,126.14,124.31,125.02,126.16,126.15,126.14,126.13,126.12,125.25,125.27,125.27,125.29,126.05,0,0.0,0,0.0,0.0,0.0,0.0,0.0
2023-07-27 15:15:00,125.02,125.09,124.0,124.05,125.25,125.21,125.2,125.17,125.1,124.17,124.19,124.26,124.26,124.28,0,0.0,0,0.0,0.0,0.0,0.0,0.0
2023-07-27 20:15:00,124.05,124.15,124.03,124.09,124.19,124.17,124.13,124.1,124.07,123.19,123.28,123.31,124.02,124.03,0,0.0,0,0.0,0.0,0.0,0.0,0.0
2023-07-28 00:15:00,124.09,124.21,123.23,123.24,124.26,124.19,124.17,124.13,124.1,123.28,123.31,124.02,124.03,124.05,0,0.0,0,0.0,0.0,0.0,0.0,0.0
2023-07-28 04:15:00,123.24,124.15,123.2,124.0,124.19,124.17,124.13,124.1,123.31,123.09,123.11,123.16,123.19,123.19,0,0.0,07/27/2023 17:00,125.875,125.875,126.875,127.875,0.0
2023-07-28 08:15:00,123.31,124.28,123.31,124.26,124.26,124.19,124.17,124.13,124.1,123.09,123.11,123.16,123.19,123.19,0,0.0,07/27/2023 17:00,125.875,125.875,126.875,127.875,0.0
2023-07-28 08:15:00,123.31,124.28,123.31,124.26,124.26,124.19,124.17,124.13,124.1,123.09,123.11,123.16,123.19,123.19,0,0.0,07/27/2023 17:00,125.875,125.875,126.875,127.875,0.0
2023-07-28 08:15:00,123.31,124.28,123.31,124.26,124.26,124.19,124.17,124.13,124.1,123.09,123.11,123.16,123.19,123.19,0,0.0,07/27/2023 17:00,125.875,125.875,126.875,127.875,0.0
2023-07-28 08:15:00,123.31,124.28,123.31,124.26,124.26,124.19,124.17,124.13,124.1,123.09,123.11,123.16,123.19,123.19,0,0.0,07/27/2023 17:00,125.875,125.875,126.875,127.875,0.0
2023-07-28 12:15:00,124.25,125.0,124.05,124.21,125.1,125.09,124.28,124.26,124.26,123.31,124.1,124.13,124.17,124.19,0,0.0,0,0.0,0.0,0.0,0.0,0.0
2023-07-28 16:15:00,124.21,124.25,124.14,124.24,125.1,125.09,124.28,124.26,124.26,123.31,124.1,124.13,124.17,124.19,0,0.0,0,0.0,0.0,0.0,0.0,0.0
2023-07-30 21:15:00,124.24,124.26,124.11,124.16,125.1,125.09,124.28,124.26,124.26,123.31,124.1,124.13,124.17,124.19,0,0.0,0,0.0,0.0,0.0,0.0,0.0
2023-07-31 01:15:00,124.16,124.17,124.07,124.08,125.09,125.0,124.28,124.26,124.26,123.31,123.31,124.05,124.1,124.13,0,0.0,0,0.0,0.0,0.0,0.0,0.0
2023-07-31 05:15:00,124.09,124.18,124.05,124.13,125.09,125.0,124.28,124.26,124.26,123.19,123.2,123.31,123.31,124.05,0,0.0,0,0.0,0.0,0.0,0.0,0.0
2023-07-31 09:15:00,124.13,124.25,124.09,124.15,125.0,124.28,124.26,124.26,124.26,123.19,123.2,123.31,123.31,124.05,0,0.0,0,0.0,0.0,0.0,0.0,0.0
2023-07-31 13:15:00,124.15,125.07,124.13,125.05,125.0,124.28,124.26,124.26,124.26,123.19,123.2,123.31,123.31,124.05,07/28/2023 17:00,124.3125,0,0.0,124.3125,123.3125,122.3125,0.0
2023-07-31 13:15:00,124.15,125.07,124.13,125.05,125.0,124.28,124.26,124.26,124.26,123.19,123.2,123.31,123.31,124.05,07/28/2023 17:00,124.3125,0,0.0,124.3125,123.3125,122.3125,0.0
2023-07-31 13:15:00,124.15,125.07,124.13,125.05,125.0,124.28,124.26,124.26,124.26,123.19,123.2,123.31,123.31,124.05,07/28/2023 17:00,124.3125,0,0.0,124.3125,123.3125,122.3125,0.0
2023-07-31 18:15:00,125.05,125.06,124.19,124.26,125.21,125.2,125.17,125.1,125.09,124.05,124.26,124.26,124.28,125.0,0,0.0,0,0.0,0.0,0.0,0.0,0.0
2023-07-31 22:15:00,124.25,124.28,124.23,124.25,125.1,125.09,125.0,124.26,124.26,123.31,123.31,124.05,124.05,124.09,0,0.0,0,0.0,0.0,0.0,0.0,0.0
2023-08-01 02:15:00,124.25,124.29,124.24,124.26,125.1,125.09,125.07,125.0,124.26,123.31,124.05,124.05,124.09,124.13,0,0.0,0,0.0,0.0,0.0,0.0,0.0
2023-08-01 06:15:00,124.27,124.31,124.16,124.24,125.1,125.09,125.07,125.06,125.0,124.05,124.09,124.13,124.19,124.26,0,0.0,0,0.0,0.0,0.0,0.0,0.0
2023-08-01 10:15:00,124.24,124.24,123.14,123.14,125.09,125.07,125.06,125.0,124.26,124.05,124.05,124.09,124.13,124.19,0,0.0,0,0.0,0.0,0.0,0.0,0.0
2023-08-01 14:15:00,123.14,123.25,123.05,123.14,124.05,124.05,123.31,123.2,123.16,122.19,122.2,123.08,123.09,123.11,0,0.0,0,0.0,0.0,0.0,0.0,0.0
2023-08-01 19:15:00,123.14,123.24,123.09,123.18,124.05,124.05,123.31,123.2,123.16,122.19,122.2,123.08,123.09,123.11,0,0.0,08/01/2023 17:00,123.65625,123.65625,124.65625,125.65625,0.0
2023-08-01 23:15:00,123.18,123.24,123.14,123.17,124.09,124.05,124.05,123.31,123.2,122.2,123.08,123.09,123.11,123.16,0,0.0,0,0.0,0.0,0.0,0.0,0.0
2023-08-02 03:15:00,123.17,123.23,123.13,123.18,124.05,124.05,123.31,123.25,123.2,123.05,123.08,123.09,123.11,123.16,0,0.0,0,0.0,0.0,0.0,0.0,0.0
2023-08-02 07:15:00,123.18,123.22,123.11,123.19,124.05,124.05,123.31,123.25,123.2,123.08,123.09,123.09,123.11,123.16,0,0.0,0,0.0,0.0,0.0,0.0,0.0
2023-08-02 11:15:00,123.2,123.22,121.31,122.04,124.05,124.05,123.31,123.25,123.24,123.08,123.09,123.09,123.11,123.16,0,0.0,0,0.0,0.0,0.0,0.0,0.0
2023-08-02 15:15:00,122.04,122.25,122.02,122.22,123.09,123.09,123.08,123.05,122.14,121.02,121.06,121.2,121.3,121.31,0,0.0,0,0.0,0.0,0.0,0.0,0.0
2023-08-02 20:15:00,122.22,122.24,122.1,122.15,123.11,123.09,123.09,123.08,123.05,121.02,121.06,121.2,121.3,121.31,0,0.0,0,0.0,0.0,0.0,0.0,0.0
2023-08-03 00:15:00,122.15,122.15,122.0,122.04,123.11,123.09,123.09,123.08,123.05,121.06,121.2,121.3,121.31,121.31,0,0.0,0,0.0,0.0,0.0,0.0,0.0
2023-08-03 04:15:00,122.04,122.04,121.01,121.06,123.09,123.09,123.08,123.05,122.25,121.06,121.2,121.3,121.31,121.31,0,0.0,0,0.0,0.0,0.0,0.0,0.0
2023-08-03 08:15:00,121.05,121.21,121.04,121.13,121.31,121.31,121.3,121.2,121.06,120.18,120.18,120.2,120.27,121.02,0,0.0,0,0.0,0.0,0.0,0.0,0.0
2023-08-03 12:15:00,121.13,121.21,120.14,120.25,122.15,121.31,121.31,121.3,121.2,120.18,120.2,120.27,121.02,121.06,0,0.0,0,0.0,0.0,0.0,0.0,0.0
2023-08-03 16:15:00,120.24,120.31,120.18,120.23,121.3,121.2,121.06,121.02,120.27,120.12,120.17,120.18,120.18,120.2,0,0.0,0,0.0,0.0,0.0,0.0,0.0
2023-08-03 21:15:00,120.23,120.3,120.22,120.27,121.3,121.2,121.06,121.02,120.27,120.12,120.17,120.18,120.18,120.2,0,0.0,0,0.0,0.0,0.0,0.0,0.0
2023-08-04 01:15:00,120.27,121.08,120.27,121.01,121.3,121.21,121.2,121.06,121.02,120.14,120.17,120.18,120.18,120.2,0,0.0,08/03/2023 17:00,122.15625,122.15625,123.15625,124.15625,0.0
2023-08-04 05:15:00,121.01,121.04,120.26,120.31,121.3,121.21,121.2,121.06,121.02,120.18,120.18,120.18,120.2,120.27,0,0.0,0,0.0,0.0,0.0,0.0,0.0
2023-08-04 09:15:00,120.31,121.11,120.04,121.09,121.3,121.21,121.2,121.06,121.02,120.18,120.18,120.2,120.22,120.27,0,0.0,08/03/2023 17:00,122.15625,122.15625,123.15625,124.15625,0.0
2023-08-04 13:15:00,121.09,122.1,121.01,122.05,121.31,121.31,121.3,121.21,121.2,120.2,120.22,120.27,121.02,121.06,0,0.0,08/03/2023 17:00,122.15625,122.15625,123.15625,124.15625,0.0
2023-08-04 13:15:00,121.09,122.1,121.01,122.05,121.31,121.31,121.3,121.21,121.2,120.2,120.22,120.27,121.02,121.06,0,0.0,08/03/2023 17:00,122.15625,122.15625,123.15625,124.15625,0.0
2023-08-04 13:15:00,121.09,122.1,121.01,122.05,121.31,121.31,121.3,121.21,121.2,120.2,120.22,120.27,121.02,121.06,0,0.0,08/03/2023 17:00,122.15625,122.15625,123.15625,124.15625,0.0
2023-08-04 13:15:00,121.09,122.1,121.01,122.05,121.31,121.31,121.3,121.21,121.2,120.2,120.22,120.27,121.02,121.06,0,0.0,08/03/2023 17:00,122.15625,122.15625,123.15625,124.15625,0.0
2023-08-04 13:15:00,121.09,122.1,121.01,122.05,121.31,121.31,121.3,121.21,121.2,120.2,120.22,120.27,121.02,121.06,0,0.0,08/03/2023 17:00,122.15625,122.15625,123.15625,124.15625,0.0
2023-08-04 13:15:00,121.09,122.1,121.01,122.05,121.31,121.31,121.3,121.21,121.2,120.2,120.22,120.27,121.02,121.06,0,0.0,08/03/2023 17:00,122.15625,122.15625,123.15625,124.15625,0.0
2023-08-06 18:15:00,122.06,122.2,122.04,122.11,123.08,123.05,122.25,122.24,122.15,121.2,121.21,121.3,121.31,122.04,0,0.0,0,0.0,0.0,0.0,0.0,0.0
2023-08-06 22:15:00,122.11,122.16,122.08,122.12,123.08,123.05,122.25,122.24,122.15,121.2,121.21,121.3,121.31,122.04,0,0.0,0,0.0,0.0,0.0,0.0,0.0
2023-08-07 02:15:00,122.12,122.16,122.05,122.07,123.08,123.05,122.25,122.24,122.15,121.2,121.21,121.3,121.31,122.04,0,0.0,0,0.0,0.0,0.0,0.0,0.0
2023-08-07 06:15:00,122.06,122.08,121.16,121.17,123.05,122.25,122.24,122.2,122.15,121.21,121.3,121.31,122.04,122.04,0,0.0,0,0.0,0.0,0.0,0.0,0.0
2023-08-07 10:15:00,121.16,122.08,121.12,122.0,122.2,122.15,122.04,122.04,121.21,120.22,120.27,121.01,121.02,121.06,0,0.0,0,0.0,0.0,0.0,0.0,0.0
2023-08-07 14:15:00,122.0,122.07,121.19,122.0,122.2,122.16,122.15,122.04,122.04,120.22,120.27,121.01,121.02,121.06,0,0.0,0,0.0,0.0,0.0,0.0,0.0
2023-08-07 19:15:00,122.0,122.01,121.2,121.25,122.2,122.16,122.15,122.04,122.04,120.22,120.27,121.01,121.02,121.06,0,0.0,0,0.0,0.0,0.0,0.0,0.0
2023-08-07 23:15:00,121.26,122.13,121.25,122.12,122.16,122.15,122.08,122.04,122.04,120.27,121.01,121.02,121.06,121.12,08/04/2023 17:00,122.15625,0,0.0,122.15625,121.15625,120.15625,0.0
2023-08-07 23:15:00,121.26,122.13,121.25,122.12,122.16,122.15,122.08,122.04,122.04,120.27,121.01,121.02,121.06,121.12,08/04/2023 17:00,122.15625,0,0.0,122.15625,121.15625,120.15625,0.0
2023-08-08 03:15:00,122.12,123.03,122.08,123.03,122.25,122.24,122.2,122.16,122.15,121.06,121.12,121.19,122.04,122.08,08/04/2023 17:00,122.15625,0,0.0,122.15625,121.15625,120.15625,0.0
2023-08-08 03:15:00,122.12,123.03,122.08,123.03,122.25,122.24,122.2,122.16,122.15,121.06,121.12,121.19,122.04,122.08,08/04/2023 17:00,122.15625,0,0.0,122.15625,121.15625,120.15625,0.0
2023-08-08 03:15:00,122.12,123.03,122.08,123.03,122.25,122.24,122.2,122.16,122.15,121.06,121.12,121.19,122.04,122.08,08/04/2023 17:00,122.15625,0,0.0,122.15625,121.15625,120.15625,0.0
2023-08-08 03:15:00,122.12,123.03,122.08,123.03,122.25,122.24,122.2,122.16,122.15,121.06,121.12,121.19,122.04,122.08,08/04/2023 17:00,122.15625,0,0.0,122.15625,121.15625,120.15625,0.0
2023-08-08 03:15:00,122.12,123.03,122.08,123.03,122.25,122.24,122.2,122.16,122.15,121.06,121.12,121.19,122.04,122.08,08/04/2023 17:00,122.15625,0,0.0,122.15625,121.15625,120.15625,0.0
2023-08-08 07:15:00,123.03,123.14,122.3,123.11,123.11,123.09,123.09,123.08,123.05,122.15,122.16,122.2,122.24,122.25,08/04/2023 17:00,122.15625,0,0.0,122.15625,121.15625,120.15625,0.0
2023-08-08 07:15:00,123.03,123.14,122.3,123.11,123.11,123.09,123.09,123.08,123.05,122.15,122.16,122.2,122.24,122.25,08/04/2023 17:00,122.15625,0,0.0,122.15625,121.15625,120.15625,0.0
2023-08-08 11:15:00,123.11,123.16,122.28,123.0,123.25,123.24,123.23,123.22,123.2,122.24,122.25,123.05,123.09,123.09,0,0.0,0,0.0,0.0,0.0,0.0,0.0
2023-08-08 15:15:00,123.0,123.03,122.2,122.27,123.24,123.23,123.22,123.2,123.11,122.15,122.16,122.2,122.24,122.25,0,0.0,0,0.0,0.0,0.0,0.0,0.0
2023-08-08 20:15:00,122.27,123.05,122.22,123.04,123.24,123.23,123.22,123.2,123.11,122.15,122.16,122.2,122.24,122.25,0,0.0,0,0.0,0.0,0.0,0.0,0.0
2023-08-09 00:15:00,123.04,123.1,122.27,122.29,123.23,123.22,123.2,123.16,123.11,122.15,122.16,122.2,122.24,122.25,0,0.0,0,0.0,0.0,0.0,0.0,0.0
2023-08-09 04:15:00,122.29,123.07,122.26,123.01,123.23,123.22,123.2,123.16,123.11,122.16,122.2,122.2,122.24,122.25,0,0.0,0,0.0,0.0,0.0,0.0,0.0
2023-08-09 08:15:00,123.0,123.02,122.17,122.24,123.23,123.22,123.2,123.16,123.11,122.2,122.2,122.22,122.24,122.25,0,0.0,0,0.0,0.0,0.0,0.0,0.0
2023-08-09 12:15:00,122.24,123.11,122.2,123.09,123.2,123.16,123.11,123.1,122.25,122.15,122.16,122.2,122.2,122.22,0,0.0,0,0.0,0.0,0.0,0.0,0.0
2023-08-09 16:15:00,123.09,123.12,122.29,123.06,123.22,123.2,123.16,123.11,123.1,122.16,122.2,122.2,122.22,122.24,0,0.0,0,0.0,0.0,0.0,0.0,0.0
2023-08-09 21:15:00,123.06,123.06,122.3,122.31,123.22,123.2,123.16,123.11,123.1,122.17,122.2,122.2,122.22,122.24,0,0.0,0,0.0,0.0,0.0,0.0,0.0
2023-08-10 01:15:00,122.31,123.0,122.24,122.26,123.22,123.2,123.16,123.11,123.1,122.2,122.2,122.2,122.22,122.24,0,0.0,0,0.0,0.0,0.0,0.0,0.0
2023-08-10 05:15:00,122.25,123.06,122.24,122.31,123.2,123.16,123.12,123.11,123.1,122.2,122.2,122.2,122.22,122.24,0,0.0,0,0.0,0.0,0.0,0.0,0.0
2023-08-10 09:15:00,122.31,124.01,122.27,123.09,123.2,123.16,123.12,123.11,123.1,122.2,122.2,122.2,122.22,122.24,0,0.0,0,0.0,0.0,0.0,0.0,0.0
2023-08-10 13:15:00,123.09,123.14,122.2,122.24,123.2,123.16,123.12,123.11,123.1,122.2,122.2,122.2,122.22,122.24,0,0.0,0,0.0,0.0,0.0,0.0,0.0
2023-08-10 18:15:00,122.23,122.23,121.2,121.24,123.16,123.12,123.11,123.1,122.24,122.17,122.2,122.2,122.2,122.22,0,0.0,0,0.0,0.0,0.0,0.0,0.0
2023-08-10 22:15:00,121.24,121.28,121.22,121.27,122.16,122.15,122.08,122.08,121.25,121.02,121.06,121.12,121.19,121.2,08/04/2023 17:00,122.15625,0,0.0,122.15625,121.15625,120.15625,0.0
2023-08-11 02:15:00,121.27,121.27,121.22,121.25,122.17,122.16,122.15,122.08,122.08,121.06,121.12,121.19,121.2,121.25,0,0.0,0,0.0,0.0,0.0,0.0,0.0
2023-08-11 06:15:00,121.25,121.31,121.2,121.23,122.17,122.16,122.15,122.08,122.08,121.06,121.12,121.19,121.2,121.2,0,0.0,0,0.0,0.0,0.0,0.0,0.0
2023-08-11 10:15:00,121.22,121.29,121.02,121.15,122.17,122.16,122.15,122.08,122.08,121.06,121.12,121.19,121.2,121.2,0,0.0,0,0.0,0.0,0.0,0.0,0.0
2023-08-11 14:15:00,121.14,121.24,121.02,121.03,122.08,122.08,121.2,121.2,121.19,120.27,121.01,121.02,121.06,121.12,0,0.0,0,0.0,0.0,0.0,0.0,0.0
2023-08-13 19:15:00,121.03,121.08,120.28,121.02,121.31,121.2,121.2,121.19,121.12,120.2,120.22,120.27,121.01,121.02,0,0.0,0,0.0,0.0,0.0,0.0,0.0
2023-08-13 23:15:00,121.03,121.04,120.29,121.03,121.29,121.2,121.2,121.19,121.12,120.2,120.22,120.27,121.01,121.02,0,0.0,0,0.0,0.0,0.0,0.0,0.0
2023-08-14 03:15:00,121.03,121.08,120.29,121.01,121.24,121.2,121.2,121.19,121.12,120.2,120.22,120.27,121.01,121.02,0,0.0,0,0.0,0.0,0.0,0.0,0.0
2023-08-14 07:15:00,121.01,121.13,120.29,121.1,121.24,121.2,121.2,121.19,121.12,120.18,120.2,120.22,120.27,120.28,0,0.0,0,0.0,0.0,0.0,0.0,0.0
2023-08-14 11:15:00,121.11,121.13,120.17,121.03,121.24,121.2,121.2,121.19,121.12,120.2,120.22,120.27,120.28,121.01,0,0.0,0,0.0,0.0,0.0,0.0,0.0
2023-08-14 15:15:00,121.04,121.2,120.31,121.0,121.24,121.2,121.2,121.19,121.12,120.2,120.22,120.27,120.28,121.01,0,0.0,0,0.0,0.0,0.0,0.0,0.0
2023-08-14 20:15:00,120.31,121.02,120.24,120.26,121.2,121.2,121.19,121.12,121.01,120.18,120.2,120.22,120.27,120.28,0,0.0,0,0.0,0.0,0.0,0.0,0.0
2023-08-15 00:15:00,120.25,120.31,120.23,120.26,121.2,121.19,121.12,121.01,120.28,120.18,120.18,120.18,120.2,120.22,0,0.0,0,0.0,0.0,0.0,0.0,0.0
2023-08-15 04:15:00,120.26,120.27,120.12,120.17,121.2,121.19,121.12,121.01,120.28,120.18,120.18,120.18,120.2,120.22,0,0.0,0,0.0,0.0,0.0,0.0,0.0
2023-08-15 08:15:00,120.17,120.19,120.07,120.08,120.28,120.22,120.2,120.18,120.18,120.04,120.08,120.12,120.12,120.14,0,0.0,0,0.0,0.0,0.0,0.0,0.0
2023-08-15 12:15:00,120.08,121.02,119.25,120.26,120.2,120.18,120.18,120.17,120.14,119.28,120.0,120.0,120.02,120.04,0,0.0,08/11/2023 17:00,121.625,121.625,122.625,123.625,0.0
2023-08-15 12:15:00,120.08,121.02,119.25,120.26,120.2,120.18,120.18,120.17,120.14,119.28,120.0,120.0,120.02,120.04,0,0.0,08/11/2023 17:00,121.625,121.625,122.625,123.625,0.0
2023-08-15 12:15:00,120.08,121.02,119.25,120.26,120.2,120.18,120.18,120.17,120.14,119.28,120.0,120.0,120.02,120.04,0,0.0,08/11/2023 17:00,121.625,121.625,122.625,123.625,0.0
2023-08-15 12:15:00,120.08,121.02,119.25,120.26,120.2,120.18,120.18,120.17,120.14,119.28,120.0,120.0,120.02,120.04,0,0.0,08/11/2023 17:00,121.625,121.625,122.625,123.625,0.0
2023-08-15 12:15:00,120.08,121.02,119.25,120.26,120.2,120.18,120.18,120.17,120.14,119.28,120.0,120.0,120.02,120.04,0,0.0,08/11/2023 17:00,121.625,121.625,122.625,123.625,0.0
2023-08-15 16:15:00,120.26,120.28,120.11,120.14,121.12,121.02,121.01,120.31,120.28,120.14,120.17,120.18,120.2,120.22,0,0.0,0,0.0,0.0,0.0,0.0,0.0
2023-08-15 21:15:00,120.14,120.2,120.12,120.18,121.12,121.02,121.01,120.31,120.28,120.0,120.0,120.02,120.04,120.08,0,0.0,0,0.0,0.0,0.0,0.0,0.0
2023-08-16 01:15:00,120.18,120.23,120.16,120.2,121.02,121.02,121.01,120.31,120.28,120.0,120.02,120.04,120.08,120.14,0,0.0,0,0.0,0.0,0.0,0.0,0.0
2023-08-16 05:15:00,120.2,120.28,120.18,120.24,121.02,121.01,120.31,120.28,120.28,120.02,120.04,120.08,120.11,120.14,0,0.0,0,0.0,0.0,0.0,0.0,0.0
2023-08-16 09:15:00,120.24,120.3,120.05,120.06,121.02,121.01,120.31,120.28,120.28,120.04,120.08,120.11,120.12,120.14,0,0.0,0,0.0,0.0,0.0,0.0,0.0
2023-08-16 13:15:00,120.06,120.21,119.29,120.01,120.31,120.28,120.28,120.12,120.11,119.28,120.0,120.0,120.02,120.04,0,0.0,0,0.0,0.0,0.0,0.0,0.0
2023-08-16 18:15:00,120.01,120.02,119.14,119.29,120.28,120.12,120.11,120.04,120.02,119.25,119.25,119.28,120.0,120.0,0,0.0,0,0.0,0.0,0.0,0.0,0.0
2023-08-16 22:15:00,119.29,119.3,119.07,119.11,120.12,120.11,120.04,120.02,120.0,119.11,119.23,119.25,119.25,119.28,0,0.0,0,0.0,0.0,0.0,0.0,0.0
2023-08-17 02:15:00,119.11,119.14,118.31,119.0,120.02,120.0,119.25,119.25,119.23,119.09,0.0,0.0,0.0,0.0,0,0.0,0,0.0,0.0,0.0,0.0,0.0
2023-08-17 06:15:00,119.01,119.1,119.0,119.04,119.25,119.25,119.23,119.11,119.09,0.0,0.0,0.0,0.0,0.0,0,0.0,0,0.0,0.0,0.0,0.0,0.0
2023-08-17 10:15:00,119.04,119.14,118.27,119.02,119.25,119.25,119.23,119.11,119.09,0.0,0.0,0.0,0.0,0.0,0,0.0,0,0.0,0.0,0.0,0.0,0.0
2023-08-17 14:15:00,119.02,119.09,118.25,118.27,119.25,119.25,119.23,119.11,119.09,0.0,0.0,0.0,0.0,0.0,0,0.0,0,0.0,0.0,0.0,0.0,0.0
2023-08-17 19:15:00,118.26,119.17,118.26,119.13,119.25,119.25,119.23,119.11,119.09,0.0,0.0,0.0,0.0,0.0,0,0.0,08/17/2023 17:00,119.28125,119.28125,120.28125,121.28125,0.0
2023-08-17 23:15:00,119.13,119.23,119.11,119.22,120.0,119.3,119.25,119.25,119.23,119.09,119.11,0.0,0.0,0.0,0,0.0,0,0.0,0.0,0.0,0.0,0.0
2023-08-18 03:15:00,119.21,120.07,119.2,119.31,120.0,119.3,119.25,119.25,119.23,118.25,119.09,119.11,0.0,0.0,0,0.0,08/17/2023 17:00,119.28125,119.28125,120.28125,121.28125,0.0
2023-08-18 03:15:00,119.21,120.07,119.2,119.31,120.0,119.3,119.25,119.25,119.23,118.25,119.09,119.11,0.0,0.0,0,0.0,08/17/2023 17:00,119.28125,119.28125,120.28125,121.28125,0.0
2023-08-18 03:15:00,119.21,120.07,119.2,119.31,120.0,119.3,119.25,119.25,119.23,118.25,119.09,119.11,0.0,0.0,0,0.0,08/17/2023 17:00,119.28125,119.28125,120.28125,121.28125,0.0
2023-08-18 07:15:00,119.31,120.06,119.27,119.31,120.11,120.04,120.02,120.02,120.0,119.11,119.23,119.25,119.25,119.3,0,0.0,08/17/2023 17:00,119.28125,119.28125,120.28125,121.28125,0.0
2023-08-18 11:15:00,119.31,120.04,119.06,119.25,120.11,120.04,120.02,120.02,120.0,119.11,119.23,119.25,119.25,119.3,0,0.0,0,0.0,0.0,0.0,0.0,0.0
2023-08-18 15:15:00,119.24,119.29,119.14,119.16,120.02,120.0,119.3,119.25,119.25,118.26,119.09,119.11,119.11,119.23,0,0.0,0,0.0,0.0,0.0,0.0,0.0
2023-08-20 20:15:00,119.15,119.21,119.13,119.16,120.04,120.02,120.02,120.0,119.3,118.25,118.26,119.09,119.11,119.11,0,0.0,0,0.0,0.0,0.0,0.0,0.0
2023-08-21 00:15:00,119.16,119.16,118.31,119.04,120.04,120.02,120.02,120.0,119.3,118.26,119.06,119.09,119.11,119.11,0,0.0,0,0.0,0.0,0.0,0.0,0.0
2023-08-21 04:15:00,119.04,119.05,118.19,118.3,120.0,119.3,119.29,119.11,119.06,118.25,118.26,0.0,0.0,0.0,0,0.0,0,0.0,0.0,0.0,0.0,0.0
2023-08-21 08:15:00,118.3,118.31,118.21,118.23,119.3,119.29,119.21,119.11,119.06,118.25,118.26,0.0,0.0,0.0,0,0.0,0,0.0,0.0,0.0,0.0,0.0
2023-08-21 12:15:00,118.24,118.29,118.0,118.09,119.16,119.11,119.06,118.26,118.25,0.0,0.0,0.0,0.0,0.0,0,0.0,0,0.0,0.0,0.0,0.0,0.0
2023-08-21 16:15:00,118.09,118.11,118.04,118.05,119.11,119.06,119.05,118.26,118.25,0.0,0.0,0.0,0.0,0.0,0,0.0,0,0.0,0.0,0.0,0.0,0.0
2023-08-21 21:15:00,118.05,118.1,117.29,118.03,119.06,119.05,118.31,118.26,118.25,0.0,0.0,0.0,0.0,0.0,0,0.0,0,0.0,0.0,0.0,0.0,0.0
2023-08-22 01:15:00,118.03,118.1,118.03,118.07,119.05,118.31,118.29,118.26,118.25,0.0,0.0,0.0,0.0,0.0,0,0.0,0,0.0,0.0,0.0,0.0,0.0
2023-08-22 05:15:00,118.07,118.2,118.04,118.17,118.31,118.29,118.26,118.25,118.11,0.0,0.0,0.0,0.0,0.0,0,0.0,0,0.0,0.0,0.0,0.0,0.0
2023-08-22 09:15:00,118.17,118.24,118.03,118.04,119.05,118.31,118.29,118.26,118.25,117.29,118.11,0.0,0.0,0.0,0,0.0,0,0.0,0.0,0.0,0.0,0.0
2023-08-22 13:15:00,118.04,118.23,118.0,118.21,118.31,118.29,118.26,118.25,118.11,117.29,0.0,0.0,0.0,0.0,0,0.0,0,0.0,0.0,0.0,0.0,0.0
2023-08-22 18:15:00,118.21,118.27,118.19,118.24,119.05,118.31,118.29,118.26,118.25,117.29,0.0,0.0,0.0,0.0,0,0.0,0,0.0,0.0,0.0,0.0,0.0
2023-08-22 22:15:00,118.23,119.06,118.23,119.06,119.05,118.31,118.29,118.26,118.25,117.29,0.0,0.0,0.0,0.0,0,0.0,08/21/2023 17:00,119.28125,119.28125,120.28125,121.28125,0.0
2023-08-22 22:15:00,118.23,119.06,118.23,119.06,119.05,118.31,118.29,118.26,118.25,117.29,0.0,0.0,0.0,0.0,0,0.0,08/21/2023 17:00,119.28125,119.28125,120.28125,121.28125,0.0
2023-08-22 22:15:00,118.23,119.06,118.23,119.06,119.05,118.31,118.29,118.26,118.25,117.29,0.0,0.0,0.0,0.0,0,0.0,08/21/2023 17:00,119.28125,119.28125,120.28125,121.28125,0.0
2023-08-22 22:15:00,118.23,119.06,118.23,119.06,119.05,118.31,118.29,118.26,118.25,117.29,0.0,0.0,0.0,0.0,0,0.0,08/21/2023 17:00,119.28125,119.28125,120.28125,121.28125,0.0
2023-08-23 02:15:00,119.06,119.06,119.0,119.05,119.3,119.29,119.21,119.16,119.11,118.25,118.26,118.29,118.31,119.05,0,0.0,08/21/2023 17:00,119.28125,119.28125,120.28125,121.28125,0.0
2023-08-23 06:15:00,119.05,119.25,119.05,119.18,119.29,119.21,119.16,119.11,119.06,118.19,118.25,118.26,118.29,118.31,0,0.0,08/21/2023 17:00,119.28125,119.28125,120.28125,121.28125,0.0
2023-08-23 06:15:00,119.05,119.25,119.05,119.18,119.29,119.21,119.16,119.11,119.06,118.19,118.25,118.26,118.29,118.31,0,0.0,08/21/2023 17:00,119.28125,119.28125,120.28125,121.28125,0.0
2023-08-23 10:15:00,119.19,120.12,119.07,120.01,120.02,120.0,119.3,119.29,119.21,118.31,119.05,119.06,119.11,119.16,0,0.0,08/21/2023 17:00,119.28125,119.28125,120.28125,121.28125,0.0
2023-08-23 10:15:00,119.19,120.12,119.07,120.01,120.02,120.0,119.3,119.29,119.21,118.31,119.05,119.06,119.11,119.16,0,0.0,08/21/2023 17:00,119.28125,119.28125,120.28125,121.28125,0.0
2023-08-23 10:15:00,119.19,120.12,119.07,120.01,120.02,120.0,119.3,119.29,119.21,118.31,119.05,119.06,119.11,119.16,0,0.0,08/21/2023 17:00,119.28125,119.28125,120.28125,121.28125,0.0
2023-08-23 10:15:00,119.19,120.12,119.07,120.01,120.02,120.0,119.3,119.29,119.21,118.31,119.05,119.06,119.11,119.16,0,0.0,08/21/2023 17:00,119.28125,119.28125,120.28125,121.28125,0.0
2023-08-23 14:15:00,120.01,120.2,119.28,120.13,120.06,120.04,120.04,120.02,120.02,119.11,119.16,119.21,119.29,120.0,0,0.0,08/21/2023 17:00,119.28125,119.28125,120.28125,121.28125,0.0
2023-08-23 14:15:00,120.01,120.2,119.28,120.13,120.06,120.04,120.04,120.02,120.02,119.11,119.16,119.21,119.29,120.0,0,0.0,08/21/2023 17:00,119.28125,119.28125,120.28125,121.28125,0.0
2023-08-23 14:15:00,120.01,120.2,119.28,120.13,120.06,120.04,120.04,120.02,120.02,119.11,119.16,119.21,119.29,120.0,0,0.0,08/21/2023 17:00,119.28125,119.28125,120.28125,121.28125,0.0
2023-08-23 14:15:00,120.01,120.2,119.28,120.13,120.06,120.04,120.04,120.02,120.02,119.11,119.16,119.21,119.29,120.0,0,0.0,08/21/2023 17:00,119.28125,119.28125,120.28125,121.28125,0.0
2023-08-23 14:15:00,120.01,120.2,119.28,120.13,120.06,120.04,120.04,120.02,120.02,119.11,119.16,119.21,119.29,120.0,0,0.0,08/21/2023 17:00,119.28125,119.28125,120.28125,121.28125,0.0
2023-08-23 14:15:00,120.01,120.2,119.28,120.13,120.06,120.04,120.04,120.02,120.02,119.11,119.16,119.21,119.29,120.0,0,0.0,08/21/2023 17:00,119.28125,119.28125,120.28125,121.28125,0.0
2023-08-23 14:15:00,120.01,120.2,119.28,120.13,120.06,120.04,120.04,120.02,120.02,119.11,119.16,119.21,119.29,120.0,0,0.0,08/21/2023 17:00,119.28125,119.28125,120.28125,121.28125,0.0
2023-08-23 19:15:00,120.12,120.26,120.11,120.21,120.31,120.3,120.28,120.28,120.21,120.04,120.04,120.06,120.07,120.11,08/23/2023 17:00,120.21875,0,0.0,120.21875,119.21875,118.21875,0.0
2023-08-23 23:15:00,120.21,120.26,120.18,120.21,121.01,120.31,120.3,120.28,120.28,120.04,120.06,120.07,120.11,120.12,0,0.0,0,0.0,0.0,0.0,0.0,0.0
2023-08-24 03:15:00,120.2,121.01,120.16,120.31,120.31,120.3,120.28,120.28,120.21,120.04,120.06,120.07,120.11,120.12,08/23/2023 17:00,120.21875,0,0.0,120.21875,119.21875,118.21875,0.0
2023-08-24 03:15:00,120.2,121.01,120.16,120.31,120.31,120.3,120.28,120.28,120.21,120.04,120.06,120.07,120.11,120.12,08/23/2023 17:00,120.21875,0,0.0,120.21875,119.21875,118.21875,0.0
2023-08-24 03:15:00,120.2,121.01,120.16,120.31,120.31,120.3,120.28,120.28,120.21,120.04,120.06,120.07,120.11,120.12,08/23/2023 17:00,120.21875,0,0.0,120.21875,119.21875,118.21875,0.0
2023-08-24 03:15:00,120.2,121.01,120.16,120.31,120.31,120.3,120.28,120.28,120.21,120.04,120.06,120.07,120.11,120.12,08/23/2023 17:00,120.21875,0,0.0,120.21875,119.21875,118.21875,0.0
2023-08-24 07:15:00,120.3,121.02,120.14,120.15,121.12,121.02,121.02,121.01,120.31,120.11,120.12,120.21,120.28,120.28,0,0.0,0,0.0,0.0,0.0,0.0,0.0
2023-08-24 11:15:00,120.15,120.27,120.03,120.13,121.01,120.31,120.3,120.28,120.21,120.06,120.07,120.11,120.11,120.12,0,0.0,0,0.0,0.0,0.0,0.0,0.0
2023-08-24 15:15:00,120.14,120.16,120.03,120.06,121.01,120.31,120.3,120.28,120.21,120.06,120.07,120.11,120.11,120.12,0,0.0,0,0.0,0.0,0.0,0.0,0.0
2023-08-24 20:15:00,120.06,120.09,120.01,120.08,120.3,120.28,120.21,120.11,120.07,120.0,120.02,120.02,120.04,120.04,0,0.0,0,0.0,0.0,0.0,0.0,0.0
2023-08-25 00:15:00,120.08,120.09,119.29,119.31,120.3,120.28,120.27,120.21,120.11,120.02,120.02,120.04,120.04,120.06,0,0.0,0,0.0,0.0,0.0,0.0,0.0
2023-08-25 04:15:00,119.31,120.03,119.27,119.28,120.16,120.11,120.06,120.04,120.02,119.11,119.16,119.21,119.28,119.29,0,0.0,0,0.0,0.0,0.0,0.0,0.0
2023-08-25 08:15:00,119.29,120.06,119.25,120.05,120.16,120.11,120.06,120.04,120.02,119.07,119.11,119.16,119.21,119.28,0,0.0,0,0.0,0.0,0.0,0.0,0.0
2023-08-25 12:15:00,120.05,120.2,119.16,120.04,120.21,120.16,120.11,120.09,120.06,119.07,119.11,119.16,119.21,119.28,0,0.0,0,0.0,0.0,0.0,0.0,0.0
2023-08-25 16:15:00,120.04,120.11,119.31,120.09,120.21,120.16,120.11,120.09,120.06,119.07,119.11,119.16,119.21,119.28,0,0.0,0,0.0,0.0,0.0,0.0,0.0
2023-08-27 21:15:00,120.09,120.1,119.3,120.0,120.28,120.27,120.21,120.16,120.11,119.07,119.11,119.16,119.21,119.28,0,0.0,0,0.0,0.0,0.0,0.0,0.0
2023-08-28 01:15:00,119.31,120.11,119.31,120.09,120.21,120.2,120.16,120.11,120.09,119.11,119.16,119.16,119.21,119.28,0,0.0,0,0.0,0.0,0.0,0.0,0.0
2023-08-28 05:15:00,120.09,120.19,120.08,120.1,120.27,120.21,120.2,120.16,120.11,119.11,119.16,119.16,119.21,119.28,0,0.0,08/25/2023 17:00,120.125,120.125,121.125,122.125,0.0
2023-08-28 09:15:00,120.1,120.25,120.04,120.22,120.27,120.21,120.2,120.16,120.11,119.16,119.21,119.28,119.3,120.09,0,0.0,08/25/2023 17:00,120.125,120.125,121.125,122.125,0.0
2023-08-28 09:15:00,120.1,120.25,120.04,120.22,120.27,120.21,120.2,120.16,120.11,119.16,119.21,119.28,119.3,120.09,0,0.0,08/25/2023 17:00,120.125,120.125,121.125,122.125,0.0
2023-08-28 09:15:00,120.1,120.25,120.04,120.22,120.27,120.21,120.2,120.16,120.11,119.16,119.21,119.28,119.3,120.09,0,0.0,08/25/2023 17:00,120.125,120.125,121.125,122.125,0.0
2023-08-28 13:15:00,120.21,120.22,120.01,120.01,121.01,120.31,120.3,120.28,120.27,119.31,120.09,120.11,120.16,120.2,0,0.0,0,0.0,0.0,0.0,0.0,0.0
2023-08-28 18:15:00,120.02,120.16,120.01,120.15,120.28,120.27,120.2,120.16,120.09,119.16,119.21,119.28,119.3,119.31,0,0.0,0,0.0,0.0,0.0,0.0,0.0
2023-08-28 22:15:00,120.16,120.23,120.14,120.17,120.3,120.28,120.27,120.25,120.2,119.16,119.21,119.28,119.3,119.31,0,0.0,0,0.0,0.0,0.0,0.0,0.0
2023-08-29 02:15:00,120.17,120.25,120.15,120.21,120.3,120.28,120.27,120.25,120.2,119.16,119.21,119.28,119.3,119.31,0,0.0,0,0.0,0.0,0.0,0.0,0.0
2023-08-29 06:15:00,120.21,120.27,120.13,120.14,120.31,120.3,120.28,120.27,120.25,119.21,119.28,119.3,119.31,120.01,0,0.0,0,0.0,0.0,0.0,0.0,0.0
2023-08-29 10:15:00,120.14,121.08,119.29,121.02,120.31,120.3,120.28,120.27,120.25,119.21,119.28,119.3,119.31,120.01,08/28/2023 17:00,120.21875,0,0.0,120.21875,119.21875,118.21875,0.0
2023-08-29 10:15:00,120.14,121.08,119.29,121.02,120.31,120.3,120.28,120.27,120.25,119.21,119.28,119.3,119.31,120.01,08/28/2023 17:00,120.21875,0,0.0,120.21875,119.21875,118.21875,0.0
2023-08-29 10:15:00,120.14,121.08,119.29,121.02,120.31,120.3,120.28,120.27,120.25,119.21,119.28,119.3,119.31,120.01,08/28/2023 17:00,120.21875,0,0.0,120.21875,119.21875,118.21875,0.0
2023-08-29 10:15:00,120.14,121.08,119.29,121.02,120.31,120.3,120.28,120.27,120.25,119.21,119.28,119.3,119.31,120.01,08/28/2023 17:00,120.21875,0,0.0,120.21875,119.21875,118.21875,0.0
2023-08-29 14:15:00,121.02,121.22,120.28,121.13,121.2,121.2,121.2,121.19,121.12,120.01,120.25,120.27,120.31,121.01,08/28/2023 17:00,120.21875,0,0.0,120.21875,119.21875,118.21875,0.0
2023-08-29 14:15:00,121.02,121.22,120.28,121.13,121.2,121.2,121.2,121.19,121.12,120.01,120.25,120.27,120.31,121.01,08/28/2023 17:00,120.21875,0,0.0,120.21875,119.21875,118.21875,0.0
2023-08-29 14:15:00,121.02,121.22,120.28,121.13,121.2,121.2,121.2,121.19,121.12,120.01,120.25,120.27,120.31,121.01,08/28/2023 17:00,120.21875,0,0.0,120.21875,119.21875,118.21875,0.0
2023-08-29 14:15:00,121.02,121.22,120.28,121.13,121.2,121.2,121.2,121.19,121.12,120.01,120.25,120.27,120.31,121.01,08/28/2023 17:00,120.21875,0,0.0,120.21875,119.21875,118.21875,0.0
2023-08-29 19:15:00,121.13,121.19,121.09,121.09,121.24,121.2,121.2,121.2,121.19,121.01,121.02,121.02,121.02,121.12,0,0.0,0,0.0,0.0,0.0,0.0,0.0
2023-08-29 23:15:00,121.08,121.16,121.06,121.08,121.24,121.2,121.2,121.2,121.19,120.31,121.01,121.02,121.02,121.02,0,0.0,0,0.0,0.0,0.0,0.0,0.0
2023-08-30 03:15:00,121.08,121.1,121.0,121.07,121.22,121.2,121.2,121.2,121.19,120.31,121.01,121.02,121.02,121.02,0,0.0,0,0.0,0.0,0.0,0.0,0.0
2023-08-30 07:15:00,121.07,121.12,120.29,120.3,121.2,121.2,121.2,121.19,121.19,120.31,121.01,121.02,121.02,121.02,0,0.0,0,0.0,0.0,0.0,0.0,0.0
2023-08-30 11:15:00,120.3,121.28,120.28,121.16,121.16,121.02,121.02,121.02,120.31,119.31,120.01,120.25,120.27,120.28,0,0.0,0,0.0,0.0,0.0,0.0,0.0
2023-08-30 15:15:00,121.15,121.2,121.12,121.13,121.2,121.2,121.19,121.19,121.16,119.31,120.01,120.25,120.27,120.28,0,0.0,0,0.0,0.0,0.0,0.0,0.0
2023-08-30 20:15:00,121.14,121.17,121.11,121.13,121.2,121.2,121.19,121.19,121.16,119.31,120.01,120.25,120.27,120.28,0,0.0,0,0.0,0.0,0.0,0.0,0.0
2023-08-31 00:15:00,121.13,121.19,121.12,121.17,121.2,121.2,121.19,121.19,121.16,120.01,120.25,120.27,120.28,120.28,08/30/2023 17:00,121.375,0,0.0,121.375,120.375,119.375,0.0
2023-08-31 04:15:00,121.17,121.22,121.11,121.16,121.2,121.2,121.2,121.19,121.19,120.25,120.27,120.28,120.28,121.16,0,0.0,0,0.0,0.0,0.0,0.0,0.0
2023-08-31 08:15:00,121.16,121.26,121.14,121.24,121.2,121.2,121.2,121.19,121.19,120.01,120.25,120.27,120.28,120.28,08/30/2023 17:00,121.375,0,0.0,121.375,120.375,119.375,0.0
2023-08-31 08:15:00,121.16,121.26,121.14,121.24,121.2,121.2,121.2,121.19,121.19,120.01,120.25,120.27,120.28,120.28,08/30/2023 17:00,121.375,0,0.0,121.375,120.375,119.375,0.0
2023-08-31 08:15:00,121.16,121.26,121.14,121.24,121.2,121.2,121.2,121.19,121.19,120.01,120.25,120.27,120.28,120.28,08/30/2023 17:00,121.375,0,0.0,121.375,120.375,119.375,0.0
2023-08-31 08:15:00,121.16,121.26,121.14,121.24,121.2,121.2,121.2,121.19,121.19,120.01,120.25,120.27,120.28,120.28,08/30/2023 17:00,121.375,0,0.0,121.375,120.375,119.375,0.0
2023-08-31 08:15:00,121.16,121.26,121.14,121.24,121.2,121.2,121.2,121.19,121.19,120.01,120.25,120.27,120.28,120.28,08/30/2023 17:00,121.375,0,0.0,121.375,120.375,119.375,0.0
2023-08-31 12:15:00,121.24,122.02,121.15,122.02,122.08,122.08,121.31,121.29,121.28,121.2,121.2,121.2,121.2,121.22,08/30/2023 17:00,121.375,0,0.0,121.375,120.375,119.375,0.0
2023-08-31 12:15:00,121.24,122.02,121.15,122.02,122.08,122.08,121.31,121.29,121.28,121.2,121.2,121.2,121.2,121.22,08/30/2023 17:00,121.375,0,0.0,121.375,120.375,119.375,0.0
2023-08-31 12:15:00,121.24,122.02,121.15,122.02,122.08,122.08,121.31,121.29,121.28,121.2,121.2,121.2,121.2,121.22,08/30/2023 17:00,121.375,0,0.0,121.375,120.375,119.375,0.0
2023-08-31 12:15:00,121.24,122.02,121.15,122.02,122.08,122.08,121.31,121.29,121.28,121.2,121.2,121.2,121.2,121.22,08/30/2023 17:00,121.375,0,0.0,121.375,120.375,119.375,0.0
2023-08-31 12:15:00,121.24,122.02,121.15,122.02,122.08,122.08,121.31,121.29,121.28,121.2,121.2,121.2,121.2,121.22,08/30/2023 17:00,121.375,0,0.0,121.375,120.375,119.375,0.0
2023-08-31 12:15:00,121.24,122.02,121.15,122.02,122.08,122.08,121.31,121.29,121.28,121.2,121.2,121.2,121.2,121.22,08/30/2023 17:00,121.375,0,0.0,121.375,120.375,119.375,0.0
2023-08-31 16:15:00,122.01,122.04,121.2,121.23,122.17,122.16,122.15,122.08,122.08,121.22,121.24,121.28,121.29,121.31,0,0.0,0,0.0,0.0,0.0,0.0,0.0
2023-08-31 21:15:00,121.23,121.23,121.14,121.2,122.08,121.31,121.29,121.28,121.24,121.2,121.2,121.2,121.2,121.22,0,0.0,0,0.0,0.0,0.0,0.0,0.0
2023-09-01 01:15:00,121.2,121.21,121.14,121.17,121.31,121.29,121.28,121.24,121.22,121.11,121.14,121.16,121.19,121.19,0,0.0,0,0.0,0.0,0.0,0.0,0.0
2023-09-01 05:15:00,121.17,121.18,121.11,121.16,121.24,121.22,121.2,121.2,121.19,120.28,120.28,121.11,121.14,121.16,0,0.0,0,0.0,0.0,0.0,0.0,0.0
2023-09-01 09:15:00,121.16,122.02,121.06,121.1,121.23,121.22,121.2,121.2,121.19,120.27,120.28,120.28,121.11,121.14,0,0.0,0,0.0,0.0,0.0,0.0,0.0
2023-09-01 13:15:00,121.1,121.13,120.02,120.14,121.2,121.19,121.16,121.14,121.11,120.01,120.25,120.27,120.28,120.28,0,0.0,0,0.0,0.0,0.0,0.0,0.0
2023-09-03 18:15:00,120.14,120.18,120.08,120.09,121.11,120.28,120.28,120.27,120.25,119.28,119.29,119.3,119.31,120.01,0,0.0,0,0.0,0.0,0.0,0.0,0.0
2023-09-03 22:15:00,120.08,120.11,120.05,120.07,121.11,120.28,120.28,120.27,120.25,119.28,119.29,119.3,119.31,120.01,0,0.0,0,0.0,0.0,0.0,0.0,0.0
2023-09-04 02:15:00,120.06,120.09,120.04,120.05,121.11,120.28,120.28,120.27,120.25,119.29,119.3,119.31,120.01,120.02,0,0.0,0,0.0,0.0,0.0,0.0,0.0
2023-09-04 06:15:00,120.05,120.09,120.0,120.02,120.28,120.28,120.27,120.25,120.18,119.29,119.3,119.31,120.01,120.02,0,0.0,0,0.0,0.0,0.0,0.0,0.0
2023-09-04 10:15:00,120.01,120.06,120.01,120.02,120.27,120.25,120.18,120.11,120.02,119.21,119.28,119.29,119.3,119.31,0,0.0,0,0.0,0.0,0.0,0.0,0.0
2023-09-04 19:15:00,120.03,120.06,120.0,120.04,120.28,120.27,120.25,120.18,120.11,119.29,119.3,119.31,120.01,120.02,0,0.0,0,0.0,0.0,0.0,0.0,0.0
2023-09-04 23:15:00,120.04,120.05,119.31,119.31,120.27,120.25,120.18,120.11,120.09,119.29,119.3,119.31,120.01,120.02,0,0.0,0,0.0,0.0,0.0,0.0,0.0
2023-09-05 03:15:00,120.0,120.01,119.27,119.31,120.18,120.11,120.09,120.02,120.01,119.21,119.28,119.29,119.3,119.31,0,0.0,0,0.0,0.0,0.0,0.0,0.0
2023-09-05 07:15:00,119.31,120.01,119.25,119.26,120.11,120.09,120.06,120.02,120.01,119.16,119.21,119.28,119.29,119.3,0,0.0,0,0.0,0.0,0.0,0.0,0.0
2023-09-05 11:15:00,119.26,119.31,119.06,119.15,120.01,119.31,119.3,119.29,119.28,119.07,119.11,119.16,119.16,119.21,0,0.0,0,0.0,0.0,0.0,0.0,0.0
2023-09-05 15:15:00,119.15,119.18,119.04,119.06,119.29,119.28,119.21,119.16,119.16,119.05,119.05,119.06,119.07,119.11,0,0.0,0,0.0,0.0,0.0,0.0,0.0
2023-09-05 20:15:00,119.06,119.14,119.03,119.11,119.28,119.21,119.16,119.16,119.07,118.29,118.31,119.0,119.05,119.05,0,0.0,09/05/2023 17:00,119.84375,119.84375,120.84375,121.84375,0.0
2023-09-06 00:15:00,119.11,119.12,119.03,119.1,119.29,119.28,119.21,119.16,119.16,119.0,119.05,119.05,119.06,119.07,0,0.0,0,0.0,0.0,0.0,0.0,0.0
2023-09-06 04:15:00,119.1,119.16,119.04,119.07,119.28,119.21,119.18,119.16,119.16,119.0,119.05,119.05,119.06,119.07,0,0.0,0,0.0,0.0,0.0,0.0,0.0
2023-09-06 08:15:00,119.07,119.22,119.07,119.21,119.28,119.21,119.18,119.16,119.16,118.31,119.0,119.05,119.05,119.06,0,0.0,09/05/2023 17:00,119.84375,119.84375,120.84375,121.84375,0.0
2023-09-06 08:15:00,119.07,119.22,119.07,119.21,119.28,119.21,119.18,119.16,119.16,118.31,119.0,119.05,119.05,119.06,0,0.0,09/05/2023 17:00,119.84375,119.84375,120.84375,121.84375,0.0
2023-09-06 12:15:00,119.21,119.24,118.3,119.04,119.31,119.31,119.3,119.29,119.28,119.05,119.06,119.07,119.16,119.18,0,0.0,0,0.0,0.0,0.0,0.0,0.0
2023-09-06 16:15:00,119.04,119.13,119.03,119.06,119.28,119.21,119.18,119.05,119.05,118.26,118.29,118.31,119.0,119.03,0,0.0,09/05/2023 17:00,119.84375,119.84375,120.84375,121.84375,0.0
2023-09-06 21:15:00,119.06,119.12,119.03,119.06,119.3,119.29,119.28,119.21,119.18,118.29,118.31,119.0,119.03,119.05,0,0.0,0,0.0,0.0,0.0,0.0,0.0
2023-09-07 01:15:00,119.07,119.1,119.05,119.06,119.29,119.28,119.24,119.21,119.18,118.3,118.31,119.0,119.03,119.05,0,0.0,0,0.0,0.0,0.0,0.0,0.0
2023-09-07 05:15:00,119.07,119.15,119.03,119.14,119.28,119.24,119.21,119.18,119.13,118.3,118.31,119.0,119.03,119.05,0,0.0,09/05/2023 17:00,119.84375,119.84375,120.84375,121.84375,0.0
2023-09-07 09:15:00,119.14,119.18,118.31,119.15,119.29,119.28,119.24,119.21,119.18,118.31,119.0,119.03,119.05,119.13,0,0.0,0,0.0,0.0,0.0,0.0,0.0
2023-09-07 13:15:00,119.14,119.15,119.05,119.14,119.29,119.28,119.24,119.21,119.18,118.31,119.0,119.03,119.05,119.13,0,0.0,0,0.0,0.0,0.0,0.0,0.0
2023-09-07 18:15:00,119.14,119.22,119.11,119.21,119.29,119.28,119.24,119.21,119.18,118.31,119.0,119.03,119.05,119.13,0,0.0,0,0.0,0.0,0.0,0.0,0.0
2023-09-07 22:15:00,119.21,120.05,119.18,119.31,119.31,119.3,119.29,119.28,119.24,118.31,119.0,119.03,119.05,119.13,0,0.0,09/05/2023 17:00,119.84375,119.84375,120.84375,121.84375,0.0
2023-09-07 22:15:00,119.21,120.05,119.18,119.31,119.31,119.3,119.29,119.28,119.24,118.31,119.0,119.03,119.05,119.13,0,0.0,09/05/2023 17:00,119.84375,119.84375,120.84375,121.84375,0.0
2023-09-07 22:15:00,119.21,120.05,119.18,119.31,119.31,119.3,119.29,119.28,119.24,118.31,119.0,119.03,119.05,119.13,0,0.0,09/05/2023 17:00,119.84375,119.84375,120.84375,121.84375,0.0
2023-09-08 02:15:00,119.31,120.03,119.28,120.03,120.06,120.05,120.02,120.01,120.01,119.13,119.24,119.28,119.29,119.3,0,0.0,09/05/2023 17:00,119.84375,119.84375,120.84375,121.84375,0.0
2023-09-08 02:15:00,119.31,120.03,119.28,120.03,120.06,120.05,120.02,120.01,120.01,119.13,119.24,119.28,119.29,119.3,0,0.0,09/05/2023 17:00,119.84375,119.84375,120.84375,121.84375,0.0
2023-09-08 02:15:00,119.31,120.03,119.28,120.03,120.06,120.05,120.02,120.01,120.01,119.13,119.24,119.28,119.29,119.3,0,0.0,09/05/2023 17:00,119.84375,119.84375,120.84375,121.84375,0.0
2023-09-08 02:15:00,119.31,120.03,119.28,120.03,120.06,120.05,120.02,120.01,120.01,119.13,119.24,119.28,119.29,119.3,0,0.0,09/05/2023 17:00,119.84375,119.84375,120.84375,121.84375,0.0
2023-09-08 02:15:00,119.31,120.03,119.28,120.03,120.06,120.05,120.02,120.01,120.01,119.13,119.24,119.28,119.29,119.3,0,0.0,09/05/2023 17:00,119.84375,119.84375,120.84375,121.84375,0.0
2023-09-08 06:15:00,120.04,120.04,119.18,119.21,120.18,120.11,120.09,120.06,120.05,119.31,119.31,120.01,120.01,120.02,0,0.0,0,0.0,0.0,0.0,0.0,0.0
2023-09-08 10:15:00,119.2,120.1,119.12,120.06,120.05,120.05,120.01,119.31,119.24,119.03,119.05,119.05,119.11,119.13,0,0.0,09/05/2023 17:00,119.84375,119.84375,120.84375,121.84375,0.0
2023-09-08 10:15:00,119.2,120.1,119.12,120.06,120.05,120.05,120.01,119.31,119.24,119.03,119.05,119.05,119.11,119.13,0,0.0,09/05/2023 17:00,119.84375,119.84375,120.84375,121.84375,0.0
2023-09-08 14:15:00,120.05,120.08,119.18,119.24,120.25,120.18,120.11,120.09,120.06,119.03,119.05,119.05,119.11,119.13,0,0.0,0,0.0,0.0,0.0,0.0,0.0
2023-09-10 19:15:00,119.25,119.26,119.14,119.15,120.11,120.09,120.06,120.05,120.05,119.03,119.05,119.05,119.11,119.13,0,0.0,0,0.0,0.0,0.0,0.0,0.0
2023-09-10 23:15:00,119.15,119.17,119.05,119.07,120.1,120.09,120.06,120.05,120.05,119.05,119.05,119.11,119.12,119.13,0,0.0,0,0.0,0.0,0.0,0.0,0.0
2023-09-11 03:15:00,119.07,119.13,119.02,119.11,120.05,120.05,119.13,119.12,119.11,118.31,119.0,119.03,119.05,119.05,0,0.0,0,0.0,0.0,0.0,0.0,0.0
2023-09-11 07:15:00,119.12,119.12,119.01,119.01,120.06,120.05,120.05,119.26,119.13,119.0,119.03,119.05,119.05,119.11,0,0.0,0,0.0,0.0,0.0,0.0,0.0
2023-09-11 11:15:00,119.01,119.16,118.3,119.05,119.13,119.12,119.11,119.05,119.03,118.29,118.3,118.31,118.31,119.0,09/08/2023 17:00,119.5,0,0.0,119.5,118.5,117.5,0.0
2023-09-11 15:15:00,119.05,119.11,119.05,119.08,119.26,119.17,119.13,119.12,119.11,118.3,118.31,118.31,119.0,119.03,09/08/2023 17:00,119.5,0,0.0,119.5,118.5,117.5,0.0
2023-09-11 20:15:00,119.08,119.12,119.02,119.04,119.26,119.17,119.13,119.12,119.11,118.31,118.31,119.0,119.03,119.05,0,0.0,0,0.0,0.0,0.0,0.0,0.0
2023-09-12 00:15:00,119.04,119.09,119.02,119.07,119.17,119.16,119.13,119.12,119.11,118.3,118.31,118.31,119.0,119.03,0,0.0,0,0.0,0.0,0.0,0.0,0.0
2023-09-12 04:15:00,119.07,119.14,119.04,119.14,119.17,119.16,119.13,119.12,119.11,118.3,118.31,118.31,119.0,119.03,0,0.0,09/11/2023 17:00,119.5,119.5,120.5,121.5,0.0
2023-09-12 08:15:00,119.14,119.16,119.04,119.09,120.05,120.05,119.26,119.17,119.16,118.31,119.0,119.03,119.11,119.12,0,0.0,0,0.0,0.0,0.0,0.0,0.0
2023-09-12 12:15:00,119.08,119.22,119.03,119.1,120.05,120.05,119.26,119.17,119.16,118.31,118.31,119.0,119.02,119.03,0,0.0,0,0.0,0.0,0.0,0.0,0.0
2023-09-12 16:15:00,119.1,119.2,119.06,119.17,120.05,120.05,119.26,119.17,119.16,118.31,118.31,119.0,119.02,119.03,0,0.0,09/11/2023 17:00,119.5,119.5,120.5,121.5,0.0
2023-09-12 16:15:00,119.1,119.2,119.06,119.17,120.05,120.05,119.26,119.17,119.16,118.31,118.31,119.0,119.02,119.03,0,0.0,09/11/2023 17:00,119.5,119.5,120.5,121.5,0.0
2023-09-12 21:15:00,119.17,119.18,119.1,119.11,120.08,120.06,120.05,120.05,119.26,118.31,119.0,119.02,119.03,119.16,0,0.0,0,0.0,0.0,0.0,0.0,0.0
2023-09-13 01:15:00,119.11,119.12,119.09,119.1,120.05,119.26,119.22,119.17,119.16,118.31,119.0,119.02,119.03,119.03,0,0.0,0,0.0,0.0,0.0,0.0,0.0
2023-09-13 05:15:00,119.1,119.11,119.0,119.02,119.26,119.22,119.2,119.17,119.16,119.0,119.02,119.03,119.03,119.06,0,0.0,0,0.0,0.0,0.0,0.0,0.0
2023-09-13 09:15:00,119.02,119.13,118.13,119.04,119.18,119.17,119.16,119.06,119.03,118.3,118.3,118.31,118.31,119.0,0,0.0,09/11/2023 17:00,119.5,119.5,120.5,121.5,0.0
2023-09-13 13:15:00,119.05,119.28,119.03,119.26,119.2,119.18,119.17,119.16,119.06,118.31,118.31,119.0,119.02,119.03,0,0.0,09/11/2023 17:00,119.5,119.5,120.5,121.5,0.0
2023-09-13 13:15:00,119.05,119.28,119.03,119.26,119.2,119.18,119.17,119.16,119.06,118.31,118.31,119.0,119.02,119.03,0,0.0,09/11/2023 17:00,119.5,119.5,120.5,121.5,0.0
2023-09-13 13:15:00,119.05,119.28,119.03,119.26,119.2,119.18,119.17,119.16,119.06,118.31,118.31,119.0,119.02,119.03,0,0.0,09/11/2023 17:00,119.5,119.5,120.5,121.5,0.0
2023-09-13 13:15:00,119.05,119.28,119.03,119.26,119.2,119.18,119.17,119.16,119.06,118.31,118.31,119.0,119.02,119.03,0,0.0,09/11/2023 17:00,119.5,119.5,120.5,121.5,0.0
2023-09-13 13:15:00,119.05,119.28,119.03,119.26,119.2,119.18,119.17,119.16,119.06,118.31,118.31,119.0,119.02,119.03,0,0.0,09/11/2023 17:00,119.5,119.5,120.5,121.5,0.0
2023-09-13 18:15:00,119.26,120.0,119.22,119.23,120.09,120.08,120.06,120.05,120.05,119.06,119.17,119.18,119.2,119.22,0,0.0,0,0.0,0.0,0.0,0.0,0.0
2023-09-13 22:15:00,119.24,120.03,119.23,120.01,120.08,120.06,120.05,120.05,119.26,119.06,119.17,119.18,119.2,119.22,0,0.0,09/11/2023 17:00,119.5,119.5,120.5,121.5,0.0
2023-09-14 02:15:00,120.01,120.05,119.31,120.04,120.09,120.08,120.06,120.05,120.05,119.17,119.18,119.2,119.22,119.26,0,0.0,0,0.0,0.0,0.0,0.0,0.0
2023-09-14 06:15:00,120.03,120.03,119.16,119.19,120.09,120.08,120.06,120.05,120.05,119.18,119.2,119.22,119.22,119.26,0,0.0,0,0.0,0.0,0.0,0.0,0.0
2023-09-14 10:15:00,119.2,120.04,119.07,119.08,120.05,120.05,119.26,119.22,119.22,119.03,119.03,119.06,119.17,119.18,0,0.0,0,0.0,0.0,0.0,0.0,0.0
2023-09-14 14:15:00,119.08,119.21,119.01,119.06,119.22,119.22,119.2,119.18,119.17,119.0,119.02,119.03,119.03,119.06,0,0.0,0,0.0,0.0,0.0,0.0,0.0
2023-09-14 19:15:00,119.07,119.11,119.04,119.1,119.22,119.22,119.2,119.18,119.17,119.0,119.02,119.03,119.03,119.06,0,0.0,0,0.0,0.0,0.0,0.0,0.0
2023-09-14 23:15:00,119.09,119.13,119.06,119.09,119.22,119.22,119.2,119.18,119.17,119.0,119.02,119.03,119.03,119.06,0,0.0,0,0.0,0.0,0.0,0.0,0.0
2023-09-15 03:15:00,119.09,119.14,119.02,119.02,119.22,119.21,119.2,119.18,119.17,119.01,119.02,119.03,119.03,119.06,0,0.0,0,0.0,0.0,0.0,0.0,0.0
2023-09-15 07:15:00,119.02,119.02,118.19,118.21,119.21,119.2,119.18,119.17,119.03,118.3,118.31,118.31,119.0,119.01,0,0.0,0,0.0,0.0,0.0,0.0,0.0
2023-09-15 11:15:00,118.21,119.0,118.16,118.25,118.31,118.3,118.3,118.29,118.23,117.29,118.0,118.13,118.19,0.0,0,0.0,09/11/2023 17:00,119.5,119.5,120.5,121.5,0.0
2023-09-15 15:15:00,118.25,118.29,118.19,118.24,118.31,118.31,118.3,118.3,118.29,117.29,118.0,118.13,118.19,118.23,0,0.0,0,0.0,0.0,0.0,0.0,0.0
2023-09-17 20:15:00,118.23,118.24,118.18,118.18,118.31,118.31,118.3,118.3,118.29,117.29,118.0,118.13,118.19,0.0,0,0.0,0,0.0,0.0,0.0,0.0,0.0
2023-09-18 00:15:00,118.18,118.19,118.11,118.13,118.31,118.3,118.3,118.29,118.19,117.29,118.0,118.13,118.16,0.0,0,0.0,0,0.0,0.0,0.0,0.0,0.0
2023-09-18 04:15:00,118.13,118.16,118.1,118.12,118.3,118.29,118.29,118.19,118.16,117.29,118.0,0.0,0.0,0.0,0,0.0,0,0.0,0.0,0.0,0.0,0.0
2023-09-18 08:15:00,118.12,118.19,118.1,118.17,118.29,118.24,118.19,118.16,118.13,117.29,118.0,0.0,0.0,0.0,0,0.0,09/15/2023 17:00,118.9375,118.9375,119.9375,120.9375,0.0
2023-09-18 08:15:00,118.12,118.19,118.1,118.17,118.29,118.24,118.19,118.16,118.13,117.29,118.0,0.0,0.0,0.0,0,0.0,09/15/2023 17:00,118.9375,118.9375,119.9375,120.9375,0.0
2023-09-18 12:15:00,118.17,118.26,118.09,118.24,118.3,118.29,118.29,118.24,118.19,117.29,118.0,118.13,118.16,0.0,0,0.0,09/15/2023 17:00,118.9375,118.9375,119.9375,120.9375,0.0
2023-09-18 16:15:00,118.24,119.03,118.24,119.02,118.31,118.3,118.3,118.29,118.29,117.29,118.0,118.13,118.16,118.19,0,0.0,09/15/2023 17:00,118.9375,118.9375,119.9375,120.9375,0.0
2023-09-18 16:15:00,118.24,119.03,118.24,119.02,118.31,118.3,118.3,118.29,118.29,117.29,118.0,118.13,118.16,118.19,0,0.0,09/15/2023 17:00,118.9375,118.9375,119.9375,120.9375,0.0
2023-09-18 16:15:00,118.24,119.03,118.24,119.02,118.31,118.3,118.3,118.29,118.29,117.29,118.0,118.13,118.16,118.19,0,0.0,09/15/2023 17:00,118.9375,118.9375,119.9375,120.9375,0.0
2023-09-18 16:15:00,118.24,119.03,118.24,119.02,118.31,118.3,118.3,118.29,118.29,117.29,118.0,118.13,118.16,118.19,0,0.0,09/15/2023 17:00,118.9375,118.9375,119.9375,120.9375,0.0
2023-09-18 16:15:00,118.24,119.03,118.24,119.02,118.31,118.3,118.3,118.29,118.29,117.29,118.0,118.13,118.16,118.19,0,0.0,09/15/2023 17:00,118.9375,118.9375,119.9375,120.9375,0.0
2023-09-18 16:15:00,118.24,119.03,118.24,119.02,118.31,118.3,118.3,118.29,118.29,117.29,118.0,118.13,118.16,118.19,0,0.0,09/15/2023 17:00,118.9375,118.9375,119.9375,120.9375,0.0
2023-09-18 16:15:00,118.24,119.03,118.24,119.02,118.31,118.3,118.3,118.29,118.29,117.29,118.0,118.13,118.16,118.19,0,0.0,09/15/2023 17:00,118.9375,118.9375,119.9375,120.9375,0.0
2023-09-18 21:15:00,119.02,119.05,119.0,119.0,119.2,119.18,119.17,119.14,119.03,118.3,118.31,119.0,119.0,119.01,0,0.0,09/15/2023 17:00,118.9375,118.9375,119.9375,120.9375,0.0
2023-09-19 01:15:00,119.0,119.04,119.0,119.02,119.17,119.14,119.03,119.02,119.02,118.24,118.29,118.3,118.3,118.31,0,0.0,0,0.0,0.0,0.0,0.0,0.0
2023-09-19 05:15:00,119.02,119.03,118.25,118.29,119.2,119.18,119.17,119.14,119.03,118.3,118.3,118.31,119.0,119.0,0,0.0,0,0.0,0.0,0.0,0.0,0.0
2023-09-19 09:15:00,118.29,119.01,118.08,118.09,119.05,119.03,119.02,119.02,119.0,118.13,118.16,118.19,118.24,118.24,0,0.0,0,0.0,0.0,0.0,0.0,0.0
2023-09-19 13:15:00,118.08,118.29,118.08,118.23,119.0,118.29,118.24,118.24,118.09,117.29,118.0,0.0,0.0,0.0,0,0.0,0,0.0,0.0,0.0,0.0,0.0
2023-09-19 18:15:00,118.22,118.26,118.08,118.12,119.02,119.0,118.29,118.24,118.24,117.29,118.0,118.09,0.0,0.0,0,0.0,0,0.0,0.0,0.0,0.0,0.0
2023-09-19 22:15:00,118.12,118.14,118.09,118.12,119.01,119.0,118.29,118.24,118.24,117.29,118.0,118.09,0.0,0.0,0,0.0,0,0.0,0.0,0.0,0.0,0.0
2023-09-20 02:15:00,118.12,118.17,118.09,118.15,119.0,118.29,118.29,118.24,118.24,117.29,118.0,118.09,0.0,0.0,0,0.0,0,0.0,0.0,0.0,0.0,0.0
2023-09-20 06:15:00,118.15,118.21,118.12,118.2,118.29,118.29,118.26,118.24,118.24,117.29,118.0,118.08,118.09,0.0,0,0.0,0,0.0,0.0,0.0,0.0,0.0
2023-09-20 10:15:00,118.2,118.3,118.12,118.28,118.29,118.29,118.26,118.24,118.24,117.29,118.0,118.08,118.09,0.0,0,0.0,09/19/2023 17:00,118.71875,118.71875,119.71875,120.71875,0.0
2023-09-20 10:15:00,118.2,118.3,118.12,118.28,118.29,118.29,118.26,118.24,118.24,117.29,118.0,118.08,118.09,0.0,0,0.0,09/19/2023 17:00,118.71875,118.71875,119.71875,120.71875,0.0
2023-09-20 14:15:00,118.29,119.02,118.16,118.22,119.03,119.02,119.02,119.01,119.0,118.08,118.09,118.09,118.24,118.26,0,0.0,0,0.0,0.0,0.0,0.0,0.0
2023-09-20 19:15:00,118.21,119.01,117.29,117.3,119.01,119.0,118.29,118.29,118.26,117.29,118.0,118.08,118.09,118.09,0,0.0,0,0.0,0.0,0.0,0.0,0.0
2023-09-20 23:15:00,117.31,118.01,117.14,117.19,118.26,118.09,118.09,118.08,118.0,117.29,0.0,0.0,0.0,0.0,0,0.0,0,0.0,0.0,0.0,0.0,0.0
2023-09-21 03:15:00,117.19,117.25,117.18,117.23,118.09,118.09,118.08,118.0,117.29,0.0,0.0,0.0,0.0,0.0,0,0.0,0,0.0,0.0,0.0,0.0,0.0
2023-09-21 07:15:00,117.23,117.27,117.11,117.16,118.09,118.09,118.08,118.0,117.29,0.0,0.0,0.0,0.0,0.0,0,0.0,0,0.0,0.0,0.0,0.0,0.0
2023-09-21 11:15:00,117.16,117.18,116.13,116.19,118.09,118.08,118.01,118.0,117.29,0.0,0.0,0.0,0.0,0.0,0,0.0,0,0.0,0.0,0.0,0.0,0.0
2023-09-21 15:15:00,116.19,116.2,116.09,116.13,118.09,118.08,118.01,118.0,117.29,0.0,0.0,0.0,0.0,0.0,0,0.0,0,0.0,0.0,0.0,0.0,0.0
2023-09-21 20:15:00,116.13,116.15,115.31,116.03,118.08,118.01,118.0,117.29,117.27,0.0,0.0,0.0,0.0,0.0,0,0.0,0,0.0,0.0,0.0,0.0,0.0
2023-09-22 00:15:00,116.04,116.05,115.28,116.03,118.01,118.0,117.29,117.27,117.18,0.0,0.0,0.0,0.0,0.0,0,0.0,0,0.0,0.0,0.0,0.0,0.0
2023-09-22 04:15:00,116.02,116.17,116.0,116.1,118.0,117.29,117.27,117.18,116.2,0.0,0.0,0.0,0.0,0.0,0,0.0,0,0.0,0.0,0.0,0.0,0.0
2023-09-22 08:15:00,116.1,116.14,116.04,116.1,118.0,117.29,117.27,117.18,116.2,0.0,0.0,0.0,0.0,0.0,0,0.0,0,0.0,0.0,0.0,0.0,0.0
2023-09-22 12:15:00,116.1,117.06,116.07,116.3,118.0,117.29,117.27,117.18,116.2,115.28,0.0,0.0,0.0,0.0,0,0.0,09/21/2023 17:00,117.90625,117.90625,118.90625,119.90625,0.0
2023-09-22 16:15:00,116.29,117.08,116.28,117.02,118.01,118.0,117.29,117.27,117.18,115.28,116.0,116.2,0.0,0.0,0,0.0,0,0.0,0.0,0.0,0.0,0.0
2023-09-24 21:15:00,117.02,117.05,116.24,116.26,118.01,118.0,117.29,117.27,117.18,115.28,116.0,116.04,116.2,0.0,0,0.0,0,0.0,0.0,0.0,0.0,0.0
2023-09-25 01:15:00,116.27,116.27,116.17,116.19,118.01,118.0,117.29,117.27,117.18,115.28,116.0,116.04,116.07,116.2,0,0.0,0,0.0,0.0,0.0,0.0,0.0
2023-09-25 05:15:00,116.19,116.22,116.06,116.08,117.29,117.27,117.18,117.08,116.2,115.28,116.0,116.04,116.07,0.0,0,0.0,0,0.0,0.0,0.0,0.0,0.0
2023-09-25 09:15:00,116.08,116.08,115.11,115.13,117.27,117.18,117.08,117.05,116.2,115.28,116.0,116.04,116.07,0.0,0,0.0,0,0.0,0.0,0.0,0.0,0.0
2023-09-25 13:15:00,115.12,115.22,115.06,115.1,116.2,116.07,116.04,116.0,115.28,0.0,0.0,0.0,0.0,0.0,0,0.0,0,0.0,0.0,0.0,0.0,0.0
2023-09-25 18:15:00,115.1,115.11,114.27,115.03,116.2,116.07,116.04,116.0,115.28,0.0,0.0,0.0,0.0,0.0,0,0.0,0,0.0,0.0,0.0,0.0,0.0
2023-09-25 22:15:00,115.03,115.03,114.21,114.24,116.08,116.07,116.04,116.0,115.28,0.0,0.0,0.0,0.0,0.0,0,0.0,0,0.0,0.0,0.0,0.0,0.0
2023-09-26 02:15:00,114.24,115.01,114.22,114.3,116.07,116.04,116.0,115.28,115.22,0.0,0.0,0.0,0.0,0.0,0,0.0,0,0.0,0.0,0.0,0.0,0.0
2023-09-26 06:15:00,114.29,115.17,114.24,115.1,116.04,116.0,115.28,115.22,115.11,0.0,0.0,0.0,0.0,0.0,0,0.0,0,0.0,0.0,0.0,0.0,0.0
2023-09-26 10:15:00,115.1,115.28,115.02,115.1,116.04,116.0,115.28,115.22,115.11,114.21,0.0,0.0,0.0,0.0,0,0.0,0,0.0,0.0,0.0,0.0,0.0
2023-09-26 14:15:00,115.11,115.11,114.22,114.22,116.07,116.04,116.0,115.28,115.22,114.21,114.22,0.0,0.0,0.0,0,0.0,0,0.0,0.0,0.0,0.0,0.0
2023-09-26 19:15:00,114.23,114.28,114.15,114.26,116.04,116.0,115.28,115.22,115.11,114.21,114.22,0.0,0.0,0.0,0,0.0,0,0.0,0.0,0.0,0.0,0.0
2023-09-26 23:15:00,114.25,115.06,114.25,115.06,116.0,115.28,115.28,115.22,115.11,114.21,114.22,0.0,0.0,0.0,0,0.0,0,0.0,0.0,0.0,0.0,0.0
2023-09-27 03:15:00,115.05,115.1,114.31,115.09,115.28,115.28,115.22,115.11,115.11,114.21,114.22,0.0,0.0,0.0,0,0.0,0,0.0,0.0,0.0,0.0,0.0
2023-09-27 07:15:00,115.09,115.15,115.09,115.12,115.28,115.28,115.22,115.11,115.11,114.15,114.21,114.22,0.0,0.0,0,0.0,09/21/2023 17:00,117.90625,117.90625,118.90625,119.90625,0.0
2023-09-27 07:15:00,115.09,115.15,115.09,115.12,115.28,115.28,115.22,115.11,115.11,114.15,114.21,114.22,0.0,0.0,0,0.0,09/21/2023 17:00,117.90625,117.90625,118.90625,119.90625,0.0
2023-09-27 11:15:00,115.13,115.2,114.15,114.17,116.04,116.0,115.28,115.28,115.22,114.21,114.22,114.25,115.11,115.11,0,0.0,0,0.0,0.0,0.0,0.0,0.0
2023-09-27 15:15:00,114.17,114.21,113.16,113.27,115.11,115.11,114.25,114.22,114.21,114.15,0.0,0.0,0.0,0.0,0,0.0,0,0.0,0.0,0.0,0.0,0.0
2023-09-27 20:15:00,113.26,113.3,113.22,113.23,115.11,114.25,114.22,114.21,114.15,0.0,0.0,0.0,0.0,0.0,0,0.0,0,0.0,0.0,0.0,0.0,0.0
2023-09-28 00:15:00,113.23,113.31,113.21,113.29,115.11,114.25,114.22,114.21,114.15,0.0,0.0,0.0,0.0,0.0,0,0.0,0,0.0,0.0,0.0,0.0,0.0
2023-09-28 04:15:00,113.3,114.04,113.18,113.19,114.25,114.22,114.21,114.21,114.15,113.16,0.0,0.0,0.0,0.0,0,0.0,0,0.0,0.0,0.0,0.0,0.0
2023-09-28 08:15:00,113.19,113.22,113.04,113.14,114.25,114.22,114.21,114.21,114.15,113.16,0.0,0.0,0.0,0.0,0,0.0,0,0.0,0.0,0.0,0.0,0.0
2023-09-28 12:15:00,113.14,113.31,112.15,113.18,114.22,114.21,114.21,114.15,113.16,0.0,0.0,0.0,0.0,0.0,0,0.0,0,0.0,0.0,0.0,0.0,0.0
2023-09-28 16:15:00,113.18,114.02,113.11,113.3,114.22,114.21,114.21,114.15,114.04,113.16,0.0,0.0,0.0,0.0,0,0.0,0,0.0,0.0,0.0,0.0,0.0
2023-09-28 21:15:00,113.3,114.0,113.25,113.26,114.22,114.21,114.21,114.15,114.04,113.16,0.0,0.0,0.0,0.0,0,0.0,0,0.0,0.0,0.0,0.0,0.0
2023-09-29 01:15:00,113.27,113.29,113.2,113.29,114.22,114.21,114.21,114.15,114.04,112.15,113.16,0.0,0.0,0.0,0,0.0,0,0.0,0.0,0.0,0.0,0.0
2023-09-29 05:15:00,113.29,114.21,113.28,114.19,114.21,114.21,114.15,114.04,114.02,112.15,113.11,113.16,0.0,0.0,0,0.0,09/21/2023 17:00,117.90625,117.90625,118.90625,119.90625,0.0
2023-09-29 05:15:00,113.29,114.21,113.28,114.19,114.21,114.21,114.15,114.04,114.02,112.15,113.11,113.16,0.0,0.0,0,0.0,09/21/2023 17:00,117.90625,117.90625,118.90625,119.90625,0.0
2023-09-29 05:15:00,113.29,114.21,113.28,114.19,114.21,114.21,114.15,114.04,114.02,112.15,113.11,113.16,0.0,0.0,0,0.0,09/21/2023 17:00,117.90625,117.90625,118.90625,119.90625,0.0
2023-09-29 09:15:00,114.2,114.22,113.3,114.22,115.11,114.25,114.22,114.21,114.21,113.11,113.16,114.02,114.04,114.15,0,0.0,09/21/2023 17:00,117.90625,117.90625,118.90625,119.90625,0.0
2023-09-29 09:15:00,114.2,114.22,113.3,114.22,115.11,114.25,114.22,114.21,114.21,113.11,113.16,114.02,114.04,114.15,0,0.0,09/21/2023 17:00,117.90625,117.90625,118.90625,119.90625,0.0
2023-09-29 13:15:00,114.22,114.29,113.3,114.01,115.22,115.2,115.11,115.11,114.25,114.02,114.04,114.15,114.21,114.21,0,0.0,0,0.0,0.0,0.0,0.0,0.0
2023-10-01 18:15:00,114.02,114.08,113.17,113.2,115.11,114.25,114.22,114.21,114.04,112.15,113.11,113.16,113.2,113.28,0,0.0,0,0.0,0.0,0.0,0.0,0.0
2023-10-01 22:15:00,113.2,113.22,113.12,113.14,114.22,114.21,114.04,114.02,113.28,112.15,113.11,113.16,0.0,0.0,0,0.0,0,0.0,0.0,0.0,0.0,0.0
2023-10-02 02:15:00,113.14,113.2,113.13,113.15,114.21,114.04,114.02,113.28,113.2,112.15,113.11,0.0,0.0,0.0,0,0.0,0,0.0,0.0,0.0,0.0,0.0
2023-10-02 06:15:00,113.15,113.24,113.1,113.12,114.08,114.04,114.02,113.28,113.2,112.15,113.11,0.0,0.0,0.0,0,0.0,0,0.0,0.0,0.0,0.0,0.0
2023-10-02 10:15:00,113.12,113.15,112.28,112.29,114.08,114.04,114.02,113.28,113.2,112.15,113.11,0.0,0.0,0.0,0,0.0,0,0.0,0.0,0.0,0.0,0.0
2023-10-02 14:15:00,112.3,113.03,112.04,112.25,114.04,114.02,113.28,113.2,113.11,112.15,0.0,0.0,0.0,0.0,0,0.0,0,0.0,0.0,0.0,0.0,0.0
2023-10-02 19:15:00,112.24,112.24,112.15,112.22,114.02,113.28,113.24,113.2,113.11,112.15,0.0,0.0,0.0,0.0,0,0.0,0,0.0,0.0,0.0,0.0,0.0
2023-10-02 23:15:00,112.22,112.27,112.12,112.24,113.28,113.24,113.2,113.15,113.11,112.15,0.0,0.0,0.0,0.0,0,0.0,0,0.0,0.0,0.0,0.0,0.0
2023-10-03 03:15:00,112.24,112.25,112.13,112.16,113.24,113.2,113.15,113.11,113.03,112.04,112.15,0.0,0.0,0.0,0,0.0,0,0.0,0.0,0.0,0.0,0.0
2023-10-03 07:15:00,112.16,112.29,111.31,112.0,113.24,113.2,113.15,113.11,113.03,112.04,112.15,0.0,0.0,0.0,0,0.0,0,0.0,0.0,0.0,0.0,0.0
2023-10-03 11:15:00,112.0,112.1,111.06,111.08,113.15,113.11,113.03,112.15,112.04,0.0,0.0,0.0,0.0,0.0,0,0.0,0,0.0,0.0,0.0,0.0,0.0
2023-10-03 15:15:00,111.09,111.12,110.21,110.26,113.15,113.11,113.03,112.15,112.04,0.0,0.0,0.0,0.0,0.0,0,0.0,0,0.0,0.0,0.0,0.0,0.0
2023-10-03 20:15:00,110.26,111.03,110.22,110.29,113.11,113.03,112.29,112.15,112.04,0.0,0.0,0.0,0.0,0.0,0,0.0,0,0.0,0.0,0.0,0.0,0.0
2023-10-04 00:15:00,110.3,110.31,110.02,110.07,113.03,112.29,112.15,112.1,112.04,0.0,0.0,0.0,0.0,0.0,0,0.0,0,0.0,0.0,0.0,0.0,0.0
2023-10-04 04:15:00,110.08,110.28,109.25,110.26,112.29,112.15,112.1,112.04,111.12,0.0,0.0,0.0,0.0,0.0,0,0.0,0,0.0,0.0,0.0,0.0,0.0
2023-10-04 08:15:00,110.26,111.22,110.18,111.14,112.15,112.1,112.04,111.12,111.03,0.0,0.0,0.0,0.0,0.0,0,0.0,0,0.0,0.0,0.0,0.0,0.0
2023-10-04 12:15:00,111.14,112.0,111.0,111.23,113.03,112.29,112.15,112.1,112.04,111.03,111.12,0.0,0.0,0.0,0,0.0,0,0.0,0.0,0.0,0.0,0.0
2023-10-04 16:15:00,111.23,111.3,111.14,111.22,113.03,112.29,112.15,112.1,112.04,109.25,111.03,111.12,0.0,0.0,0,0.0,0,0.0,0.0,0.0,0.0,0.0
2023-10-04 21:15:00,111.22,111.29,111.18,111.29,113.03,112.29,112.15,112.1,112.04,109.25,110.18,111.03,111.12,0.0,0,0.0,0,0.0,0.0,0.0,0.0,0.0
2023-10-05 01:15:00,111.29,112.02,111.26,111.29,112.29,112.15,112.1,112.04,112.0,109.25,110.18,111.0,111.03,111.12,0,0.0,0,0.0,0.0,0.0,0.0,0.0
2023-10-05 05:15:00,111.29,112.0,111.1,111.13,112.29,112.15,112.1,112.04,112.0,110.18,111.0,111.03,111.12,111.14,0,0.0,0,0.0,0.0,0.0,0.0,0.0
2023-10-05 09:15:00,111.13,111.28,110.28,111.09,112.15,112.1,112.04,112.0,111.14,109.25,110.18,111.0,111.03,111.12,0,0.0,0,0.0,0.0,0.0,0.0,0.0
2023-10-05 13:15:00,111.09,111.27,111.07,111.19,112.04,112.02,112.0,111.14,111.12,109.25,110.18,111.0,111.03,0.0,0,0.0,09/21/2023 17:00,117.90625,117.90625,118.90625,119.90625,0.0
2023-10-05 18:15:00,111.19,111.22,111.13,111.14,112.1,112.04,112.02,112.0,112.0,109.25,110.18,111.0,111.03,111.14,0,0.0,0,0.0,0.0,0.0,0.0,0.0
2023-10-05 22:15:00,111.13,111.16,111.1,111.14,112.02,112.0,112.0,111.28,111.14,109.25,110.18,110.28,111.0,111.03,0,0.0,0,0.0,0.0,0.0,0.0,0.0
2023-10-06 02:15:00,111.13,111.19,111.1,111.12,112.0,112.0,111.28,111.27,111.14,110.18,110.28,111.0,111.03,111.07,0,0.0,0,0.0,0.0,0.0,0.0,0.0
2023-10-06 06:15:00,111.11,111.12,111.0,111.05,112.0,112.0,111.28,111.27,111.22,110.18,110.28,111.0,111.03,111.07,0,0.0,0,0.0,0.0,0.0,0.0,0.0
2023-10-06 10:15:00,111.05,111.12,109.02,109.28,112.0,111.28,111.27,111.22,111.07,109.25,110.18,110.28,111.0,111.03,0,0.0,0,0.0,0.0,0.0,0.0,0.0
2023-10-06 14:15:00,109.28,111.05,109.26,110.28,111.07,111.03,111.0,110.28,110.18,109.25,0.0,0.0,0.0,0.0,0,0.0,09/21/2023 17:00,117.90625,117.90625,118.90625,119.90625,0.0
2023-10-08 19:15:00,110.27,111.23,110.04,111.01,111.19,111.07,111.03,111.0,110.28,109.25,110.18,0.0,0.0,0.0,0,0.0,09/21/2023 17:00,117.90625,117.90625,118.90625,119.90625,0.0
2023-10-08 19:15:00,110.27,111.23,110.04,111.01,111.19,111.07,111.03,111.0,110.28,109.25,110.18,0.0,0.0,0.0,0,0.0,09/21/2023 17:00,117.90625,117.90625,118.90625,119.90625,0.0
2023-10-08 23:15:00,111.01,111.05,110.16,110.26,111.27,111.22,111.19,111.07,111.03,109.02,109.25,110.18,110.28,111.0,0,0.0,0,0.0,0.0,0.0,0.0,0.0
2023-10-09 03:15:00,110.26,111.01,110.19,110.22,111.27,111.22,111.19,111.07,111.03,109.02,109.25,109.26,110.18,0.0,0,0.0,0,0.0,0.0,0.0,0.0,0.0
2023-10-09 07:15:00,110.22,111.04,110.2,110.2,111.23,111.22,111.19,111.07,111.03,109.02,109.25,109.26,110.04,110.18,0,0.0,0,0.0,0.0,0.0,0.0,0.0
2023-10-09 11:15:00,110.21,111.2,110.18,111.19,111.22,111.19,111.07,111.05,111.03,109.25,109.26,110.04,110.16,110.18,0,0.0,09/21/2023 17:00,117.90625,117.90625,118.90625,119.90625,0.0
2023-10-09 11:15:00,110.21,111.2,110.18,111.19,111.22,111.19,111.07,111.05,111.03,109.25,109.26,110.04,110.16,110.18,0,0.0,09/21/2023 17:00,117.90625,117.90625,118.90625,119.90625,0.0
2023-10-09 15:15:00,111.2,112.09,111.16,112.09,112.0,111.28,111.27,111.23,111.22,110.16,110.18,111.05,111.07,111.19,0,0.0,09/21/2023 17:00,117.90625,117.90625,118.90625,119.90625,0.0
2023-10-09 15:15:00,111.2,112.09,111.16,112.09,112.0,111.28,111.27,111.23,111.22,110.16,110.18,111.05,111.07,111.19,0,0.0,09/21/2023 17:00,117.90625,117.90625,118.90625,119.90625,0.0
2023-10-09 15:15:00,111.2,112.09,111.16,112.09,112.0,111.28,111.27,111.23,111.22,110.16,110.18,111.05,111.07,111.19,0,0.0,09/21/2023 17:00,117.90625,117.90625,118.90625,119.90625,0.0
2023-10-09 15:15:00,111.2,112.09,111.16,112.09,112.0,111.28,111.27,111.23,111.22,110.16,110.18,111.05,111.07,111.19,0,0.0,09/21/2023 17:00,117.90625,117.90625,118.90625,119.90625,0.0
2023-10-09 15:15:00,111.2,112.09,111.16,112.09,112.0,111.28,111.27,111.23,111.22,110.16,110.18,111.05,111.07,111.19,0,0.0,09/21/2023 17:00,117.90625,117.90625,118.90625,119.90625,0.0
2023-10-09 15:15:00,111.2,112.09,111.16,112.09,112.0,111.28,111.27,111.23,111.22,110.16,110.18,111.05,111.07,111.19,0,0.0,09/21/2023 17:00,117.90625,117.90625,118.90625,119.90625,0.0
2023-10-09 15:15:00,111.2,112.09,111.16,112.09,112.0,111.28,111.27,111.23,111.22,110.16,110.18,111.05,111.07,111.19,0,0.0,09/21/2023 17:00,117.90625,117.90625,118.90625,119.90625,0.0
2023-10-09 15:15:00,111.2,112.09,111.16,112.09,112.0,111.28,111.27,111.23,111.22,110.16,110.18,111.05,111.07,111.19,0,0.0,09/21/2023 17:00,117.90625,117.90625,118.90625,119.90625,0.0
2023-10-09 20:15:00,112.09,112.17,112.04,112.05,113.11,113.03,112.29,112.15,112.1,111.28,112.0,112.0,112.02,112.04,0,0.0,09/21/2023 17:00,117.90625,117.90625,118.90625,119.90625,0.0
2023-10-10 00:15:00,112.05,112.2,112.0,112.15,113.11,113.03,112.29,112.15,112.1,111.28,112.0,112.0,112.02,112.04,0,0.0,09/21/2023 17:00,117.90625,117.90625,118.90625,119.90625,0.0
2023-10-10 04:15:00,112.15,112.17,111.25,112.0,113.2,113.15,113.11,113.03,112.29,112.0,112.0,112.02,112.04,112.1,0,0.0,0,0.0,0.0,0.0,0.0,0.0
2023-10-10 08:15:00,112.0,112.1,111.1,111.19,113.03,112.29,112.15,112.1,112.02,111.19,111.22,111.23,111.27,111.28,0,0.0,0,0.0,0.0,0.0,0.0,0.0
2023-10-10 12:15:00,111.2,112.16,111.03,112.13,112.0,111.28,111.27,111.23,111.22,110.18,111.05,111.07,111.16,111.19,0,0.0,0,0.0,0.0,0.0,0.0,0.0
2023-10-10 16:15:00,112.12,112.24,112.0,112.07,113.03,112.29,112.2,112.17,112.15,110.18,111.05,111.07,111.16,111.19,0,0.0,0,0.0,0.0,0.0,0.0,0.0
2023-10-10 21:15:00,112.07,112.13,112.03,112.13,113.03,112.29,112.2,112.17,112.15,110.18,111.05,111.07,111.16,111.19,0,0.0,0,0.0,0.0,0.0,0.0,0.0
2023-10-11 01:15:00,112.13,112.27,112.09,112.19,113.03,112.29,112.2,112.17,112.15,111.03,111.05,111.07,111.16,111.19,0,0.0,09/21/2023 17:00,117.90625,117.90625,118.90625,119.90625,0.0
2023-10-11 01:15:00,112.13,112.27,112.09,112.19,113.03,112.29,112.2,112.17,112.15,111.03,111.05,111.07,111.16,111.19,0,0.0,09/21/2023 17:00,117.90625,117.90625,118.90625,119.90625,0.0
2023-10-11 05:15:00,112.19,113.3,112.13,113.2,113.15,113.11,113.03,112.29,112.2,111.16,111.19,112.0,112.15,112.17,0,0.0,09/21/2023 17:00,117.90625,117.90625,118.90625,119.90625,0.0
2023-10-11 05:15:00,112.19,113.3,112.13,113.2,113.15,113.11,113.03,112.29,112.2,111.16,111.19,112.0,112.15,112.17,0,0.0,09/21/2023 17:00,117.90625,117.90625,118.90625,119.90625,0.0
2023-10-11 05:15:00,112.19,113.3,112.13,113.2,113.15,113.11,113.03,112.29,112.2,111.16,111.19,112.0,112.15,112.17,0,0.0,09/21/2023 17:00,117.90625,117.90625,118.90625,119.90625,0.0
2023-10-11 05:15:00,112.19,113.3,112.13,113.2,113.15,113.11,113.03,112.29,112.2,111.16,111.19,112.0,112.15,112.17,0,0.0,09/21/2023 17:00,117.90625,117.90625,118.90625,119.90625,0.0
2023-10-11 05:15:00,112.19,113.3,112.13,113.2,113.15,113.11,113.03,112.29,112.2,111.16,111.19,112.0,112.15,112.17,0,0.0,09/21/2023 17:00,117.90625,117.90625,118.90625,119.90625,0.0
2023-10-11 09:15:00,113.2,113.26,113.03,113.08,114.08,114.04,114.02,113.28,113.24,112.2,112.29,113.03,113.11,113.15,0,0.0,0,0.0,0.0,0.0,0.0,0.0
2023-10-11 13:15:00,113.09,113.28,113.03,113.06,114.02,113.28,113.24,113.2,113.15,112.15,112.17,112.2,112.29,113.03,0,0.0,0,0.0,0.0,0.0,0.0,0.0
2023-10-11 18:15:00,113.06,114.03,113.01,114.01,113.3,113.28,113.24,113.2,113.15,112.15,112.17,112.2,112.29,113.03,10/11/2023 17:00,112.90625,0,0.0,112.90625,111.90625,110.90625,0.0
2023-10-11 18:15:00,113.06,114.03,113.01,114.01,113.3,113.28,113.24,113.2,113.15,112.15,112.17,112.2,112.29,113.03,10/11/2023 17:00,112.90625,0,0.0,112.90625,111.90625,110.90625,0.0
2023-10-11 18:15:00,113.06,114.03,113.01,114.01,113.3,113.28,113.24,113.2,113.15,112.15,112.17,112.2,112.29,113.03,10/11/2023 17:00,112.90625,0,0.0,112.90625,111.90625,110.90625,0.0
2023-10-11 22:15:00,114.01,114.04,113.27,113.28,114.22,114.21,114.08,114.04,114.02,113.03,113.2,113.24,113.28,113.3,10/11/2023 17:00,112.90625,0,0.0,112.90625,111.90625,110.90625,0.0
2023-10-12 02:15:00,113.28,114.06,113.26,114.06,114.21,114.08,114.04,114.02,113.3,112.2,112.29,113.03,113.2,113.24,0,0.0,0,0.0,0.0,0.0,0.0,0.0
2023-10-12 06:15:00,114.06,114.15,113.24,113.3,114.29,114.25,114.22,114.21,114.08,113.01,113.03,113.2,113.24,113.28,0,0.0,0,0.0,0.0,0.0,0.0,0.0
2023-10-12 10:15:00,113.3,114.15,112.19,112.31,114.29,114.25,114.22,114.21,114.08,113.01,113.03,113.2,113.24,113.28,0,0.0,0,0.0,0.0,0.0,0.0,0.0
2023-10-12 14:15:00,112.31,113.02,111.12,111.18,114.21,114.08,113.24,113.03,113.01,112.13,112.15,112.17,112.2,112.29,0,0.0,0,0.0,0.0,0.0,0.0,0.0
2023-10-12 19:15:00,111.18,111.31,111.16,111.29,112.13,112.09,112.03,112.0,111.19,110.18,111.03,111.05,111.07,111.16,0,0.0,0,0.0,0.0,0.0,0.0,0.0
2023-10-12 23:15:00,111.3,112.03,111.26,112.0,112.17,112.13,112.09,112.03,112.0,110.18,111.03,111.05,111.07,111.16,0,0.0,0,0.0,0.0,0.0,0.0,0.0
2023-10-13 03:15:00,111.31,112.12,111.29,112.1,112.17,112.13,112.09,112.03,112.0,111.03,111.05,111.07,111.12,111.16,0,0.0,10/12/2023 17:00,112.90625,112.90625,113.90625,114.90625,0.0
2023-10-13 03:15:00,111.31,112.12,111.29,112.1,112.17,112.13,112.09,112.03,112.0,111.03,111.05,111.07,111.12,111.16,0,0.0,10/12/2023 17:00,112.90625,112.90625,113.90625,114.90625,0.0
2023-10-13 07:15:00,112.1,113.09,112.09,113.07,113.01,112.29,112.2,112.17,112.13,111.16,111.16,112.0,112.03,112.09,0,0.0,10/12/2023 17:00,112.90625,112.90625,113.90625,114.90625,0.0
2023-10-13 07:15:00,112.1,113.09,112.09,113.07,113.01,112.29,112.2,112.17,112.13,111.16,111.16,112.0,112.03,112.09,0,0.0,10/12/2023 17:00,112.90625,112.90625,113.90625,114.90625,0.0
2023-10-13 07:15:00,112.1,113.09,112.09,113.07,113.01,112.29,112.2,112.17,112.13,111.16,111.16,112.0,112.03,112.09,0,0.0,10/12/2023 17:00,112.90625,112.90625,113.90625,114.90625,0.0
2023-10-13 11:15:00,113.06,113.19,112.22,112.27,114.22,114.21,114.15,114.08,113.24,112.03,112.09,112.13,113.01,113.02,0,0.0,10/12/2023 17:00,112.90625,112.90625,113.90625,114.90625,0.0
2023-10-13 15:15:00,112.26,113.04,112.23,112.3,114.21,114.15,114.08,113.24,113.02,111.29,112.0,112.03,112.09,112.13,0,0.0,0,0.0,0.0,0.0,0.0,0.0
2023-10-15 20:15:00,112.3,113.06,112.15,112.17,114.21,114.15,114.08,113.24,113.02,112.0,112.03,112.09,112.09,112.13,0,0.0,0,0.0,0.0,0.0,0.0,0.0
2023-10-16 00:15:00,112.18,112.19,112.1,112.15,114.15,114.08,113.24,113.19,113.02,112.0,112.03,112.09,112.09,112.13,0,0.0,0,0.0,0.0,0.0,0.0,0.0
2023-10-16 04:15:00,112.15,112.2,111.29,111.3,114.15,114.08,113.24,113.19,113.02,112.0,112.03,112.09,112.09,112.13,0,0.0,0,0.0,0.0,0.0,0.0,0.0
2023-10-16 08:15:00,111.3,112.04,111.19,111.21,113.24,113.19,113.06,113.02,112.09,111.12,111.16,111.16,111.26,111.29,0,0.0,0,0.0,0.0,0.0,0.0,0.0
2023-10-16 12:15:00,111.21,112.06,111.13,111.15,113.06,113.02,112.09,111.29,111.26,111.05,111.07,111.12,111.16,111.16,0,0.0,0,0.0,0.0,0.0,0.0,0.0
2023-10-16 16:15:00,111.16,111.22,111.11,111.17,113.02,112.2,112.09,111.29,111.26,110.18,111.03,111.05,111.07,111.12,10/13/2023 17:00,112.90625,0,0.0,112.90625,111.90625,110.90625,0.0
2023-10-16 21:15:00,111.17,111.25,111.12,111.15,113.02,112.2,112.09,111.29,111.26,111.05,111.07,111.12,111.16,111.16,0,0.0,0,0.0,0.0,0.0,0.0,0.0
2023-10-17 01:15:00,111.14,111.18,110.27,111.0,112.2,112.09,112.06,111.29,111.26,110.18,111.03,111.05,111.07,111.12,0,0.0,0,0.0,0.0,0.0,0.0,0.0
2023-10-17 05:15:00,111.01,111.09,110.25,111.02,111.29,111.26,111.12,111.05,111.03,109.26,110.04,110.16,110.18,110.18,0,0.0,0,0.0,0.0,0.0,0.0,0.0
2023-10-17 09:15:00,111.01,111.05,109.29,110.03,111.26,111.25,111.12,111.05,111.03,109.26,110.04,110.16,110.18,110.18,0,0.0,0,0.0,0.0,0.0,0.0,0.0
2023-10-17 13:15:00,110.03,110.28,109.22,110.13,111.05,111.03,110.18,110.16,110.04,109.02,109.25,109.26,0.0,0.0,10/13/2023 17:00,112.90625,0,0.0,112.90625,111.90625,110.90625,0.0
2023-10-17 18:15:00,110.13,110.18,110.02,110.12,111.09,111.05,111.03,110.18,110.16,109.02,109.25,109.26,110.04,0.0,0,0.0,0,0.0,0.0,0.0,0.0,0.0
2023-10-17 22:15:00,110.13,110.17,110.09,110.12,111.05,111.05,111.03,110.18,110.16,109.02,109.25,109.26,110.04,0.0,0,0.0,0,0.0,0.0,0.0,0.0,0.0
2023-10-18 02:15:00,110.13,110.16,110.06,110.09,111.05,111.03,110.28,110.18,110.16,109.02,109.22,109.25,109.26,110.04,0,0.0,0,0.0,0.0,0.0,0.0,0.0
2023-10-18 06:15:00,110.09,110.12,109.26,110.08,111.03,110.28,110.18,110.18,110.16,109.22,109.25,109.26,110.02,110.04,0,0.0,0,0.0,0.0,0.0,0.0,0.0
2023-10-18 10:15:00,110.08,110.17,109.16,109.21,110.28,110.18,110.18,110.17,110.16,109.22,109.25,109.26,110.02,110.04,0,0.0,0,0.0,0.0,0.0,0.0,0.0
2023-10-18 14:15:00,109.21,109.27,108.3,109.26,110.16,110.02,109.26,109.25,109.22,109.02,0.0,0.0,0.0,0.0,0,0.0,10/17/2023 17:00,110.5,110.5,111.5,112.5,0.0
2023-10-18 14:15:00,109.21,109.27,108.3,109.26,110.16,110.02,109.26,109.25,109.22,109.02,0.0,0.0,0.0,0.0,0,0.0,10/17/2023 17:00,110.5,110.5,111.5,112.5,0.0
2023-10-18 19:15:00,109.25,109.25,109.0,109.04,110.18,110.17,110.16,110.02,109.26,109.02,109.22,0.0,0.0,0.0,0,0.0,0,0.0,0.0,0.0,0.0,0.0
2023-10-18 23:15:00,109.04,109.07,108.25,108.3,110.17,110.17,110.16,110.02,109.26,109.02,0.0,0.0,0.0,0.0,0,0.0,0,0.0,0.0,0.0,0.0,0.0
2023-10-19 03:15:00,108.3,108.3,108.2,108.24,110.16,110.02,109.27,109.26,109.02,0.0,0.0,0.0,0.0,0.0,0,0.0,0,0.0,0.0,0.0,0.0,0.0
2023-10-19 07:15:00,108.24,108.28,108.13,108.19,110.02,109.27,109.26,109.25,109.02,0.0,0.0,0.0,0.0,0.0,0,0.0,0,0.0,0.0,0.0,0.0,0.0
2023-10-19 11:15:00,108.18,109.11,108.12,109.01,109.27,109.26,109.25,109.07,109.02,0.0,0.0,0.0,0.0,0.0,0,0.0,0,0.0,0.0,0.0,0.0,0.0
2023-10-19 15:15:00,109.01,109.2,107.3,108.03,109.27,109.26,109.25,109.07,109.02,0.0,0.0,0.0,0.0,0.0,0,0.0,0,0.0,0.0,0.0,0.0,0.0
2023-10-19 20:15:00,108.03,108.08,107.27,108.04,109.27,109.26,109.25,109.07,109.02,0.0,0.0,0.0,0.0,0.0,0,0.0,0,0.0,0.0,0.0,0.0,0.0
2023-10-20 00:15:00,108.04,108.22,108.04,108.2,109.27,109.26,109.25,109.07,109.02,0.0,0.0,0.0,0.0,0.0,0,0.0,0,0.0,0.0,0.0,0.0,0.0
2023-10-20 04:15:00,108.2,108.27,108.12,108.24,109.26,109.25,109.2,109.07,109.02,0.0,0.0,0.0,0.0,0.0,0,0.0,0,0.0,0.0,0.0,0.0,0.0
2023-10-20 08:15:00,108.24,108.28,107.31,108.0,109.26,109.25,109.2,109.07,109.02,107.27,0.0,0.0,0.0,0.0,0,0.0,0,0.0,0.0,0.0,0.0,0.0
2023-10-20 12:15:00,108.0,109.01,107.22,108.23,109.26,109.25,109.2,109.07,109.02,107.27,0.0,0.0,0.0,0.0,0,0.0,0,0.0,0.0,0.0,0.0,0.0
2023-10-20 16:15:00,108.23,108.29,108.17,108.23,109.26,109.25,109.2,109.07,109.02,107.27,0.0,0.0,0.0,0.0,0,0.0,0,0.0,0.0,0.0,0.0,0.0
2023-10-22 21:15:00,108.24,108.25,108.01,108.02,109.26,109.25,109.2,109.07,109.02,107.27,0.0,0.0,0.0,0.0,0,0.0,0,0.0,0.0,0.0,0.0,0.0
2023-10-23 01:15:00,108.03,108.04,107.24,107.31,109.25,109.2,109.07,109.02,109.01,107.22,107.27,0.0,0.0,0.0,0,0.0,0,0.0,0.0,0.0,0.0,0.0
2023-10-23 05:15:00,108.0,108.05,107.14,107.16,109.2,109.07,109.02,109.01,108.29,107.22,107.27,0.0,0.0,0.0,0,0.0,0,0.0,0.0,0.0,0.0,0.0
2023-10-23 09:15:00,107.15,108.13,107.09,108.08,109.01,108.29,108.25,107.27,107.22,0.0,0.0,0.0,0.0,0.0,0,0.0,10/19/2023 17:00,109.0625,109.0625,110.0625,111.0625,0.0
2023-10-23 13:15:00,108.08,110.1,107.29,110.09,109.07,109.02,109.01,108.29,108.25,107.22,107.27,0.0,0.0,0.0,0,0.0,10/19/2023 17:00,109.0625,109.0625,110.0625,111.0625,0.0
2023-10-23 13:15:00,108.08,110.1,107.29,110.09,109.07,109.02,109.01,108.29,108.25,107.22,107.27,0.0,0.0,0.0,0,0.0,10/19/2023 17:00,109.0625,109.0625,110.0625,111.0625,0.0
2023-10-23 13:15:00,108.08,110.1,107.29,110.09,109.07,109.02,109.01,108.29,108.25,107.22,107.27,0.0,0.0,0.0,0,0.0,10/19/2023 17:00,109.0625,109.0625,110.0625,111.0625,0.0
2023-10-23 13:15:00,108.08,110.1,107.29,110.09,109.07,109.02,109.01,108.29,108.25,107.22,107.27,0.0,0.0,0.0,0,0.0,10/19/2023 17:00,109.0625,109.0625,110.0625,111.0625,0.0
2023-10-23 13:15:00,108.08,110.1,107.29,110.09,109.07,109.02,109.01,108.29,108.25,107.22,107.27,0.0,0.0,0.0,0,0.0,10/19/2023 17:00,109.0625,109.0625,110.0625,111.0625,0.0
2023-10-23 13:15:00,108.08,110.1,107.29,110.09,109.07,109.02,109.01,108.29,108.25,107.22,107.27,0.0,0.0,0.0,0,0.0,10/19/2023 17:00,109.0625,109.0625,110.0625,111.0625,0.0
2023-10-23 13:15:00,108.08,110.1,107.29,110.09,109.07,109.02,109.01,108.29,108.25,107.22,107.27,0.0,0.0,0.0,0,0.0,10/19/2023 17:00,109.0625,109.0625,110.0625,111.0625,0.0
2023-10-23 13:15:00,108.08,110.1,107.29,110.09,109.07,109.02,109.01,108.29,108.25,107.22,107.27,0.0,0.0,0.0,0,0.0,10/19/2023 17:00,109.0625,109.0625,110.0625,111.0625,0.0
2023-10-23 13:15:00,108.08,110.1,107.29,110.09,109.07,109.02,109.01,108.29,108.25,107.22,107.27,0.0,0.0,0.0,0,0.0,10/19/2023 17:00,109.0625,109.0625,110.0625,111.0625,0.0
2023-10-23 13:15:00,108.08,110.1,107.29,110.09,109.07,109.02,109.01,108.29,108.25,107.22,107.27,0.0,0.0,0.0,0,0.0,10/19/2023 17:00,109.0625,109.0625,110.0625,111.0625,0.0
2023-10-23 18:15:00,110.09,110.13,109.26,109.28,110.18,110.18,110.17,110.17,110.16,109.2,109.25,109.26,109.27,110.02,0,0.0,0,0.0,0.0,0.0,0.0,0.0
2023-10-23 22:15:00,109.28,110.02,109.22,109.31,110.18,110.18,110.17,110.17,110.16,109.07,109.2,109.25,109.26,109.27,0,0.0,0,0.0,0.0,0.0,0.0,0.0
2023-10-24 02:15:00,109.31,110.04,109.29,110.03,110.18,110.18,110.17,110.17,110.16,109.07,109.2,109.25,109.26,109.27,0,0.0,0,0.0,0.0,0.0,0.0,0.0
2023-10-24 06:15:00,110.03,110.21,109.29,109.31,110.18,110.17,110.17,110.16,110.13,109.07,109.2,109.25,109.26,109.27,0,0.0,0,0.0,0.0,0.0,0.0,0.0
2023-10-24 10:15:00,109.3,110.04,109.13,109.26,110.18,110.17,110.17,110.16,110.13,109.2,109.22,109.25,109.26,109.27,0,0.0,0,0.0,0.0,0.0,0.0,0.0
2023-10-24 14:15:00,109.27,110.09,109.18,110.01,110.18,110.17,110.17,110.16,110.13,109.07,109.2,109.22,109.25,109.26,0,0.0,0,0.0,0.0,0.0,0.0,0.0
2023-10-24 19:15:00,110.01,110.2,109.31,110.15,110.18,110.17,110.17,110.16,110.13,109.07,109.2,109.22,109.25,109.26,10/23/2023 17:00,109.0625,0,0.0,109.0625,108.0625,107.0625,0.0
2023-10-24 23:15:00,110.15,110.21,110.09,110.09,110.18,110.18,110.17,110.17,110.16,109.2,109.22,109.25,109.26,110.13,0,0.0,0,0.0,0.0,0.0,0.0,0.0
2023-10-25 03:15:00,110.09,110.18,110.04,110.05,110.18,110.17,110.17,110.16,110.13,109.18,109.2,109.22,109.25,109.26,0,0.0,0,0.0,0.0,0.0,0.0,0.0
2023-10-25 07:15:00,110.05,110.05,109.22,109.28,110.18,110.17,110.17,110.16,110.13,109.2,109.22,109.25,109.26,109.31,0,0.0,0,0.0,0.0,0.0,0.0,0.0
2023-10-25 11:15:00,109.28,110.03,108.31,109.08,110.17,110.17,110.16,110.13,109.31,109.18,109.2,109.22,109.25,109.26,0,0.0,0,0.0,0.0,0.0,0.0,0.0
2023-10-25 15:15:00,109.07,109.08,108.16,108.2,109.25,109.22,109.2,109.18,109.13,107.29,108.25,108.29,109.01,109.02,0,0.0,0,0.0,0.0,0.0,0.0,0.0
2023-10-25 20:15:00,108.21,108.26,108.14,108.23,109.13,109.07,109.01,108.29,108.25,107.09,107.22,107.27,107.29,0.0,0,0.0,0,0.0,0.0,0.0,0.0,0.0
2023-10-26 00:15:00,108.22,108.23,108.11,108.14,109.13,109.07,109.01,108.29,108.25,107.09,107.22,107.27,107.29,0.0,0,0.0,0,0.0,0.0,0.0,0.0,0.0
2023-10-26 04:15:00,108.14,108.23,108.01,108.19,109.08,109.07,109.01,108.29,108.25,107.09,107.22,107.27,107.29,0.0,0,0.0,0,0.0,0.0,0.0,0.0,0.0
2023-10-26 08:15:00,108.18,108.25,108.09,108.13,109.07,109.01,108.29,108.26,108.25,107.09,107.22,107.27,107.29,0.0,0,0.0,0,0.0,0.0,0.0,0.0,0.0
2023-10-26 12:15:00,108.13,109.15,108.08,109.15,109.07,109.01,108.29,108.26,108.25,107.09,107.22,107.27,107.29,0.0,0,0.0,10/25/2023 17:00,109.0625,109.0625,110.0625,111.0625,0.0
2023-10-26 12:15:00,108.13,109.15,108.08,109.15,109.07,109.01,108.29,108.26,108.25,107.09,107.22,107.27,107.29,0.0,0,0.0,10/25/2023 17:00,109.0625,109.0625,110.0625,111.0625,0.0
2023-10-26 12:15:00,108.13,109.15,108.08,109.15,109.07,109.01,108.29,108.26,108.25,107.09,107.22,107.27,107.29,0.0,0,0.0,10/25/2023 17:00,109.0625,109.0625,110.0625,111.0625,0.0
2023-10-26 16:15:00,109.15,110.04,109.06,110.0,109.31,109.25,109.22,109.2,109.18,107.29,108.01,108.26,109.08,109.13,0,0.0,10/25/2023 17:00,109.0625,109.0625,110.0625,111.0625,0.0
2023-10-26 16:15:00,109.15,110.04,109.06,110.0,109.31,109.25,109.22,109.2,109.18,107.29,108.01,108.26,109.08,109.13,0,0.0,10/25/2023 17:00,109.0625,109.0625,110.0625,111.0625,0.0
2023-10-26 21:15:00,110.0,110.01,109.23,109.26,110.17,110.16,110.13,110.05,110.03,109.08,109.13,109.18,109.22,109.31,0,0.0,10/25/2023 17:00,109.0625,109.0625,110.0625,111.0625,0.0
2023-10-27 01:15:00,109.26,109.29,109.21,109.24,110.17,110.16,110.13,110.05,110.03,108.26,109.08,109.13,109.18,109.22,0,0.0,0,0.0,0.0,0.0,0.0,0.0
2023-10-27 05:15:00,109.24,109.29,109.11,109.2,110.16,110.13,110.05,110.04,110.03,109.06,109.08,109.13,109.18,109.22,0,0.0,0,0.0,0.0,0.0,0.0,0.0
2023-10-27 09:15:00,109.2,109.26,109.06,109.1,110.13,110.05,110.04,110.03,110.01,108.26,109.06,109.08,109.13,109.18,0,0.0,0,0.0,0.0,0.0,0.0,0.0
2023-10-27 13:15:00,109.1,109.27,109.03,109.07,110.13,110.05,110.04,110.03,110.01,108.01,108.08,108.26,109.06,109.08,0,0.0,0,0.0,0.0,0.0,0.0,0.0
2023-10-29 18:15:00,109.08,109.3,109.08,109.23,110.05,110.04,110.03,110.01,109.29,107.29,108.01,108.08,108.26,109.06,0,0.0,0,0.0,0.0,0.0,0.0,0.0
2023-10-29 22:15:00,109.23,109.23,109.08,109.15,110.05,110.04,110.03,110.01,109.29,107.29,108.01,108.08,108.26,109.06,0,0.0,0,0.0,0.0,0.0,0.0,0.0
2023-10-30 02:15:00,109.15,109.16,109.09,109.11,110.05,110.04,110.03,110.01,109.29,108.01,108.08,108.26,109.03,109.06,0,0.0,0,0.0,0.0,0.0,0.0,0.0
2023-10-30 06:15:00,109.11,109.31,109.1,109.16,110.04,110.03,110.01,109.3,109.29,108.01,108.08,108.26,109.03,109.06,0,0.0,0,0.0,0.0,0.0,0.0,0.0
2023-10-30 10:15:00,109.16,109.21,108.3,109.08,110.04,110.03,110.01,109.3,109.29,108.08,108.26,109.03,109.06,109.08,0,0.0,0,0.0,0.0,0.0,0.0,0.0
2023-10-30 14:15:00,109.08,109.15,108.21,109.11,110.04,110.03,110.01,109.3,109.29,108.01,108.08,108.26,109.03,109.06,0,0.0,0,0.0,0.0,0.0,0.0,0.0
2023-10-30 19:15:00,109.11,109.26,109.04,109.08,110.03,110.01,109.31,109.3,109.29,108.08,108.26,109.03,109.06,109.08,0,0.0,0,0.0,0.0,0.0,0.0,0.0
2023-10-30 23:15:00,109.08,109.12,109.02,109.08,110.03,110.01,109.31,109.3,109.29,108.01,108.08,108.26,109.03,109.06,0,0.0,0,0.0,0.0,0.0,0.0,0.0
2023-10-31 03:15:00,109.08,109.25,109.06,109.2,110.03,110.01,109.31,109.3,109.29,108.08,108.21,108.26,109.03,109.06,0,0.0,0,0.0,0.0,0.0,0.0,0.0
2023-10-31 07:15:00,109.2,110.13,109.2,110.06,110.01,109.31,109.3,109.29,109.26,108.21,108.26,109.03,109.06,109.08,0,0.0,10/25/2023 17:00,109.0625,109.0625,110.0625,111.0625,0.0
2023-10-31 07:15:00,109.2,110.13,109.2,110.06,110.01,109.31,109.3,109.29,109.26,108.21,108.26,109.03,109.06,109.08,0,0.0,10/25/2023 17:00,109.0625,109.0625,110.0625,111.0625,0.0
2023-10-31 07:15:00,109.2,110.13,109.2,110.06,110.01,109.31,109.3,109.29,109.26,108.21,108.26,109.03,109.06,109.08,0,0.0,10/25/2023 17:00,109.0625,109.0625,110.0625,111.0625,0.0
2023-10-31 07:15:00,109.2,110.13,109.2,110.06,110.01,109.31,109.3,109.29,109.26,108.21,108.26,109.03,109.06,109.08,0,0.0,10/25/2023 17:00,109.0625,109.0625,110.0625,111.0625,0.0
2023-10-31 07:15:00,109.2,110.13,109.2,110.06,110.01,109.31,109.3,109.29,109.26,108.21,108.26,109.03,109.06,109.08,0,0.0,10/25/2023 17:00,109.0625,109.0625,110.0625,111.0625,0.0
2023-10-31 07:15:00,109.2,110.13,109.2,110.06,110.01,109.31,109.3,109.29,109.26,108.21,108.26,109.03,109.06,109.08,0,0.0,10/25/2023 17:00,109.0625,109.0625,110.0625,111.0625,0.0
2023-10-31 07:15:00,109.2,110.13,109.2,110.06,110.01,109.31,109.3,109.29,109.26,108.21,108.26,109.03,109.06,109.08,0,0.0,10/25/2023 17:00,109.0625,109.0625,110.0625,111.0625,0.0
2023-10-31 07:15:00,109.2,110.13,109.2,110.06,110.01,109.31,109.3,109.29,109.26,108.21,108.26,109.03,109.06,109.08,0,0.0,10/25/2023 17:00,109.0625,109.0625,110.0625,111.0625,0.0
2023-10-31 11:15:00,110.06,110.17,109.16,110.01,110.18,110.17,110.17,110.16,110.13,109.31,110.01,110.03,110.04,110.05,0,0.0,0,0.0,0.0,0.0,0.0,0.0
2023-10-31 15:15:00,110.0,110.02,109.14,109.16,110.13,110.05,110.04,110.03,110.01,109.08,109.26,109.29,109.3,109.31,0,0.0,0,0.0,0.0,0.0,0.0,0.0
2023-10-31 20:15:00,109.15,109.21,108.23,108.29,110.01,109.31,109.3,109.29,109.26,109.02,109.03,109.06,109.06,109.08,0,0.0,0,0.0,0.0,0.0,0.0,0.0
2023-11-01 00:15:00,108.29,109.04,108.24,109.02,109.08,109.06,109.06,109.03,109.02,107.29,108.01,108.08,108.21,108.26,0,0.0,0,0.0,0.0,0.0,0.0,0.0
2023-11-01 04:15:00,109.02,109.07,108.29,108.3,109.26,109.08,109.06,109.06,109.03,107.29,108.01,108.08,108.21,108.26,0,0.0,0,0.0,0.0,0.0,0.0,0.0
2023-11-01 08:15:00,108.3,109.08,108.27,109.03,109.08,109.06,109.06,109.03,109.02,108.01,108.08,108.21,108.23,108.26,0,0.0,10/25/2023 17:00,109.0625,109.0625,110.0625,111.0625,0.0
2023-11-01 12:15:00,109.03,110.31,109.02,110.17,109.26,109.21,109.08,109.06,109.06,108.21,108.23,108.24,108.26,109.02,0,0.0,10/25/2023 17:00,109.0625,109.0625,110.0625,111.0625,0.0
2023-11-01 12:15:00,109.03,110.31,109.02,110.17,109.26,109.21,109.08,109.06,109.06,108.21,108.23,108.24,108.26,109.02,0,0.0,10/25/2023 17:00,109.0625,109.0625,110.0625,111.0625,0.0
2023-11-01 12:15:00,109.03,110.31,109.02,110.17,109.26,109.21,109.08,109.06,109.06,108.21,108.23,108.24,108.26,109.02,0,0.0,10/25/2023 17:00,109.0625,109.0625,110.0625,111.0625,0.0
2023-11-01 12:15:00,109.03,110.31,109.02,110.17,109.26,109.21,109.08,109.06,109.06,108.21,108.23,108.24,108.26,109.02,0,0.0,10/25/2023 17:00,109.0625,109.0625,110.0625,111.0625,0.0
2023-11-01 12:15:00,109.03,110.31,109.02,110.17,109.26,109.21,109.08,109.06,109.06,108.21,108.23,108.24,108.26,109.02,0,0.0,10/25/2023 17:00,109.0625,109.0625,110.0625,111.0625,0.0
2023-11-01 16:15:00,110.16,111.02,110.05,110.28,110.18,110.18,110.17,110.17,110.17,109.06,109.06,109.08,109.21,110.02,0,0.0,10/25/2023 17:00,109.0625,109.0625,110.0625,111.0625,0.0
2023-11-01 16:15:00,110.16,111.02,110.05,110.28,110.18,110.18,110.17,110.17,110.17,109.06,109.06,109.08,109.21,110.02,0,0.0,10/25/2023 17:00,109.0625,109.0625,110.0625,111.0625,0.0
2023-11-01 16:15:00,110.16,111.02,110.05,110.28,110.18,110.18,110.17,110.17,110.17,109.06,109.06,109.08,109.21,110.02,0,0.0,10/25/2023 17:00,109.0625,109.0625,110.0625,111.0625,0.0
2023-11-01 16:15:00,110.16,111.02,110.05,110.28,110.18,110.18,110.17,110.17,110.17,109.06,109.06,109.08,109.21,110.02,0,0.0,10/25/2023 17:00,109.0625,109.0625,110.0625,111.0625,0.0
2023-11-01 16:15:00,110.16,111.02,110.05,110.28,110.18,110.18,110.17,110.17,110.17,109.06,109.06,109.08,109.21,110.02,0,0.0,10/25/2023 17:00,109.0625,109.0625,110.0625,111.0625,0.0
2023-11-01 16:15:00,110.16,111.02,110.05,110.28,110.18,110.18,110.17,110.17,110.17,109.06,109.06,109.08,109.21,110.02,0,0.0,10/25/2023 17:00,109.0625,109.0625,110.0625,111.0625,0.0
2023-11-01 16:15:00,110.16,111.02,110.05,110.28,110.18,110.18,110.17,110.17,110.17,109.06,109.06,109.08,109.21,110.02,0,0.0,10/25/2023 17:00,109.0625,109.0625,110.0625,111.0625,0.0
2023-11-01 16:15:00,110.16,111.02,110.05,110.28,110.18,110.18,110.17,110.17,110.17,109.06,109.06,109.08,109.21,110.02,0,0.0,10/25/2023 17:00,109.0625,109.0625,110.0625,111.0625,0.0
2023-11-01 21:15:00,110.28,111.2,110.28,111.19,111.12,111.09,111.05,111.05,111.03,110.18,110.18,110.18,110.21,110.21,11/01/2023 17:00,110.53125,0,0.0,110.53125,109.53125,108.53125,0.0
2023-11-01 21:15:00,110.28,111.2,110.28,111.19,111.12,111.09,111.05,111.05,111.03,110.18,110.18,110.18,110.21,110.21,11/01/2023 17:00,110.53125,0,0.0,110.53125,109.53125,108.53125,0.0
2023-11-01 21:15:00,110.28,111.2,110.28,111.19,111.12,111.09,111.05,111.05,111.03,110.18,110.18,110.18,110.21,110.21,11/01/2023 17:00,110.53125,0,0.0,110.53125,109.53125,108.53125,0.0
2023-11-01 21:15:00,110.28,111.2,110.28,111.19,111.12,111.09,111.05,111.05,111.03,110.18,110.18,110.18,110.21,110.21,11/01/2023 17:00,110.53125,0,0.0,110.53125,109.53125,108.53125,0.0
2023-11-01 21:15:00,110.28,111.2,110.28,111.19,111.12,111.09,111.05,111.05,111.03,110.18,110.18,110.18,110.21,110.21,11/01/2023 17:00,110.53125,0,0.0,110.53125,109.53125,108.53125,0.0
2023-11-01 21:15:00,110.28,111.2,110.28,111.19,111.12,111.09,111.05,111.05,111.03,110.18,110.18,110.18,110.21,110.21,11/01/2023 17:00,110.53125,0,0.0,110.53125,109.53125,108.53125,0.0
2023-11-01 21:15:00,110.28,111.2,110.28,111.19,111.12,111.09,111.05,111.05,111.03,110.18,110.18,110.18,110.21,110.21,11/01/2023 17:00,110.53125,0,0.0,110.53125,109.53125,108.53125,0.0
2023-11-01 21:15:00,110.28,111.2,110.28,111.19,111.12,111.09,111.05,111.05,111.03,110.18,110.18,110.18,110.21,110.21,11/01/2023 17:00,110.53125,0,0.0,110.53125,109.53125,108.53125,0.0
2023-11-02 01:15:00,111.2,111.24,111.14,111.19,112.09,112.06,111.29,111.26,111.25,111.03,111.05,111.09,111.12,111.18,11/01/2023 17:00,110.53125,0,0.0,110.53125,109.53125,108.53125,0.0
2023-11-02 05:15:00,111.19,111.19,111.04,111.18,112.09,112.06,111.29,111.26,111.25,111.03,111.05,111.09,111.12,111.18,0,0.0,0,0.0,0.0,0.0,0.0,0.0
2023-11-02 09:15:00,111.17,112.28,111.14,112.26,112.06,111.29,111.26,111.25,111.18,110.28,111.03,111.05,111.09,111.12,11/01/2023 17:00,110.53125,0,0.0,110.53125,109.53125,108.53125,0.0
2023-11-02 09:15:00,111.17,112.28,111.14,112.26,112.06,111.29,111.26,111.25,111.18,110.28,111.03,111.05,111.09,111.12,11/01/2023 17:00,110.53125,0,0.0,110.53125,109.53125,108.53125,0.0
2023-11-02 09:15:00,111.17,112.28,111.14,112.26,112.06,111.29,111.26,111.25,111.18,110.28,111.03,111.05,111.09,111.12,11/01/2023 17:00,110.53125,0,0.0,110.53125,109.53125,108.53125,0.0
2023-11-02 09:15:00,111.17,112.28,111.14,112.26,112.06,111.29,111.26,111.25,111.18,110.28,111.03,111.05,111.09,111.12,11/01/2023 17:00,110.53125,0,0.0,110.53125,109.53125,108.53125,0.0
2023-11-02 13:15:00,112.26,113.04,112.02,112.06,114.08,113.24,113.19,113.06,113.02,111.26,111.29,112.06,112.09,112.2,11/01/2023 17:00,110.53125,0,0.0,110.53125,109.53125,108.53125,0.0
2023-11-02 13:15:00,112.26,113.04,112.02,112.06,114.08,113.24,113.19,113.06,113.02,111.26,111.29,112.06,112.09,112.2,11/01/2023 17:00,110.53125,0,0.0,110.53125,109.53125,108.53125,0.0
2023-11-02 18:15:00,112.06,112.29,112.06,112.27,113.24,113.19,113.06,113.02,112.2,111.12,111.18,111.25,111.26,111.29,0,0.0,0,0.0,0.0,0.0,0.0,0.0
2023-11-02 22:15:00,112.27,112.27,112.2,112.26,114.08,113.24,113.19,113.06,113.02,111.18,111.25,111.26,111.29,112.06,0,0.0,0,0.0,0.0,0.0,0.0,0.0
2023-11-03 02:15:00,112.26,112.3,112.25,112.27,113.24,113.19,113.06,113.04,113.02,111.25,111.26,111.29,112.02,112.06,0,0.0,0,0.0,0.0,0.0,0.0,0.0
2023-11-03 06:15:00,112.28,112.28,112.17,112.25,113.24,113.19,113.06,113.04,113.02,111.26,111.29,112.02,112.06,112.06,0,0.0,0,0.0,0.0,0.0,0.0,0.0
2023-11-03 10:15:00,112.25,115.0,112.21,114.08,113.24,113.19,113.06,113.04,113.02,111.26,111.29,112.02,112.06,112.06,11/02/2023 17:00,111.6875,0,0.0,111.6875,110.6875,109.6875,0.0
2023-11-03 10:15:00,112.25,115.0,112.21,114.08,113.24,113.19,113.06,113.04,113.02,111.26,111.29,112.02,112.06,112.06,11/02/2023 17:00,111.6875,0,0.0,111.6875,110.6875,109.6875,0.0
2023-11-03 10:15:00,112.25,115.0,112.21,114.08,113.24,113.19,113.06,113.04,113.02,111.26,111.29,112.02,112.06,112.06,11/02/2023 17:00,111.6875,0,0.0,111.6875,110.6875,109.6875,0.0
2023-11-03 14:15:00,114.08,114.21,113.26,114.02,114.29,114.25,114.22,114.21,114.15,112.06,112.06,113.04,113.06,113.19,0,0.0,0,0.0,0.0,0.0,0.0,0.0
2023-11-05 19:15:00,114.02,114.03,113.11,113.12,114.25,114.22,114.21,114.15,114.08,112.06,112.17,113.04,113.06,113.19,0,0.0,0,0.0,0.0,0.0,0.0,0.0
2023-11-05 23:15:00,113.13,113.19,113.12,113.17,114.22,114.21,114.15,114.08,113.19,112.06,112.17,112.21,113.04,113.06,0,0.0,0,0.0,0.0,0.0,0.0,0.0
2023-11-06 03:15:00,113.17,113.19,113.11,113.16,114.21,114.21,114.15,114.08,113.19,112.06,112.17,112.21,113.04,113.06,0,0.0,0,0.0,0.0,0.0,0.0,0.0
2023-11-06 07:15:00,113.15,113.18,113.12,113.15,114.21,114.15,114.08,114.03,113.19,112.06,112.17,112.21,113.04,113.06,0,0.0,0,0.0,0.0,0.0,0.0,0.0
2023-11-06 11:15:00,113.15,113.16,112.24,112.3,114.21,114.15,114.08,114.03,113.19,112.06,112.17,112.21,113.04,113.06,0,0.0,0,0.0,0.0,0.0,0.0,0.0
2023-11-06 15:15:00,112.3,113.01,112.17,112.22,114.03,113.19,113.19,113.06,113.04,112.02,112.06,112.06,112.17,112.21,0,0.0,0,0.0,0.0,0.0,0.0,0.0
2023-11-06 20:15:00,112.22,113.05,112.19,113.03,113.19,113.19,113.18,113.06,113.04,112.02,112.06,112.06,112.17,112.21,0,0.0,0,0.0,0.0,0.0,0.0,0.0
2023-11-07 00:15:00,113.03,113.03,112.26,112.3,113.19,113.18,113.16,113.06,113.04,112.02,112.06,112.06,112.17,112.21,0,0.0,0,0.0,0.0,0.0,0.0,0.0
2023-11-07 04:15:00,112.29,113.16,112.2,113.14,113.19,113.18,113.16,113.06,113.04,112.06,112.06,112.17,112.17,112.21,0,0.0,0,0.0,0.0,0.0,0.0,0.0
2023-11-07 08:15:00,113.13,113.24,113.0,113.09,114.03,113.19,113.19,113.18,113.16,112.06,112.17,112.17,112.19,112.21,0,0.0,0,0.0,0.0,0.0,0.0,0.0
2023-11-07 12:15:00,113.09,114.01,113.08,113.29,114.03,113.19,113.19,113.18,113.16,112.06,112.17,112.17,112.19,112.21,0,0.0,11/06/2023 17:00,113.59375,113.59375,114.59375,115.59375,0.0
2023-11-07 12:15:00,113.09,114.01,113.08,113.29,114.03,113.19,113.19,113.18,113.16,112.06,112.17,112.17,112.19,112.21,0,0.0,11/06/2023 17:00,113.59375,113.59375,114.59375,115.59375,0.0
2023-11-07 12:15:00,113.09,114.01,113.08,113.29,114.03,113.19,113.19,113.18,113.16,112.06,112.17,112.17,112.19,112.21,0,0.0,11/06/2023 17:00,113.59375,113.59375,114.59375,115.59375,0.0
2023-11-07 16:15:00,113.3,114.16,113.24,114.03,114.21,114.21,114.15,114.08,114.03,112.2,112.21,113.16,113.18,113.19,0,0.0,0,0.0,0.0,0.0,0.0,0.0
2023-11-07 21:15:00,114.03,114.1,114.0,114.02,114.22,114.21,114.21,114.15,114.08,112.21,113.0,113.16,113.18,113.19,0,0.0,0,0.0,0.0,0.0,0.0,0.0
2023-11-08 01:15:00,114.02,114.04,113.25,113.25,114.21,114.21,114.15,114.08,114.03,113.0,113.08,113.16,113.18,113.19,0,0.0,0,0.0,0.0,0.0,0.0,0.0
2023-11-08 05:15:00,113.26,114.13,113.2,114.09,114.21,114.16,114.15,114.08,114.03,113.08,113.16,113.18,113.19,113.24,11/07/2023 17:00,113.90625,0,0.0,113.90625,112.90625,111.90625,0.0
2023-11-08 05:15:00,113.26,114.13,113.2,114.09,114.21,114.16,114.15,114.08,114.03,113.08,113.16,113.18,113.19,113.24,11/07/2023 17:00,113.90625,0,0.0,113.90625,112.90625,111.90625,0.0
2023-11-08 09:15:00,114.09,114.16,114.0,114.11,114.22,114.21,114.21,114.16,114.15,113.18,113.19,113.24,114.03,114.08,0,0.0,0,0.0,0.0,0.0,0.0,0.0
2023-11-08 13:15:00,114.12,115.09,114.06,115.01,114.22,114.21,114.21,114.16,114.15,113.18,113.19,113.24,114.03,114.08,11/07/2023 17:00,113.90625,0,0.0,113.90625,112.90625,111.90625,0.0
2023-11-08 13:15:00,114.12,115.09,114.06,115.01,114.22,114.21,114.21,114.16,114.15,113.18,113.19,113.24,114.03,114.08,11/07/2023 17:00,113.90625,0,0.0,113.90625,112.90625,111.90625,0.0
2023-11-08 13:15:00,114.12,115.09,114.06,115.01,114.22,114.21,114.21,114.16,114.15,113.18,113.19,113.24,114.03,114.08,11/07/2023 17:00,113.90625,0,0.0,113.90625,112.90625,111.90625,0.0
2023-11-08 13:15:00,114.12,115.09,114.06,115.01,114.22,114.21,114.21,114.16,114.15,113.18,113.19,113.24,114.03,114.08,11/07/2023 17:00,113.90625,0,0.0,113.90625,112.90625,111.90625,0.0
2023-11-08 13:15:00,114.12,115.09,114.06,115.01,114.22,114.21,114.21,114.16,114.15,113.18,113.19,113.24,114.03,114.08,11/07/2023 17:00,113.90625,0,0.0,113.90625,112.90625,111.90625,0.0
2023-11-08 13:15:00,114.12,115.09,114.06,115.01,114.22,114.21,114.21,114.16,114.15,113.18,113.19,113.24,114.03,114.08,11/07/2023 17:00,113.90625,0,0.0,113.90625,112.90625,111.90625,0.0
2023-11-08 13:15:00,114.12,115.09,114.06,115.01,114.22,114.21,114.21,114.16,114.15,113.18,113.19,113.24,114.03,114.08,11/07/2023 17:00,113.90625,0,0.0,113.90625,112.90625,111.90625,0.0
2023-11-08 18:15:00,115.01,115.17,114.28,115.1,115.28,115.22,115.2,115.11,115.11,114.21,114.22,114.25,114.29,115.0,0,0.0,0,0.0,0.0,0.0,0.0,0.0
2023-11-08 22:15:00,115.1,115.17,115.05,115.14,115.28,115.22,115.2,115.11,115.11,114.21,114.22,114.25,114.29,115.0,0,0.0,0,0.0,0.0,0.0,0.0,0.0
2023-11-09 02:15:00,115.13,115.14,115.01,115.06,116.0,115.28,115.28,115.22,115.2,114.21,114.22,114.25,114.29,115.0,0,0.0,0,0.0,0.0,0.0,0.0,0.0
2023-11-09 06:15:00,115.05,115.09,114.15,114.23,116.0,115.28,115.28,115.22,115.2,114.22,114.25,114.28,114.29,115.0,0,0.0,0,0.0,0.0,0.0,0.0,0.0
2023-11-09 10:15:00,114.23,114.27,114.03,114.07,115.2,115.17,115.0,114.29,114.28,114.08,114.15,114.16,114.21,114.22,0,0.0,0,0.0,0.0,0.0,0.0,0.0
2023-11-09 14:15:00,114.07,114.12,112.17,113.03,114.28,114.21,114.16,114.15,114.08,113.2,113.24,114.0,114.03,114.06,0,0.0,0,0.0,0.0,0.0,0.0,0.0
2023-11-09 19:15:00,113.03,113.11,112.27,112.31,113.2,113.19,113.18,113.16,113.08,112.17,112.19,112.2,112.21,113.0,0,0.0,0,0.0,0.0,0.0,0.0,0.0
2023-11-09 23:15:00,112.31,113.17,112.3,113.14,113.19,113.18,113.16,113.08,113.0,112.17,112.17,112.19,112.2,112.21,0,0.0,11/09/2023 17:00,114.90625,114.90625,115.90625,116.90625,0.0
2023-11-09 23:15:00,112.31,113.17,112.3,113.14,113.19,113.18,113.16,113.08,113.0,112.17,112.17,112.19,112.2,112.21,0,0.0,11/09/2023 17:00,114.90625,114.90625,115.90625,116.90625,0.0
2023-11-10 03:15:00,113.14,113.26,113.07,113.21,113.24,113.2,113.19,113.18,113.16,112.19,112.2,112.21,113.0,113.08,0,0.0,11/09/2023 17:00,114.90625,114.90625,115.90625,116.90625,0.0
2023-11-10 07:15:00,113.21,113.23,112.3,113.17,114.08,114.06,114.03,114.0,113.24,112.21,112.27,113.0,113.08,113.2,0,0.0,0,0.0,0.0,0.0,0.0,0.0
2023-11-10 11:15:00,113.16,114.06,113.15,113.31,114.08,114.06,114.03,114.0,113.24,112.2,112.21,112.27,113.0,113.08,0,0.0,11/09/2023 17:00,114.90625,114.90625,115.90625,116.90625,0.0
2023-11-10 15:15:00,113.3,113.3,113.11,113.18,114.12,114.08,114.06,114.03,114.0,112.21,112.27,113.0,113.08,113.24,0,0.0,0,0.0,0.0,0.0,0.0,0.0
2023-11-12 20:15:00,113.18,113.21,113.03,113.05,114.12,114.08,114.06,114.03,114.0,112.21,112.27,112.3,113.0,113.08,0,0.0,0,0.0,0.0,0.0,0.0,0.0
2023-11-13 00:15:00,113.05,113.05,112.27,113.0,114.08,114.06,114.06,114.03,114.0,112.2,112.21,112.27,112.3,113.0,0,0.0,0,0.0,0.0,0.0,0.0,0.0
2023-11-13 04:15:00,113.0,113.11,112.3,113.05,114.06,114.06,114.03,114.0,113.3,112.19,112.2,112.21,112.27,112.3,0,0.0,0,0.0,0.0,0.0,0.0,0.0
2023-11-13 08:15:00,113.05,113.18,113.03,113.07,114.06,114.03,114.0,113.3,113.21,112.2,112.21,112.27,112.3,113.0,0,0.0,0,0.0,0.0,0.0,0.0,0.0
2023-11-13 12:15:00,113.06,113.16,112.17,113.07,114.06,114.03,114.0,113.3,113.21,112.21,112.27,112.27,112.3,113.0,0,0.0,0,0.0,0.0,0.0,0.0,0.0
2023-11-13 16:15:00,113.07,113.17,113.03,113.11,114.06,114.03,114.0,113.3,113.21,112.21,112.27,112.27,112.3,113.0,0,0.0,0,0.0,0.0,0.0,0.0,0.0
2023-11-13 21:15:00,113.11,113.11,113.03,113.05,114.03,114.0,113.3,113.21,113.18,112.21,112.27,112.27,112.3,113.0,0,0.0,0,0.0,0.0,0.0,0.0,0.0
2023-11-14 01:15:00,113.05,113.18,113.05,113.15,114.03,114.0,113.3,113.21,113.18,112.21,112.27,112.27,112.3,113.0,0,0.0,0,0.0,0.0,0.0,0.0,0.0
2023-11-14 05:15:00,113.15,113.25,113.13,113.21,114.03,114.0,113.3,113.21,113.18,112.21,112.27,112.27,112.3,113.0,0,0.0,11/09/2023 17:00,114.90625,114.90625,115.90625,116.90625,0.0
2023-11-14 09:15:00,113.2,115.15,113.06,115.15,114.06,114.03,114.0,113.3,113.21,112.27,112.3,113.0,113.03,113.18,0,0.0,11/09/2023 17:00,114.90625,114.90625,115.90625,116.90625,0.0
2023-11-14 09:15:00,113.2,115.15,113.06,115.15,114.06,114.03,114.0,113.3,113.21,112.27,112.3,113.0,113.03,113.18,0,0.0,11/09/2023 17:00,114.90625,114.90625,115.90625,116.90625,0.0
2023-11-14 09:15:00,113.2,115.15,113.06,115.15,114.06,114.03,114.0,113.3,113.21,112.27,112.3,113.0,113.03,113.18,0,0.0,11/09/2023 17:00,114.90625,114.90625,115.90625,116.90625,0.0
2023-11-14 09:15:00,113.2,115.15,113.06,115.15,114.06,114.03,114.0,113.3,113.21,112.27,112.3,113.0,113.03,113.18,0,0.0,11/09/2023 17:00,114.90625,114.90625,115.90625,116.90625,0.0
2023-11-14 09:15:00,113.2,115.15,113.06,115.15,114.06,114.03,114.0,113.3,113.21,112.27,112.3,113.0,113.03,113.18,0,0.0,11/09/2023 17:00,114.90625,114.90625,115.90625,116.90625,0.0
2023-11-14 09:15:00,113.2,115.15,113.06,115.15,114.06,114.03,114.0,113.3,113.21,112.27,112.3,113.0,113.03,113.18,0,0.0,11/09/2023 17:00,114.90625,114.90625,115.90625,116.90625,0.0
2023-11-14 09:15:00,113.2,115.15,113.06,115.15,114.06,114.03,114.0,113.3,113.21,112.27,112.3,113.0,113.03,113.18,0,0.0,11/09/2023 17:00,114.90625,114.90625,115.90625,116.90625,0.0
2023-11-14 09:15:00,113.2,115.15,113.06,115.15,114.06,114.03,114.0,113.3,113.21,112.27,112.3,113.0,113.03,113.18,0,0.0,11/09/2023 17:00,114.90625,114.90625,115.90625,116.90625,0.0
2023-11-14 09:15:00,113.2,115.15,113.06,115.15,114.06,114.03,114.0,113.3,113.21,112.27,112.3,113.0,113.03,113.18,0,0.0,11/09/2023 17:00,114.90625,114.90625,115.90625,116.90625,0.0
2023-11-14 13:15:00,115.15,115.28,115.04,115.1,115.28,115.28,115.22,115.2,115.17,114.12,114.27,114.28,115.09,115.14,0,0.0,11/09/2023 17:00,114.90625,114.90625,115.90625,116.90625,0.0
2023-11-14 18:15:00,115.11,115.22,115.07,115.17,115.28,115.22,115.2,115.17,115.14,114.06,114.12,114.27,114.28,115.09,0,0.0,0,0.0,0.0,0.0,0.0,0.0
2023-11-14 22:15:00,115.16,115.28,115.16,115.28,115.28,115.28,115.22,115.2,115.17,114.06,114.12,114.27,114.28,115.09,11/14/2023 17:00,114.90625,0,0.0,114.90625,113.90625,112.90625,0.0
2023-11-14 22:15:00,115.16,115.28,115.16,115.28,115.28,115.28,115.22,115.2,115.17,114.06,114.12,114.27,114.28,115.09,11/14/2023 17:00,114.90625,0,0.0,114.90625,113.90625,112.90625,0.0
2023-11-14 22:15:00,115.16,115.28,115.16,115.28,115.28,115.28,115.22,115.2,115.17,114.06,114.12,114.27,114.28,115.09,11/14/2023 17:00,114.90625,0,0.0,114.90625,113.90625,112.90625,0.0
2023-11-15 02:15:00,115.28,115.28,115.12,115.13,116.2,116.08,116.07,116.04,116.0,115.04,115.09,115.17,115.2,115.22,0,0.0,0,0.0,0.0,0.0,0.0,0.0
2023-11-15 06:15:00,115.13,115.25,115.05,115.06,115.28,115.28,115.22,115.2,115.17,114.27,114.28,115.04,115.07,115.09,0,0.0,0,0.0,0.0,0.0,0.0,0.0
2023-11-15 10:15:00,115.07,115.2,114.06,114.13,115.28,115.22,115.2,115.17,115.09,114.06,114.12,114.27,114.28,115.04,0,0.0,0,0.0,0.0,0.0,0.0,0.0
2023-11-15 14:15:00,114.12,114.2,114.03,114.08,115.17,115.09,115.07,115.04,114.27,113.21,113.3,114.0,114.06,114.06,0,0.0,0,0.0,0.0,0.0,0.0,0.0
2023-11-15 19:15:00,114.08,114.2,114.07,114.2,115.09,115.07,115.04,114.27,114.12,113.21,113.3,114.0,114.06,114.06,0,0.0,0,0.0,0.0,0.0,0.0,0.0
2023-11-15 23:15:00,114.19,114.27,114.19,114.25,115.17,115.09,115.07,115.04,114.27,113.21,113.3,114.0,114.06,114.06,0,0.0,0,0.0,0.0,0.0,0.0,0.0
2023-11-16 03:15:00,114.26,115.0,114.24,114.28,115.17,115.09,115.07,115.04,114.27,113.3,114.0,114.03,114.06,114.06,0,0.0,0,0.0,0.0,0.0,0.0,0.0
2023-11-16 07:15:00,114.28,115.02,114.22,114.28,115.2,115.17,115.09,115.07,115.04,114.0,114.03,114.06,114.06,114.07,0,0.0,0,0.0,0.0,0.0,0.0,0.0
2023-11-16 11:15:00,114.28,115.23,114.22,115.13,115.2,115.17,115.09,115.07,115.04,114.03,114.06,114.06,114.07,114.19,0,0.0,11/15/2023 17:00,115.0,115.0,116.0,117.0,114.28
2023-11-16 11:15:00,114.28,115.23,114.22,115.13,115.2,115.17,115.09,115.07,115.04,114.03,114.06,114.06,114.07,114.19,0,0.0,11/15/2023 17:00,115.0,115.0,116.0,117.0,114.28
2023-11-16 15:15:00,115.13,115.2,114.31,115.13,115.25,115.22,115.2,115.2,115.17,114.06,114.07,114.19,115.04,115.07,0,0.0,0,0.0,0.0,0.0,0.0,0.0
2023-11-16 20:15:00,115.13,115.16,115.06,115.15,115.25,115.22,115.2,115.2,115.17,114.06,114.07,114.19,115.04,115.07,0,0.0,0,0.0,0.0,0.0,0.0,0.0
2023-11-17 00:15:00,115.15,115.19,115.12,115.14,115.23,115.22,115.2,115.2,115.17,114.07,114.19,114.22,115.04,115.07,0,0.0,0,0.0,0.0,0.0,0.0,0.0
2023-11-17 04:15:00,115.14,116.1,115.0,116.07,115.22,115.2,115.2,115.2,115.17,114.19,114.22,114.31,115.04,115.07,11/16/2023 17:00,115.0,0,0.0,115.0,114.0,113.0,0.0
2023-11-17 04:15:00,115.14,116.1,115.0,116.07,115.22,115.2,115.2,115.2,115.17,114.19,114.22,114.31,115.04,115.07,11/16/2023 17:00,115.0,0,0.0,115.0,114.0,113.0,0.0
2023-11-17 04:15:00,115.14,116.1,115.0,116.07,115.22,115.2,115.2,115.2,115.17,114.19,114.22,114.31,115.04,115.07,11/16/2023 17:00,115.0,0,0.0,115.0,114.0,113.0,0.0
2023-11-17 04:15:00,115.14,116.1,115.0,116.07,115.22,115.2,115.2,115.2,115.17,114.19,114.22,114.31,115.04,115.07,11/16/2023 17:00,115.0,0,0.0,115.0,114.0,113.0,0.0
2023-11-17 04:15:00,115.14,116.1,115.0,116.07,115.22,115.2,115.2,115.2,115.17,114.19,114.22,114.31,115.04,115.07,11/16/2023 17:00,115.0,0,0.0,115.0,114.0,113.0,0.0
2023-11-17 04:15:00,115.14,116.1,115.0,116.07,115.22,115.2,115.2,115.2,115.17,114.19,114.22,114.31,115.04,115.07,11/16/2023 17:00,115.0,0,0.0,115.0,114.0,113.0,0.0
2023-11-17 08:15:00,116.07,116.08,115.23,116.0,117.05,116.27,116.22,116.2,116.08,115.28,115.28,115.28,116.0,116.04,11/16/2023 17:00,115.0,0,0.0,115.0,114.0,113.0,0.0
2023-11-17 08:15:00,116.07,116.08,115.23,116.0,117.05,116.27,116.22,116.2,116.08,115.28,115.28,115.28,116.0,116.04,11/16/2023 17:00,115.0,0,0.0,115.0,114.0,113.0,0.0
2023-11-17 12:15:00,115.31,115.31,115.05,115.19,116.22,116.2,116.08,116.07,116.0,115.23,115.25,115.28,115.28,115.28,0,0.0,0,0.0,0.0,0.0,0.0,0.0
2023-11-17 16:15:00,115.19,115.3,115.16,115.18,115.28,115.25,115.23,115.2,115.2,114.22,114.31,115.0,115.04,115.07,0,0.0,0,0.0,0.0,0.0,0.0,0.0
2023-11-19 21:15:00,115.19,115.21,115.04,115.07,115.28,115.25,115.23,115.2,115.2,114.22,114.31,115.0,115.04,115.07,0,0.0,0,0.0,0.0,0.0,0.0,0.0
2023-11-20 01:15:00,115.07,115.13,115.05,115.08,115.28,115.25,115.23,115.2,115.2,114.19,114.22,114.31,115.0,115.04,0,0.0,0,0.0,0.0,0.0,0.0,0.0
2023-11-20 05:15:00,115.07,115.15,114.3,115.1,115.28,115.25,115.23,115.2,115.2,114.19,114.22,114.31,115.0,115.04,0,0.0,0,0.0,0.0,0.0,0.0,0.0
2023-11-20 09:15:00,115.11,115.11,114.27,115.08,115.25,115.23,115.21,115.2,115.2,114.22,114.31,115.0,115.04,115.07,0,0.0,0,0.0,0.0,0.0,0.0,0.0
2023-11-20 13:15:00,115.08,116.06,115.03,116.04,115.25,115.23,115.21,115.2,115.2,114.22,114.31,115.0,115.04,115.07,11/17/2023 17:00,115.53125,0,0.0,115.53125,114.53125,113.53125,0.0
2023-11-20 13:15:00,115.08,116.06,115.03,116.04,115.25,115.23,115.21,115.2,115.2,114.22,114.31,115.0,115.04,115.07,11/17/2023 17:00,115.53125,0,0.0,115.53125,114.53125,113.53125,0.0
2023-11-20 13:15:00,115.08,116.06,115.03,116.04,115.25,115.23,115.21,115.2,115.2,114.22,114.31,115.0,115.04,115.07,11/17/2023 17:00,115.53125,0,0.0,115.53125,114.53125,113.53125,0.0
2023-11-20 13:15:00,115.08,116.06,115.03,116.04,115.25,115.23,115.21,115.2,115.2,114.22,114.31,115.0,115.04,115.07,11/17/2023 17:00,115.53125,0,0.0,115.53125,114.53125,113.53125,0.0
2023-11-20 18:15:00,116.04,116.07,115.27,116.0,116.2,116.1,116.08,116.08,116.07,115.04,115.07,115.21,115.3,115.31,0,0.0,0,0.0,0.0,0.0,0.0,0.0
2023-11-20 22:15:00,116.0,116.11,115.3,116.1,116.2,116.1,116.08,116.08,116.07,115.04,115.07,115.21,115.3,115.31,11/20/2023 17:00,115.875,0,0.0,115.875,114.875,113.875,0.0
2023-11-20 22:15:00,116.0,116.11,115.3,116.1,116.2,116.1,116.08,116.08,116.07,115.04,115.07,115.21,115.3,115.31,11/20/2023 17:00,115.875,0,0.0,115.875,114.875,113.875,0.0
2023-11-21 02:15:00,116.1,116.19,116.08,116.15,117.08,117.05,116.27,116.22,116.2,115.3,115.31,116.07,116.08,116.08,11/20/2023 17:00,115.875,0,0.0,115.875,114.875,113.875,0.0
2023-11-21 02:15:00,116.1,116.19,116.08,116.15,117.08,117.05,116.27,116.22,116.2,115.3,115.31,116.07,116.08,116.08,11/20/2023 17:00,115.875,0,0.0,115.875,114.875,113.875,0.0
2023-11-21 06:15:00,116.15,116.19,116.04,116.07,117.08,117.05,116.27,116.22,116.2,115.31,116.07,116.08,116.08,116.1,0,0.0,0,0.0,0.0,0.0,0.0,0.0
2023-11-21 10:15:00,116.07,116.1,115.21,116.06,116.22,116.2,116.1,116.08,116.08,115.21,115.27,115.3,115.3,115.31,0,0.0,0,0.0,0.0,0.0,0.0,0.0
2023-11-21 14:15:00,116.06,116.09,115.13,115.19,116.22,116.2,116.1,116.08,116.08,115.21,115.27,115.3,115.3,115.31,0,0.0,0,0.0,0.0,0.0,0.0,0.0
2023-11-21 19:15:00,115.19,116.08,115.17,116.03,115.31,115.3,115.3,115.27,115.21,114.31,115.0,115.03,115.04,115.07,0,0.0,11/21/2023 17:00,115.875,115.875,116.875,117.875,0.0
2023-11-21 19:15:00,115.19,116.08,115.17,116.03,115.31,115.3,115.3,115.27,115.21,114.31,115.0,115.03,115.04,115.07,0,0.0,11/21/2023 17:00,115.875,115.875,116.875,117.875,0.0
2023-11-21 23:15:00,116.03,116.04,115.25,115.29,116.19,116.1,116.1,116.08,116.08,115.03,115.04,115.07,115.27,115.3,0,0.0,0,0.0,0.0,0.0,0.0,0.0
2023-11-22 03:15:00,115.28,116.06,115.25,116.04,116.1,116.1,116.09,116.08,116.08,115.03,115.04,115.07,115.13,115.27,0,0.0,0,0.0,0.0,0.0,0.0,0.0
2023-11-22 07:15:00,116.04,116.2,116.0,116.18,116.1,116.09,116.08,116.08,116.08,115.04,115.07,115.13,115.17,115.27,0,0.0,11/21/2023 17:00,115.875,115.875,116.875,117.875,0.0
2023-11-22 07:15:00,116.04,116.2,116.0,116.18,116.1,116.09,116.08,116.08,116.08,115.04,115.07,115.13,115.17,115.27,0,0.0,11/21/2023 17:00,115.875,115.875,116.875,117.875,0.0
2023-11-22 07:15:00,116.04,116.2,116.0,116.18,116.1,116.09,116.08,116.08,116.08,115.04,115.07,115.13,115.17,115.27,0,0.0,11/21/2023 17:00,115.875,115.875,116.875,117.875,0.0
2023-11-22 11:15:00,116.17,116.21,115.2,115.27,117.05,116.27,116.22,116.2,116.19,115.17,115.27,116.08,116.09,116.1,0,0.0,0,0.0,0.0,0.0,0.0,0.0
2023-11-22 15:15:00,115.27,116.03,115.23,115.31,116.2,116.19,116.1,116.09,116.08,115.03,115.04,115.07,115.13,115.17,0,0.0,0,0.0,0.0,0.0,0.0,0.0
2023-11-22 20:15:00,115.31,116.12,115.3,116.11,116.2,116.19,116.1,116.09,116.08,115.04,115.07,115.13,115.17,115.27,0,0.0,0,0.0,0.0,0.0,0.0,0.0
2023-11-23 00:15:00,116.12,116.12,116.07,116.08,116.27,116.22,116.21,116.2,116.19,115.07,115.13,115.17,115.2,115.27,0,0.0,0,0.0,0.0,0.0,0.0,0.0
2023-11-23 04:15:00,116.09,116.13,115.29,116.06,116.27,116.22,116.21,116.2,116.19,115.13,115.17,115.2,115.23,115.27,0,0.0,0,0.0,0.0,0.0,0.0,0.0
2023-11-23 08:15:00,116.05,116.07,115.18,115.18,116.27,116.22,116.21,116.2,116.19,115.13,115.17,115.2,115.23,115.27,0,0.0,0,0.0,0.0,0.0,0.0,0.0
2023-11-23 12:15:00,115.19,115.21,115.13,115.18,116.21,116.2,116.19,115.23,115.2,115.03,115.04,115.07,115.13,115.17,0,0.0,0,0.0,0.0,0.0,0.0,0.0
2023-11-23 21:15:00,115.19,115.22,115.14,115.16,116.2,116.19,116.13,115.23,115.2,115.03,115.04,115.07,115.13,115.17,0,0.0,0,0.0,0.0,0.0,0.0,0.0
2023-11-24 01:15:00,115.16,115.17,115.13,115.14,116.13,116.07,115.23,115.2,115.17,115.0,115.03,115.04,115.07,115.13,0,0.0,0,0.0,0.0,0.0,0.0,0.0
2023-11-24 05:15:00,115.14,115.16,114.29,115.05,116.13,116.07,115.23,115.2,115.17,115.0,115.03,115.04,115.07,115.13,0,0.0,0,0.0,0.0,0.0,0.0,0.0
2023-11-24 09:15:00,115.05,115.14,114.3,115.06,115.23,115.22,115.2,115.17,115.13,114.27,114.31,115.0,115.03,115.04,0,0.0,0,0.0,0.0,0.0,0.0,0.0
2023-11-24 13:15:00,115.06,115.12,114.31,115.05,115.22,115.2,115.17,115.17,115.13,114.27,114.31,115.0,115.03,115.04,0,0.0,0,0.0,0.0,0.0,0.0,0.0
2023-11-26 21:15:00,115.03,115.03,114.2,114.28,115.17,115.17,115.16,115.13,115.04,114.22,114.27,114.29,114.31,115.0,0,0.0,0,0.0,0.0,0.0,0.0,0.0
2023-11-27 01:15:00,114.27,115.0,114.25,114.31,115.13,115.03,115.0,114.31,114.29,114.06,114.06,114.07,114.19,114.22,0,0.0,11/23/2023 13:00,115.625,115.625,116.625,117.625,0.0
2023-11-27 05:15:00,114.31,115.05,114.25,114.3,115.14,115.13,115.12,115.03,115.0,114.07,114.19,114.22,114.27,114.29,0,0.0,0,0.0,0.0,0.0,0.0,0.0
2023-11-27 09:15:00,114.31,115.21,114.31,115.13,115.14,115.13,115.12,115.03,115.0,114.19,114.2,114.22,114.27,114.29,0,0.0,11/23/2023 13:00,115.625,115.625,116.625,117.625,0.0
2023-11-27 09:15:00,114.31,115.21,114.31,115.13,115.14,115.13,115.12,115.03,115.0,114.19,114.2,114.22,114.27,114.29,0,0.0,11/23/2023 13:00,115.625,115.625,116.625,117.625,0.0
2023-11-27 09:15:00,114.31,115.21,114.31,115.13,115.14,115.13,115.12,115.03,115.0,114.19,114.2,114.22,114.27,114.29,0,0.0,11/23/2023 13:00,115.625,115.625,116.625,117.625,0.0
2023-11-27 13:15:00,115.13,116.05,115.11,116.05,115.2,115.17,115.17,115.16,115.14,114.29,114.31,115.0,115.03,115.12,0,0.0,11/23/2023 13:00,115.625,115.625,116.625,117.625,0.0
2023-11-27 13:15:00,115.13,116.05,115.11,116.05,115.2,115.17,115.17,115.16,115.14,114.29,114.31,115.0,115.03,115.12,0,0.0,11/23/2023 13:00,115.625,115.625,116.625,117.625,0.0
2023-11-27 13:15:00,115.13,116.05,115.11,116.05,115.2,115.17,115.17,115.16,115.14,114.29,114.31,115.0,115.03,115.12,0,0.0,11/23/2023 13:00,115.625,115.625,116.625,117.625,0.0
2023-11-27 13:15:00,115.13,116.05,115.11,116.05,115.2,115.17,115.17,115.16,115.14,114.29,114.31,115.0,115.03,115.12,0,0.0,11/23/2023 13:00,115.625,115.625,116.625,117.625,0.0
2023-11-27 13:15:00,115.13,116.05,115.11,116.05,115.2,115.17,115.17,115.16,115.14,114.29,114.31,115.0,115.03,115.12,0,0.0,11/23/2023 13:00,115.625,115.625,116.625,117.625,0.0
2023-11-27 13:15:00,115.13,116.05,115.11,116.05,115.2,115.17,115.17,115.16,115.14,114.29,114.31,115.0,115.03,115.12,0,0.0,11/23/2023 13:00,115.625,115.625,116.625,117.625,0.0
2023-11-27 13:15:00,115.13,116.05,115.11,116.05,115.2,115.17,115.17,115.16,115.14,114.29,114.31,115.0,115.03,115.12,0,0.0,11/23/2023 13:00,115.625,115.625,116.625,117.625,0.0
2023-11-27 13:15:00,115.13,116.05,115.11,116.05,115.2,115.17,115.17,115.16,115.14,114.29,114.31,115.0,115.03,115.12,0,0.0,11/23/2023 13:00,115.625,115.625,116.625,117.625,0.0
2023-11-27 13:15:00,115.13,116.05,115.11,116.05,115.2,115.17,115.17,115.16,115.14,114.29,114.31,115.0,115.03,115.12,0,0.0,11/23/2023 13:00,115.625,115.625,116.625,117.625,0.0
2023-11-27 18:15:00,116.05,116.1,115.3,116.05,116.21,116.2,116.19,116.13,116.07,115.17,115.17,115.2,115.22,115.23,0,0.0,0,0.0,0.0,0.0,0.0,0.0
2023-11-27 22:15:00,116.04,116.07,115.31,116.04,116.21,116.2,116.19,116.13,116.07,115.17,115.17,115.2,115.22,115.23,0,0.0,0,0.0,0.0,0.0,0.0,0.0
2023-11-28 02:15:00,116.04,116.11,115.31,116.1,116.21,116.2,116.19,116.13,116.07,115.17,115.17,115.2,115.22,115.23,11/27/2023 17:00,115.625,0,0.0,115.625,114.625,113.625,0.0
2023-11-28 06:15:00,116.1,116.15,115.3,116.04,116.22,116.21,116.2,116.19,116.13,115.2,115.22,115.23,115.3,116.07,0,0.0,0,0.0,0.0,0.0,0.0,0.0
2023-11-28 10:15:00,116.04,116.13,115.23,116.02,116.21,116.2,116.19,116.13,116.07,115.17,115.2,115.22,115.23,115.3,0,0.0,0,0.0,0.0,0.0,0.0,0.0
2023-11-28 14:15:00,116.02,116.21,116.01,116.11,116.21,116.2,116.19,116.13,116.07,115.17,115.2,115.22,115.23,115.3,0,0.0,0,0.0,0.0,0.0,0.0,0.0
2023-11-28 19:15:00,116.11,116.25,116.09,116.23,116.22,116.21,116.2,116.19,116.13,115.17,115.2,115.22,115.23,115.3,11/28/2023 17:00,116.40625,0,0.0,116.40625,115.40625,114.40625,0.0
2023-11-28 19:15:00,116.11,116.25,116.09,116.23,116.22,116.21,116.2,116.19,116.13,115.17,115.2,115.22,115.23,115.3,11/28/2023 17:00,116.40625,0,0.0,116.40625,115.40625,114.40625,0.0
2023-11-28 19:15:00,116.11,116.25,116.09,116.23,116.22,116.21,116.2,116.19,116.13,115.17,115.2,115.22,115.23,115.3,11/28/2023 17:00,116.40625,0,0.0,116.40625,115.40625,114.40625,0.0
2023-11-28 19:15:00,116.11,116.25,116.09,116.23,116.22,116.21,116.2,116.19,116.13,115.17,115.2,115.22,115.23,115.3,11/28/2023 17:00,116.40625,0,0.0,116.40625,115.40625,114.40625,0.0
2023-11-28 23:15:00,116.23,117.08,116.2,117.0,117.27,117.18,117.08,117.05,116.27,115.3,116.13,116.19,116.21,116.22,11/28/2023 17:00,116.40625,0,0.0,116.40625,115.40625,114.40625,0.0
2023-11-29 03:15:00,117.0,117.19,116.3,117.09,117.29,117.27,117.18,117.08,117.05,116.13,116.19,116.21,116.22,116.27,11/28/2023 17:00,116.40625,0,0.0,116.40625,115.40625,114.40625,0.0
2023-11-29 03:15:00,117.0,117.19,116.3,117.09,117.29,117.27,117.18,117.08,117.05,116.13,116.19,116.21,116.22,116.27,11/28/2023 17:00,116.40625,0,0.0,116.40625,115.40625,114.40625,0.0
2023-11-29 07:15:00,117.09,117.1,116.31,117.08,118.01,118.0,117.29,117.27,117.18,116.21,116.22,116.27,117.05,117.08,0,0.0,0,0.0,0.0,0.0,0.0,0.0
2023-11-29 11:15:00,117.08,117.21,116.21,117.12,118.01,118.0,117.29,117.27,117.18,116.2,116.21,116.22,116.27,117.05,0,0.0,0,0.0,0.0,0.0,0.0,0.0
2023-11-29 15:15:00,117.11,117.2,116.27,117.16,118.01,118.0,117.29,117.27,117.18,116.21,116.22,116.27,117.05,117.08,0,0.0,0,0.0,0.0,0.0,0.0,0.0
2023-11-29 20:15:00,117.16,117.27,117.14,117.24,118.01,118.0,117.29,117.27,117.18,116.21,116.22,116.27,117.05,117.08,11/29/2023 17:00,117.25,0,0.0,117.25,116.25,115.25,125.25
2023-11-30 00:15:00,117.23,117.23,117.11,117.11,118.08,118.01,118.0,117.29,117.27,116.22,116.27,117.05,117.08,117.18,0,0.0,0,0.0,0.0,0.0,0.0,0.0
2023-11-30 04:15:00,117.12,117.22,117.08,117.12,118.01,118.0,117.29,117.27,117.18,116.22,116.27,116.27,117.05,117.08,0,0.0,0,0.0,0.0,0.0,0.0,0.0
2023-11-30 08:15:00,117.12,117.13,116.31,117.06,118.0,117.29,117.27,117.27,117.18,116.22,116.27,116.27,117.05,117.08,0,0.0,0,0.0,0.0,0.0,0.0,0.0
2023-11-30 12:15:00,117.06,117.17,116.14,116.25,117.27,117.27,117.23,117.18,117.08,116.21,116.22,116.27,116.27,117.05,0,0.0,0,0.0,0.0,0.0,0.0,0.0
2023-11-30 16:15:00,116.24,116.28,116.08,116.28,117.18,117.08,117.05,116.27,116.27,116.19,116.2,116.21,116.21,116.22,11/29/2023 17:00,117.25,0,0.0,117.25,116.25,115.25,125.25
2023-11-30 21:15:00,116.27,117.0,116.21,116.22,117.23,117.22,117.18,117.08,117.05,116.19,116.2,116.21,116.21,116.22,0,0.0,0,0.0,0.0,0.0,0.0,0.0
2023-12-01 01:15:00,116.22,116.28,116.19,116.26,117.22,117.18,117.17,117.08,117.05,116.13,116.19,116.2,116.21,116.21,0,0.0,0,0.0,0.0,0.0,0.0,0.0
2023-12-01 05:15:00,116.26,117.0,116.18,116.29,117.22,117.18,117.17,117.08,117.05,116.19,116.2,116.21,116.21,116.22,0,0.0,0,0.0,0.0,0.0,0.0,0.0
2023-12-01 09:15:00,116.29,117.0,116.16,116.22,117.22,117.18,117.17,117.08,117.05,116.19,116.2,116.21,116.21,116.22,0,0.0,0,0.0,0.0,0.0,0.0,0.0
2023-12-01 13:15:00,116.21,118.08,116.16,118.07,117.18,117.17,117.08,117.05,116.22,116.08,116.09,116.13,116.19,116.2,0,0.0,11/30/2023 17:00,117.25,117.25,118.25,119.25,117.19
2023-12-01 13:15:00,116.21,118.08,116.16,118.07,117.18,117.17,117.08,117.05,116.22,116.08,116.09,116.13,116.19,116.2,0,0.0,11/30/2023 17:00,117.25,117.25,118.25,119.25,117.19
2023-12-01 13:15:00,116.21,118.08,116.16,118.07,117.18,117.17,117.08,117.05,116.22,116.08,116.09,116.13,116.19,116.2,0,0.0,11/30/2023 17:00,117.25,117.25,118.25,119.25,117.19
2023-12-01 13:15:00,116.21,118.08,116.16,118.07,117.18,117.17,117.08,117.05,116.22,116.08,116.09,116.13,116.19,116.2,0,0.0,11/30/2023 17:00,117.25,117.25,118.25,119.25,117.19
2023-12-01 13:15:00,116.21,118.08,116.16,118.07,117.18,117.17,117.08,117.05,116.22,116.08,116.09,116.13,116.19,116.2,0,0.0,11/30/2023 17:00,117.25,117.25,118.25,119.25,117.19
2023-12-01 13:15:00,116.21,118.08,116.16,118.07,117.18,117.17,117.08,117.05,116.22,116.08,116.09,116.13,116.19,116.2,0,0.0,11/30/2023 17:00,117.25,117.25,118.25,119.25,117.19
2023-12-03 18:15:00,118.07,118.2,118.02,118.09,118.29,118.26,118.09,118.09,118.08,117.27,117.27,117.29,118.0,118.01,12/01/2023 17:00,118.03125,0,0.0,118.03125,117.03125,116.03125,0.0
2023-12-03 18:15:00,118.07,118.2,118.02,118.09,118.29,118.26,118.09,118.09,118.08,117.27,117.27,117.29,118.0,118.01,12/01/2023 17:00,118.03125,0,0.0,118.03125,117.03125,116.03125,0.0
2023-12-03 18:15:00,118.07,118.2,118.02,118.09,118.29,118.26,118.09,118.09,118.08,117.27,117.27,117.29,118.0,118.01,12/01/2023 17:00,118.03125,0,0.0,118.03125,117.03125,116.03125,0.0
2023-12-03 22:15:00,118.09,118.12,117.31,117.31,119.01,119.0,118.29,118.29,118.26,117.27,117.29,118.0,118.01,118.08,0,0.0,0,0.0,0.0,0.0,0.0,0.0
2023-12-04 02:15:00,118.0,118.08,117.28,118.05,118.29,118.26,118.09,118.09,118.01,117.22,117.23,117.27,117.27,117.29,0,0.0,0,0.0,0.0,0.0,0.0,0.0
2023-12-04 06:15:00,118.06,118.06,117.28,117.31,118.29,118.26,118.2,118.09,118.09,117.22,117.23,117.27,117.27,117.29,0,0.0,0,0.0,0.0,0.0,0.0,0.0
2023-12-04 10:15:00,118.0,118.05,117.21,118.01,118.26,118.2,118.12,118.09,118.09,117.22,117.23,117.27,117.27,117.29,0,0.0,0,0.0,0.0,0.0,0.0,0.0
2023-12-04 14:15:00,118.01,118.04,117.12,117.19,118.2,118.12,118.09,118.09,118.08,117.22,117.23,117.27,117.27,117.29,0,0.0,0,0.0,0.0,0.0,0.0,0.0
2023-12-04 19:15:00,117.18,118.03,117.17,118.03,118.06,117.27,117.27,117.23,117.22,116.2,116.21,116.21,116.22,117.17,0,0.0,0,0.0,0.0,0.0,0.0,0.0
2023-12-04 23:15:00,118.03,118.12,117.3,118.1,118.09,118.09,118.08,118.06,118.05,116.2,116.21,116.21,116.22,117.17,0,0.0,12/04/2023 17:00,118.03125,118.03125,119.03125,120.03125,0.0
2023-12-04 23:15:00,118.03,118.12,117.3,118.1,118.09,118.09,118.08,118.06,118.05,116.2,116.21,116.21,116.22,117.17,0,0.0,12/04/2023 17:00,118.03125,118.03125,119.03125,120.03125,0.0
2023-12-04 23:15:00,118.03,118.12,117.3,118.1,118.09,118.09,118.08,118.06,118.05,116.2,116.21,116.21,116.22,117.17,0,0.0,12/04/2023 17:00,118.03125,118.03125,119.03125,120.03125,0.0
2023-12-04 23:15:00,118.03,118.12,117.3,118.1,118.09,118.09,118.08,118.06,118.05,116.2,116.21,116.21,116.22,117.17,0,0.0,12/04/2023 17:00,118.03125,118.03125,119.03125,120.03125,0.0
2023-12-05 03:15:00,118.1,118.14,118.06,118.1,118.29,118.29,118.26,118.2,118.12,118.05,118.06,118.08,118.09,118.09,0,0.0,12/04/2023 17:00,118.03125,118.03125,119.03125,120.03125,0.0
2023-12-05 07:15:00,118.1,118.14,118.03,118.09,118.29,118.29,118.26,118.2,118.12,118.05,118.06,118.08,118.09,118.09,0,0.0,0,0.0,0.0,0.0,0.0,0.0
2023-12-05 11:15:00,118.1,119.2,118.1,119.19,118.29,118.29,118.26,118.2,118.12,118.05,118.06,118.08,118.09,118.09,0,0.0,12/04/2023 17:00,118.03125,118.03125,119.03125,120.03125,0.0
2023-12-05 11:15:00,118.1,119.2,118.1,119.19,118.29,118.29,118.26,118.2,118.12,118.05,118.06,118.08,118.09,118.09,0,0.0,12/04/2023 17:00,118.03125,118.03125,119.03125,120.03125,0.0
2023-12-05 11:15:00,118.1,119.2,118.1,119.19,118.29,118.29,118.26,118.2,118.12,118.05,118.06,118.08,118.09,118.09,0,0.0,12/04/2023 17:00,118.03125,118.03125,119.03125,120.03125,0.0
2023-12-05 11:15:00,118.1,119.2,118.1,119.19,118.29,118.29,118.26,118.2,118.12,118.05,118.06,118.08,118.09,118.09,0,0.0,12/04/2023 17:00,118.03125,118.03125,119.03125,120.03125,0.0
2023-12-05 11:15:00,118.1,119.2,118.1,119.19,118.29,118.29,118.26,118.2,118.12,118.05,118.06,118.08,118.09,118.09,0,0.0,12/04/2023 17:00,118.03125,118.03125,119.03125,120.03125,0.0
2023-12-05 11:15:00,118.1,119.2,118.1,119.19,118.29,118.29,118.26,118.2,118.12,118.05,118.06,118.08,118.09,118.09,0,0.0,12/04/2023 17:00,118.03125,118.03125,119.03125,120.03125,0.0
2023-12-05 11:15:00,118.1,119.2,118.1,119.19,118.29,118.29,118.26,118.2,118.12,118.05,118.06,118.08,118.09,118.09,0,0.0,12/04/2023 17:00,118.03125,118.03125,119.03125,120.03125,0.0
2023-12-05 11:15:00,118.1,119.2,118.1,119.19,118.29,118.29,118.26,118.2,118.12,118.05,118.06,118.08,118.09,118.09,0,0.0,12/04/2023 17:00,118.03125,118.03125,119.03125,120.03125,0.0
2023-12-05 11:15:00,118.1,119.2,118.1,119.19,118.29,118.29,118.26,118.2,118.12,118.05,118.06,118.08,118.09,118.09,0,0.0,12/04/2023 17:00,118.03125,118.03125,119.03125,120.03125,0.0
2023-12-05 11:15:00,118.1,119.2,118.1,119.19,118.29,118.29,118.26,118.2,118.12,118.05,118.06,118.08,118.09,118.09,0,0.0,12/04/2023 17:00,118.03125,118.03125,119.03125,120.03125,0.0
2023-12-05 15:15:00,119.19,119.2,119.08,119.13,119.26,119.22,119.22,119.21,119.2,119.03,119.03,119.04,119.05,119.14,0,0.0,12/04/2023 17:00,118.03125,118.03125,119.03125,120.03125,0.0
2023-12-05 15:15:00,119.19,119.2,119.08,119.13,119.26,119.22,119.22,119.21,119.2,119.03,119.03,119.04,119.05,119.14,0,0.0,12/04/2023 17:00,118.03125,118.03125,119.03125,120.03125,0.0
2023-12-05 15:15:00,119.19,119.2,119.08,119.13,119.26,119.22,119.22,119.21,119.2,119.03,119.03,119.04,119.05,119.14,0,0.0,12/04/2023 17:00,118.03125,118.03125,119.03125,120.03125,0.0
2023-12-05 20:15:00,119.13,119.2,119.1,119.13,119.22,119.22,119.21,119.2,119.14,119.02,119.03,119.03,119.04,119.05,0,0.0,0,0.0,0.0,0.0,0.0,0.0
2023-12-06 00:15:00,119.14,119.14,119.08,119.08,119.26,119.22,119.22,119.21,119.2,119.02,119.03,119.03,119.04,119.05,0,0.0,0,0.0,0.0,0.0,0.0,0.0
2023-12-06 04:15:00,119.08,119.25,119.07,119.19,119.22,119.22,119.21,119.2,119.14,119.02,119.03,119.03,119.04,119.05,0,0.0,0,0.0,0.0,0.0,0.0,0.0
2023-12-06 08:15:00,119.19,119.19,119.04,119.13,119.26,119.22,119.22,119.21,119.2,119.02,119.03,119.03,119.04,119.05,0,0.0,0,0.0,0.0,0.0,0.0,0.0
2023-12-06 12:15:00,119.14,120.24,119.11,120.22,119.26,119.22,119.22,119.21,119.2,119.02,119.03,119.03,119.04,119.05,12/05/2023 17:00,119.4375,0,0.0,119.4375,118.4375,117.4375,0.0
2023-12-06 12:15:00,119.14,120.24,119.11,120.22,119.26,119.22,119.22,119.21,119.2,119.02,119.03,119.03,119.04,119.05,12/05/2023 17:00,119.4375,0,0.0,119.4375,118.4375,117.4375,0.0
2023-12-06 12:15:00,119.14,120.24,119.11,120.22,119.26,119.22,119.22,119.21,119.2,119.02,119.03,119.03,119.04,119.05,12/05/2023 17:00,119.4375,0,0.0,119.4375,118.4375,117.4375,0.0
2023-12-06 12:15:00,119.14,120.24,119.11,120.22,119.26,119.22,119.22,119.21,119.2,119.02,119.03,119.03,119.04,119.05,12/05/2023 17:00,119.4375,0,0.0,119.4375,118.4375,117.4375,0.0
2023-12-06 12:15:00,119.14,120.24,119.11,120.22,119.26,119.22,119.22,119.21,119.2,119.02,119.03,119.03,119.04,119.05,12/05/2023 17:00,119.4375,0,0.0,119.4375,118.4375,117.4375,0.0
2023-12-06 12:15:00,119.14,120.24,119.11,120.22,119.26,119.22,119.22,119.21,119.2,119.02,119.03,119.03,119.04,119.05,12/05/2023 17:00,119.4375,0,0.0,119.4375,118.4375,117.4375,0.0
2023-12-06 12:15:00,119.14,120.24,119.11,120.22,119.26,119.22,119.22,119.21,119.2,119.02,119.03,119.03,119.04,119.05,12/05/2023 17:00,119.4375,0,0.0,119.4375,118.4375,117.4375,0.0
2023-12-06 12:15:00,119.14,120.24,119.11,120.22,119.26,119.22,119.22,119.21,119.2,119.02,119.03,119.03,119.04,119.05,12/05/2023 17:00,119.4375,0,0.0,119.4375,118.4375,117.4375,0.0
2023-12-06 12:15:00,119.14,120.24,119.11,120.22,119.26,119.22,119.22,119.21,119.2,119.02,119.03,119.03,119.04,119.05,12/05/2023 17:00,119.4375,0,0.0,119.4375,118.4375,117.4375,0.0
2023-12-06 12:15:00,119.14,120.24,119.11,120.22,119.26,119.22,119.22,119.21,119.2,119.02,119.03,119.03,119.04,119.05,12/05/2023 17:00,119.4375,0,0.0,119.4375,118.4375,117.4375,0.0
2023-12-06 16:15:00,120.22,120.27,120.15,120.21,121.11,120.28,120.28,120.27,120.25,120.08,120.09,120.1,120.11,120.18,12/05/2023 17:00,119.4375,0,0.0,119.4375,118.4375,117.4375,0.0
2023-12-06 21:15:00,120.21,120.28,120.12,120.15,121.11,120.28,120.28,120.27,120.25,120.08,120.09,120.1,120.11,120.18,0,0.0,0,0.0,0.0,0.0,0.0,0.0
2023-12-07 01:15:00,120.16,120.2,119.25,119.29,120.28,120.28,120.27,120.25,120.18,120.06,120.08,120.09,120.1,120.11,0,0.0,0,0.0,0.0,0.0,0.0,0.0
2023-12-07 05:15:00,119.3,120.1,119.23,120.09,120.09,120.08,120.06,120.05,120.04,119.04,119.05,119.11,119.21,119.22,0,0.0,0,0.0,0.0,0.0,0.0,0.0
2023-12-07 09:15:00,120.09,120.13,119.24,120.03,120.27,120.25,120.18,120.11,120.1,119.04,119.05,119.11,119.21,119.22,0,0.0,0,0.0,0.0,0.0,0.0,0.0
2023-12-07 13:15:00,120.03,120.24,119.26,120.23,120.2,120.18,120.11,120.1,120.09,119.04,119.05,119.11,119.21,119.22,12/06/2023 17:00,120.40625,0,0.0,120.40625,119.40625,118.40625,0.0
2023-12-07 18:15:00,120.22,120.23,120.02,120.06,120.28,120.28,120.28,120.27,120.25,119.11,119.21,119.22,119.23,120.2,0,0.0,0,0.0,0.0,0.0,0.0,0.0
2023-12-07 22:15:00,120.06,120.07,119.27,119.3,120.28,120.28,120.27,120.25,120.2,119.11,119.21,119.22,119.23,119.24,0,0.0,0,0.0,0.0,0.0,0.0,0.0
2023-12-08 02:15:00,119.29,120.07,119.29,120.02,120.28,120.27,120.25,120.24,120.2,119.21,119.22,119.23,119.24,119.26,0,0.0,0,0.0,0.0,0.0,0.0,0.0
2023-12-08 06:15:00,120.02,120.04,119.21,119.21,120.27,120.25,120.24,120.23,120.2,119.21,119.22,119.23,119.24,119.26,0,0.0,0,0.0,0.0,0.0,0.0,0.0
2023-12-08 10:15:00,119.21,119.27,118.17,119.15,120.23,120.2,119.26,119.24,119.23,119.03,119.04,119.04,119.05,119.11,0,0.0,0,0.0,0.0,0.0,0.0,0.0
2023-12-08 14:15:00,119.14,119.17,118.24,119.08,120.07,119.26,119.24,119.23,119.21,119.03,119.04,119.04,119.05,119.11,0,0.0,0,0.0,0.0,0.0,0.0,0.0
2023-12-10 19:15:00,119.08,119.12,119.02,119.05,119.26,119.24,119.23,119.21,119.11,119.03,119.03,119.04,119.04,119.05,0,0.0,0,0.0,0.0,0.0,0.0,0.0
2023-12-10 23:15:00,119.06,119.08,118.31,119.06,119.26,119.24,119.23,119.21,119.11,119.03,119.03,119.04,119.04,119.05,0,0.0,0,0.0,0.0,0.0,0.0,0.0
2023-12-11 03:15:00,119.06,119.06,118.25,118.25,119.24,119.23,119.21,119.17,119.11,119.03,119.03,119.04,119.04,119.05,0,0.0,0,0.0,0.0,0.0,0.0,0.0
2023-12-11 07:15:00,118.26,119.02,118.24,118.28,119.02,119.02,119.01,119.01,118.29,118.1,118.12,118.17,118.2,118.24,0,0.0,0,0.0,0.0,0.0,0.0,0.0
2023-12-11 11:15:00,118.28,118.3,118.17,118.25,119.02,119.02,119.01,119.01,118.29,118.1,118.12,118.17,118.2,118.24,0,0.0,0,0.0,0.0,0.0,0.0,0.0
2023-12-11 15:15:00,118.26,119.08,118.12,119.02,119.02,119.02,119.01,119.01,118.29,118.1,118.12,118.17,118.2,118.24,0,0.0,0,0.0,0.0,0.0,0.0,0.0
2023-12-11 20:15:00,119.01,119.07,119.0,119.05,119.04,119.04,119.03,119.02,119.02,118.1,118.12,118.17,118.2,118.24,0,0.0,12/08/2023 17:00,120.1875,120.1875,121.1875,122.1875,0.0
2023-12-12 00:15:00,119.04,119.16,119.02,119.15,119.12,119.11,119.08,119.06,119.05,118.1,118.12,118.17,118.2,118.24,0,0.0,12/08/2023 17:00,120.1875,120.1875,121.1875,122.1875,0.0
2023-12-12 00:15:00,119.04,119.16,119.02,119.15,119.12,119.11,119.08,119.06,119.05,118.1,118.12,118.17,118.2,118.24,0,0.0,12/08/2023 17:00,120.1875,120.1875,121.1875,122.1875,0.0
2023-12-12 00:15:00,119.04,119.16,119.02,119.15,119.12,119.11,119.08,119.06,119.05,118.1,118.12,118.17,118.2,118.24,0,0.0,12/08/2023 17:00,120.1875,120.1875,121.1875,122.1875,0.0
2023-12-12 00:15:00,119.04,119.16,119.02,119.15,119.12,119.11,119.08,119.06,119.05,118.1,118.12,118.17,118.2,118.24,0,0.0,12/08/2023 17:00,120.1875,120.1875,121.1875,122.1875,0.0
2023-12-12 04:15:00,119.15,119.26,119.14,119.2,119.26,119.24,119.23,119.21,119.17,119.04,119.06,119.08,119.11,119.12,0,0.0,12/08/2023 17:00,120.1875,120.1875,121.1875,122.1875,0.0
2023-12-12 08:15:00,119.2,119.3,119.17,119.29,119.27,119.26,119.24,119.23,119.21,119.06,119.08,119.11,119.12,119.17,0,0.0,12/08/2023 17:00,120.1875,120.1875,121.1875,122.1875,0.0
2023-12-12 08:15:00,119.2,119.3,119.17,119.29,119.27,119.26,119.24,119.23,119.21,119.06,119.08,119.11,119.12,119.17,0,0.0,12/08/2023 17:00,120.1875,120.1875,121.1875,122.1875,0.0
2023-12-12 08:15:00,119.2,119.3,119.17,119.29,119.27,119.26,119.24,119.23,119.21,119.06,119.08,119.11,119.12,119.17,0,0.0,12/08/2023 17:00,120.1875,120.1875,121.1875,122.1875,0.0
2023-12-12 12:15:00,119.29,120.12,118.28,119.05,120.24,120.23,120.2,120.07,120.04,119.17,119.23,119.24,119.26,119.27,0,0.0,0,0.0,0.0,0.0,0.0,0.0
2023-12-12 16:15:00,119.05,119.21,118.3,119.17,119.27,119.17,119.12,119.08,119.06,118.2,118.24,119.0,119.02,119.04,0,0.0,0,0.0,0.0,0.0,0.0,0.0
2023-12-12 21:15:00,119.18,119.25,119.15,119.23,120.23,120.2,120.07,120.04,119.27,118.24,119.0,119.02,119.04,119.17,0,0.0,0,0.0,0.0,0.0,0.0,0.0
2023-12-13 01:15:00,119.23,119.25,119.2,119.21,120.2,120.12,120.07,120.04,119.27,118.24,118.28,119.0,119.02,119.04,0,0.0,0,0.0,0.0,0.0,0.0,0.0
2023-12-13 05:15:00,119.2,120.0,119.17,119.27,120.2,120.12,120.07,120.04,119.27,118.28,118.3,119.0,119.02,119.04,12/12/2023 17:00,119.4375,0,0.0,119.4375,118.4375,117.4375,0.0
2023-12-13 09:15:00,119.27,120.09,119.24,120.03,120.23,120.2,120.12,120.07,120.04,118.3,119.0,119.02,119.04,119.15,0,0.0,0,0.0,0.0,0.0,0.0,0.0
2023-12-13 13:15:00,120.03,120.11,119.31,120.04,120.23,120.2,120.12,120.07,120.04,118.3,119.0,119.02,119.04,119.15,0,0.0,0,0.0,0.0,0.0,0.0,0.0
2023-12-13 18:15:00,120.04,122.01,120.02,122.0,120.24,120.23,120.2,120.12,120.07,119.0,119.02,119.04,119.15,119.17,12/13/2023 17:00,121.625,0,0.0,121.625,120.625,119.625,0.0
2023-12-13 18:15:00,120.04,122.01,120.02,122.0,120.24,120.23,120.2,120.12,120.07,119.0,119.02,119.04,119.15,119.17,12/13/2023 17:00,121.625,0,0.0,121.625,120.625,119.625,0.0
2023-12-13 18:15:00,120.04,122.01,120.02,122.0,120.24,120.23,120.2,120.12,120.07,119.0,119.02,119.04,119.15,119.17,12/13/2023 17:00,121.625,0,0.0,121.625,120.625,119.625,0.0
2023-12-13 18:15:00,120.04,122.01,120.02,122.0,120.24,120.23,120.2,120.12,120.07,119.0,119.02,119.04,119.15,119.17,12/13/2023 17:00,121.625,0,0.0,121.625,120.625,119.625,0.0
2023-12-13 18:15:00,120.04,122.01,120.02,122.0,120.24,120.23,120.2,120.12,120.07,119.0,119.02,119.04,119.15,119.17,12/13/2023 17:00,121.625,0,0.0,121.625,120.625,119.625,0.0
2023-12-13 18:15:00,120.04,122.01,120.02,122.0,120.24,120.23,120.2,120.12,120.07,119.0,119.02,119.04,119.15,119.17,12/13/2023 17:00,121.625,0,0.0,121.625,120.625,119.625,0.0
2023-12-13 18:15:00,120.04,122.01,120.02,122.0,120.24,120.23,120.2,120.12,120.07,119.0,119.02,119.04,119.15,119.17,12/13/2023 17:00,121.625,0,0.0,121.625,120.625,119.625,0.0
2023-12-13 18:15:00,120.04,122.01,120.02,122.0,120.24,120.23,120.2,120.12,120.07,119.0,119.02,119.04,119.15,119.17,12/13/2023 17:00,121.625,0,0.0,121.625,120.625,119.625,0.0
2023-12-13 18:15:00,120.04,122.01,120.02,122.0,120.24,120.23,120.2,120.12,120.07,119.0,119.02,119.04,119.15,119.17,12/13/2023 17:00,121.625,0,0.0,121.625,120.625,119.625,0.0
2023-12-13 18:15:00,120.04,122.01,120.02,122.0,120.24,120.23,120.2,120.12,120.07,119.0,119.02,119.04,119.15,119.17,12/13/2023 17:00,121.625,0,0.0,121.625,120.625,119.625,0.0
2023-12-13 22:15:00,122.0,122.11,121.26,122.1,122.15,122.08,122.08,122.04,122.02,120.28,121.11,121.13,121.14,121.23,12/13/2023 17:00,121.625,0,0.0,121.625,120.625,119.625,0.0
2023-12-13 22:15:00,122.0,122.11,121.26,122.1,122.15,122.08,122.08,122.04,122.02,120.28,121.11,121.13,121.14,121.23,12/13/2023 17:00,121.625,0,0.0,121.625,120.625,119.625,0.0
2023-12-13 22:15:00,122.0,122.11,121.26,122.1,122.15,122.08,122.08,122.04,122.02,120.28,121.11,121.13,121.14,121.23,12/13/2023 17:00,121.625,0,0.0,121.625,120.625,119.625,0.0
2023-12-13 22:15:00,122.0,122.11,121.26,122.1,122.15,122.08,122.08,122.04,122.02,120.28,121.11,121.13,121.14,121.23,12/13/2023 17:00,121.625,0,0.0,121.625,120.625,119.625,0.0
2023-12-13 22:15:00,122.0,122.11,121.26,122.1,122.15,122.08,122.08,122.04,122.02,120.28,121.11,121.13,121.14,121.23,12/13/2023 17:00,121.625,0,0.0,121.625,120.625,119.625,0.0
2023-12-14 02:15:00,122.09,122.25,122.02,122.23,122.2,122.2,122.17,122.16,122.15,121.14,121.23,122.02,122.04,122.08,12/13/2023 17:00,121.625,0,0.0,121.625,120.625,119.625,0.0
2023-12-14 02:15:00,122.09,122.25,122.02,122.23,122.2,122.2,122.17,122.16,122.15,121.14,121.23,122.02,122.04,122.08,12/13/2023 17:00,121.625,0,0.0,121.625,120.625,119.625,0.0
2023-12-14 02:15:00,122.09,122.25,122.02,122.23,122.2,122.2,122.17,122.16,122.15,121.14,121.23,122.02,122.04,122.08,12/13/2023 17:00,121.625,0,0.0,121.625,120.625,119.625,0.0
2023-12-14 06:15:00,122.23,122.28,122.16,122.2,123.14,123.12,123.11,123.1,122.24,122.08,122.17,122.2,122.2,122.22,0,0.0,0,0.0,0.0,0.0,0.0,0.0
2023-12-14 10:15:00,122.2,123.04,122.1,122.31,123.12,123.11,123.1,122.24,122.23,121.26,122.02,122.04,122.08,122.17,12/13/2023 17:00,121.625,0,0.0,121.625,120.625,119.625,0.0
2023-12-14 10:15:00,122.2,123.04,122.1,122.31,123.12,123.11,123.1,122.24,122.23,121.26,122.02,122.04,122.08,122.17,12/13/2023 17:00,121.625,0,0.0,121.625,120.625,119.625,0.0
2023-12-14 14:15:00,122.3,124.0,122.28,123.11,123.16,123.14,123.12,123.11,123.1,122.08,122.17,122.2,122.2,122.23,12/13/2023 17:00,121.625,0,0.0,121.625,120.625,119.625,0.0
2023-12-14 14:15:00,122.3,124.0,122.28,123.11,123.16,123.14,123.12,123.11,123.1,122.08,122.17,122.2,122.2,122.23,12/13/2023 17:00,121.625,0,0.0,121.625,120.625,119.625,0.0
2023-12-14 19:15:00,123.12,124.01,123.11,123.16,123.23,123.22,123.2,123.16,123.14,122.2,122.2,122.23,123.1,123.11,12/14/2023 17:00,121.96875,0,0.0,121.96875,120.96875,119.96875,0.0
2023-12-14 19:15:00,123.12,124.01,123.11,123.16,123.23,123.22,123.2,123.16,123.14,122.2,122.2,122.23,123.1,123.11,12/14/2023 17:00,121.96875,0,0.0,121.96875,120.96875,119.96875,0.0
2023-12-14 19:15:00,123.12,124.01,123.11,123.16,123.23,123.22,123.2,123.16,123.14,122.2,122.2,122.23,123.1,123.11,12/14/2023 17:00,121.96875,0,0.0,121.96875,120.96875,119.96875,0.0
2023-12-14 23:15:00,123.16,123.16,123.04,123.13,123.25,123.24,123.23,123.22,123.2,122.23,123.1,123.11,123.12,123.14,0,0.0,0,0.0,0.0,0.0,0.0,0.0
2023-12-15 03:15:00,123.13,123.22,123.09,123.2,123.23,123.22,123.2,123.16,123.14,122.23,122.28,123.1,123.11,123.12,12/14/2023 17:00,121.96875,0,0.0,121.96875,120.96875,119.96875,0.0
2023-12-15 07:15:00,123.2,123.29,123.2,123.27,123.31,123.25,123.24,123.23,123.22,122.28,123.1,123.11,123.12,123.16,12/14/2023 17:00,121.96875,0,0.0,121.96875,120.96875,119.96875,0.0
2023-12-15 07:15:00,123.2,123.29,123.2,123.27,123.31,123.25,123.24,123.23,123.22,122.28,123.1,123.11,123.12,123.16,12/14/2023 17:00,121.96875,0,0.0,121.96875,120.96875,119.96875,0.0
2023-12-15 07:15:00,123.2,123.29,123.2,123.27,123.31,123.25,123.24,123.23,123.22,122.28,123.1,123.11,123.12,123.16,12/14/2023 17:00,121.96875,0,0.0,121.96875,120.96875,119.96875,0.0
2023-12-15 07:15:00,123.2,123.29,123.2,123.27,123.31,123.25,123.24,123.23,123.22,122.28,123.1,123.11,123.12,123.16,12/14/2023 17:00,121.96875,0,0.0,121.96875,120.96875,119.96875,0.0
2023-12-15 07:15:00,123.2,123.29,123.2,123.27,123.31,123.25,123.24,123.23,123.22,122.28,123.1,123.11,123.12,123.16,12/14/2023 17:00,121.96875,0,0.0,121.96875,120.96875,119.96875,0.0
2023-12-15 11:15:00,123.27,124.12,123.06,123.29,124.05,124.05,124.01,124.01,123.31,123.2,123.22,123.23,123.24,123.25,0,0.0,0,0.0,0.0,0.0,0.0,0.0
2023-12-15 15:15:00,123.29,124.06,123.22,124.0,124.05,124.05,124.01,124.01,123.31,123.2,123.22,123.23,123.24,123.25,12/14/2023 17:00,121.96875,0,0.0,121.96875,120.96875,119.96875,0.0
2023-12-17 20:15:00,123.31,124.07,123.2,123.23,124.09,124.05,124.05,124.01,124.01,123.2,123.22,123.23,123.24,123.25,0,0.0,0,0.0,0.0,0.0,0.0,0.0
2023-12-18 00:15:00,123.24,124.01,123.22,124.0,124.05,124.05,124.01,124.01,123.25,123.12,123.16,123.2,123.22,123.23,0,0.0,0,0.0,0.0,0.0,0.0,0.0
2023-12-18 04:15:00,124.0,124.04,123.26,124.03,124.09,124.05,124.05,124.01,124.01,123.12,123.16,123.2,123.22,123.23,12/15/2023 17:00,123.65625,0,0.0,123.65625,122.65625,121.65625,0.0
2023-12-18 08:15:00,124.03,124.11,123.26,123.28,124.12,124.09,124.07,124.05,124.05,123.2,123.22,123.23,124.01,124.01,0,0.0,0,0.0,0.0,0.0,0.0,0.0
2023-12-18 12:15:00,123.29,124.01,123.03,123.09,124.07,124.05,124.05,124.01,124.01,123.2,123.2,123.22,123.22,123.23,0,0.0,0,0.0,0.0,0.0,0.0,0.0
2023-12-18 16:15:00,123.1,123.18,123.06,123.17,123.22,123.22,123.2,123.16,123.12,122.2,122.23,122.28,123.04,123.06,0,0.0,0,0.0,0.0,0.0,0.0,0.0
2023-12-18 21:15:00,123.17,123.24,123.15,123.17,124.01,123.23,123.22,123.22,123.2,122.2,122.23,122.28,123.04,123.06,0,0.0,0,0.0,0.0,0.0,0.0,0.0
2023-12-19 01:15:00,123.18,123.28,123.14,123.2,124.01,123.23,123.22,123.22,123.2,122.23,122.28,123.03,123.04,123.06,0,0.0,0,0.0,0.0,0.0,0.0,0.0
2023-12-19 05:15:00,123.2,124.06,123.18,124.05,124.01,124.01,123.23,123.22,123.22,122.28,123.03,123.04,123.06,123.06,0,0.0,12/18/2023 17:00,123.75,123.75,124.75,125.75,0.0
2023-12-19 05:15:00,123.2,124.06,123.18,124.05,124.01,124.01,123.23,123.22,123.22,122.28,123.03,123.04,123.06,123.06,0,0.0,12/18/2023 17:00,123.75,123.75,124.75,125.75,0.0
2023-12-19 05:15:00,123.2,124.06,123.18,124.05,124.01,124.01,123.23,123.22,123.22,122.28,123.03,123.04,123.06,123.06,0,0.0,12/18/2023 17:00,123.75,123.75,124.75,125.75,0.0
2023-12-19 05:15:00,123.2,124.06,123.18,124.05,124.01,124.01,123.23,123.22,123.22,122.28,123.03,123.04,123.06,123.06,0,0.0,12/18/2023 17:00,123.75,123.75,124.75,125.75,0.0
2023-12-19 09:15:00,124.05,124.08,123.28,123.3,124.13,124.12,124.11,124.09,124.07,123.06,123.06,123.2,123.22,124.01,0,0.0,0,0.0,0.0,0.0,0.0,0.0
2023-12-19 13:15:00,123.3,124.07,123.23,123.24,124.09,124.07,124.05,124.05,124.01,123.06,123.06,123.14,123.2,123.22,0,0.0,0,0.0,0.0,0.0,0.0,0.0
2023-12-19 18:15:00,123.25,123.28,123.18,123.21,124.09,124.07,124.05,124.05,124.01,123.06,123.14,123.18,123.2,123.22,0,0.0,0,0.0,0.0,0.0,0.0,0.0
2023-12-19 22:15:00,123.21,124.0,123.21,123.28,124.08,124.07,124.05,124.05,124.01,123.06,123.06,123.14,123.18,123.2,0,0.0,0,0.0,0.0,0.0,0.0,0.0
2023-12-20 02:15:00,123.28,124.02,123.28,124.01,124.07,124.07,124.05,124.05,124.01,123.06,123.06,123.14,123.18,123.2,0,0.0,0,0.0,0.0,0.0,0.0,0.0
2023-12-20 06:15:00,124.01,124.07,123.28,124.03,124.08,124.07,124.07,124.05,124.05,123.06,123.14,123.18,123.18,123.2,0,0.0,0,0.0,0.0,0.0,0.0,0.0
2023-12-20 10:15:00,124.03,124.13,123.29,123.3,124.08,124.07,124.07,124.05,124.05,123.14,123.18,123.18,123.2,123.21,0,0.0,0,0.0,0.0,0.0,0.0,0.0
2023-12-20 14:15:00,123.31,124.14,123.22,124.13,124.08,124.07,124.07,124.05,124.05,123.14,123.18,123.18,123.2,123.21,0,0.0,12/18/2023 17:00,123.75,123.75,124.75,125.75,0.0
2023-12-20 14:15:00,123.31,124.14,123.22,124.13,124.08,124.07,124.07,124.05,124.05,123.14,123.18,123.18,123.2,123.21,0,0.0,12/18/2023 17:00,123.75,123.75,124.75,125.75,0.0
2023-12-20 14:15:00,123.31,124.14,123.22,124.13,124.08,124.07,124.07,124.05,124.05,123.14,123.18,123.18,123.2,123.21,0,0.0,12/18/2023 17:00,123.75,123.75,124.75,125.75,0.0
2023-12-20 14:15:00,123.31,124.14,123.22,124.13,124.08,124.07,124.07,124.05,124.05,123.14,123.18,123.18,123.2,123.21,0,0.0,12/18/2023 17:00,123.75,123.75,124.75,125.75,0.0
2023-12-20 14:15:00,123.31,124.14,123.22,124.13,124.08,124.07,124.07,124.05,124.05,123.14,123.18,123.18,123.2,123.21,0,0.0,12/18/2023 17:00,123.75,123.75,124.75,125.75,0.0
2023-12-20 19:15:00,124.13,124.27,124.07,124.18,125.0,124.31,124.26,124.24,124.19,124.07,124.08,124.09,124.11,124.12,12/20/2023 17:00,123.75,0,0.0,123.75,122.75,121.75,0.0
2023-12-20 19:15:00,124.13,124.27,124.07,124.18,125.0,124.31,124.26,124.24,124.19,124.07,124.08,124.09,124.11,124.12,12/20/2023 17:00,123.75,0,0.0,123.75,122.75,121.75,0.0
2023-12-20 19:15:00,124.13,124.27,124.07,124.18,125.0,124.31,124.26,124.24,124.19,124.07,124.08,124.09,124.11,124.12,12/20/2023 17:00,123.75,0,0.0,123.75,122.75,121.75,0.0
2023-12-20 23:15:00,124.19,124.24,124.16,124.2,125.06,125.0,124.31,124.26,124.24,124.08,124.09,124.11,124.12,124.13,12/20/2023 17:00,123.75,0,0.0,123.75,122.75,121.75,0.0
2023-12-20 23:15:00,124.19,124.24,124.16,124.2,125.06,125.0,124.31,124.26,124.24,124.08,124.09,124.11,124.12,124.13,12/20/2023 17:00,123.75,0,0.0,123.75,122.75,121.75,0.0
2023-12-21 03:15:00,124.2,124.21,124.08,124.13,125.06,125.0,124.31,124.26,124.24,124.09,124.11,124.12,124.13,124.19,0,0.0,0,0.0,0.0,0.0,0.0,0.0
2023-12-21 07:15:00,124.12,124.18,124.04,124.08,124.31,124.27,124.26,124.24,124.13,124.07,124.07,124.08,124.09,124.11,0,0.0,0,0.0,0.0,0.0,0.0,0.0
2023-12-21 11:15:00,124.09,125.01,124.05,124.15,124.26,124.24,124.24,124.12,124.11,124.05,124.07,124.07,124.07,124.08,0,0.0,0,0.0,0.0,0.0,0.0,0.0
2023-12-21 15:15:00,124.14,124.21,123.31,124.05,124.31,124.27,124.26,124.24,124.24,124.05,124.07,124.07,124.07,124.08,0,0.0,0,0.0,0.0,0.0,0.0,0.0
2023-12-21 20:15:00,124.05,124.1,124.03,124.05,124.24,124.08,124.07,124.07,124.07,123.18,123.18,123.2,123.21,123.22,0,0.0,0,0.0,0.0,0.0,0.0,0.0
2023-12-22 00:15:00,124.05,124.06,123.27,124.0,124.24,124.08,124.07,124.07,124.07,123.18,123.18,123.2,123.21,123.22,0,0.0,0,0.0,0.0,0.0,0.0,0.0
2023-12-22 04:15:00,124.0,124.16,123.31,124.15,124.21,124.08,124.07,124.07,124.07,123.18,123.18,123.2,123.21,123.22,0,0.0,12/21/2023 17:00,124.375,124.375,125.375,126.375,0.0
2023-12-22 08:15:00,124.16,124.26,124.14,124.2,124.27,124.26,124.24,124.24,124.21,123.18,123.2,123.21,123.22,124.07,0,0.0,0,0.0,0.0,0.0,0.0,0.0
2023-12-22 12:15:00,124.2,124.26,123.25,123.25,124.27,124.26,124.24,124.24,124.21,123.2,123.21,123.22,123.27,124.07,0,0.0,0,0.0,0.0,0.0,0.0,0.0
2023-12-22 16:15:00,123.25,124.02,123.23,124.01,124.26,124.24,124.24,124.21,123.27,123.18,123.18,123.2,123.21,123.22,0,0.0,12/21/2023 17:00,124.375,124.375,125.375,126.375,0.0
2023-12-25 21:15:00,124.01,124.1,123.31,124.1,124.27,124.26,124.24,124.24,124.21,123.18,123.2,123.21,123.22,123.27,0,0.0,0,0.0,0.0,0.0,0.0,0.0
2023-12-26 01:15:00,124.11,124.13,124.08,124.1,124.26,124.26,124.24,124.24,124.21,123.18,123.2,123.21,123.22,123.27,0,0.0,0,0.0,0.0,0.0,0.0,0.0
2023-12-26 05:15:00,124.11,124.11,124.05,124.05,124.26,124.26,124.24,124.24,124.21,123.2,123.21,123.22,123.23,123.27,0,0.0,0,0.0,0.0,0.0,0.0,0.0
2023-12-26 09:15:00,124.05,124.1,123.29,124.03,124.26,124.26,124.24,124.24,124.21,123.21,123.22,123.23,123.27,123.31,0,0.0,0,0.0,0.0,0.0,0.0,0.0
2023-12-26 13:15:00,124.03,124.1,124.0,124.05,124.26,124.24,124.24,124.21,124.13,123.21,123.22,123.23,123.27,123.31,0,0.0,0,0.0,0.0,0.0,0.0,0.0
2023-12-26 18:15:00,124.06,124.12,124.03,124.05,124.24,124.24,124.21,124.13,124.11,123.21,123.22,123.23,123.27,123.31,0,0.0,0,0.0,0.0,0.0,0.0,0.0
2023-12-26 22:15:00,124.05,124.17,124.03,124.16,124.24,124.24,124.21,124.13,124.11,123.22,123.23,123.27,123.29,123.31,12/26/2023 17:00,124.03125,0,0.0,124.03125,123.03125,122.03125,0.0
2023-12-26 22:15:00,124.05,124.17,124.03,124.16,124.24,124.24,124.21,124.13,124.11,123.22,123.23,123.27,123.29,123.31,12/26/2023 17:00,124.03125,0,0.0,124.03125,123.03125,122.03125,0.0
2023-12-27 02:15:00,124.16,124.18,124.12,124.13,124.26,124.26,124.24,124.24,124.21,123.29,123.31,124.0,124.11,124.13,0,0.0,0,0.0,0.0,0.0,0.0,0.0
2023-12-27 06:15:00,124.14,124.22,124.14,124.19,124.26,124.26,124.24,124.24,124.21,123.29,123.31,124.0,124.11,124.13,0,0.0,0,0.0,0.0,0.0,0.0,0.0
2023-12-27 10:15:00,124.19,125.08,124.18,125.05,124.26,124.26,124.24,124.24,124.21,123.31,124.0,124.03,124.11,124.13,12/26/2023 17:00,124.03125,0,0.0,124.03125,123.03125,122.03125,0.0
2023-12-27 10:15:00,124.19,125.08,124.18,125.05,124.26,124.26,124.24,124.24,124.21,123.31,124.0,124.03,124.11,124.13,12/26/2023 17:00,124.03125,0,0.0,124.03125,123.03125,122.03125,0.0
2023-12-27 10:15:00,124.19,125.08,124.18,125.05,124.26,124.26,124.24,124.24,124.21,123.31,124.0,124.03,124.11,124.13,12/26/2023 17:00,124.03125,0,0.0,124.03125,123.03125,122.03125,0.0
2023-12-27 10:15:00,124.19,125.08,124.18,125.05,124.26,124.26,124.24,124.24,124.21,123.31,124.0,124.03,124.11,124.13,12/26/2023 17:00,124.03125,0,0.0,124.03125,123.03125,122.03125,0.0
2023-12-27 10:15:00,124.19,125.08,124.18,125.05,124.26,124.26,124.24,124.24,124.21,123.31,124.0,124.03,124.11,124.13,12/26/2023 17:00,124.03125,0,0.0,124.03125,123.03125,122.03125,0.0
2023-12-27 10:15:00,124.19,125.08,124.18,125.05,124.26,124.26,124.24,124.24,124.21,123.31,124.0,124.03,124.11,124.13,12/26/2023 17:00,124.03125,0,0.0,124.03125,123.03125,122.03125,0.0
2023-12-27 10:15:00,124.19,125.08,124.18,125.05,124.26,124.26,124.24,124.24,124.21,123.31,124.0,124.03,124.11,124.13,12/26/2023 17:00,124.03125,0,0.0,124.03125,123.03125,122.03125,0.0
2023-12-27 14:15:00,125.04,125.26,125.02,125.25,125.17,125.1,125.09,125.07,125.06,124.24,124.26,124.27,124.31,125.01,12/26/2023 17:00,124.03125,0,0.0,124.03125,123.03125,122.03125,0.0
2023-12-27 14:15:00,125.04,125.26,125.02,125.25,125.17,125.1,125.09,125.07,125.06,124.24,124.26,124.27,124.31,125.01,12/26/2023 17:00,124.03125,0,0.0,124.03125,123.03125,122.03125,0.0
2023-12-27 14:15:00,125.04,125.26,125.02,125.25,125.17,125.1,125.09,125.07,125.06,124.24,124.26,124.27,124.31,125.01,12/26/2023 17:00,124.03125,0,0.0,124.03125,123.03125,122.03125,0.0
2023-12-27 14:15:00,125.04,125.26,125.02,125.25,125.17,125.1,125.09,125.07,125.06,124.24,124.26,124.27,124.31,125.01,12/26/2023 17:00,124.03125,0,0.0,124.03125,123.03125,122.03125,0.0
2023-12-27 14:15:00,125.04,125.26,125.02,125.25,125.17,125.1,125.09,125.07,125.06,124.24,124.26,124.27,124.31,125.01,12/26/2023 17:00,124.03125,0,0.0,124.03125,123.03125,122.03125,0.0
2023-12-27 19:15:00,125.26,126.01,125.2,125.21,126.14,126.13,126.12,125.29,125.27,125.07,125.09,125.21,125.25,125.25,0,0.0,0,0.0,0.0,0.0,0.0,0.0
2023-12-27 23:15:00,125.21,125.26,125.2,125.22,126.12,125.29,125.27,125.25,125.25,124.31,125.01,125.06,125.07,125.09,0,0.0,0,0.0,0.0,0.0,0.0,0.0
2023-12-28 03:15:00,125.22,125.26,125.16,125.17,126.12,125.29,125.27,125.25,125.25,125.02,125.06,125.07,125.09,125.21,0,0.0,0,0.0,0.0,0.0,0.0,0.0
2023-12-28 07:15:00,125.17,125.19,125.13,125.16,126.01,125.29,125.27,125.25,125.25,125.01,125.02,125.06,125.07,125.09,0,0.0,0,0.0,0.0,0.0,0.0,0.0
2023-12-28 11:15:00,125.16,125.31,125.1,125.21,126.01,125.29,125.27,125.25,125.25,125.01,125.02,125.06,125.07,125.09,0,0.0,0,0.0,0.0,0.0,0.0,0.0
2023-12-28 15:15:00,125.21,125.21,125.01,125.1,126.01,125.29,125.27,125.25,125.25,125.01,125.02,125.06,125.07,125.09,0,0.0,0,0.0,0.0,0.0,0.0,0.0
2023-12-28 20:15:00,125.1,125.14,125.04,125.07,126.01,125.29,125.27,125.25,125.25,125.01,125.02,125.06,125.07,125.09,0,0.0,0,0.0,0.0,0.0,0.0,0.0
2023-12-29 00:15:00,125.07,125.12,125.05,125.06,125.29,125.27,125.25,125.25,125.09,124.27,124.31,125.01,125.02,125.06,0,0.0,0,0.0,0.0,0.0,0.0,0.0
2023-12-29 04:15:00,125.07,125.1,124.2,124.2,125.27,125.25,125.25,125.21,125.09,124.31,125.01,125.01,125.02,125.06,0,0.0,0,0.0,0.0,0.0,0.0,0.0
2023-12-29 08:15:00,124.2,124.23,124.12,124.2,124.27,124.26,124.24,124.24,124.21,124.11,124.12,124.13,124.14,124.18,0,0.0,0,0.0,0.0,0.0,0.0,0.0
2023-12-29 12:15:00,124.2,125.07,124.15,125.0,124.27,124.26,124.24,124.24,124.21,124.11,124.12,124.13,124.14,124.18,0,0.0,0,0.0,0.0,0.0,0.0,0.0
2023-12-29 16:15:00,125.0,125.08,124.13,124.19,125.07,125.06,125.02,125.01,125.01,124.11,124.12,124.13,124.14,124.18,0,0.0,0,0.0,0.0,0.0,0.0,0.0
2024-01-01 21:15:00,124.19,124.24,124.05,124.06,125.07,125.06,125.02,125.01,125.01,124.12,124.12,124.13,124.14,124.18,0,0.0,0,0.0,0.0,0.0,0.0,0.0
2024-01-02 01:15:00,124.07,124.09,124.0,124.07,124.14,124.13,124.12,124.12,124.11,123.27,123.29,123.31,124.0,124.03,0,0.0,0,0.0,0.0,0.0,0.0,0.0
2024-01-02 05:15:00,124.06,124.07,123.22,123.23,124.14,124.13,124.12,124.12,124.11,123.27,123.29,123.31,124.0,124.03,0,0.0,0,0.0,0.0,0.0,0.0,0.0
2024-01-02 09:15:00,123.23,124.0,123.11,123.26,124.11,124.03,124.0,123.31,123.29,123.18,123.18,123.2,123.21,123.22,0,0.0,0,0.0,0.0,0.0,0.0,0.0
2024-01-02 13:15:00,123.26,124.11,123.23,123.3,124.09,124.03,124.0,123.31,123.29,123.18,123.2,123.21,123.22,123.23,0,0.0,12/29/2023 17:00,125.21875,125.21875,126.21875,127.21875,0.0
2024-01-02 18:15:00,123.3,124.04,123.25,123.31,124.11,124.09,124.03,124.0,123.31,123.2,123.21,123.22,123.23,123.29,0,0.0,0,0.0,0.0,0.0,0.0,0.0
2024-01-02 22:15:00,123.31,124.02,123.26,123.28,124.12,124.11,124.09,124.03,124.0,123.2,123.21,123.22,123.23,123.29,0,0.0,0,0.0,0.0,0.0,0.0,0.0
2024-01-03 02:15:00,123.28,123.29,123.21,123.21,124.11,124.09,124.03,124.0,123.31,123.2,123.21,123.22,123.23,123.23,0,0.0,0,0.0,0.0,0.0,0.0,0.0
2024-01-03 06:15:00,123.21,123.25,123.08,123.15,124.0,123.31,123.23,123.23,123.22,123.11,123.14,123.18,123.18,123.2,0,0.0,0,0.0,0.0,0.0,0.0,0.0
2024-01-03 10:15:00,123.15,123.22,122.31,123.09,123.23,123.22,123.21,123.18,123.18,123.04,123.06,123.06,123.11,123.14,0,0.0,0,0.0,0.0,0.0,0.0,0.0
2024-01-03 14:15:00,123.09,124.06,122.28,123.3,123.21,123.18,123.18,123.14,123.11,122.28,123.03,123.04,123.06,123.06,0,0.0,01/02/2024 17:00,124.96875,124.96875,125.96875,126.96875,0.0
2024-01-03 14:15:00,123.09,124.06,122.28,123.3,123.21,123.18,123.18,123.14,123.11,122.28,123.03,123.04,123.06,123.06,0,0.0,01/02/2024 17:00,124.96875,124.96875,125.96875,126.96875,0.0
2024-01-03 14:15:00,123.09,124.06,122.28,123.3,123.21,123.18,123.18,123.14,123.11,122.28,123.03,123.04,123.06,123.06,0,0.0,01/02/2024 17:00,124.96875,124.96875,125.96875,126.96875,0.0
2024-01-03 14:15:00,123.09,124.06,122.28,123.3,123.21,123.18,123.18,123.14,123.11,122.28,123.03,123.04,123.06,123.06,0,0.0,01/02/2024 17:00,124.96875,124.96875,125.96875,126.96875,0.0
2024-01-03 14:15:00,123.09,124.06,122.28,123.3,123.21,123.18,123.18,123.14,123.11,122.28,123.03,123.04,123.06,123.06,0,0.0,01/02/2024 17:00,124.96875,124.96875,125.96875,126.96875,0.0
2024-01-03 14:15:00,123.09,124.06,122.28,123.3,123.21,123.18,123.18,123.14,123.11,122.28,123.03,123.04,123.06,123.06,0,0.0,01/02/2024 17:00,124.96875,124.96875,125.96875,126.96875,0.0
2024-01-03 14:15:00,123.09,124.06,122.28,123.3,123.21,123.18,123.18,123.14,123.11,122.28,123.03,123.04,123.06,123.06,0,0.0,01/02/2024 17:00,124.96875,124.96875,125.96875,126.96875,0.0
2024-01-03 14:15:00,123.09,124.06,122.28,123.3,123.21,123.18,123.18,123.14,123.11,122.28,123.03,123.04,123.06,123.06,0,0.0,01/02/2024 17:00,124.96875,124.96875,125.96875,126.96875,0.0
2024-01-03 19:15:00,123.31,124.13,123.3,124.02,124.09,124.04,124.03,124.02,124.0,123.21,123.22,123.23,123.23,123.29,01/03/2024 17:00,124.09375,0,0.0,124.09375,123.09375,122.09375,0.0
2024-01-03 19:15:00,123.31,124.13,123.3,124.02,124.09,124.04,124.03,124.02,124.0,123.21,123.22,123.23,123.23,123.29,01/03/2024 17:00,124.09375,0,0.0,124.09375,123.09375,122.09375,0.0
2024-01-03 19:15:00,123.31,124.13,123.3,124.02,124.09,124.04,124.03,124.02,124.0,123.21,123.22,123.23,123.23,123.29,01/03/2024 17:00,124.09375,0,0.0,124.09375,123.09375,122.09375,0.0
2024-01-03 23:15:00,124.02,124.04,123.29,124.0,124.11,124.11,124.09,124.04,124.03,123.23,123.23,123.29,123.31,124.0,0,0.0,0,0.0,0.0,0.0,0.0,0.0
2024-01-04 03:15:00,124.0,124.08,123.25,124.03,124.11,124.09,124.04,124.03,124.02,123.22,123.23,123.23,123.29,123.31,01/03/2024 17:00,124.09375,0,0.0,124.09375,123.09375,122.09375,0.0
2024-01-04 07:15:00,124.02,124.02,123.09,123.12,124.11,124.11,124.09,124.04,124.03,123.23,123.23,123.29,123.31,124.0,0,0.0,0,0.0,0.0,0.0,0.0,0.0
2024-01-04 11:15:00,123.12,123.18,122.26,123.06,124.09,124.04,124.03,124.02,123.29,123.03,123.04,123.06,123.06,123.11,0,0.0,0,0.0,0.0,0.0,0.0,0.0
2024-01-04 15:15:00,123.05,123.07,122.21,122.29,124.03,124.02,123.29,123.06,123.06,122.23,122.28,122.28,123.03,123.04,0,0.0,0,0.0,0.0,0.0,0.0,0.0
2024-01-04 20:15:00,122.29,122.3,122.23,122.29,123.29,123.06,123.06,123.04,123.03,122.2,122.2,122.23,122.28,122.28,0,0.0,0,0.0,0.0,0.0,0.0,0.0
2024-01-05 00:15:00,122.29,123.0,122.23,122.25,123.18,123.06,123.06,123.04,123.03,122.2,122.2,122.23,122.28,122.28,0,0.0,0,0.0,0.0,0.0,0.0,0.0
2024-01-05 04:15:00,122.25,122.26,122.12,122.15,123.06,123.04,123.03,122.28,122.28,122.17,122.2,122.2,122.21,122.23,0,0.0,0,0.0,0.0,0.0,0.0,0.0
2024-01-05 08:15:00,122.16,122.18,121.29,122.03,123.03,122.28,122.28,122.23,122.21,122.02,122.02,122.04,122.08,122.1,0,0.0,0,0.0,0.0,0.0,0.0,0.0
2024-01-05 12:15:00,122.04,123.1,121.12,122.14,122.28,122.28,122.23,122.21,122.1,121.14,121.23,121.26,122.02,122.02,0,0.0,01/04/2024 17:00,123.34375,123.34375,124.34375,125.34375,0.0
2024-01-05 16:15:00,122.14,122.15,121.3,122.0,123.0,122.28,122.28,122.23,122.21,121.23,121.26,122.02,122.02,122.1,0,0.0,0,0.0,0.0,0.0,0.0,0.0
2024-01-07 21:15:00,122.0,122.04,121.25,121.31,122.28,122.23,122.21,122.02,122.02,121.11,121.13,121.14,121.23,121.26,0,0.0,0,0.0,0.0,0.0,0.0,0.0
2024-01-08 01:15:00,121.31,122.0,121.23,121.27,122.28,122.23,122.21,122.02,122.02,121.12,121.13,121.14,121.23,121.26,0,0.0,0,0.0,0.0,0.0,0.0,0.0
2024-01-08 05:15:00,121.26,122.16,121.24,122.1,122.23,122.21,122.15,122.02,122.02,121.11,121.12,121.13,121.14,121.23,0,0.0,01/04/2024 17:00,123.34375,123.34375,124.34375,125.34375,0.0
2024-01-08 09:15:00,122.11,122.12,121.23,122.0,122.28,122.28,122.23,122.21,122.15,121.13,121.14,121.23,121.26,122.02,0,0.0,0,0.0,0.0,0.0,0.0,0.0
2024-01-08 13:15:00,122.0,123.03,121.28,122.26,122.28,122.28,122.23,122.21,122.15,121.12,121.13,121.14,121.23,121.26,0,0.0,01/04/2024 17:00,123.34375,123.34375,124.34375,125.34375,0.0
2024-01-08 13:15:00,122.0,123.03,121.28,122.26,122.28,122.28,122.23,122.21,122.15,121.12,121.13,121.14,121.23,121.26,0,0.0,01/04/2024 17:00,123.34375,123.34375,124.34375,125.34375,0.0
2024-01-08 18:15:00,122.26,122.27,122.05,122.08,123.04,123.03,123.0,122.28,122.28,121.14,121.23,121.26,122.15,122.21,0,0.0,0,0.0,0.0,0.0,0.0,0.0
2024-01-08 22:15:00,122.09,122.17,122.08,122.15,123.03,123.0,122.28,122.28,122.15,121.13,121.14,121.23,121.23,121.26,0,0.0,0,0.0,0.0,0.0,0.0,0.0
2024-01-09 02:15:00,122.15,122.21,122.12,122.15,123.03,123.03,123.0,122.28,122.28,121.14,121.23,121.23,121.26,121.28,0,0.0,0,0.0,0.0,0.0,0.0,0.0
2024-01-09 06:15:00,122.15,122.16,121.29,121.31,123.03,123.0,122.28,122.28,122.27,121.23,121.23,121.26,121.28,122.05,0,0.0,0,0.0,0.0,0.0,0.0,0.0
2024-01-09 10:15:00,122.0,122.27,121.29,122.23,122.28,122.28,122.27,122.15,122.05,121.14,121.23,121.23,121.26,121.28,0,0.0,01/04/2024 17:00,123.34375,123.34375,124.34375,125.34375,0.0
2024-01-09 14:15:00,122.23,122.26,122.1,122.18,123.03,123.0,122.28,122.28,122.27,121.23,121.23,121.26,121.28,122.05,0,0.0,0,0.0,0.0,0.0,0.0,0.0
2024-01-09 19:15:00,122.19,122.22,122.12,122.21,123.03,123.0,122.28,122.28,122.27,121.23,121.23,121.26,121.28,122.05,0,0.0,0,0.0,0.0,0.0,0.0,0.0
2024-01-09 23:15:00,122.21,122.21,122.11,122.13,123.0,122.28,122.28,122.27,122.27,121.23,121.26,121.28,121.29,122.05,0,0.0,0,0.0,0.0,0.0,0.0,0.0
2024-01-10 03:15:00,122.14,122.21,122.07,122.2,122.28,122.28,122.27,122.27,122.26,121.26,121.28,121.29,122.05,122.1,0,0.0,0,0.0,0.0,0.0,0.0,0.0
2024-01-10 07:15:00,122.2,123.01,122.18,122.23,122.28,122.27,122.27,122.26,122.22,121.26,121.28,121.29,122.05,122.1,0,0.0,01/04/2024 17:00,123.34375,123.34375,124.34375,125.34375,0.0
2024-01-10 11:15:00,122.23,122.29,122.1,122.17,122.28,122.28,122.27,122.27,122.26,121.28,121.29,122.05,122.1,122.22,0,0.0,0,0.0,0.0,0.0,0.0,0.0
2024-01-10 15:15:00,122.17,122.18,122.04,122.06,122.28,122.27,122.27,122.26,122.22,121.28,121.29,122.05,122.07,122.1,0,0.0,0,0.0,0.0,0.0,0.0,0.0
2024-01-10 20:15:00,122.06,122.12,122.01,122.1,122.27,122.26,122.22,122.1,122.07,121.23,121.26,121.28,121.29,122.05,0,0.0,01/04/2024 17:00,123.34375,123.34375,124.34375,125.34375,0.0
2024-01-11 00:15:00,122.1,122.13,122.08,122.1,122.28,122.27,122.27,122.26,122.22,121.26,121.28,121.29,122.05,122.07,0,0.0,0,0.0,0.0,0.0,0.0,0.0
2024-01-11 04:15:00,122.1,122.29,122.1,122.25,122.27,122.27,122.26,122.22,122.18,121.26,121.28,121.29,122.05,122.07,0,0.0,01/04/2024 17:00,123.34375,123.34375,124.34375,125.34375,0.0
2024-01-11 04:15:00,122.1,122.29,122.1,122.25,122.27,122.27,122.26,122.22,122.18,121.26,121.28,121.29,122.05,122.07,0,0.0,01/04/2024 17:00,123.34375,123.34375,124.34375,125.34375,0.0
2024-01-11 08:15:00,122.26,123.0,122.23,122.25,122.29,122.28,122.28,122.27,122.27,122.01,122.05,122.07,122.1,122.18,0,0.0,0,0.0,0.0,0.0,0.0,0.0
2024-01-11 12:15:00,122.25,123.18,121.18,122.0,122.28,122.28,122.27,122.27,122.26,122.05,122.07,122.08,122.1,122.18,0,0.0,0,0.0,0.0,0.0,0.0,0.0
2024-01-11 16:15:00,122.0,122.29,121.23,122.27,122.27,122.26,122.18,122.08,122.01,121.23,121.23,121.26,121.28,121.29,0,0.0,01/04/2024 17:00,123.34375,123.34375,124.34375,125.34375,0.0
2024-01-11 16:15:00,122.0,122.29,121.23,122.27,122.27,122.26,122.18,122.08,122.01,121.23,121.23,121.26,121.28,121.29,0,0.0,01/04/2024 17:00,123.34375,123.34375,124.34375,125.34375,0.0
2024-01-11 16:15:00,122.0,122.29,121.23,122.27,122.27,122.26,122.18,122.08,122.01,121.23,121.23,121.26,121.28,121.29,0,0.0,01/04/2024 17:00,123.34375,123.34375,124.34375,125.34375,0.0
2024-01-11 21:15:00,122.28,123.03,122.24,122.26,123.03,123.03,123.01,123.0,122.29,122.01,122.08,122.26,122.27,122.27,0,0.0,0,0.0,0.0,0.0,0.0,0.0
2024-01-12 01:15:00,122.26,123.0,122.24,122.26,122.29,122.28,122.28,122.27,122.27,121.26,121.28,121.29,122.01,122.08,0,0.0,0,0.0,0.0,0.0,0.0,0.0
2024-01-12 05:15:00,122.26,123.04,122.21,122.27,122.29,122.28,122.28,122.27,122.27,121.26,121.28,121.29,122.01,122.08,0,0.0,0,0.0,0.0,0.0,0.0,0.0
2024-01-12 09:15:00,122.26,122.3,122.12,122.24,122.29,122.28,122.28,122.27,122.27,121.26,121.28,121.29,122.01,122.08,0,0.0,0,0.0,0.0,0.0,0.0,0.0
2024-01-12 13:15:00,122.24,123.16,122.18,122.2,122.28,122.28,122.27,122.27,122.26,121.26,121.28,121.29,122.01,122.08,0,0.0,0,0.0,0.0,0.0,0.0,0.0
2024-01-14 18:15:00,122.19,123.1,122.19,123.02,122.28,122.28,122.27,122.27,122.26,121.26,121.28,121.29,122.01,122.08,0,0.0,01/04/2024 17:00,123.34375,123.34375,124.34375,125.34375,0.0
2024-01-14 18:15:00,122.19,123.1,122.19,123.02,122.28,122.28,122.27,122.27,122.26,121.26,121.28,121.29,122.01,122.08,0,0.0,01/04/2024 17:00,123.34375,123.34375,124.34375,125.34375,0.0
2024-01-14 18:15:00,122.19,123.1,122.19,123.02,122.28,122.28,122.27,122.27,122.26,121.26,121.28,121.29,122.01,122.08,0,0.0,01/04/2024 17:00,123.34375,123.34375,124.34375,125.34375,0.0
2024-01-14 18:15:00,122.19,123.1,122.19,123.02,122.28,122.28,122.27,122.27,122.26,121.26,121.28,121.29,122.01,122.08,0,0.0,01/04/2024 17:00,123.34375,123.34375,124.34375,125.34375,0.0
2024-01-14 18:15:00,122.19,123.1,122.19,123.02,122.28,122.28,122.27,122.27,122.26,121.26,121.28,121.29,122.01,122.08,0,0.0,01/04/2024 17:00,123.34375,123.34375,124.34375,125.34375,0.0
2024-01-14 22:15:00,123.02,123.05,122.29,123.03,123.06,123.06,123.04,123.03,123.03,122.28,122.28,122.29,123.0,123.01,0,0.0,01/04/2024 17:00,123.34375,123.34375,124.34375,125.34375,0.0
2024-01-14 22:15:00,123.02,123.05,122.29,123.03,123.06,123.06,123.04,123.03,123.03,122.28,122.28,122.29,123.0,123.01,0,0.0,01/04/2024 17:00,123.34375,123.34375,124.34375,125.34375,0.0
2024-01-15 02:15:00,123.04,123.06,122.31,122.31,123.16,123.1,123.07,123.06,123.06,122.29,123.0,123.01,123.03,123.03,0,0.0,0,0.0,0.0,0.0,0.0,0.0
2024-01-15 06:15:00,122.31,122.31,122.18,122.2,123.04,123.03,123.03,123.01,123.0,122.27,122.27,122.28,122.28,122.29,0,0.0,0,0.0,0.0,0.0,0.0,0.0
2024-01-15 10:15:00,122.2,122.21,122.12,122.2,123.01,123.0,122.29,122.27,122.27,122.01,122.08,122.12,122.18,122.19,0,0.0,0,0.0,0.0,0.0,0.0,0.0
2024-01-15 19:15:00,122.21,122.25,122.18,122.2,123.01,123.0,122.29,122.27,122.27,122.01,122.08,122.12,122.18,122.19,0,0.0,0,0.0,0.0,0.0,0.0,0.0
2024-01-15 23:15:00,122.21,122.21,122.08,122.12,123.0,122.31,122.29,122.27,122.27,122.01,122.08,122.12,122.18,122.19,0,0.0,0,0.0,0.0,0.0,0.0,0.0
2024-01-16 03:15:00,122.12,122.16,122.09,122.16,122.29,122.27,122.27,122.19,122.18,121.26,121.28,121.29,122.01,122.08,0,0.0,0,0.0,0.0,0.0,0.0,0.0
2024-01-16 07:15:00,122.16,122.18,122.05,122.05,122.27,122.27,122.25,122.19,122.18,121.28,121.29,122.01,122.08,122.12,0,0.0,0,0.0,0.0,0.0,0.0,0.0
2024-01-16 11:15:00,122.05,122.14,121.13,121.17,122.25,122.21,122.19,122.18,122.12,121.23,121.26,121.28,121.29,122.01,0,0.0,0,0.0,0.0,0.0,0.0,0.0
2024-01-16 15:15:00,121.17,121.27,120.3,121.04,121.26,121.23,121.23,121.23,121.18,120.28,121.11,121.12,121.13,121.14,0,0.0,0,0.0,0.0,0.0,0.0,0.0
2024-01-16 20:15:00,121.04,121.11,120.31,121.08,121.23,121.23,121.18,121.13,121.12,120.23,120.24,120.28,120.28,120.28,0,0.0,0,0.0,0.0,0.0,0.0,0.0
2024-01-17 00:15:00,121.07,121.16,121.07,121.08,121.23,121.23,121.18,121.13,121.12,120.23,120.24,120.28,120.28,120.28,0,0.0,0,0.0,0.0,0.0,0.0,0.0
2024-01-17 04:15:00,121.08,121.15,121.0,121.07,121.23,121.23,121.18,121.13,121.12,120.24,120.28,120.28,120.28,120.3,0,0.0,0,0.0,0.0,0.0,0.0,0.0
2024-01-17 08:15:00,121.07,121.21,121.01,121.07,121.23,121.23,121.18,121.13,121.12,120.28,120.28,120.28,120.3,120.31,0,0.0,0,0.0,0.0,0.0,0.0,0.0
2024-01-17 12:15:00,121.06,121.09,120.15,121.02,121.23,121.23,121.18,121.13,121.12,120.28,120.28,120.28,120.3,120.31,0,0.0,0,0.0,0.0,0.0,0.0,0.0
2024-01-17 16:15:00,121.02,121.06,120.24,120.26,121.23,121.23,121.18,121.13,121.12,120.28,120.28,120.28,120.3,120.31,0,0.0,0,0.0,0.0,0.0,0.0,0.0
2024-01-17 21:15:00,120.26,121.02,120.23,121.01,121.13,121.12,120.31,120.3,120.28,120.04,120.07,120.12,120.23,120.24,0,0.0,01/16/2024 17:00,121.96875,121.96875,122.96875,123.96875,0.0
2024-01-17 21:15:00,120.26,121.02,120.23,121.01,121.13,121.12,120.31,120.3,120.28,120.04,120.07,120.12,120.23,120.24,0,0.0,01/16/2024 17:00,121.96875,121.96875,122.96875,123.96875,0.0
2024-01-18 01:15:00,121.01,121.03,120.29,121.0,121.21,121.18,121.13,121.12,121.09,120.15,120.23,120.24,120.3,120.31,0,0.0,0,0.0,0.0,0.0,0.0,0.0
2024-01-18 05:15:00,121.0,121.06,120.29,121.02,121.18,121.13,121.12,121.09,121.06,120.15,120.23,120.24,120.3,120.31,0,0.0,0,0.0,0.0,0.0,0.0,0.0
2024-01-18 09:15:00,121.02,121.06,120.12,120.22,121.18,121.13,121.12,121.09,121.06,120.23,120.23,120.24,120.3,120.31,0,0.0,0,0.0,0.0,0.0,0.0,0.0
2024-01-18 13:15:00,120.22,120.25,119.25,119.31,121.09,121.06,120.24,120.23,120.23,120.02,120.04,120.07,120.12,120.15,0,0.0,0,0.0,0.0,0.0,0.0,0.0
2024-01-18 18:15:00,119.31,120.07,119.3,120.03,120.15,120.12,120.07,120.04,120.02,119.02,119.04,119.15,119.17,119.24,0,0.0,01/18/2024 17:00,120.875,120.875,121.875,122.875,0.0
2024-01-18 22:15:00,120.03,120.04,119.21,119.28,120.23,120.15,120.12,120.07,120.04,119.15,119.17,119.24,119.31,120.02,0,0.0,0,0.0,0.0,0.0,0.0,0.0
2024-01-19 02:15:00,119.28,119.28,119.21,119.24,120.15,120.12,120.07,120.04,119.31,119.02,119.04,119.15,119.17,119.24,0,0.0,0,0.0,0.0,0.0,0.0,0.0
2024-01-19 06:15:00,119.25,120.05,119.24,120.05,120.12,120.07,120.07,120.04,119.31,119.02,119.04,119.15,119.17,119.24,0,0.0,01/18/2024 17:00,120.875,120.875,121.875,122.875,0.0
2024-01-19 10:15:00,120.06,120.11,119.13,119.14,120.23,120.15,120.12,120.07,120.07,119.04,119.15,119.17,119.24,119.31,0,0.0,0,0.0,0.0,0.0,0.0,0.0
2024-01-19 14:15:00,119.14,120.03,119.14,120.01,120.07,120.07,119.24,119.17,119.15,118.28,118.3,119.0,119.02,119.04,0,0.0,01/18/2024 17:00,120.875,120.875,121.875,122.875,0.0
2024-01-19 14:15:00,119.14,120.03,119.14,120.01,120.07,120.07,119.24,119.17,119.15,118.28,118.3,119.0,119.02,119.04,0,0.0,01/18/2024 17:00,120.875,120.875,121.875,122.875,0.0
2024-01-19 14:15:00,119.14,120.03,119.14,120.01,120.07,120.07,119.24,119.17,119.15,118.28,118.3,119.0,119.02,119.04,0,0.0,01/18/2024 17:00,120.875,120.875,121.875,122.875,0.0
2024-01-21 19:15:00,120.01,120.16,119.31,120.13,120.23,120.15,120.12,120.07,120.07,119.02,119.04,119.15,119.17,119.24,0,0.0,01/18/2024 17:00,120.875,120.875,121.875,122.875,0.0
2024-01-21 23:15:00,120.12,120.27,120.11,120.24,120.25,120.24,120.23,120.23,120.15,119.13,119.15,119.17,119.24,120.07,0,0.0,01/18/2024 17:00,120.875,120.875,121.875,122.875,0.0
2024-01-22 03:15:00,120.23,120.25,120.15,120.17,121.09,121.06,121.06,120.25,120.24,119.15,119.17,119.24,120.07,120.15,0,0.0,01/18/2024 17:00,120.875,120.875,121.875,122.875,0.0
2024-01-22 07:15:00,120.16,120.3,120.09,120.3,121.09,121.06,121.06,120.25,120.24,119.17,119.24,119.31,120.07,120.15,0,0.0,01/18/2024 17:00,120.875,120.875,121.875,122.875,0.0
2024-01-22 11:15:00,120.29,121.08,120.25,120.26,121.13,121.12,121.09,121.06,121.06,119.24,119.31,120.07,120.15,120.25,0,0.0,0,0.0,0.0,0.0,0.0,0.0
2024-01-22 15:15:00,120.26,120.31,120.18,120.23,121.13,121.12,121.09,121.06,121.06,119.24,119.31,120.07,120.15,120.25,0,0.0,0,0.0,0.0,0.0,0.0,0.0
2024-01-22 20:15:00,120.23,120.26,120.19,120.25,121.12,121.09,121.06,121.06,120.25,119.24,119.31,120.07,120.09,120.15,0,0.0,0,0.0,0.0,0.0,0.0,0.0
2024-01-23 00:15:00,120.25,120.29,120.21,120.25,121.12,121.09,121.08,121.06,121.06,119.24,119.31,120.07,120.09,120.15,0,0.0,0,0.0,0.0,0.0,0.0,0.0
2024-01-23 04:15:00,120.26,120.29,120.08,120.12,121.09,121.08,121.06,121.06,120.31,120.07,120.09,120.15,120.18,120.25,0,0.0,0,0.0,0.0,0.0,0.0,0.0
2024-01-23 08:15:00,120.12,120.14,120.04,120.08,121.06,121.06,120.31,120.25,120.18,119.17,119.24,119.31,120.07,120.09,0,0.0,0,0.0,0.0,0.0,0.0,0.0
2024-01-23 12:15:00,120.09,120.13,119.23,119.26,121.06,121.06,120.31,120.25,120.18,119.15,119.17,119.24,119.31,120.07,0,0.0,0,0.0,0.0,0.0,0.0,0.0
2024-01-23 16:15:00,119.26,120.04,119.23,120.0,120.25,120.18,120.09,120.07,119.31,119.13,119.14,119.15,119.17,119.24,0,0.0,01/18/2024 17:00,120.875,120.875,121.875,122.875,0.0
2024-01-23 21:15:00,120.01,120.06,119.29,120.02,120.25,120.18,120.14,120.09,120.07,119.14,119.15,119.17,119.24,119.31,0,0.0,0,0.0,0.0,0.0,0.0,0.0
2024-01-24 01:15:00,120.03,120.12,120.02,120.07,120.18,120.14,120.13,120.09,120.07,119.14,119.15,119.17,119.24,119.31,0,0.0,0,0.0,0.0,0.0,0.0,0.0
2024-01-24 05:15:00,120.07,120.23,120.07,120.14,120.25,120.18,120.14,120.13,120.09,119.15,119.17,119.23,119.24,119.31,0,0.0,01/18/2024 17:00,120.875,120.875,121.875,122.875,0.0
2024-01-24 05:15:00,120.07,120.23,120.07,120.14,120.25,120.18,120.14,120.13,120.09,119.15,119.17,119.23,119.24,119.31,0,0.0,01/18/2024 17:00,120.875,120.875,121.875,122.875,0.0
2024-01-24 09:15:00,120.14,120.23,120.11,120.19,121.06,120.31,120.29,120.25,120.18,119.24,119.29,119.31,120.09,120.13,0,0.0,01/18/2024 17:00,120.875,120.875,121.875,122.875,0.0
2024-01-24 09:15:00,120.14,120.23,120.11,120.19,121.06,120.31,120.29,120.25,120.18,119.24,119.29,119.31,120.09,120.13,0,0.0,01/18/2024 17:00,120.875,120.875,121.875,122.875,0.0
2024-01-24 13:15:00,120.2,120.24,119.17,119.19,121.06,121.06,120.31,120.29,120.25,120.02,120.09,120.13,120.14,120.18,0,0.0,0,0.0,0.0,0.0,0.0,0.0
2024-01-24 18:15:00,119.18,119.2,119.07,119.11,120.14,120.13,120.02,119.29,119.23,119.04,119.13,119.14,119.15,119.17,0,0.0,0,0.0,0.0,0.0,0.0,0.0
2024-01-24 22:15:00,119.11,119.19,119.03,119.17,120.02,119.29,119.23,119.14,119.13,118.28,118.3,119.0,119.02,119.04,0,0.0,01/24/2024 17:00,119.5,119.5,120.5,121.5,0.0
2024-01-24 22:15:00,119.11,119.19,119.03,119.17,120.02,119.29,119.23,119.14,119.13,118.28,118.3,119.0,119.02,119.04,0,0.0,01/24/2024 17:00,119.5,119.5,120.5,121.5,0.0
2024-01-25 02:15:00,119.17,119.23,119.15,119.21,120.14,120.13,120.02,119.29,119.23,119.0,119.02,119.04,119.13,119.14,0,0.0,0,0.0,0.0,0.0,0.0,0.0
2024-01-25 06:15:00,119.21,119.24,119.12,119.19,120.14,120.13,120.02,119.29,119.23,119.0,119.02,119.04,119.13,119.14,0,0.0,0,0.0,0.0,0.0,0.0,0.0
2024-01-25 10:15:00,119.19,120.05,119.09,120.02,120.14,120.13,120.02,119.29,119.23,119.02,119.03,119.04,119.13,119.14,0,0.0,01/24/2024 17:00,119.5,119.5,120.5,121.5,0.0
2024-01-25 14:15:00,120.03,120.07,119.2,120.0,120.29,120.25,120.24,120.14,120.13,119.13,119.14,119.23,119.29,120.02,0,0.0,01/24/2024 17:00,119.5,119.5,120.5,121.5,0.0
2024-01-25 19:15:00,120.01,120.04,119.26,120.03,120.25,120.24,120.14,120.13,120.02,119.04,119.13,119.14,119.23,119.29,01/25/2024 17:00,119.5,0,0.0,119.5,118.5,117.5,0.0
2024-01-25 23:15:00,120.03,120.13,120.03,120.09,120.29,120.25,120.24,120.14,120.13,119.13,119.14,119.23,119.29,120.02,0,0.0,0,0.0,0.0,0.0,0.0,0.0
2024-01-26 03:15:00,120.1,120.15,120.07,120.08,120.29,120.25,120.24,120.14,120.13,119.14,119.2,119.23,119.29,120.02,0,0.0,0,0.0,0.0,0.0,0.0,0.0
2024-01-26 07:15:00,120.08,120.11,120.01,120.03,120.29,120.25,120.24,120.14,120.13,119.2,119.23,119.26,119.29,120.02,0,0.0,0,0.0,0.0,0.0,0.0,0.0
2024-01-26 11:15:00,120.03,120.1,119.15,119.25,120.29,120.25,120.24,120.14,120.13,119.2,119.23,119.26,119.29,120.02,0,0.0,0,0.0,0.0,0.0,0.0,0.0
2024-01-26 15:15:00,119.25,120.02,119.18,119.24,120.24,120.15,120.14,120.13,119.26,119.09,119.13,119.14,119.2,119.23,0,0.0,0,0.0,0.0,0.0,0.0,0.0
2024-01-28 20:15:00,119.24,120.03,119.24,120.02,120.15,120.14,120.13,120.11,119.26,119.09,119.13,119.14,119.2,119.23,01/25/2024 17:00,119.5,0,0.0,119.5,118.5,117.5,0.0
2024-01-29 00:15:00,120.02,120.04,119.26,120.02,120.15,120.14,120.13,120.11,120.1,119.14,119.15,119.2,119.23,119.26,0,0.0,0,0.0,0.0,0.0,0.0,0.0
2024-01-29 04:15:00,120.02,120.15,120.0,120.13,120.15,120.14,120.13,120.11,120.1,119.15,119.18,119.2,119.23,119.26,01/25/2024 17:00,119.5,0,0.0,119.5,118.5,117.5,0.0
2024-01-29 04:15:00,120.02,120.15,120.0,120.13,120.15,120.14,120.13,120.11,120.1,119.15,119.18,119.2,119.23,119.26,01/25/2024 17:00,119.5,0,0.0,119.5,118.5,117.5,0.0
2024-01-29 08:15:00,120.13,120.18,120.1,120.15,120.29,120.25,120.24,120.15,120.14,119.23,119.24,119.26,120.1,120.11,0,0.0,0,0.0,0.0,0.0,0.0,0.0
2024-01-29 12:15:00,120.15,120.2,120.05,120.15,121.06,120.31,120.29,120.25,120.24,119.24,119.26,119.26,120.1,120.11,0,0.0,0,0.0,0.0,0.0,0.0,0.0
2024-01-29 16:15:00,120.15,121.04,120.15,120.25,121.06,120.31,120.29,120.25,120.24,119.26,119.26,120.0,120.1,120.11,01/25/2024 17:00,119.5,0,0.0,119.5,118.5,117.5,0.0
2024-01-29 16:15:00,120.15,121.04,120.15,120.25,121.06,120.31,120.29,120.25,120.24,119.26,119.26,120.0,120.1,120.11,01/25/2024 17:00,119.5,0,0.0,119.5,118.5,117.5,0.0
2024-01-29 21:15:00,120.24,121.03,120.21,121.03,121.06,121.06,120.31,120.29,120.25,119.26,120.0,120.1,120.11,120.15,01/25/2024 17:00,119.5,0,0.0,119.5,118.5,117.5,0.0
2024-01-29 21:15:00,120.24,121.03,120.21,121.03,121.06,121.06,120.31,120.29,120.25,119.26,120.0,120.1,120.11,120.15,01/25/2024 17:00,119.5,0,0.0,119.5,118.5,117.5,0.0
2024-01-30 01:15:00,121.03,121.12,121.02,121.1,121.12,121.09,121.08,121.06,121.06,120.11,120.15,120.24,120.29,120.31,01/25/2024 17:00,119.5,0,0.0,119.5,118.5,117.5,0.0
2024-01-30 01:15:00,121.03,121.12,121.02,121.1,121.12,121.09,121.08,121.06,121.06,120.11,120.15,120.24,120.29,120.31,01/25/2024 17:00,119.5,0,0.0,119.5,118.5,117.5,0.0
2024-01-30 01:15:00,121.03,121.12,121.02,121.1,121.12,121.09,121.08,121.06,121.06,120.11,120.15,120.24,120.29,120.31,01/25/2024 17:00,119.5,0,0.0,119.5,118.5,117.5,0.0
2024-01-30 05:15:00,121.11,121.17,121.05,121.06,121.23,121.21,121.18,121.13,121.12,120.31,121.06,121.06,121.08,121.09,0,0.0,0,0.0,0.0,0.0,0.0,0.0
2024-01-30 09:15:00,121.07,121.12,121.0,121.09,121.18,121.13,121.12,121.09,121.08,120.24,120.29,120.31,121.06,121.06,01/25/2024 17:00,119.5,0,0.0,119.5,118.5,117.5,0.0
2024-01-30 13:15:00,121.09,121.17,120.22,120.31,121.23,121.21,121.18,121.13,121.12,120.24,120.29,120.31,121.06,121.06,0,0.0,0,0.0,0.0,0.0,0.0,0.0
2024-01-30 18:15:00,120.31,121.22,120.29,121.21,121.13,121.12,121.09,121.06,121.06,120.15,120.15,120.21,120.24,120.29,01/30/2024 17:00,120.875,0,0.0,120.875,119.875,118.875,0.0
2024-01-30 18:15:00,120.31,121.22,120.29,121.21,121.13,121.12,121.09,121.06,121.06,120.15,120.15,120.21,120.24,120.29,01/30/2024 17:00,120.875,0,0.0,120.875,119.875,118.875,0.0
2024-01-30 22:15:00,121.22,121.28,121.17,121.25,121.27,121.26,121.23,121.23,121.23,120.29,120.31,121.12,121.18,121.21,01/30/2024 17:00,120.875,0,0.0,120.875,119.875,118.875,0.0
2024-01-30 22:15:00,121.22,121.28,121.17,121.25,121.27,121.26,121.23,121.23,121.23,120.29,120.31,121.12,121.18,121.21,01/30/2024 17:00,120.875,0,0.0,120.875,119.875,118.875,0.0
2024-01-31 02:15:00,121.25,121.31,121.24,121.28,122.12,121.29,121.28,121.27,121.26,121.12,121.18,121.21,121.23,121.23,01/30/2024 17:00,120.875,0,0.0,120.875,119.875,118.875,0.0
2024-01-31 02:15:00,121.25,121.31,121.24,121.28,122.12,121.29,121.28,121.27,121.26,121.12,121.18,121.21,121.23,121.23,01/30/2024 17:00,120.875,0,0.0,120.875,119.875,118.875,0.0
2024-01-31 02:15:00,121.25,121.31,121.24,121.28,122.12,121.29,121.28,121.27,121.26,121.12,121.18,121.21,121.23,121.23,01/30/2024 17:00,120.875,0,0.0,120.875,119.875,118.875,0.0
2024-01-31 06:15:00,121.28,122.08,121.21,121.22,122.18,122.18,122.14,122.12,121.29,121.21,121.23,121.23,121.26,121.27,0,0.0,0,0.0,0.0,0.0,0.0,0.0
2024-01-31 10:15:00,121.22,122.27,121.16,122.14,122.14,122.12,121.29,121.28,121.27,120.31,121.12,121.17,121.18,121.21,01/30/2024 17:00,120.875,0,0.0,120.875,119.875,118.875,0.0
2024-01-31 14:15:00,122.13,122.24,121.3,122.11,122.21,122.19,122.18,122.18,122.14,121.18,121.21,121.28,121.29,122.12,01/30/2024 17:00,120.875,0,0.0,120.875,119.875,118.875,0.0
2024-01-31 14:15:00,122.13,122.24,121.3,122.11,122.21,122.19,122.18,122.18,122.14,121.18,121.21,121.28,121.29,122.12,01/30/2024 17:00,120.875,0,0.0,120.875,119.875,118.875,0.0
2024-01-31 19:15:00,122.11,123.07,121.31,122.3,122.21,122.19,122.18,122.18,122.14,121.17,121.18,121.21,121.28,121.29,01/31/2024 17:00,121.96875,0,0.0,121.96875,120.96875,119.96875,0.0
2024-01-31 19:15:00,122.11,123.07,121.31,122.3,122.21,122.19,122.18,122.18,122.14,121.17,121.18,121.21,121.28,121.29,01/31/2024 17:00,121.96875,0,0.0,121.96875,120.96875,119.96875,0.0
2024-01-31 19:15:00,122.11,123.07,121.31,122.3,122.21,122.19,122.18,122.18,122.14,121.17,121.18,121.21,121.28,121.29,01/31/2024 17:00,121.96875,0,0.0,121.96875,120.96875,119.96875,0.0
2024-01-31 19:15:00,122.11,123.07,121.31,122.3,122.21,122.19,122.18,122.18,122.14,121.17,121.18,121.21,121.28,121.29,01/31/2024 17:00,121.96875,0,0.0,121.96875,120.96875,119.96875,0.0
2024-01-31 19:15:00,122.11,123.07,121.31,122.3,122.21,122.19,122.18,122.18,122.14,121.17,121.18,121.21,121.28,121.29,01/31/2024 17:00,121.96875,0,0.0,121.96875,120.96875,119.96875,0.0
2024-01-31 19:15:00,122.11,123.07,121.31,122.3,122.21,122.19,122.18,122.18,122.14,121.17,121.18,121.21,121.28,121.29,01/31/2024 17:00,121.96875,0,0.0,121.96875,120.96875,119.96875,0.0
2024-01-31 23:15:00,122.29,122.3,122.2,122.3,123.03,123.03,123.01,123.0,122.31,122.18,122.18,122.19,122.21,122.25,0,0.0,0,0.0,0.0,0.0,0.0,0.0
2024-02-01 03:15:00,122.3,123.01,122.18,122.24,123.03,123.03,123.01,123.0,122.31,122.18,122.18,122.19,122.21,122.25,0,0.0,0,0.0,0.0,0.0,0.0,0.0
2024-02-01 07:15:00,122.24,122.3,122.2,122.26,123.03,123.01,123.0,122.31,122.25,122.14,122.18,122.18,122.19,122.21,0,0.0,0,0.0,0.0,0.0,0.0,0.0
2024-02-01 11:15:00,122.25,124.26,122.22,124.25,123.03,123.03,123.01,123.0,122.31,122.14,122.18,122.18,122.19,122.21,01/31/2024 17:00,121.96875,0,0.0,121.96875,120.96875,119.96875,0.0
2024-02-01 11:15:00,122.25,124.26,122.22,124.25,123.03,123.03,123.01,123.0,122.31,122.14,122.18,122.18,122.19,122.21,01/31/2024 17:00,121.96875,0,0.0,121.96875,120.96875,119.96875,0.0
2024-02-01 11:15:00,122.25,124.26,122.22,124.25,123.03,123.03,123.01,123.0,122.31,122.14,122.18,122.18,122.19,122.21,01/31/2024 17:00,121.96875,0,0.0,121.96875,120.96875,119.96875,0.0
2024-02-01 11:15:00,122.25,124.26,122.22,124.25,123.03,123.03,123.01,123.0,122.31,122.14,122.18,122.18,122.19,122.21,01/31/2024 17:00,121.96875,0,0.0,121.96875,120.96875,119.96875,0.0
2024-02-01 11:15:00,122.25,124.26,122.22,124.25,123.03,123.03,123.01,123.0,122.31,122.14,122.18,122.18,122.19,122.21,01/31/2024 17:00,121.96875,0,0.0,121.96875,120.96875,119.96875,0.0
2024-02-01 11:15:00,122.25,124.26,122.22,124.25,123.03,123.03,123.01,123.0,122.31,122.14,122.18,122.18,122.19,122.21,01/31/2024 17:00,121.96875,0,0.0,121.96875,120.96875,119.96875,0.0
2024-02-01 11:15:00,122.25,124.26,122.22,124.25,123.03,123.03,123.01,123.0,122.31,122.14,122.18,122.18,122.19,122.21,01/31/2024 17:00,121.96875,0,0.0,121.96875,120.96875,119.96875,0.0
2024-02-01 11:15:00,122.25,124.26,122.22,124.25,123.03,123.03,123.01,123.0,122.31,122.14,122.18,122.18,122.19,122.21,01/31/2024 17:00,121.96875,0,0.0,121.96875,120.96875,119.96875,0.0
2024-02-01 11:15:00,122.25,124.26,122.22,124.25,123.03,123.03,123.01,123.0,122.31,122.14,122.18,122.18,122.19,122.21,01/31/2024 17:00,121.96875,0,0.0,121.96875,120.96875,119.96875,0.0
2024-02-01 11:15:00,122.25,124.26,122.22,124.25,123.03,123.03,123.01,123.0,122.31,122.14,122.18,122.18,122.19,122.21,01/31/2024 17:00,121.96875,0,0.0,121.96875,120.96875,119.96875,0.0
2024-02-01 11:15:00,122.25,124.26,122.22,124.25,123.03,123.03,123.01,123.0,122.31,122.14,122.18,122.18,122.19,122.21,01/31/2024 17:00,121.96875,0,0.0,121.96875,120.96875,119.96875,0.0
2024-02-01 11:15:00,122.25,124.26,122.22,124.25,123.03,123.03,123.01,123.0,122.31,122.14,122.18,122.18,122.19,122.21,01/31/2024 17:00,121.96875,0,0.0,121.96875,120.96875,119.96875,0.0
2024-02-01 11:15:00,122.25,124.26,122.22,124.25,123.03,123.03,123.01,123.0,122.31,122.14,122.18,122.18,122.19,122.21,01/31/2024 17:00,121.96875,0,0.0,121.96875,120.96875,119.96875,0.0
2024-02-01 11:15:00,122.25,124.26,122.22,124.25,123.03,123.03,123.01,123.0,122.31,122.14,122.18,122.18,122.19,122.21,01/31/2024 17:00,121.96875,0,0.0,121.96875,120.96875,119.96875,0.0
2024-02-01 11:15:00,122.25,124.26,122.22,124.25,123.03,123.03,123.01,123.0,122.31,122.14,122.18,122.18,122.19,122.21,01/31/2024 17:00,121.96875,0,0.0,121.96875,120.96875,119.96875,0.0
2024-02-01 11:15:00,122.25,124.26,122.22,124.25,123.03,123.03,123.01,123.0,122.31,122.14,122.18,122.18,122.19,122.21,01/31/2024 17:00,121.96875,0,0.0,121.96875,120.96875,119.96875,0.0
2024-02-01 11:15:00,122.25,124.26,122.22,124.25,123.03,123.03,123.01,123.0,122.31,122.14,122.18,122.18,122.19,122.21,01/31/2024 17:00,121.96875,0,0.0,121.96875,120.96875,119.96875,0.0
2024-02-01 11:15:00,122.25,124.26,122.22,124.25,123.03,123.03,123.01,123.0,122.31,122.14,122.18,122.18,122.19,122.21,01/31/2024 17:00,121.96875,0,0.0,121.96875,120.96875,119.96875,0.0
2024-02-01 11:15:00,122.25,124.26,122.22,124.25,123.03,123.03,123.01,123.0,122.31,122.14,122.18,122.18,122.19,122.21,01/31/2024 17:00,121.96875,0,0.0,121.96875,120.96875,119.96875,0.0
2024-02-01 15:15:00,124.25,124.27,123.27,124.04,125.07,125.06,125.02,125.01,125.01,124.12,124.13,124.14,124.18,124.24,01/31/2024 17:00,121.96875,0,0.0,121.96875,120.96875,119.96875,0.0
2024-02-01 15:15:00,124.25,124.27,123.27,124.04,125.07,125.06,125.02,125.01,125.01,124.12,124.13,124.14,124.18,124.24,01/31/2024 17:00,121.96875,0,0.0,121.96875,120.96875,119.96875,0.0
2024-02-01 15:15:00,124.25,124.27,123.27,124.04,125.07,125.06,125.02,125.01,125.01,124.12,124.13,124.14,124.18,124.24,01/31/2024 17:00,121.96875,0,0.0,121.96875,120.96875,119.96875,0.0
2024-02-01 15:15:00,124.25,124.27,123.27,124.04,125.07,125.06,125.02,125.01,125.01,124.12,124.13,124.14,124.18,124.24,01/31/2024 17:00,121.96875,0,0.0,121.96875,120.96875,119.96875,0.0
2024-02-01 20:15:00,124.03,124.09,123.22,123.24,124.13,124.11,124.09,124.08,124.04,123.1,123.16,123.18,123.18,124.02,0,0.0,0,0.0,0.0,0.0,0.0,0.0
2024-02-02 00:15:00,123.24,123.27,123.18,123.23,124.11,124.09,124.08,124.04,124.02,123.1,123.1,123.16,123.18,123.18,0,0.0,0,0.0,0.0,0.0,0.0,0.0
2024-02-02 04:15:00,123.23,123.31,123.19,123.25,124.11,124.09,124.08,124.04,124.02,123.1,123.1,123.16,123.18,123.18,0,0.0,0,0.0,0.0,0.0,0.0,0.0
2024-02-02 08:15:00,123.25,124.03,123.22,123.24,124.09,124.09,124.08,124.04,124.02,123.1,123.1,123.16,123.18,123.18,0,0.0,0,0.0,0.0,0.0,0.0,0.0
2024-02-02 12:15:00,123.24,123.29,121.22,121.26,124.09,124.09,124.08,124.04,124.02,123.1,123.16,123.18,123.18,123.18,0,0.0,0,0.0,0.0,0.0,0.0,0.0
2024-02-02 16:15:00,121.26,122.06,121.22,122.02,122.18,122.18,122.14,121.31,121.3,121.12,121.16,121.17,121.18,121.21,02/01/2024 17:00,123.3125,0,0.0,123.3125,122.3125,121.3125,0.0
2024-02-02 16:15:00,121.26,122.06,121.22,122.02,122.18,122.18,122.14,121.31,121.3,121.12,121.16,121.17,121.18,121.21,02/01/2024 17:00,123.3125,0,0.0,123.3125,122.3125,121.3125,0.0
2024-02-04 21:15:00,122.02,122.04,121.07,121.18,122.21,122.2,122.18,122.18,122.14,121.17,121.18,121.21,121.3,121.31,0,0.0,0,0.0,0.0,0.0,0.0,0.0
2024-02-05 01:15:00,121.18,121.21,121.14,121.18,122.2,122.18,122.18,122.14,121.21,120.29,120.31,121.12,121.16,121.17,0,0.0,0,0.0,0.0,0.0,0.0,0.0
2024-02-05 05:15:00,121.19,121.24,121.05,121.08,122.18,122.18,122.14,122.06,121.21,120.31,121.12,121.16,121.17,121.18,0,0.0,0,0.0,0.0,0.0,0.0,0.0
2024-02-05 09:15:00,121.08,121.16,120.18,120.23,122.06,122.04,121.21,121.17,121.16,120.22,120.24,120.29,120.29,120.31,0,0.0,0,0.0,0.0,0.0,0.0,0.0
2024-02-05 13:15:00,120.23,120.29,120.01,120.12,121.16,120.31,120.29,120.29,120.24,120.11,120.15,120.15,120.21,120.22,0,0.0,0,0.0,0.0,0.0,0.0,0.0
2024-02-05 18:15:00,120.12,120.14,120.04,120.1,120.24,120.22,120.21,120.15,120.15,119.26,120.0,120.05,120.1,120.11,0,0.0,0,0.0,0.0,0.0,0.0,0.0
2024-02-05 22:15:00,120.11,120.2,120.1,120.19,120.24,120.22,120.21,120.15,120.15,119.26,119.26,120.0,120.05,120.1,0,0.0,02/05/2024 17:00,121.65625,121.65625,122.65625,123.65625,0.0
2024-02-06 02:15:00,120.2,120.23,120.15,120.17,120.29,120.29,120.24,120.22,120.21,120.0,120.01,120.05,120.1,120.15,0,0.0,0,0.0,0.0,0.0,0.0,0.0
2024-02-06 06:15:00,120.16,120.19,120.04,120.06,120.29,120.29,120.24,120.22,120.21,120.01,120.04,120.05,120.1,120.15,0,0.0,0,0.0,0.0,0.0,0.0,0.0
2024-02-06 10:15:00,120.06,120.22,120.03,120.21,120.29,120.24,120.22,120.21,120.1,119.26,120.0,120.01,120.04,120.05,0,0.0,0,0.0,0.0,0.0,0.0,0.0
2024-02-06 14:15:00,120.21,121.07,120.19,121.01,120.29,120.29,120.24,120.23,120.22,119.26,120.0,120.01,120.04,120.05,0,0.0,02/05/2024 17:00,121.65625,121.65625,122.65625,123.65625,0.0
2024-02-06 14:15:00,120.21,121.07,120.19,121.01,120.29,120.29,120.24,120.23,120.22,119.26,120.0,120.01,120.04,120.05,0,0.0,02/05/2024 17:00,121.65625,121.65625,122.65625,123.65625,0.0
2024-02-06 14:15:00,120.21,121.07,120.19,121.01,120.29,120.29,120.24,120.23,120.22,119.26,120.0,120.01,120.04,120.05,0,0.0,02/05/2024 17:00,121.65625,121.65625,122.65625,123.65625,0.0
2024-02-06 19:15:00,121.02,121.09,120.29,120.3,121.24,121.21,121.17,121.16,121.16,120.21,120.22,120.23,120.29,120.29,02/06/2024 17:00,120.90625,0,0.0,120.90625,119.90625,118.90625,0.0
2024-02-06 19:15:00,121.02,121.09,120.29,120.3,121.24,121.21,121.17,121.16,121.16,120.21,120.22,120.23,120.29,120.29,02/06/2024 17:00,120.90625,0,0.0,120.90625,119.90625,118.90625,0.0
2024-02-06 23:15:00,120.29,121.09,120.29,121.06,121.24,121.21,121.17,121.16,121.16,120.04,120.05,120.21,120.22,120.23,0,0.0,0,0.0,0.0,0.0,0.0,0.0
2024-02-07 03:15:00,121.07,121.08,120.3,120.3,121.24,121.21,121.17,121.16,121.16,120.21,120.22,120.23,120.29,120.29,0,0.0,0,0.0,0.0,0.0,0.0,0.0
2024-02-07 07:15:00,120.3,121.04,120.17,120.17,121.24,121.21,121.17,121.16,121.16,120.21,120.22,120.23,120.29,120.29,0,0.0,0,0.0,0.0,0.0,0.0,0.0
2024-02-07 11:15:00,120.17,121.13,120.15,121.04,121.16,121.09,120.29,120.23,120.19,120.0,120.01,120.03,120.04,120.05,02/06/2024 17:00,120.90625,0,0.0,120.90625,119.90625,118.90625,0.0
2024-02-07 15:15:00,121.04,121.04,120.23,120.31,121.21,121.17,121.16,121.16,121.09,120.01,120.03,120.04,120.05,120.19,0,0.0,0,0.0,0.0,0.0,0.0,0.0
2024-02-07 20:15:00,121.0,121.01,120.21,120.23,121.21,121.17,121.16,121.16,121.09,120.01,120.03,120.04,120.05,120.19,0,0.0,0,0.0,0.0,0.0,0.0,0.0
2024-02-08 00:15:00,120.23,120.31,120.21,120.27,121.17,121.16,121.16,121.13,121.09,120.03,120.04,120.05,120.15,120.19,0,0.0,0,0.0,0.0,0.0,0.0,0.0
2024-02-08 04:15:00,120.27,120.27,120.14,120.21,121.16,121.16,121.13,121.09,121.04,120.03,120.04,120.05,120.15,120.19,0,0.0,0,0.0,0.0,0.0,0.0,0.0
2024-02-08 08:15:00,120.2,120.26,120.06,120.1,121.16,121.13,121.09,121.04,121.01,120.03,120.04,120.05,120.15,120.19,0,0.0,0,0.0,0.0,0.0,0.0,0.0
2024-02-08 12:15:00,120.1,120.12,119.25,119.27,121.09,121.04,121.01,120.31,120.15,120.0,120.01,120.03,120.04,120.05,0,0.0,0,0.0,0.0,0.0,0.0,0.0
2024-02-08 16:15:00,119.28,120.13,119.23,120.01,120.05,120.04,120.03,120.01,120.0,119.2,119.23,119.24,119.26,119.26,02/06/2024 17:00,120.90625,0,0.0,120.90625,119.90625,118.90625,0.0
2024-02-08 21:15:00,120.01,120.09,120.01,120.07,120.26,120.15,120.05,120.04,120.03,119.23,119.24,119.26,119.26,120.0,0,0.0,02/08/2024 17:00,119.8125,119.8125,120.8125,121.8125,0.0
2024-02-08 21:15:00,120.01,120.09,120.01,120.07,120.26,120.15,120.05,120.04,120.03,119.23,119.24,119.26,119.26,120.0,0,0.0,02/08/2024 17:00,119.8125,119.8125,120.8125,121.8125,0.0
2024-02-08 21:15:00,120.01,120.09,120.01,120.07,120.26,120.15,120.05,120.04,120.03,119.23,119.24,119.26,119.26,120.0,0,0.0,02/08/2024 17:00,119.8125,119.8125,120.8125,121.8125,0.0
2024-02-08 21:15:00,120.01,120.09,120.01,120.07,120.26,120.15,120.05,120.04,120.03,119.23,119.24,119.26,119.26,120.0,0,0.0,02/08/2024 17:00,119.8125,119.8125,120.8125,121.8125,0.0
2024-02-09 01:15:00,120.06,120.09,120.02,120.04,121.01,120.31,120.27,120.26,120.15,120.0,120.01,120.03,120.04,120.05,0,0.0,0,0.0,0.0,0.0,0.0,0.0
2024-02-09 05:15:00,120.03,120.05,119.24,119.29,120.27,120.26,120.15,120.13,120.04,119.24,119.26,119.26,120.0,120.01,0,0.0,0,0.0,0.0,0.0,0.0,0.0
2024-02-09 09:15:00,119.29,120.17,119.24,120.03,120.31,120.27,120.26,120.15,120.13,119.23,119.23,119.24,119.26,119.26,0,0.0,0,0.0,0.0,0.0,0.0,0.0
2024-02-09 13:15:00,120.02,120.02,119.18,119.27,120.31,120.27,120.26,120.15,120.13,119.23,119.23,119.24,119.26,119.26,0,0.0,0,0.0,0.0,0.0,0.0,0.0
2024-02-11 18:15:00,119.26,119.31,119.23,119.3,120.31,120.27,120.26,120.15,120.13,119.18,119.2,119.23,119.23,119.24,0,0.0,0,0.0,0.0,0.0,0.0,0.0
2024-02-11 22:15:00,119.3,120.01,119.28,120.0,120.27,120.26,120.17,120.15,120.13,119.23,119.23,119.24,119.26,119.26,0,0.0,0,0.0,0.0,0.0,0.0,0.0
2024-02-12 02:15:00,120.01,120.01,119.27,119.29,120.26,120.17,120.15,120.13,120.02,119.23,119.23,119.24,119.26,119.26,0,0.0,0,0.0,0.0,0.0,0.0,0.0
2024-02-12 06:15:00,119.29,120.07,119.2,120.01,120.26,120.17,120.15,120.13,120.02,119.23,119.23,119.24,119.26,119.26,0,0.0,0,0.0,0.0,0.0,0.0,0.0
2024-02-12 10:15:00,120.0,120.07,119.23,119.24,120.26,120.17,120.15,120.13,120.02,119.23,119.23,119.24,119.26,119.26,0,0.0,0,0.0,0.0,0.0,0.0,0.0
2024-02-12 14:15:00,119.24,120.04,119.16,120.01,120.17,120.15,120.13,120.02,119.26,119.18,119.2,119.23,119.23,119.23,0,0.0,02/08/2024 17:00,119.8125,119.8125,120.8125,121.8125,0.0
2024-02-12 19:15:00,120.01,120.02,119.23,119.25,120.26,120.17,120.15,120.13,120.02,119.23,119.23,119.23,119.24,119.26,0,0.0,0,0.0,0.0,0.0,0.0,0.0
2024-02-12 23:15:00,119.26,119.29,119.21,119.23,120.17,120.15,120.13,120.07,120.02,119.2,119.23,119.23,119.23,119.24,0,0.0,0,0.0,0.0,0.0,0.0,0.0
2024-02-13 03:15:00,119.22,119.25,119.17,119.18,120.02,119.24,119.23,119.23,119.23,119.15,119.16,119.18,119.18,119.2,0,0.0,0,0.0,0.0,0.0,0.0,0.0
2024-02-13 07:15:00,119.18,120.02,119.17,120.01,120.02,119.24,119.23,119.23,119.2,119.09,119.13,119.14,119.15,119.16,02/12/2024 17:00,119.8125,0,0.0,119.8125,118.8125,117.8125,0.0
2024-02-13 07:15:00,119.18,120.02,119.17,120.01,120.02,119.24,119.23,119.23,119.2,119.09,119.13,119.14,119.15,119.16,02/12/2024 17:00,119.8125,0,0.0,119.8125,118.8125,117.8125,0.0
2024-02-13 07:15:00,119.18,120.02,119.17,120.01,120.02,119.24,119.23,119.23,119.2,119.09,119.13,119.14,119.15,119.16,02/12/2024 17:00,119.8125,0,0.0,119.8125,118.8125,117.8125,0.0
2024-02-13 11:15:00,120.01,120.31,118.13,118.18,120.13,120.07,120.04,120.02,120.02,119.18,119.2,119.23,119.23,119.24,0,0.0,0,0.0,0.0,0.0,0.0,0.0
2024-02-13 15:15:00,118.18,118.2,118.01,118.03,119.0,118.3,118.28,118.24,118.2,118.09,118.1,118.12,118.12,118.17,0,0.0,0,0.0,0.0,0.0,0.0,0.0
2024-02-13 20:15:00,118.04,118.06,117.3,118.0,118.12,118.1,118.08,118.06,118.05,117.12,117.17,117.17,117.3,118.03,0,0.0,0,0.0,0.0,0.0,0.0,0.0
2024-02-14 00:15:00,118.01,118.08,117.3,118.03,118.1,118.08,118.06,118.05,118.03,116.22,117.12,117.17,117.17,117.3,0,0.0,0,0.0,0.0,0.0,0.0,0.0
2024-02-14 04:15:00,118.03,118.16,118.03,118.1,118.12,118.1,118.08,118.06,118.05,116.22,117.12,117.17,117.17,117.3,0,0.0,02/13/2024 17:00,119.0625,119.0625,120.0625,121.0625,0.0
2024-02-14 08:15:00,118.09,118.15,118.04,118.09,118.2,118.17,118.12,118.12,118.1,117.12,117.17,117.17,117.3,118.03,0,0.0,0,0.0,0.0,0.0,0.0,0.0
2024-02-14 12:15:00,118.09,118.22,117.29,118.17,118.2,118.17,118.12,118.12,118.1,117.17,117.17,117.3,117.3,118.03,0,0.0,02/13/2024 17:00,119.0625,119.0625,120.0625,121.0625,0.0
2024-02-14 16:15:00,118.17,118.29,118.15,118.2,118.3,118.28,118.24,118.2,118.2,117.3,117.3,118.03,118.1,118.12,0,0.0,02/13/2024 17:00,119.0625,119.0625,120.0625,121.0625,0.0
2024-02-14 16:15:00,118.17,118.29,118.15,118.2,118.3,118.28,118.24,118.2,118.2,117.3,117.3,118.03,118.1,118.12,0,0.0,02/13/2024 17:00,119.0625,119.0625,120.0625,121.0625,0.0
2024-02-14 21:15:00,118.2,119.06,118.19,119.04,119.02,119.0,118.3,118.28,118.24,117.3,118.03,118.1,118.12,118.17,02/14/2024 17:00,118.375,0,0.0,118.375,117.375,116.375,0.0
2024-02-14 21:15:00,118.2,119.06,118.19,119.04,119.02,119.0,118.3,118.28,118.24,117.3,118.03,118.1,118.12,118.17,02/14/2024 17:00,118.375,0,0.0,118.375,117.375,116.375,0.0
2024-02-14 21:15:00,118.2,119.06,118.19,119.04,119.02,119.0,118.3,118.28,118.24,117.3,118.03,118.1,118.12,118.17,02/14/2024 17:00,118.375,0,0.0,118.375,117.375,116.375,0.0
2024-02-14 21:15:00,118.2,119.06,118.19,119.04,119.02,119.0,118.3,118.28,118.24,117.3,118.03,118.1,118.12,118.17,02/14/2024 17:00,118.375,0,0.0,118.375,117.375,116.375,0.0
2024-02-14 21:15:00,118.2,119.06,118.19,119.04,119.02,119.0,118.3,118.28,118.24,117.3,118.03,118.1,118.12,118.17,02/14/2024 17:00,118.375,0,0.0,118.375,117.375,116.375,0.0
2024-02-14 21:15:00,118.2,119.06,118.19,119.04,119.02,119.0,118.3,118.28,118.24,117.3,118.03,118.1,118.12,118.17,02/14/2024 17:00,118.375,0,0.0,118.375,117.375,116.375,0.0
2024-02-14 21:15:00,118.2,119.06,118.19,119.04,119.02,119.0,118.3,118.28,118.24,117.3,118.03,118.1,118.12,118.17,02/14/2024 17:00,118.375,0,0.0,118.375,117.375,116.375,0.0
2024-02-15 01:15:00,119.04,119.06,119.01,119.02,119.18,119.18,119.16,119.15,119.09,118.28,118.3,119.0,119.02,119.03,0,0.0,0,0.0,0.0,0.0,0.0,0.0
2024-02-15 05:15:00,119.02,119.15,119.0,119.07,119.18,119.18,119.16,119.15,119.09,118.2,118.24,118.28,118.3,119.0,0,0.0,0,0.0,0.0,0.0,0.0,0.0
2024-02-15 09:15:00,119.07,119.23,119.04,119.11,119.18,119.18,119.16,119.15,119.09,118.24,118.28,118.3,119.0,119.02,02/14/2024 17:00,118.375,0,0.0,118.375,117.375,116.375,0.0
2024-02-15 13:15:00,119.1,119.15,118.24,118.31,120.02,119.18,119.18,119.16,119.15,118.28,118.3,119.0,119.02,119.09,0,0.0,0,0.0,0.0,0.0,0.0,0.0
2024-02-15 18:15:00,118.31,119.05,118.27,119.04,120.02,119.18,119.18,119.16,119.15,118.19,118.2,118.24,118.28,118.3,0,0.0,0,0.0,0.0,0.0,0.0,0.0
2024-02-15 22:15:00,119.05,119.05,118.24,118.25,119.23,119.18,119.18,119.16,119.15,118.19,118.2,118.24,118.28,118.3,0,0.0,0,0.0,0.0,0.0,0.0,0.0
2024-02-16 02:15:00,118.25,118.27,118.19,118.19,119.18,119.18,119.16,119.15,119.15,118.15,118.17,118.19,118.2,118.24,0,0.0,0,0.0,0.0,0.0,0.0,0.0
2024-02-16 06:15:00,118.19,118.23,118.18,118.22,119.18,119.16,119.15,119.15,118.2,118.03,118.1,118.12,118.15,118.17,0,0.0,0,0.0,0.0,0.0,0.0,0.0
2024-02-16 10:15:00,118.22,118.24,117.3,118.09,119.18,119.16,119.15,119.15,119.05,118.1,118.12,118.15,118.17,118.19,0,0.0,0,0.0,0.0,0.0,0.0,0.0
2024-02-16 14:15:00,118.09,118.13,118.01,118.1,119.15,119.05,118.27,118.19,118.15,117.17,117.29,117.3,117.3,118.03,0,0.0,0,0.0,0.0,0.0,0.0,0.0
2024-02-18 19:15:00,118.1,118.17,118.07,118.12,119.15,119.05,118.27,118.19,118.15,117.17,117.29,117.3,117.3,118.03,0,0.0,0,0.0,0.0,0.0,0.0,0.0
2024-02-18 23:15:00,118.12,118.17,118.11,118.13,119.05,118.27,118.24,118.19,118.15,117.29,117.3,117.3,117.3,118.03,0,0.0,0,0.0,0.0,0.0,0.0,0.0
2024-02-19 03:15:00,118.13,118.15,118.03,118.04,119.05,118.27,118.24,118.19,118.15,117.3,117.3,117.3,118.01,118.03,0,0.0,0,0.0,0.0,0.0,0.0,0.0
2024-02-19 07:15:00,118.04,118.07,118.01,118.02,119.05,118.27,118.24,118.19,118.15,117.3,117.3,117.3,118.01,118.03,0,0.0,0,0.0,0.0,0.0,0.0,0.0
2024-02-19 11:15:00,118.02,118.04,117.27,117.27,118.27,118.24,118.19,118.17,118.15,117.29,117.3,117.3,117.3,118.01,0,0.0,0,0.0,0.0,0.0,0.0,0.0
2024-02-19 20:15:00,117.28,118.03,117.25,117.3,118.01,117.3,117.3,117.3,117.29,116.21,116.22,117.12,117.17,117.17,0,0.0,02/19/2024 13:00,117.9375,117.9375,118.9375,119.9375,0.0
2024-02-20 00:15:00,117.31,118.06,117.3,118.06,118.17,118.15,118.15,118.07,118.01,117.17,117.29,117.3,117.3,117.3,0,0.0,02/19/2024 13:00,117.9375,117.9375,118.9375,119.9375,0.0
2024-02-20 00:15:00,117.31,118.06,117.3,118.06,118.17,118.15,118.15,118.07,118.01,117.17,117.29,117.3,117.3,117.3,0,0.0,02/19/2024 13:00,117.9375,117.9375,118.9375,119.9375,0.0
2024-02-20 00:15:00,117.31,118.06,117.3,118.06,118.17,118.15,118.15,118.07,118.01,117.17,117.29,117.3,117.3,117.3,0,0.0,02/19/2024 13:00,117.9375,117.9375,118.9375,119.9375,0.0
2024-02-20 00:15:00,117.31,118.06,117.3,118.06,118.17,118.15,118.15,118.07,118.01,117.17,117.29,117.3,117.3,117.3,0,0.0,02/19/2024 13:00,117.9375,117.9375,118.9375,119.9375,0.0
2024-02-20 04:15:00,118.05,118.1,118.0,118.07,118.19,118.17,118.15,118.15,118.07,117.29,117.3,117.3,117.3,118.01,0,0.0,0,0.0,0.0,0.0,0.0,0.0
2024-02-20 08:15:00,118.08,118.15,118.06,118.09,118.24,118.19,118.17,118.15,118.15,117.3,117.3,117.3,118.01,118.07,0,0.0,02/19/2024 13:00,117.9375,117.9375,118.9375,119.9375,0.0
2024-02-20 12:15:00,118.09,118.27,118.05,118.2,118.24,118.19,118.17,118.15,118.15,117.3,117.3,117.3,118.01,118.07,0,0.0,02/19/2024 13:00,117.9375,117.9375,118.9375,119.9375,0.0
2024-02-20 12:15:00,118.09,118.27,118.05,118.2,118.24,118.19,118.17,118.15,118.15,117.3,117.3,117.3,118.01,118.07,0,0.0,02/19/2024 13:00,117.9375,117.9375,118.9375,119.9375,0.0
2024-02-20 12:15:00,118.09,118.27,118.05,118.2,118.24,118.19,118.17,118.15,118.15,117.3,117.3,117.3,118.01,118.07,0,0.0,02/19/2024 13:00,117.9375,117.9375,118.9375,119.9375,0.0
2024-02-20 16:15:00,118.2,118.24,118.13,118.15,119.15,119.15,119.05,118.27,118.24,118.07,118.15,118.15,118.17,118.19,0,0.0,0,0.0,0.0,0.0,0.0,0.0
2024-02-20 21:15:00,118.15,118.16,118.07,118.12,119.15,119.05,118.27,118.24,118.17,117.3,117.3,118.0,118.01,118.07,0,0.0,0,0.0,0.0,0.0,0.0,0.0
2024-02-21 01:15:00,118.13,118.17,118.12,118.13,118.27,118.27,118.24,118.17,118.15,117.3,118.0,118.01,118.05,118.07,0,0.0,0,0.0,0.0,0.0,0.0,0.0
2024-02-21 05:15:00,118.13,118.15,118.06,118.15,118.27,118.24,118.24,118.17,118.15,117.3,118.0,118.01,118.05,118.07,0,0.0,0,0.0,0.0,0.0,0.0,0.0
2024-02-21 09:15:00,118.14,118.25,118.11,118.22,118.27,118.24,118.24,118.17,118.15,117.3,118.0,118.01,118.05,118.07,02/20/2024 17:00,117.9375,0,0.0,117.9375,116.9375,115.9375,0.0
2024-02-21 13:15:00,118.22,118.23,117.24,117.29,119.05,118.27,118.27,118.24,118.24,117.3,118.0,118.01,118.05,118.07,0,0.0,0,0.0,0.0,0.0,0.0,0.0
2024-02-21 18:15:00,117.29,118.01,117.23,117.29,118.24,118.07,118.05,118.0,117.3,116.22,117.12,117.17,117.17,117.25,0,0.0,0,0.0,0.0,0.0,0.0,0.0
2024-02-21 22:15:00,117.28,118.05,117.25,118.03,118.07,118.05,118.0,117.3,117.29,116.22,117.12,117.17,117.17,117.25,0,0.0,02/21/2024 17:00,117.9375,117.9375,118.9375,119.9375,0.0
2024-02-21 22:15:00,117.28,118.05,117.25,118.03,118.07,118.05,118.0,117.3,117.29,116.22,117.12,117.17,117.17,117.25,0,0.0,02/21/2024 17:00,117.9375,117.9375,118.9375,119.9375,0.0
2024-02-22 02:15:00,118.03,118.05,117.31,117.31,118.24,118.24,118.23,118.07,118.05,117.17,117.25,117.29,117.3,118.0,0,0.0,0,0.0,0.0,0.0,0.0,0.0
2024-02-22 06:15:00,117.31,118.06,117.25,118.05,118.24,118.24,118.23,118.07,118.05,117.17,117.23,117.25,117.29,117.3,0,0.0,0,0.0,0.0,0.0,0.0,0.0
2024-02-22 10:15:00,118.04,118.11,117.14,118.04,118.24,118.24,118.23,118.07,118.05,117.17,117.23,117.25,117.29,117.3,0,0.0,0,0.0,0.0,0.0,0.0,0.0
2024-02-22 14:15:00,118.04,118.12,117.27,118.04,118.24,118.24,118.23,118.07,118.05,117.17,117.23,117.25,117.29,117.3,0,0.0,0,0.0,0.0,0.0,0.0,0.0
2024-02-22 19:15:00,118.04,118.1,117.29,118.1,118.24,118.24,118.23,118.07,118.05,117.17,117.23,117.25,117.29,117.3,0,0.0,02/21/2024 17:00,117.9375,117.9375,118.9375,119.9375,0.0
2024-02-22 23:15:00,118.1,118.1,118.0,118.0,118.27,118.25,118.24,118.24,118.23,117.23,117.25,117.29,117.3,118.05,0,0.0,0,0.0,0.0,0.0,0.0,0.0
2024-02-23 03:15:00,118.0,118.06,117.29,118.01,118.25,118.24,118.24,118.23,118.12,117.23,117.25,117.27,117.29,117.3,0,0.0,0,0.0,0.0,0.0,0.0,0.0
2024-02-23 07:15:00,118.02,118.03,117.28,118.0,118.25,118.24,118.24,118.23,118.12,117.23,117.25,117.27,117.29,117.3,0,0.0,0,0.0,0.0,0.0,0.0,0.0
2024-02-23 11:15:00,117.31,118.24,117.31,118.24,118.24,118.24,118.23,118.12,118.1,117.23,117.25,117.27,117.29,117.3,0,0.0,02/21/2024 17:00,117.9375,117.9375,118.9375,119.9375,0.0
2024-02-23 11:15:00,117.31,118.24,117.31,118.24,118.24,118.24,118.23,118.12,118.1,117.23,117.25,117.27,117.29,117.3,0,0.0,02/21/2024 17:00,117.9375,117.9375,118.9375,119.9375,0.0
2024-02-23 11:15:00,117.31,118.24,117.31,118.24,118.24,118.24,118.23,118.12,118.1,117.23,117.25,117.27,117.29,117.3,0,0.0,02/21/2024 17:00,117.9375,117.9375,118.9375,119.9375,0.0
2024-02-23 15:15:00,118.23,119.11,118.23,119.04,118.27,118.27,118.25,118.24,118.24,117.27,117.29,117.3,118.1,118.12,0,0.0,02/21/2024 17:00,117.9375,117.9375,118.9375,119.9375,0.0
2024-02-23 15:15:00,118.23,119.11,118.23,119.04,118.27,118.27,118.25,118.24,118.24,117.27,117.29,117.3,118.1,118.12,0,0.0,02/21/2024 17:00,117.9375,117.9375,118.9375,119.9375,0.0
2024-02-23 15:15:00,118.23,119.11,118.23,119.04,118.27,118.27,118.25,118.24,118.24,117.27,117.29,117.3,118.1,118.12,0,0.0,02/21/2024 17:00,117.9375,117.9375,118.9375,119.9375,0.0
2024-02-25 20:15:00,119.04,119.21,119.04,119.18,119.18,119.16,119.15,119.15,119.05,118.24,118.24,118.25,118.27,118.27,02/23/2024 17:00,119.0625,0,0.0,119.0625,118.0625,117.0625,0.0
2024-02-25 20:15:00,119.04,119.21,119.04,119.18,119.18,119.16,119.15,119.15,119.05,118.24,118.24,118.25,118.27,118.27,02/23/2024 17:00,119.0625,0,0.0,119.0625,118.0625,117.0625,0.0
2024-02-25 20:15:00,119.04,119.21,119.04,119.18,119.18,119.16,119.15,119.15,119.05,118.24,118.24,118.25,118.27,118.27,02/23/2024 17:00,119.0625,0,0.0,119.0625,118.0625,117.0625,0.0
2024-02-25 20:15:00,119.04,119.21,119.04,119.18,119.18,119.16,119.15,119.15,119.05,118.24,118.24,118.25,118.27,118.27,02/23/2024 17:00,119.0625,0,0.0,119.0625,118.0625,117.0625,0.0
2024-02-25 20:15:00,119.04,119.21,119.04,119.18,119.18,119.16,119.15,119.15,119.05,118.24,118.24,118.25,118.27,118.27,02/23/2024 17:00,119.0625,0,0.0,119.0625,118.0625,117.0625,0.0
2024-02-26 00:15:00,119.18,119.21,119.14,119.18,120.07,120.04,120.02,120.02,119.23,118.27,119.05,119.15,119.15,119.16,02/23/2024 17:00,119.0625,0,0.0,119.0625,118.0625,117.0625,0.0
2024-02-26 04:15:00,119.19,119.26,119.14,119.14,120.07,120.04,120.02,120.02,119.23,119.15,119.15,119.16,119.18,119.18,0,0.0,0,0.0,0.0,0.0,0.0,0.0
2024-02-26 08:15:00,119.14,119.19,119.11,119.15,120.02,119.23,119.18,119.18,119.15,118.25,118.27,118.27,119.04,119.05,0,0.0,0,0.0,0.0,0.0,0.0,0.0
2024-02-26 12:15:00,119.15,119.18,118.2,118.2,120.02,120.02,119.23,119.18,119.18,118.25,118.27,118.27,119.04,119.05,0,0.0,0,0.0,0.0,0.0,0.0,0.0
2024-02-26 16:15:00,118.2,119.04,118.16,119.04,118.25,118.24,118.24,118.23,118.23,117.29,117.3,117.31,118.1,118.12,02/23/2024 17:00,119.0625,0,0.0,119.0625,118.0625,117.0625,0.0
2024-02-26 21:15:00,119.04,119.06,118.3,119.04,119.19,119.18,119.18,119.15,119.05,117.3,117.31,118.1,118.12,118.23,0,0.0,0,0.0,0.0,0.0,0.0,0.0
2024-02-27 01:15:00,119.04,119.05,118.3,119.0,119.18,119.18,119.18,119.15,119.05,117.3,117.31,118.1,118.12,118.23,0,0.0,0,0.0,0.0,0.0,0.0,0.0
2024-02-27 05:15:00,118.31,119.12,118.3,119.07,119.18,119.18,119.15,119.05,119.04,117.31,118.1,118.12,118.16,118.23,0,0.0,02/26/2024 17:00,118.84375,118.84375,119.84375,120.84375,0.0
2024-02-27 09:15:00,119.07,119.09,118.25,118.26,119.19,119.18,119.18,119.18,119.15,118.1,118.12,118.16,118.23,119.04,0,0.0,0,0.0,0.0,0.0,0.0,0.0
2024-02-27 13:15:00,118.26,118.3,118.16,118.29,119.19,119.18,119.18,119.18,119.15,117.31,118.1,118.12,118.16,118.23,0,0.0,0,0.0,0.0,0.0,0.0,0.0
2024-02-27 18:15:00,118.28,118.3,118.09,118.16,119.18,119.18,119.18,119.15,119.12,117.31,118.1,118.12,118.16,118.23,0,0.0,0,0.0,0.0,0.0,0.0,0.0
2024-02-27 22:15:00,118.16,118.23,118.14,118.21,119.18,119.18,119.15,119.12,119.09,117.29,117.3,117.31,118.1,118.12,0,0.0,0,0.0,0.0,0.0,0.0,0.0
2024-02-28 02:15:00,118.21,118.26,118.2,118.23,119.18,119.18,119.15,119.12,119.09,117.3,117.31,118.1,118.12,118.16,0,0.0,0,0.0,0.0,0.0,0.0,0.0
2024-02-28 06:15:00,118.22,118.25,118.18,118.22,119.18,119.15,119.12,119.09,118.3,117.31,118.09,118.1,118.12,118.16,0,0.0,0,0.0,0.0,0.0,0.0,0.0
2024-02-28 10:15:00,118.22,119.01,118.11,118.18,119.18,119.15,119.12,119.09,118.3,118.09,118.1,118.12,118.14,118.16,0,0.0,0,0.0,0.0,0.0,0.0,0.0
2024-02-28 14:15:00,118.19,118.24,118.17,118.22,119.18,119.15,119.12,119.09,118.3,118.09,118.1,118.12,118.14,118.16,0,0.0,0,0.0,0.0,0.0,0.0,0.0
2024-02-28 19:15:00,118.22,119.0,118.21,118.3,119.18,119.15,119.12,119.09,118.3,118.09,118.1,118.12,118.14,118.16,0,0.0,0,0.0,0.0,0.0,0.0,0.0
2024-02-28 23:15:00,118.29,118.31,118.23,118.25,119.15,119.12,119.09,119.01,118.3,118.1,118.11,118.12,118.14,118.16,0,0.0,0,0.0,0.0,0.0,0.0,0.0
2024-02-29 03:15:00,118.26,118.29,118.22,118.24,119.15,119.12,119.09,119.01,118.3,118.11,118.12,118.14,118.16,118.17,0,0.0,0,0.0,0.0,0.0,0.0,0.0
2024-02-29 07:15:00,118.24,118.29,118.09,118.14,119.12,119.09,119.01,119.0,118.3,118.12,118.14,118.16,118.17,118.21,0,0.0,0,0.0,0.0,0.0,0.0,0.0
2024-02-29 11:15:00,118.14,119.2,118.09,119.16,118.31,118.3,118.21,118.17,118.16,117.31,118.09,118.1,118.11,118.12,0,0.0,02/26/2024 17:00,118.84375,118.84375,119.84375,120.84375,0.0
2024-02-29 11:15:00,118.14,119.2,118.09,119.16,118.31,118.3,118.21,118.17,118.16,117.31,118.09,118.1,118.11,118.12,0,0.0,02/26/2024 17:00,118.84375,118.84375,119.84375,120.84375,0.0
2024-02-29 11:15:00,118.14,119.2,118.09,119.16,118.31,118.3,118.21,118.17,118.16,117.31,118.09,118.1,118.11,118.12,0,0.0,02/26/2024 17:00,118.84375,118.84375,119.84375,120.84375,0.0
2024-02-29 11:15:00,118.14,119.2,118.09,119.16,118.31,118.3,118.21,118.17,118.16,117.31,118.09,118.1,118.11,118.12,0,0.0,02/26/2024 17:00,118.84375,118.84375,119.84375,120.84375,0.0
2024-02-29 11:15:00,118.14,119.2,118.09,119.16,118.31,118.3,118.21,118.17,118.16,117.31,118.09,118.1,118.11,118.12,0,0.0,02/26/2024 17:00,118.84375,118.84375,119.84375,120.84375,0.0
2024-02-29 11:15:00,118.14,119.2,118.09,119.16,118.31,118.3,118.21,118.17,118.16,117.31,118.09,118.1,118.11,118.12,0,0.0,02/26/2024 17:00,118.84375,118.84375,119.84375,120.84375,0.0
2024-02-29 11:15:00,118.14,119.2,118.09,119.16,118.31,118.3,118.21,118.17,118.16,117.31,118.09,118.1,118.11,118.12,0,0.0,02/26/2024 17:00,118.84375,118.84375,119.84375,120.84375,0.0
2024-02-29 11:15:00,118.14,119.2,118.09,119.16,118.31,118.3,118.21,118.17,118.16,117.31,118.09,118.1,118.11,118.12,0,0.0,02/26/2024 17:00,118.84375,118.84375,119.84375,120.84375,0.0
2024-02-29 11:15:00,118.14,119.2,118.09,119.16,118.31,118.3,118.21,118.17,118.16,117.31,118.09,118.1,118.11,118.12,0,0.0,02/26/2024 17:00,118.84375,118.84375,119.84375,120.84375,0.0
2024-02-29 15:15:00,119.16,119.2,119.07,119.11,119.23,119.19,119.18,119.18,119.18,118.31,119.0,119.01,119.09,119.12,0,0.0,0,0.0,0.0,0.0,0.0,0.0
2024-02-29 20:15:00,119.1,119.13,119.01,119.04,119.19,119.18,119.18,119.18,119.12,118.3,118.31,119.0,119.01,119.09,0,0.0,0,0.0,0.0,0.0,0.0,0.0
2024-03-01 00:15:00,119.04,119.15,119.03,119.1,119.18,119.18,119.18,119.12,119.09,118.21,118.3,118.31,119.0,119.01,0,0.0,0,0.0,0.0,0.0,0.0,0.0
2024-03-01 04:15:00,119.09,119.1,118.25,119.03,119.19,119.18,119.18,119.18,119.12,118.21,118.3,118.31,119.0,119.01,0,0.0,0,0.0,0.0,0.0,0.0,0.0
2024-03-01 08:15:00,119.03,119.23,119.0,119.01,119.19,119.18,119.18,119.18,119.12,118.21,118.3,118.31,119.0,119.01,0,0.0,0,0.0,0.0,0.0,0.0,0.0
2024-03-01 12:15:00,119.01,120.05,118.18,119.26,119.19,119.18,119.18,119.18,119.12,118.17,118.21,118.3,118.31,119.0,02/29/2024 17:00,119.15625,0,0.0,119.15625,118.15625,117.15625,0.0
2024-03-01 12:15:00,119.01,120.05,118.18,119.26,119.19,119.18,119.18,119.18,119.12,118.17,118.21,118.3,118.31,119.0,02/29/2024 17:00,119.15625,0,0.0,119.15625,118.15625,117.15625,0.0
2024-03-01 12:15:00,119.01,120.05,118.18,119.26,119.19,119.18,119.18,119.18,119.12,118.17,118.21,118.3,118.31,119.0,02/29/2024 17:00,119.15625,0,0.0,119.15625,118.15625,117.15625,0.0
2024-03-01 12:15:00,119.01,120.05,118.18,119.26,119.19,119.18,119.18,119.18,119.12,118.17,118.21,118.3,118.31,119.0,02/29/2024 17:00,119.15625,0,0.0,119.15625,118.15625,117.15625,0.0
2024-03-01 12:15:00,119.01,120.05,118.18,119.26,119.19,119.18,119.18,119.18,119.12,118.17,118.21,118.3,118.31,119.0,02/29/2024 17:00,119.15625,0,0.0,119.15625,118.15625,117.15625,0.0
2024-03-01 12:15:00,119.01,120.05,118.18,119.26,119.19,119.18,119.18,119.18,119.12,118.17,118.21,118.3,118.31,119.0,02/29/2024 17:00,119.15625,0,0.0,119.15625,118.15625,117.15625,0.0
2024-03-01 16:15:00,119.26,120.05,119.22,120.03,120.13,120.07,120.04,120.02,120.02,119.18,119.18,119.19,119.2,119.23,02/29/2024 17:00,119.15625,0,0.0,119.15625,118.15625,117.15625,0.0
2024-03-01 16:15:00,119.26,120.05,119.22,120.03,120.13,120.07,120.04,120.02,120.02,119.18,119.18,119.19,119.2,119.23,02/29/2024 17:00,119.15625,0,0.0,119.15625,118.15625,117.15625,0.0
2024-03-01 16:15:00,119.26,120.05,119.22,120.03,120.13,120.07,120.04,120.02,120.02,119.18,119.18,119.19,119.2,119.23,02/29/2024 17:00,119.15625,0,0.0,119.15625,118.15625,117.15625,0.0
2024-03-03 21:15:00,120.03,120.04,119.27,120.0,120.17,120.15,120.13,120.07,120.04,119.2,119.23,119.26,120.02,120.02,0,0.0,0,0.0,0.0,0.0,0.0,0.0
2024-03-04 01:15:00,120.0,120.01,119.27,119.28,120.13,120.07,120.04,120.02,120.02,119.18,119.19,119.2,119.23,119.26,0,0.0,0,0.0,0.0,0.0,0.0,0.0
2024-03-04 05:15:00,119.27,120.0,119.21,119.28,120.07,120.05,120.04,120.02,120.02,119.19,119.2,119.22,119.23,119.26,0,0.0,0,0.0,0.0,0.0,0.0,0.0
2024-03-04 09:15:00,119.28,119.3,119.08,119.11,120.05,120.04,120.04,120.02,120.02,119.19,119.2,119.22,119.23,119.26,0,0.0,0,0.0,0.0,0.0,0.0,0.0
2024-03-04 13:15:00,119.11,119.25,119.09,119.19,119.23,119.22,119.2,119.19,119.18,118.21,118.3,118.31,119.0,119.01,0,0.0,0,0.0,0.0,0.0,0.0,0.0
2024-03-04 18:15:00,119.2,119.24,119.18,119.23,120.01,120.0,119.26,119.23,119.22,118.3,118.31,119.0,119.01,119.19,0,0.0,03/04/2024 17:00,119.71875,119.71875,120.71875,121.71875,0.0
2024-03-04 22:15:00,119.22,119.25,119.19,119.2,120.01,120.0,119.3,119.26,119.23,118.3,118.31,119.0,119.01,119.08,0,0.0,0,0.0,0.0,0.0,0.0,0.0
2024-03-05 02:15:00,119.21,119.28,119.2,119.28,120.01,120.0,119.3,119.26,119.23,118.31,119.0,119.01,119.08,119.09,0,0.0,0,0.0,0.0,0.0,0.0,0.0
2024-03-05 06:15:00,119.28,120.1,119.28,120.08,120.02,120.02,120.01,120.0,119.3,119.0,119.01,119.08,119.09,119.18,0,0.0,03/04/2024 17:00,119.71875,119.71875,120.71875,121.71875,0.0
2024-03-05 06:15:00,119.28,120.1,119.28,120.08,120.02,120.02,120.01,120.0,119.3,119.0,119.01,119.08,119.09,119.18,0,0.0,03/04/2024 17:00,119.71875,119.71875,120.71875,121.71875,0.0
2024-03-05 06:15:00,119.28,120.1,119.28,120.08,120.02,120.02,120.01,120.0,119.3,119.0,119.01,119.08,119.09,119.18,0,0.0,03/04/2024 17:00,119.71875,119.71875,120.71875,121.71875,0.0
2024-03-05 06:15:00,119.28,120.1,119.28,120.08,120.02,120.02,120.01,120.0,119.3,119.0,119.01,119.08,119.09,119.18,0,0.0,03/04/2024 17:00,119.71875,119.71875,120.71875,121.71875,0.0
2024-03-05 06:15:00,119.28,120.1,119.28,120.08,120.02,120.02,120.01,120.0,119.3,119.0,119.01,119.08,119.09,119.18,0,0.0,03/04/2024 17:00,119.71875,119.71875,120.71875,121.71875,0.0
2024-03-05 06:15:00,119.28,120.1,119.28,120.08,120.02,120.02,120.01,120.0,119.3,119.0,119.01,119.08,119.09,119.18,0,0.0,03/04/2024 17:00,119.71875,119.71875,120.71875,121.71875,0.0
2024-03-05 06:15:00,119.28,120.1,119.28,120.08,120.02,120.02,120.01,120.0,119.3,119.0,119.01,119.08,119.09,119.18,0,0.0,03/04/2024 17:00,119.71875,119.71875,120.71875,121.71875,0.0
2024-03-05 10:15:00,120.08,121.12,120.05,121.03,120.27,120.26,120.17,120.15,120.13,120.01,120.04,120.04,120.05,120.07,0,0.0,03/04/2024 17:00,119.71875,119.71875,120.71875,121.71875,0.0
2024-03-05 10:15:00,120.08,121.12,120.05,121.03,120.27,120.26,120.17,120.15,120.13,120.01,120.04,120.04,120.05,120.07,0,0.0,03/04/2024 17:00,119.71875,119.71875,120.71875,121.71875,0.0
2024-03-05 10:15:00,120.08,121.12,120.05,121.03,120.27,120.26,120.17,120.15,120.13,120.01,120.04,120.04,120.05,120.07,0,0.0,03/04/2024 17:00,119.71875,119.71875,120.71875,121.71875,0.0
2024-03-05 10:15:00,120.08,121.12,120.05,121.03,120.27,120.26,120.17,120.15,120.13,120.01,120.04,120.04,120.05,120.07,0,0.0,03/04/2024 17:00,119.71875,119.71875,120.71875,121.71875,0.0
2024-03-05 10:15:00,120.08,121.12,120.05,121.03,120.27,120.26,120.17,120.15,120.13,120.01,120.04,120.04,120.05,120.07,0,0.0,03/04/2024 17:00,119.71875,119.71875,120.71875,121.71875,0.0
2024-03-05 10:15:00,120.08,121.12,120.05,121.03,120.27,120.26,120.17,120.15,120.13,120.01,120.04,120.04,120.05,120.07,0,0.0,03/04/2024 17:00,119.71875,119.71875,120.71875,121.71875,0.0
2024-03-05 10:15:00,120.08,121.12,120.05,121.03,120.27,120.26,120.17,120.15,120.13,120.01,120.04,120.04,120.05,120.07,0,0.0,03/04/2024 17:00,119.71875,119.71875,120.71875,121.71875,0.0
2024-03-05 10:15:00,120.08,121.12,120.05,121.03,120.27,120.26,120.17,120.15,120.13,120.01,120.04,120.04,120.05,120.07,0,0.0,03/04/2024 17:00,119.71875,119.71875,120.71875,121.71875,0.0
2024-03-05 14:15:00,121.03,121.05,120.22,120.29,121.16,121.16,121.13,121.09,121.04,120.26,120.27,120.31,120.31,121.01,0,0.0,0,0.0,0.0,0.0,0.0,0.0
2024-03-05 19:15:00,120.29,121.01,120.2,120.2,121.09,121.04,121.01,120.31,120.31,120.13,120.15,120.17,120.26,120.27,0,0.0,0,0.0,0.0,0.0,0.0,0.0
2024-03-05 23:15:00,120.2,120.26,120.15,120.25,121.01,120.31,120.31,120.27,120.26,120.05,120.07,120.13,120.15,120.17,0,0.0,0,0.0,0.0,0.0,0.0,0.0
2024-03-06 03:15:00,120.25,120.25,120.18,120.2,121.01,120.31,120.31,120.27,120.26,120.05,120.07,120.13,120.15,120.17,0,0.0,0,0.0,0.0,0.0,0.0,0.0
2024-03-06 07:15:00,120.2,120.2,120.12,120.19,121.01,120.31,120.31,120.27,120.26,120.05,120.07,120.13,120.15,120.17,0,0.0,0,0.0,0.0,0.0,0.0,0.0
2024-03-06 11:15:00,120.19,121.17,120.19,121.09,120.31,120.31,120.27,120.26,120.26,120.05,120.07,120.13,120.15,120.17,03/05/2024 17:00,119.71875,0,0.0,119.71875,118.71875,117.71875,0.0
2024-03-06 11:15:00,120.19,121.17,120.19,121.09,120.31,120.31,120.27,120.26,120.26,120.05,120.07,120.13,120.15,120.17,03/05/2024 17:00,119.71875,0,0.0,119.71875,118.71875,117.71875,0.0
2024-03-06 11:15:00,120.19,121.17,120.19,121.09,120.31,120.31,120.27,120.26,120.26,120.05,120.07,120.13,120.15,120.17,03/05/2024 17:00,119.71875,0,0.0,119.71875,118.71875,117.71875,0.0
2024-03-06 11:15:00,120.19,121.17,120.19,121.09,120.31,120.31,120.27,120.26,120.26,120.05,120.07,120.13,120.15,120.17,03/05/2024 17:00,119.71875,0,0.0,119.71875,118.71875,117.71875,0.0
2024-03-06 11:15:00,120.19,121.17,120.19,121.09,120.31,120.31,120.27,120.26,120.26,120.05,120.07,120.13,120.15,120.17,03/05/2024 17:00,119.71875,0,0.0,119.71875,118.71875,117.71875,0.0
2024-03-06 15:15:00,121.09,121.26,121.07,121.19,121.17,121.16,121.16,121.13,121.12,120.17,120.26,121.01,121.04,121.05,03/05/2024 17:00,119.71875,0,0.0,119.71875,118.71875,117.71875,0.0
2024-03-06 15:15:00,121.09,121.26,121.07,121.19,121.17,121.16,121.16,121.13,121.12,120.17,120.26,121.01,121.04,121.05,03/05/2024 17:00,119.71875,0,0.0,119.71875,118.71875,117.71875,0.0
2024-03-06 15:15:00,121.09,121.26,121.07,121.19,121.17,121.16,121.16,121.13,121.12,120.17,120.26,121.01,121.04,121.05,03/05/2024 17:00,119.71875,0,0.0,119.71875,118.71875,117.71875,0.0
2024-03-06 15:15:00,121.09,121.26,121.07,121.19,121.17,121.16,121.16,121.13,121.12,120.17,120.26,121.01,121.04,121.05,03/05/2024 17:00,119.71875,0,0.0,119.71875,118.71875,117.71875,0.0
2024-03-06 15:15:00,121.09,121.26,121.07,121.19,121.17,121.16,121.16,121.13,121.12,120.17,120.26,121.01,121.04,121.05,03/05/2024 17:00,119.71875,0,0.0,119.71875,118.71875,117.71875,0.0
2024-03-06 15:15:00,121.09,121.26,121.07,121.19,121.17,121.16,121.16,121.13,121.12,120.17,120.26,121.01,121.04,121.05,03/05/2024 17:00,119.71875,0,0.0,119.71875,118.71875,117.71875,0.0
2024-03-06 20:15:00,121.18,121.23,121.15,121.17,122.14,122.06,122.04,121.24,121.21,121.12,121.13,121.16,121.16,121.17,0,0.0,0,0.0,0.0,0.0,0.0,0.0
2024-03-07 00:15:00,121.16,121.18,121.11,121.14,122.06,122.04,121.24,121.21,121.17,121.04,121.05,121.09,121.12,121.13,0,0.0,0,0.0,0.0,0.0,0.0,0.0
2024-03-07 04:15:00,121.15,121.21,121.14,121.16,122.04,121.26,121.24,121.21,121.16,121.05,121.07,121.09,121.12,121.13,0,0.0,0,0.0,0.0,0.0,0.0,0.0
2024-03-07 08:15:00,121.15,122.0,121.14,121.3,121.26,121.24,121.23,121.21,121.16,121.05,121.07,121.09,121.12,121.13,03/06/2024 17:00,121.65625,0,0.0,121.65625,120.65625,119.65625,0.0
2024-03-07 08:15:00,121.15,122.0,121.14,121.3,121.26,121.24,121.23,121.21,121.16,121.05,121.07,121.09,121.12,121.13,03/06/2024 17:00,121.65625,0,0.0,121.65625,120.65625,119.65625,0.0
2024-03-07 08:15:00,121.15,122.0,121.14,121.3,121.26,121.24,121.23,121.21,121.16,121.05,121.07,121.09,121.12,121.13,03/06/2024 17:00,121.65625,0,0.0,121.65625,120.65625,119.65625,0.0
2024-03-07 12:15:00,121.3,122.16,121.12,121.16,122.18,122.18,122.14,122.06,122.04,121.12,121.13,121.23,121.24,121.26,0,0.0,0,0.0,0.0,0.0,0.0,0.0
2024-03-07 16:15:00,121.15,121.28,121.12,121.27,122.06,122.04,121.26,121.24,121.23,121.07,121.09,121.11,121.12,121.13,0,0.0,0,0.0,0.0,0.0,0.0,0.0
2024-03-07 21:15:00,121.28,121.3,121.23,121.23,122.18,122.18,122.14,122.06,122.04,121.07,121.09,121.11,121.12,121.13,0,0.0,0,0.0,0.0,0.0,0.0,0.0
2024-03-08 01:15:00,121.24,122.0,121.23,121.3,122.18,122.16,122.14,122.06,122.04,121.07,121.09,121.11,121.12,121.13,0,0.0,0,0.0,0.0,0.0,0.0,0.0
2024-03-08 05:15:00,121.29,122.05,121.29,122.01,122.18,122.16,122.14,122.06,122.04,121.09,121.11,121.12,121.12,121.13,0,0.0,0,0.0,0.0,0.0,0.0,0.0
2024-03-08 09:15:00,122.02,122.12,121.05,121.23,122.18,122.16,122.14,122.06,122.04,121.09,121.11,121.12,121.12,121.13,0,0.0,0,0.0,0.0,0.0,0.0,0.0
2024-03-08 13:15:00,121.23,121.3,121.16,121.23,122.18,122.16,122.14,122.06,122.04,121.09,121.11,121.12,121.12,121.13,0,0.0,0,0.0,0.0,0.0,0.0,0.0
2024-03-10 18:15:00,121.22,121.26,121.16,121.19,122.18,122.16,122.14,122.06,122.04,121.09,121.11,121.12,121.12,121.13,0,0.0,0,0.0,0.0,0.0,0.0,0.0
2024-03-10 22:15:00,121.19,122.03,121.19,121.31,122.16,122.14,122.12,122.06,122.04,121.09,121.11,121.12,121.12,121.13,0,0.0,0,0.0,0.0,0.0,0.0,0.0
2024-03-11 02:15:00,121.31,122.0,121.29,121.29,122.16,122.14,122.12,122.06,122.04,121.09,121.11,121.12,121.12,121.13,0,0.0,0,0.0,0.0,0.0,0.0,0.0
2024-03-11 06:15:00,121.29,122.06,121.27,121.29,122.16,122.14,122.12,122.06,122.04,121.11,121.12,121.12,121.13,121.16,0,0.0,0,0.0,0.0,0.0,0.0,0.0
2024-03-11 10:15:00,121.29,122.01,121.23,121.26,122.16,122.14,122.12,122.06,122.04,121.12,121.12,121.13,121.16,121.19,0,0.0,0,0.0,0.0,0.0,0.0,0.0
2024-03-11 14:15:00,121.26,121.26,121.15,121.19,122.16,122.14,122.12,122.06,122.04,121.12,121.12,121.13,121.16,121.19,0,0.0,0,0.0,0.0,0.0,0.0,0.0
2024-03-11 19:15:00,121.2,121.23,121.11,121.22,122.14,122.12,122.06,122.06,122.04,121.12,121.12,121.13,121.16,121.19,0,0.0,0,0.0,0.0,0.0,0.0,0.0
2024-03-11 23:15:00,121.22,121.26,121.19,121.22,122.12,122.06,122.06,122.04,122.01,121.12,121.12,121.13,121.16,121.19,0,0.0,0,0.0,0.0,0.0,0.0,0.0
2024-03-12 03:15:00,121.21,121.26,121.2,121.24,122.12,122.06,122.06,122.04,122.01,121.12,121.12,121.13,121.16,121.19,0,0.0,0,0.0,0.0,0.0,0.0,0.0
2024-03-12 07:15:00,121.24,121.3,121.21,121.26,122.12,122.06,122.06,122.04,122.01,121.12,121.12,121.13,121.16,121.19,0,0.0,0,0.0,0.0,0.0,0.0,0.0
2024-03-12 11:15:00,121.25,121.3,120.24,120.31,122.12,122.06,122.06,122.04,122.01,121.12,121.13,121.16,121.19,121.19,0,0.0,0,0.0,0.0,0.0,0.0,0.0
2024-03-12 15:15:00,120.3,121.0,120.19,120.27,121.07,121.05,121.05,121.04,121.01,120.13,120.15,120.17,120.19,120.26,0,0.0,0,0.0,0.0,0.0,0.0,0.0
2024-03-12 20:15:00,120.27,121.01,120.25,121.0,121.07,121.05,121.05,121.04,121.01,120.13,120.15,120.17,120.19,120.26,0,0.0,0,0.0,0.0,0.0,0.0,0.0
2024-03-13 00:15:00,120.31,121.02,120.3,120.31,121.07,121.05,121.05,121.04,121.01,120.13,120.15,120.17,120.19,120.26,0,0.0,0,0.0,0.0,0.0,0.0,0.0
2024-03-13 04:15:00,121.0,121.08,120.31,121.03,121.07,121.05,121.05,121.04,121.01,120.15,120.17,120.19,120.19,120.26,0,0.0,0,0.0,0.0,0.0,0.0,0.0
2024-03-13 08:15:00,121.03,121.04,120.15,120.15,121.09,121.07,121.05,121.05,121.04,120.17,120.19,120.19,120.25,120.26,0,0.0,0,0.0,0.0,0.0,0.0,0.0
2024-03-13 12:15:00,120.15,120.21,120.07,120.1,120.26,120.25,120.19,120.19,120.17,120.05,120.05,120.07,120.12,120.13,0,0.0,0,0.0,0.0,0.0,0.0,0.0
2024-03-13 16:15:00,120.1,120.23,120.08,120.13,120.19,120.19,120.17,120.13,120.12,120.04,120.04,120.05,120.05,120.07,0,0.0,03/12/2024 17:00,121.40625,121.40625,122.40625,123.40625,0.0
2024-03-13 21:15:00,120.14,120.17,120.13,120.16,120.26,120.25,120.19,120.19,120.17,120.05,120.05,120.07,120.12,120.13,0,0.0,0,0.0,0.0,0.0,0.0,0.0
2024-03-14 01:15:00,120.15,120.16,120.08,120.09,120.26,120.25,120.19,120.19,120.17,120.05,120.05,120.07,120.07,120.12,0,0.0,0,0.0,0.0,0.0,0.0,0.0
2024-03-14 05:15:00,120.08,120.11,120.04,120.06,120.25,120.23,120.19,120.19,120.17,120.04,120.05,120.05,120.07,120.07,0,0.0,0,0.0,0.0,0.0,0.0,0.0
2024-03-14 09:15:00,120.06,120.15,119.22,119.25,120.19,120.17,120.17,120.07,120.07,120.01,120.04,120.04,120.05,120.05,0,0.0,0,0.0,0.0,0.0,0.0,0.0
2024-03-14 13:15:00,119.25,119.25,118.26,118.31,120.04,120.01,120.0,119.3,119.28,119.08,119.09,119.18,119.19,119.2,0,0.0,0,0.0,0.0,0.0,0.0,0.0
2024-03-14 18:15:00,119.0,119.01,118.25,118.3,119.19,119.18,119.09,119.08,119.01,118.17,118.18,118.21,118.3,118.31,0,0.0,0,0.0,0.0,0.0,0.0,0.0
2024-03-14 22:15:00,118.31,119.04,118.27,119.02,119.18,119.09,119.08,119.01,119.0,118.16,118.17,118.18,118.21,118.3,0,0.0,0,0.0,0.0,0.0,0.0,0.0
2024-03-15 02:15:00,119.02,119.04,119.0,119.02,119.2,119.19,119.18,119.09,119.08,118.16,118.17,118.18,118.21,118.3,0,0.0,0,0.0,0.0,0.0,0.0,0.0
2024-03-15 06:15:00,119.03,119.06,118.3,119.02,119.2,119.19,119.18,119.09,119.08,118.17,118.18,118.21,118.25,118.3,0,0.0,0,0.0,0.0,0.0,0.0,0.0
2024-03-15 10:15:00,119.02,119.1,118.19,118.24,119.2,119.19,119.18,119.09,119.08,118.18,118.21,118.25,118.27,118.3,0,0.0,0,0.0,0.0,0.0,0.0,0.0
2024-03-15 14:15:00,118.23,118.3,118.18,118.23,119.09,119.08,118.3,118.27,118.25,118.14,118.16,118.17,118.18,118.21,0,0.0,0,0.0,0.0,0.0,0.0,0.0
2024-03-17 19:15:00,118.22,118.28,118.18,118.24,119.09,119.08,118.3,118.27,118.25,118.14,118.16,118.17,118.18,118.21,0,0.0,0,0.0,0.0,0.0,0.0,0.0
2024-03-17 23:15:00,118.23,118.3,118.18,118.27,119.09,119.08,118.3,118.27,118.25,118.14,118.16,118.17,118.18,118.21,0,0.0,03/14/2024 17:00,119.15625,119.15625,120.15625,121.15625,0.0
2024-03-18 03:15:00,118.28,118.31,118.23,118.23,119.18,119.1,119.09,119.08,118.3,118.17,118.18,118.21,118.25,118.27,0,0.0,0,0.0,0.0,0.0,0.0,0.0
2024-03-18 07:15:00,118.24,118.27,118.17,118.2,119.1,119.09,119.08,118.3,118.27,118.14,118.16,118.17,118.18,118.21,0,0.0,0,0.0,0.0,0.0,0.0,0.0
2024-03-18 11:15:00,118.21,118.27,118.11,118.12,119.1,119.09,119.08,118.3,118.27,118.12,118.14,118.16,118.17,118.18,0,0.0,0,0.0,0.0,0.0,0.0,0.0
2024-03-18 15:15:00,118.12,118.16,118.06,118.12,118.31,118.3,118.27,118.18,118.14,117.31,118.09,118.09,118.1,118.11,0,0.0,0,0.0,0.0,0.0,0.0,0.0
2024-03-18 20:15:00,118.12,118.18,118.11,118.14,118.31,118.3,118.27,118.18,118.14,117.31,118.09,118.09,118.1,118.11,0,0.0,0,0.0,0.0,0.0,0.0,0.0
2024-03-19 00:15:00,118.14,118.22,118.12,118.21,118.31,118.3,118.27,118.27,118.18,118.09,118.09,118.1,118.11,118.12,0,0.0,03/18/2024 17:00,118.5625,118.5625,119.5625,120.5625,0.0
2024-03-19 00:15:00,118.14,118.22,118.12,118.21,118.31,118.3,118.27,118.27,118.18,118.09,118.09,118.1,118.11,118.12,0,0.0,03/18/2024 17:00,118.5625,118.5625,119.5625,120.5625,0.0
2024-03-19 04:15:00,118.21,118.22,118.12,118.16,119.08,118.31,118.3,118.27,118.27,118.1,118.11,118.12,118.14,118.18,0,0.0,0,0.0,0.0,0.0,0.0,0.0
2024-03-19 08:15:00,118.16,118.22,118.13,118.17,119.08,118.31,118.3,118.27,118.27,118.1,118.11,118.11,118.12,118.14,0,0.0,0,0.0,0.0,0.0,0.0,0.0
2024-03-19 12:15:00,118.16,118.26,118.1,118.2,119.08,118.31,118.3,118.27,118.27,118.1,118.11,118.11,118.12,118.14,0,0.0,0,0.0,0.0,0.0,0.0,0.0
2024-03-19 16:15:00,118.2,119.03,118.18,118.29,119.08,118.31,118.3,118.27,118.27,118.1,118.11,118.11,118.12,118.14,0,0.0,03/18/2024 17:00,118.5625,118.5625,119.5625,120.5625,0.0
2024-03-19 16:15:00,118.2,119.03,118.18,118.29,119.08,118.31,118.3,118.27,118.27,118.1,118.11,118.11,118.12,118.14,0,0.0,03/18/2024 17:00,118.5625,118.5625,119.5625,120.5625,0.0
2024-03-19 21:15:00,118.28,118.3,118.25,118.29,119.1,119.09,119.08,118.31,118.3,118.11,118.12,118.14,118.27,118.27,0,0.0,0,0.0,0.0,0.0,0.0,0.0
2024-03-20 01:15:00,118.29,118.3,118.26,118.28,119.1,119.09,119.08,118.31,118.3,118.11,118.12,118.14,118.27,118.27,0,0.0,0,0.0,0.0,0.0,0.0,0.0
2024-03-20 05:15:00,118.28,119.05,118.28,119.0,119.09,119.08,119.03,118.31,118.3,118.12,118.14,118.18,118.27,118.27,03/19/2024 17:00,118.5625,0,0.0,118.5625,117.5625,116.5625,0.0
2024-03-20 09:15:00,118.31,119.03,118.28,119.0,119.18,119.1,119.09,119.08,119.03,118.14,118.18,118.25,118.27,118.27,0,0.0,0,0.0,0.0,0.0,0.0,0.0
2024-03-20 13:15:00,118.31,119.05,118.26,119.03,119.18,119.1,119.09,119.08,119.03,118.18,118.25,118.26,118.27,118.27,0,0.0,0,0.0,0.0,0.0,0.0,0.0
2024-03-20 18:15:00,119.03,119.24,118.07,119.0,119.19,119.18,119.1,119.09,119.08,118.25,118.26,118.27,118.27,118.31,0,0.0,0,0.0,0.0,0.0,0.0,0.0
2024-03-20 22:15:00,119.01,119.03,118.24,119.0,119.18,119.1,119.09,119.08,119.03,118.25,118.26,118.27,118.27,118.31,0,0.0,0,0.0,0.0,0.0,0.0,0.0
2024-03-21 02:15:00,119.01,119.05,118.27,118.28,119.18,119.1,119.09,119.08,119.03,118.25,118.26,118.27,118.27,118.31,0,0.0,0,0.0,0.0,0.0,0.0,0.0
2024-03-21 06:15:00,118.28,119.19,118.28,119.17,119.1,119.09,119.08,119.03,118.31,118.18,118.25,118.26,118.27,118.27,03/19/2024 17:00,118.5625,0,0.0,118.5625,117.5625,116.5625,0.0
2024-03-21 06:15:00,118.28,119.19,118.28,119.17,119.1,119.09,119.08,119.03,118.31,118.18,118.25,118.26,118.27,118.27,03/19/2024 17:00,118.5625,0,0.0,118.5625,117.5625,116.5625,0.0
2024-03-21 06:15:00,118.28,119.19,118.28,119.17,119.1,119.09,119.08,119.03,118.31,118.18,118.25,118.26,118.27,118.27,03/19/2024 17:00,118.5625,0,0.0,118.5625,117.5625,116.5625,0.0
2024-03-21 10:15:00,119.17,119.23,118.23,118.28,119.25,119.24,119.2,119.19,119.18,118.27,119.03,119.08,119.09,119.1,0,0.0,0,0.0,0.0,0.0,0.0,0.0
2024-03-21 14:15:00,118.27,119.03,118.22,118.31,119.2,119.19,119.18,119.1,119.03,118.14,118.18,118.24,118.25,118.26,0,0.0,0,0.0,0.0,0.0,0.0,0.0
2024-03-21 19:15:00,118.31,119.08,118.3,119.07,119.2,119.19,119.18,119.1,119.03,118.24,118.25,118.26,118.27,118.27,0,0.0,0,0.0,0.0,0.0,0.0,0.0
2024-03-21 23:15:00,119.07,119.12,119.05,119.1,119.23,119.2,119.19,119.18,119.1,118.24,118.25,118.26,118.27,118.27,03/19/2024 17:00,118.5625,0,0.0,118.5625,117.5625,116.5625,0.0
2024-03-22 03:15:00,119.1,119.19,119.1,119.15,119.24,119.23,119.2,119.19,119.18,118.24,118.25,118.26,118.27,118.27,0,0.0,0,0.0,0.0,0.0,0.0,0.0
2024-03-22 07:15:00,119.15,119.2,119.14,119.17,119.24,119.23,119.2,119.19,119.18,118.25,118.26,118.27,118.27,118.3,0,0.0,0,0.0,0.0,0.0,0.0,0.0
2024-03-22 11:15:00,119.17,120.08,119.15,119.31,119.24,119.23,119.2,119.19,119.18,118.26,118.27,118.27,118.3,119.05,03/19/2024 17:00,118.5625,0,0.0,118.5625,117.5625,116.5625,0.0
2024-03-22 11:15:00,119.17,120.08,119.15,119.31,119.24,119.23,119.2,119.19,119.18,118.26,118.27,118.27,118.3,119.05,03/19/2024 17:00,118.5625,0,0.0,118.5625,117.5625,116.5625,0.0
2024-03-22 11:15:00,119.17,120.08,119.15,119.31,119.24,119.23,119.2,119.19,119.18,118.26,118.27,118.27,118.3,119.05,03/19/2024 17:00,118.5625,0,0.0,118.5625,117.5625,116.5625,0.0
2024-03-22 11:15:00,119.17,120.08,119.15,119.31,119.24,119.23,119.2,119.19,119.18,118.26,118.27,118.27,118.3,119.05,03/19/2024 17:00,118.5625,0,0.0,118.5625,117.5625,116.5625,0.0
2024-03-22 15:15:00,119.31,120.01,119.27,119.28,120.05,120.04,120.04,120.01,120.0,119.2,119.23,119.24,119.25,119.28,03/19/2024 17:00,118.5625,0,0.0,118.5625,117.5625,116.5625,0.0
2024-03-22 15:15:00,119.31,120.01,119.27,119.28,120.05,120.04,120.04,120.01,120.0,119.2,119.23,119.24,119.25,119.28,03/19/2024 17:00,118.5625,0,0.0,118.5625,117.5625,116.5625,0.0
2024-03-24 20:15:00,119.28,120.08,119.27,120.07,120.05,120.04,120.04,120.01,120.0,119.19,119.2,119.23,119.24,119.25,03/22/2024 17:00,119.15625,0,0.0,119.15625,118.15625,117.15625,0.0
2024-03-24 20:15:00,119.28,120.08,119.27,120.07,120.05,120.04,120.04,120.01,120.0,119.19,119.2,119.23,119.24,119.25,03/22/2024 17:00,119.15625,0,0.0,119.15625,118.15625,117.15625,0.0
2024-03-25 00:15:00,120.07,120.09,120.0,120.0,120.19,120.17,120.17,120.16,120.15,119.23,119.24,119.25,119.28,120.05,0,0.0,0,0.0,0.0,0.0,0.0,0.0
2024-03-25 04:15:00,120.0,120.03,119.29,120.01,120.17,120.16,120.15,120.07,120.07,119.2,119.23,119.24,119.25,119.28,0,0.0,0,0.0,0.0,0.0,0.0,0.0
2024-03-25 08:15:00,120.01,120.01,119.16,119.21,120.17,120.16,120.15,120.07,120.07,119.23,119.24,119.25,119.27,119.28,0,0.0,0,0.0,0.0,0.0,0.0,0.0
2024-03-25 12:15:00,119.21,119.28,119.13,119.14,120.07,119.27,119.25,119.24,119.23,119.14,119.15,119.18,119.19,119.2,0,0.0,0,0.0,0.0,0.0,0.0,0.0
2024-03-25 16:15:00,119.15,119.17,119.09,119.16,120.03,119.27,119.25,119.24,119.23,118.27,118.3,119.05,119.1,119.14,03/22/2024 17:00,119.15625,0,0.0,119.15625,118.15625,117.15625,0.0
2024-03-25 21:15:00,119.16,119.28,119.14,119.24,120.01,119.27,119.25,119.24,119.23,118.3,119.05,119.1,119.14,119.15,0,0.0,0,0.0,0.0,0.0,0.0,0.0
2024-03-26 01:15:00,119.24,119.25,119.19,119.2,120.07,120.03,120.01,119.27,119.25,118.3,119.05,119.1,119.14,119.15,0,0.0,0,0.0,0.0,0.0,0.0,0.0
2024-03-26 05:15:00,119.2,119.24,119.16,119.23,120.03,120.01,119.27,119.25,119.24,119.05,119.09,119.1,119.14,119.15,0,0.0,0,0.0,0.0,0.0,0.0,0.0
2024-03-26 09:15:00,119.23,119.27,119.09,119.12,120.01,119.28,119.27,119.25,119.24,119.09,119.1,119.14,119.14,119.15,0,0.0,0,0.0,0.0,0.0,0.0,0.0
2024-03-26 13:15:00,119.12,119.22,119.05,119.21,119.27,119.25,119.24,119.14,119.14,118.27,118.3,119.05,119.09,119.1,0,0.0,03/25/2024 17:00,119.59375,119.59375,120.59375,121.59375,0.0
2024-03-26 13:15:00,119.12,119.22,119.05,119.21,119.27,119.25,119.24,119.14,119.14,118.27,118.3,119.05,119.09,119.1,0,0.0,03/25/2024 17:00,119.59375,119.59375,120.59375,121.59375,0.0
2024-03-26 18:15:00,119.21,119.24,119.16,119.22,120.01,119.28,119.27,119.25,119.24,119.05,119.09,119.1,119.14,119.14,0,0.0,0,0.0,0.0,0.0,0.0,0.0
2024-03-26 22:15:00,119.21,119.25,119.19,119.22,119.28,119.27,119.27,119.25,119.24,119.05,119.09,119.1,119.14,119.14,0,0.0,0,0.0,0.0,0.0,0.0,0.0
2024-03-27 02:15:00,119.21,119.24,119.2,119.23,119.28,119.27,119.27,119.25,119.24,119.05,119.09,119.1,119.14,119.14,0,0.0,0,0.0,0.0,0.0,0.0,0.0
2024-03-27 06:15:00,119.22,119.28,119.19,119.21,119.28,119.27,119.27,119.25,119.24,119.09,119.1,119.14,119.14,119.16,0,0.0,0,0.0,0.0,0.0,0.0,0.0
2024-03-27 10:15:00,119.2,120.0,119.19,119.27,119.28,119.27,119.27,119.25,119.24,119.09,119.1,119.14,119.14,119.16,0,0.0,0,0.0,0.0,0.0,0.0,0.0
2024-03-27 14:15:00,119.27,120.15,119.27,120.1,120.07,120.07,120.03,120.01,119.28,119.09,119.1,119.14,119.14,119.16,0,0.0,03/25/2024 17:00,119.59375,119.59375,120.59375,121.59375,0.0
2024-03-27 14:15:00,119.27,120.15,119.27,120.1,120.07,120.07,120.03,120.01,119.28,119.09,119.1,119.14,119.14,119.16,0,0.0,03/25/2024 17:00,119.59375,119.59375,120.59375,121.59375,0.0
2024-03-27 14:15:00,119.27,120.15,119.27,120.1,120.07,120.07,120.03,120.01,119.28,119.09,119.1,119.14,119.14,119.16,0,0.0,03/25/2024 17:00,119.59375,119.59375,120.59375,121.59375,0.0
2024-03-27 14:15:00,119.27,120.15,119.27,120.1,120.07,120.07,120.03,120.01,119.28,119.09,119.1,119.14,119.14,119.16,0,0.0,03/25/2024 17:00,119.59375,119.59375,120.59375,121.59375,0.0
2024-03-27 14:15:00,119.27,120.15,119.27,120.1,120.07,120.07,120.03,120.01,119.28,119.09,119.1,119.14,119.14,119.16,0,0.0,03/25/2024 17:00,119.59375,119.59375,120.59375,121.59375,0.0
2024-03-27 14:15:00,119.27,120.15,119.27,120.1,120.07,120.07,120.03,120.01,119.28,119.09,119.1,119.14,119.14,119.16,0,0.0,03/25/2024 17:00,119.59375,119.59375,120.59375,121.59375,0.0
2024-03-27 19:15:00,120.11,120.15,120.04,120.06,120.19,120.17,120.17,120.16,120.15,119.28,120.01,120.03,120.07,120.09,0,0.0,03/25/2024 17:00,119.59375,119.59375,120.59375,121.59375,0.0
2024-03-27 23:15:00,120.06,120.1,120.01,120.04,120.17,120.17,120.16,120.15,120.09,119.27,119.27,119.28,120.01,120.03,0,0.0,0,0.0,0.0,0.0,0.0,0.0
2024-03-28 03:15:00,120.05,120.08,120.04,120.07,120.17,120.17,120.16,120.15,120.09,119.27,119.27,119.28,120.01,120.03,0,0.0,0,0.0,0.0,0.0,0.0,0.0
2024-03-28 07:15:00,120.08,120.11,119.31,120.04,120.17,120.16,120.15,120.15,120.09,119.27,119.27,119.28,120.01,120.03,0,0.0,0,0.0,0.0,0.0,0.0,0.0
2024-03-28 11:15:00,120.04,120.17,119.27,120.16,120.17,120.16,120.15,120.15,120.09,119.27,119.27,119.28,120.01,120.03,0,0.0,03/25/2024 17:00,119.59375,119.59375,120.59375,121.59375,0.0
2024-03-28 11:15:00,120.04,120.17,119.27,120.16,120.17,120.16,120.15,120.15,120.09,119.27,119.27,119.28,120.01,120.03,0,0.0,03/25/2024 17:00,119.59375,119.59375,120.59375,121.59375,0.0
2024-03-28 15:15:00,120.16,120.23,120.1,120.12,120.23,120.19,120.19,120.17,120.17,119.28,120.01,120.03,120.15,120.15,0,0.0,0,0.0,0.0,0.0,0.0,0.0
2024-03-31 20:15:00,120.13,120.18,120.09,120.14,120.17,120.17,120.16,120.15,120.15,119.27,119.27,119.28,120.01,120.03,0,0.0,0,0.0,0.0,0.0,0.0,0.0
2024-04-01 00:15:00,120.14,120.14,120.04,120.11,120.17,120.17,120.16,120.15,120.15,119.27,119.27,119.28,120.01,120.03,0,0.0,0,0.0,0.0,0.0,0.0,0.0
2024-04-01 04:15:00,120.12,120.16,120.08,120.09,120.17,120.17,120.16,120.15,120.15,119.27,119.27,119.28,120.01,120.03,0,0.0,0,0.0,0.0,0.0,0.0,0.0
2024-04-01 08:15:00,120.09,120.11,119.25,119.25,120.17,120.17,120.16,120.15,120.15,119.27,119.27,119.28,120.01,120.03,0,0.0,0,0.0,0.0,0.0,0.0,0.0
2024-04-01 12:15:00,119.26,119.26,118.17,118.19,120.01,119.28,119.27,119.27,119.27,119.1,119.14,119.14,119.16,119.19,0,0.0,0,0.0,0.0,0.0,0.0,0.0
2024-04-01 16:15:00,118.18,118.23,118.17,118.22,118.27,118.26,118.25,118.24,118.22,118.1,118.11,118.11,118.12,118.14,0,0.0,0,0.0,0.0,0.0,0.0,0.0
2024-04-01 21:15:00,118.22,118.29,118.22,118.28,118.3,118.27,118.26,118.25,118.24,118.11,118.11,118.12,118.14,118.18,0,0.0,04/01/2024 17:00,119.3125,119.3125,120.3125,121.3125,0.0
2024-04-01 21:15:00,118.22,118.29,118.22,118.28,118.3,118.27,118.26,118.25,118.24,118.11,118.11,118.12,118.14,118.18,0,0.0,04/01/2024 17:00,119.3125,119.3125,120.3125,121.3125,0.0
2024-04-01 21:15:00,118.22,118.29,118.22,118.28,118.3,118.27,118.26,118.25,118.24,118.11,118.11,118.12,118.14,118.18,0,0.0,04/01/2024 17:00,119.3125,119.3125,120.3125,121.3125,0.0
2024-04-01 21:15:00,118.22,118.29,118.22,118.28,118.3,118.27,118.26,118.25,118.24,118.11,118.11,118.12,118.14,118.18,0,0.0,04/01/2024 17:00,119.3125,119.3125,120.3125,121.3125,0.0
2024-04-02 01:15:00,118.28,118.29,118.24,118.24,119.1,119.09,119.05,119.05,118.3,118.18,118.22,118.24,118.25,118.26,0,0.0,0,0.0,0.0,0.0,0.0,0.0
2024-04-02 05:15:00,118.23,118.25,118.16,118.19,119.09,119.05,119.05,118.3,118.24,118.12,118.14,118.17,118.18,118.22,0,0.0,0,0.0,0.0,0.0,0.0,0.0
2024-04-02 09:15:00,118.19,118.2,117.1,117.18,119.1,119.09,119.05,119.05,118.3,118.11,118.12,118.14,118.17,118.18,0,0.0,0,0.0,0.0,0.0,0.0,0.0
2024-04-02 13:15:00,117.18,117.31,117.08,117.27,117.31,117.28,117.27,117.25,117.23,116.22,117.12,117.14,117.17,117.17,0,0.0,04/01/2024 17:00,119.3125,119.3125,120.3125,121.3125,0.0
2024-04-02 13:15:00,117.18,117.31,117.08,117.27,117.31,117.28,117.27,117.25,117.23,116.22,117.12,117.14,117.17,117.17,0,0.0,04/01/2024 17:00,119.3125,119.3125,120.3125,121.3125,0.0
2024-04-02 18:15:00,117.27,118.01,117.24,117.29,118.09,118.07,118.06,117.31,117.28,117.14,117.17,117.17,117.23,117.25,0,0.0,04/02/2024 17:00,117.875,117.875,118.875,119.875,0.0
2024-04-02 18:15:00,117.27,118.01,117.24,117.29,118.09,118.07,118.06,117.31,117.28,117.14,117.17,117.17,117.23,117.25,0,0.0,04/02/2024 17:00,117.875,117.875,118.875,119.875,0.0
2024-04-02 22:15:00,117.29,118.02,117.25,118.02,118.09,118.09,118.07,118.06,117.31,117.17,117.23,117.25,117.27,117.28,0,0.0,04/02/2024 17:00,117.875,117.875,118.875,119.875,0.0
2024-04-03 02:15:00,118.02,118.04,117.28,117.29,118.1,118.09,118.09,118.07,118.06,117.23,117.25,117.27,117.28,117.31,0,0.0,0,0.0,0.0,0.0,0.0,0.0
2024-04-03 06:15:00,117.28,117.3,117.14,117.24,118.1,118.09,118.09,118.07,118.06,117.17,117.23,117.24,117.25,117.27,0,0.0,0,0.0,0.0,0.0,0.0,0.0
2024-04-03 10:15:00,117.24,117.27,116.27,117.07,118.1,118.09,118.09,118.07,118.06,117.12,117.14,117.17,117.17,117.23,0,0.0,0,0.0,0.0,0.0,0.0,0.0
2024-04-03 14:15:00,117.08,117.29,117.03,117.24,117.24,117.17,117.17,117.14,117.12,116.19,116.2,116.21,116.21,116.22,0,0.0,04/02/2024 17:00,117.875,117.875,118.875,119.875,0.0
2024-04-03 14:15:00,117.08,117.29,117.03,117.24,117.24,117.17,117.17,117.14,117.12,116.19,116.2,116.21,116.21,116.22,0,0.0,04/02/2024 17:00,117.875,117.875,118.875,119.875,0.0
2024-04-03 14:15:00,117.08,117.29,117.03,117.24,117.24,117.17,117.17,117.14,117.12,116.19,116.2,116.21,116.21,116.22,0,0.0,04/02/2024 17:00,117.875,117.875,118.875,119.875,0.0
2024-04-03 14:15:00,117.08,117.29,117.03,117.24,117.24,117.17,117.17,117.14,117.12,116.19,116.2,116.21,116.21,116.22,0,0.0,04/02/2024 17:00,117.875,117.875,118.875,119.875,0.0
2024-04-03 19:15:00,117.24,118.02,117.24,118.0,118.09,118.07,118.06,118.04,117.3,116.22,117.08,117.12,117.14,117.17,0,0.0,04/02/2024 17:00,117.875,117.875,118.875,119.875,0.0
2024-04-03 19:15:00,117.24,118.02,117.24,118.0,118.09,118.07,118.06,118.04,117.3,116.22,117.08,117.12,117.14,117.17,0,0.0,04/02/2024 17:00,117.875,117.875,118.875,119.875,0.0
2024-04-03 23:15:00,117.31,118.02,117.22,117.22,118.09,118.09,118.07,118.06,118.04,117.12,117.14,117.17,117.24,117.3,0,0.0,0,0.0,0.0,0.0,0.0,0.0
2024-04-04 03:15:00,117.23,117.25,117.19,117.22,118.09,118.07,118.06,118.04,117.3,117.03,117.08,117.12,117.14,117.17,0,0.0,0,0.0,0.0,0.0,0.0,0.0
2024-04-04 07:15:00,117.22,117.3,117.2,117.24,118.09,118.07,118.06,118.04,117.3,117.03,117.08,117.12,117.14,117.17,0,0.0,0,0.0,0.0,0.0,0.0,0.0
2024-04-04 11:15:00,117.25,118.19,117.15,118.06,118.07,118.06,118.04,118.02,117.3,117.03,117.08,117.12,117.14,117.17,0,0.0,04/02/2024 17:00,117.875,117.875,118.875,119.875,0.0
2024-04-04 11:15:00,117.25,118.19,117.15,118.06,118.07,118.06,118.04,118.02,117.3,117.03,117.08,117.12,117.14,117.17,0,0.0,04/02/2024 17:00,117.875,117.875,118.875,119.875,0.0
2024-04-04 15:15:00,118.06,118.17,117.28,118.13,118.1,118.1,118.09,118.09,118.07,117.12,117.14,117.17,118.02,118.04,0,0.0,04/02/2024 17:00,117.875,117.875,118.875,119.875,0.0
2024-04-04 15:15:00,118.06,118.17,117.28,118.13,118.1,118.1,118.09,118.09,118.07,117.12,117.14,117.17,118.02,118.04,0,0.0,04/02/2024 17:00,117.875,117.875,118.875,119.875,0.0
2024-04-04 15:15:00,118.06,118.17,117.28,118.13,118.1,118.1,118.09,118.09,118.07,117.12,117.14,117.17,118.02,118.04,0,0.0,04/02/2024 17:00,117.875,117.875,118.875,119.875,0.0
2024-04-04 15:15:00,118.06,118.17,117.28,118.13,118.1,118.1,118.09,118.09,118.07,117.12,117.14,117.17,118.02,118.04,0,0.0,04/02/2024 17:00,117.875,117.875,118.875,119.875,0.0
2024-04-04 15:15:00,118.06,118.17,117.28,118.13,118.1,118.1,118.09,118.09,118.07,117.12,117.14,117.17,118.02,118.04,0,0.0,04/02/2024 17:00,117.875,117.875,118.875,119.875,0.0
2024-04-04 20:15:00,118.13,118.2,118.11,118.17,118.29,118.25,118.2,118.18,118.17,118.09,118.09,118.1,118.11,118.11,04/04/2024 17:00,117.875,0,0.0,117.875,116.875,115.875,0.0
2024-04-04 20:15:00,118.13,118.2,118.11,118.17,118.29,118.25,118.2,118.18,118.17,118.09,118.09,118.1,118.11,118.11,04/04/2024 17:00,117.875,0,0.0,117.875,116.875,115.875,0.0
2024-04-05 00:15:00,118.17,118.17,118.1,118.12,118.3,118.29,118.25,118.2,118.18,118.09,118.09,118.1,118.11,118.11,0,0.0,0,0.0,0.0,0.0,0.0,0.0
2024-04-05 04:15:00,118.13,118.16,118.07,118.09,118.29,118.25,118.2,118.18,118.17,118.09,118.09,118.1,118.11,118.11,0,0.0,0,0.0,0.0,0.0,0.0,0.0
2024-04-05 08:15:00,118.09,118.09,118.0,118.04,118.25,118.2,118.2,118.18,118.17,117.28,118.02,118.04,118.06,118.07,0,0.0,0,0.0,0.0,0.0,0.0,0.0
2024-04-05 12:15:00,118.05,118.12,117.04,117.24,118.2,118.2,118.18,118.17,118.17,117.15,117.17,117.28,118.02,118.04,0,0.0,0,0.0,0.0,0.0,0.0,0.0
2024-04-05 16:15:00,117.24,117.27,117.1,117.11,118.17,118.16,118.04,118.02,117.28,117.08,117.12,117.14,117.15,117.17,0,0.0,0,0.0,0.0,0.0,0.0,0.0
2024-04-07 21:15:00,117.11,117.12,116.27,117.03,118.16,118.04,118.02,117.28,117.15,116.21,116.22,116.27,117.03,117.08,0,0.0,0,0.0,0.0,0.0,0.0,0.0
2024-04-08 01:15:00,117.03,117.05,116.31,117.0,118.12,118.04,118.02,117.28,117.15,116.2,116.21,116.21,116.22,116.27,0,0.0,0,0.0,0.0,0.0,0.0,0.0
2024-04-08 05:15:00,117.0,117.02,116.18,116.21,118.02,117.28,117.27,117.15,117.03,116.2,116.21,116.21,116.22,116.27,0,0.0,0,0.0,0.0,0.0,0.0,0.0
2024-04-08 09:15:00,116.21,116.29,116.14,116.27,117.15,117.12,117.03,116.27,116.22,116.09,116.13,116.16,116.19,116.2,0,0.0,0,0.0,0.0,0.0,0.0,0.0
2024-04-08 13:15:00,116.27,117.13,116.26,117.05,117.27,117.15,117.12,117.05,117.03,116.16,116.19,116.2,116.21,116.21,0,0.0,04/05/2024 17:00,117.875,117.875,118.875,119.875,0.0
2024-04-08 13:15:00,116.27,117.13,116.26,117.05,117.27,117.15,117.12,117.05,117.03,116.16,116.19,116.2,116.21,116.21,0,0.0,04/05/2024 17:00,117.875,117.875,118.875,119.875,0.0
2024-04-08 18:15:00,117.05,117.12,117.04,117.08,118.02,117.28,117.27,117.15,117.12,116.2,116.21,116.21,116.27,117.03,0,0.0,04/08/2024 17:00,117.375,117.375,118.375,119.375,0.0
2024-04-08 22:15:00,117.07,117.13,117.03,117.12,118.02,117.28,117.27,117.15,117.12,116.21,116.21,116.27,117.03,117.05,0,0.0,0,0.0,0.0,0.0,0.0,0.0
2024-04-09 02:15:00,117.13,117.18,117.12,117.15,118.04,118.02,117.28,117.27,117.15,116.26,116.27,117.03,117.05,117.12,0,0.0,04/08/2024 17:00,117.375,117.375,118.375,119.375,0.0
2024-04-09 06:15:00,117.15,117.26,117.1,117.21,118.12,118.04,118.02,117.28,117.27,116.26,116.27,117.03,117.05,117.12,0,0.0,04/08/2024 17:00,117.375,117.375,118.375,119.375,0.0
2024-04-09 10:15:00,117.21,118.0,117.19,117.3,118.12,118.04,118.02,117.28,117.27,117.03,117.03,117.05,117.12,117.15,0,0.0,04/08/2024 17:00,117.375,117.375,118.375,119.375,0.0
2024-04-09 10:15:00,117.21,118.0,117.19,117.3,118.12,118.04,118.02,117.28,117.27,117.03,117.03,117.05,117.12,117.15,0,0.0,04/08/2024 17:00,117.375,117.375,118.375,119.375,0.0
2024-04-09 14:15:00,117.3,118.06,117.29,118.02,118.17,118.16,118.12,118.04,118.02,117.05,117.12,117.15,117.27,117.28,0,0.0,0,0.0,0.0,0.0,0.0,0.0
2024-04-09 19:15:00,118.01,118.08,118.0,118.04,118.17,118.16,118.12,118.04,118.02,117.1,117.12,117.15,117.27,117.28,0,0.0,0,0.0,0.0,0.0,0.0,0.0
2024-04-09 23:15:00,118.05,118.09,118.01,118.08,118.18,118.17,118.17,118.16,118.12,117.15,117.19,117.27,117.28,118.04,0,0.0,0,0.0,0.0,0.0,0.0,0.0
2024-04-10 03:15:00,118.08,118.1,118.01,118.02,118.18,118.17,118.17,118.16,118.12,117.15,117.19,117.27,117.28,117.29,0,0.0,0,0.0,0.0,0.0,0.0,0.0
2024-04-10 07:15:00,118.03,118.09,118.02,118.08,118.18,118.17,118.17,118.16,118.12,117.19,117.27,117.28,117.29,118.0,0,0.0,0,0.0,0.0,0.0,0.0,0.0
2024-04-10 11:15:00,118.08,118.13,116.09,116.16,118.18,118.17,118.17,118.16,118.12,117.19,117.27,117.28,117.29,118.0,0,0.0,0,0.0,0.0,0.0,0.0,0.0
2024-04-10 15:15:00,116.16,116.18,115.16,115.23,116.26,116.21,116.21,116.2,116.19,116.01,116.08,116.09,116.13,116.14,0,0.0,0,0.0,0.0,0.0,0.0,0.0
2024-04-10 20:15:00,115.23,115.3,115.21,115.29,116.13,116.09,116.08,116.01,115.3,115.16,115.17,115.17,115.2,115.22,0,0.0,0,0.0,0.0,0.0,0.0,0.0
2024-04-11 00:15:00,115.28,116.01,115.19,115.26,116.13,116.09,116.08,116.01,115.3,115.17,115.2,115.22,115.23,115.23,0,0.0,0,0.0,0.0,0.0,0.0,0.0
2024-04-11 04:15:00,115.26,115.3,115.14,115.18,116.13,116.09,116.08,116.01,115.3,115.17,115.2,115.22,115.23,115.23,0,0.0,0,0.0,0.0,0.0,0.0,0.0
2024-04-11 08:15:00,115.18,115.27,115.12,115.17,116.08,116.01,115.3,115.23,115.22,115.14,115.16,115.16,115.17,115.17,0,0.0,0,0.0,0.0,0.0,0.0,0.0
2024-04-11 12:15:00,115.17,116.04,115.0,115.09,116.01,116.01,115.3,115.23,115.22,115.12,115.13,115.14,115.16,115.16,0,0.0,0,0.0,0.0,0.0,0.0,0.0
2024-04-11 16:15:00,115.08,115.28,115.05,115.11,115.16,115.16,115.14,115.12,115.11,114.29,114.31,114.31,115.0,115.03,0,0.0,0,0.0,0.0,0.0,0.0,0.0
2024-04-11 21:15:00,115.11,115.13,115.02,115.11,115.17,115.16,115.16,115.14,115.12,114.29,114.31,114.31,115.0,115.03,0,0.0,0,0.0,0.0,0.0,0.0,0.0
2024-04-12 01:15:00,115.11,115.16,115.08,115.11,115.17,115.16,115.16,115.14,115.12,114.31,114.31,115.0,115.0,115.03,0,0.0,0,0.0,0.0,0.0,0.0,0.0
2024-04-12 05:15:00,115.11,115.26,115.1,115.21,115.17,115.16,115.16,115.14,115.12,114.31,114.31,115.0,115.0,115.03,0,0.0,04/10/2024 17:00,116.40625,116.40625,117.40625,118.40625,0.0
2024-04-12 05:15:00,115.11,115.26,115.1,115.21,115.17,115.16,115.16,115.14,115.12,114.31,114.31,115.0,115.0,115.03,0,0.0,04/10/2024 17:00,116.40625,116.40625,117.40625,118.40625,0.0
2024-04-12 09:15:00,115.21,116.13,115.21,116.07,116.01,115.3,115.28,115.23,115.22,115.0,115.02,115.03,115.11,115.16,0,0.0,04/10/2024 17:00,116.40625,116.40625,117.40625,118.40625,0.0
2024-04-12 09:15:00,115.21,116.13,115.21,116.07,116.01,115.3,115.28,115.23,115.22,115.0,115.02,115.03,115.11,115.16,0,0.0,04/10/2024 17:00,116.40625,116.40625,117.40625,118.40625,0.0
2024-04-12 09:15:00,115.21,116.13,115.21,116.07,116.01,115.3,115.28,115.23,115.22,115.0,115.02,115.03,115.11,115.16,0,0.0,04/10/2024 17:00,116.40625,116.40625,117.40625,118.40625,0.0
2024-04-12 09:15:00,115.21,116.13,115.21,116.07,116.01,115.3,115.28,115.23,115.22,115.0,115.02,115.03,115.11,115.16,0,0.0,04/10/2024 17:00,116.40625,116.40625,117.40625,118.40625,0.0
2024-04-12 09:15:00,115.21,116.13,115.21,116.07,116.01,115.3,115.28,115.23,115.22,115.0,115.02,115.03,115.11,115.16,0,0.0,04/10/2024 17:00,116.40625,116.40625,117.40625,118.40625,0.0
2024-04-12 13:15:00,116.07,116.17,115.3,116.08,116.16,116.14,116.13,116.09,116.08,115.28,115.3,116.01,116.01,116.04,0,0.0,04/10/2024 17:00,116.40625,116.40625,117.40625,118.40625,0.0
2024-04-14 18:15:00,116.08,116.16,115.22,115.27,116.18,116.16,116.14,116.13,116.09,115.28,115.3,116.01,116.01,116.04,0,0.0,0,0.0,0.0,0.0,0.0,0.0
2024-04-14 22:15:00,115.27,115.29,115.19,115.23,116.09,116.08,116.04,116.01,115.28,115.1,115.11,115.16,115.21,115.23,0,0.0,0,0.0,0.0,0.0,0.0,0.0
2024-04-15 02:15:00,115.23,115.23,115.11,115.12,116.09,116.08,116.04,116.01,115.28,115.08,115.1,115.11,115.16,115.21,0,0.0,0,0.0,0.0,0.0,0.0,0.0
2024-04-15 06:15:00,115.12,115.21,115.09,115.11,116.08,116.04,116.01,115.28,115.21,115.02,115.03,115.08,115.1,115.11,0,0.0,0,0.0,0.0,0.0,0.0,0.0
2024-04-15 10:15:00,115.11,115.12,114.0,114.01,116.04,116.01,115.29,115.28,115.21,115.0,115.02,115.03,115.08,115.1,0,0.0,0,0.0,0.0,0.0,0.0,0.0
2024-04-15 14:15:00,114.02,114.24,114.02,114.09,114.2,114.19,114.07,114.06,114.03,113.06,113.18,113.21,113.3,114.0,04/12/2024 17:00,115.71875,0,0.0,115.71875,114.71875,113.71875,0.0
2024-04-15 14:15:00,114.02,114.24,114.02,114.09,114.2,114.19,114.07,114.06,114.03,113.06,113.18,113.21,113.3,114.0,04/12/2024 17:00,115.71875,0,0.0,115.71875,114.71875,113.71875,0.0
2024-04-15 19:15:00,114.09,114.23,114.06,114.21,114.27,114.25,114.22,114.2,114.19,113.21,113.3,114.0,114.03,114.07,0,0.0,04/15/2024 17:00,114.84375,114.84375,115.84375,116.84375,0.0
2024-04-15 19:15:00,114.09,114.23,114.06,114.21,114.27,114.25,114.22,114.2,114.19,113.21,113.3,114.0,114.03,114.07,0,0.0,04/15/2024 17:00,114.84375,114.84375,115.84375,116.84375,0.0
2024-04-15 23:15:00,114.21,114.27,114.14,114.17,115.0,114.31,114.27,114.25,114.22,114.0,114.03,114.07,114.19,114.2,0,0.0,0,0.0,0.0,0.0,0.0,0.0
2024-04-16 03:15:00,114.17,114.21,114.05,114.06,115.0,114.31,114.27,114.25,114.22,114.0,114.0,114.02,114.03,114.07,0,0.0,0,0.0,0.0,0.0,0.0,0.0
2024-04-16 07:15:00,114.06,114.13,114.0,114.02,115.0,114.31,114.27,114.25,114.22,113.3,114.0,114.0,114.02,114.03,0,0.0,0,0.0,0.0,0.0,0.0,0.0
2024-04-16 11:15:00,114.02,114.1,113.13,114.01,114.31,114.27,114.27,114.25,114.22,113.18,113.21,113.3,114.0,114.0,0,0.0,0,0.0,0.0,0.0,0.0,0.0
2024-04-16 15:15:00,114.02,114.08,113.2,114.0,114.27,114.27,114.25,114.22,114.21,113.18,113.21,113.3,114.0,114.0,0,0.0,0,0.0,0.0,0.0,0.0,0.0
2024-04-16 20:15:00,114.0,114.04,113.23,113.25,114.25,114.22,114.21,114.13,114.02,113.05,113.06,113.18,113.21,113.3,0,0.0,0,0.0,0.0,0.0,0.0,0.0
2024-04-17 00:15:00,113.24,114.03,113.24,113.31,114.13,114.1,114.02,114.0,113.3,113.05,113.06,113.13,113.18,113.21,0,0.0,0,0.0,0.0,0.0,0.0,0.0
2024-04-17 04:15:00,113.31,114.07,113.26,114.02,114.13,114.1,114.08,114.02,114.0,113.06,113.13,113.18,113.2,113.21,0,0.0,04/16/2024 17:00,114.09375,114.09375,115.09375,116.09375,0.0
2024-04-17 08:15:00,114.02,114.09,113.3,114.01,114.22,114.21,114.13,114.1,114.08,113.18,113.2,113.21,113.23,114.0,0,0.0,0,0.0,0.0,0.0,0.0,0.0
2024-04-17 12:15:00,114.02,114.23,113.3,114.2,114.22,114.21,114.13,114.1,114.08,113.2,113.21,113.23,113.24,114.0,0,0.0,04/16/2024 17:00,114.09375,114.09375,115.09375,116.09375,0.0
2024-04-17 12:15:00,114.02,114.23,113.3,114.2,114.22,114.21,114.13,114.1,114.08,113.2,113.21,113.23,113.24,114.0,0,0.0,04/16/2024 17:00,114.09375,114.09375,115.09375,116.09375,0.0
2024-04-17 12:15:00,114.02,114.23,113.3,114.2,114.22,114.21,114.13,114.1,114.08,113.2,113.21,113.23,113.24,114.0,0,0.0,04/16/2024 17:00,114.09375,114.09375,115.09375,116.09375,0.0
2024-04-17 12:15:00,114.02,114.23,113.3,114.2,114.22,114.21,114.13,114.1,114.08,113.2,113.21,113.23,113.24,114.0,0,0.0,04/16/2024 17:00,114.09375,114.09375,115.09375,116.09375,0.0
2024-04-17 16:15:00,114.2,115.02,114.18,114.3,114.27,114.27,114.25,114.22,114.21,114.0,114.02,114.08,114.1,114.13,0,0.0,04/16/2024 17:00,114.09375,114.09375,115.09375,116.09375,0.0
2024-04-17 16:15:00,114.2,115.02,114.18,114.3,114.27,114.27,114.25,114.22,114.21,114.0,114.02,114.08,114.1,114.13,0,0.0,04/16/2024 17:00,114.09375,114.09375,115.09375,116.09375,0.0
2024-04-17 16:15:00,114.2,115.02,114.18,114.3,114.27,114.27,114.25,114.22,114.21,114.0,114.02,114.08,114.1,114.13,0,0.0,04/16/2024 17:00,114.09375,114.09375,115.09375,116.09375,0.0
2024-04-17 16:15:00,114.2,115.02,114.18,114.3,114.27,114.27,114.25,114.22,114.21,114.0,114.02,114.08,114.1,114.13,0,0.0,04/16/2024 17:00,114.09375,114.09375,115.09375,116.09375,0.0
2024-04-17 21:15:00,114.3,114.31,114.25,114.28,115.1,115.08,115.02,115.0,114.31,114.21,114.22,114.25,114.27,114.27,04/17/2024 17:00,114.09375,0,0.0,114.09375,113.09375,112.09375,0.0
2024-04-18 01:15:00,114.27,115.06,114.25,115.02,115.1,115.08,115.02,115.0,114.31,114.1,114.13,114.21,114.22,114.25,04/17/2024 17:00,114.09375,0,0.0,114.09375,113.09375,112.09375,0.0
2024-04-18 05:15:00,115.03,115.09,114.29,115.04,115.21,115.21,115.12,115.1,115.08,114.27,114.27,114.31,115.0,115.02,04/17/2024 17:00,114.09375,0,0.0,114.09375,113.09375,112.09375,0.0
2024-04-18 05:15:00,115.03,115.09,114.29,115.04,115.21,115.21,115.12,115.1,115.08,114.27,114.27,114.31,115.0,115.02,04/17/2024 17:00,114.09375,0,0.0,114.09375,113.09375,112.09375,0.0
2024-04-18 09:15:00,115.04,115.06,114.15,114.2,115.21,115.21,115.12,115.1,115.08,114.27,114.27,114.31,115.0,115.02,0,0.0,0,0.0,0.0,0.0,0.0,0.0
2024-04-18 13:15:00,114.21,114.28,114.05,114.07,115.21,115.12,115.1,115.08,114.27,114.02,114.08,114.1,114.13,114.18,0,0.0,0,0.0,0.0,0.0,0.0,0.0
2024-04-18 18:15:00,114.07,114.16,114.06,114.15,114.21,114.18,114.13,114.1,114.08,113.24,113.26,113.3,114.0,114.02,0,0.0,0,0.0,0.0,0.0,0.0,0.0
2024-04-18 22:15:00,114.16,116.0,114.12,115.29,115.08,115.06,114.27,114.21,114.18,113.24,113.26,113.3,114.0,114.02,0,0.0,04/18/2024 17:00,114.34375,114.34375,115.34375,116.34375,0.0
2024-04-18 22:15:00,114.16,116.0,114.12,115.29,115.08,115.06,114.27,114.21,114.18,113.24,113.26,113.3,114.0,114.02,0,0.0,04/18/2024 17:00,114.34375,114.34375,115.34375,116.34375,0.0
2024-04-18 22:15:00,114.16,116.0,114.12,115.29,115.08,115.06,114.27,114.21,114.18,113.24,113.26,113.3,114.0,114.02,0,0.0,04/18/2024 17:00,114.34375,114.34375,115.34375,116.34375,0.0
2024-04-18 22:15:00,114.16,116.0,114.12,115.29,115.08,115.06,114.27,114.21,114.18,113.24,113.26,113.3,114.0,114.02,0,0.0,04/18/2024 17:00,114.34375,114.34375,115.34375,116.34375,0.0
2024-04-18 22:15:00,114.16,116.0,114.12,115.29,115.08,115.06,114.27,114.21,114.18,113.24,113.26,113.3,114.0,114.02,0,0.0,04/18/2024 17:00,114.34375,114.34375,115.34375,116.34375,0.0
2024-04-18 22:15:00,114.16,116.0,114.12,115.29,115.08,115.06,114.27,114.21,114.18,113.24,113.26,113.3,114.0,114.02,0,0.0,04/18/2024 17:00,114.34375,114.34375,115.34375,116.34375,0.0
2024-04-18 22:15:00,114.16,116.0,114.12,115.29,115.08,115.06,114.27,114.21,114.18,113.24,113.26,113.3,114.0,114.02,0,0.0,04/18/2024 17:00,114.34375,114.34375,115.34375,116.34375,0.0
2024-04-18 22:15:00,114.16,116.0,114.12,115.29,115.08,115.06,114.27,114.21,114.18,113.24,113.26,113.3,114.0,114.02,0,0.0,04/18/2024 17:00,114.34375,114.34375,115.34375,116.34375,0.0
2024-04-18 22:15:00,114.16,116.0,114.12,115.29,115.08,115.06,114.27,114.21,114.18,113.24,113.26,113.3,114.0,114.02,0,0.0,04/18/2024 17:00,114.34375,114.34375,115.34375,116.34375,0.0
2024-04-19 02:15:00,115.29,116.08,115.06,115.09,116.13,116.09,116.08,116.04,116.01,115.1,115.12,115.21,115.21,115.23,0,0.0,0,0.0,0.0,0.0,0.0,0.0
2024-04-19 06:15:00,115.09,115.09,114.27,115.08,116.01,115.29,115.23,115.21,115.12,114.05,114.06,114.18,115.06,115.08,0,0.0,0,0.0,0.0,0.0,0.0,0.0
2024-04-19 10:15:00,115.08,115.1,114.19,114.21,115.29,115.23,115.21,115.12,115.09,114.05,114.06,114.12,114.18,115.06,0,0.0,0,0.0,0.0,0.0,0.0,0.0
2024-04-19 14:15:00,114.21,114.29,114.16,114.2,115.23,115.21,115.12,115.09,115.06,114.02,114.05,114.06,114.12,114.18,0,0.0,0,0.0,0.0,0.0,0.0,0.0
2024-04-21 19:15:00,114.2,114.25,114.12,114.21,115.23,115.21,115.12,115.09,115.06,114.02,114.05,114.06,114.12,114.18,0,0.0,0,0.0,0.0,0.0,0.0,0.0
2024-04-21 23:15:00,114.2,114.22,114.05,114.06,115.21,115.12,115.1,115.09,115.06,114.02,114.05,114.06,114.12,114.18,0,0.0,0,0.0,0.0,0.0,0.0,0.0
2024-04-22 03:15:00,114.06,114.13,114.02,114.13,115.1,115.09,115.06,114.29,114.12,113.26,113.3,114.0,114.02,114.05,0,0.0,04/18/2024 17:00,114.34375,114.34375,115.34375,116.34375,0.0
2024-04-22 07:15:00,114.13,114.15,114.02,114.04,115.1,115.09,115.06,114.29,114.25,114.0,114.02,114.05,114.06,114.12,0,0.0,0,0.0,0.0,0.0,0.0,0.0
2024-04-22 11:15:00,114.04,114.23,114.03,114.19,114.29,114.25,114.22,114.06,114.05,113.24,113.26,113.3,114.0,114.02,0,0.0,04/18/2024 17:00,114.34375,114.34375,115.34375,116.34375,0.0
2024-04-22 11:15:00,114.04,114.23,114.03,114.19,114.29,114.25,114.22,114.06,114.05,113.24,113.26,113.3,114.0,114.02,0,0.0,04/18/2024 17:00,114.34375,114.34375,115.34375,116.34375,0.0
2024-04-22 15:15:00,114.18,114.25,114.16,114.21,115.09,115.06,114.29,114.25,114.22,113.3,114.0,114.02,114.05,114.06,0,0.0,0,0.0,0.0,0.0,0.0,0.0
2024-04-22 20:15:00,114.21,114.24,114.2,114.22,115.09,115.06,114.29,114.25,114.22,114.0,114.02,114.02,114.05,114.06,0,0.0,0,0.0,0.0,0.0,0.0,0.0
2024-04-23 00:15:00,114.22,114.25,114.19,114.24,115.1,115.09,115.06,114.29,114.25,114.02,114.02,114.03,114.05,114.06,0,0.0,04/18/2024 17:00,114.34375,114.34375,115.34375,116.34375,0.0
2024-04-23 04:15:00,114.24,114.27,114.14,114.18,115.1,115.09,115.06,114.29,114.25,114.03,114.05,114.06,114.16,114.22,0,0.0,0,0.0,0.0,0.0,0.0,0.0
2024-04-23 08:15:00,114.18,114.25,114.05,114.05,115.09,115.06,114.29,114.25,114.22,114.02,114.03,114.05,114.06,114.16,0,0.0,0,0.0,0.0,0.0,0.0,0.0
2024-04-23 12:15:00,114.06,115.06,114.05,114.31,115.06,114.29,114.25,114.22,114.16,114.0,114.02,114.02,114.03,114.05,0,0.0,04/18/2024 17:00,114.34375,114.34375,115.34375,116.34375,0.0
2024-04-23 12:15:00,114.06,115.06,114.05,114.31,115.06,114.29,114.25,114.22,114.16,114.0,114.02,114.02,114.03,114.05,0,0.0,04/18/2024 17:00,114.34375,114.34375,115.34375,116.34375,0.0
2024-04-23 12:15:00,114.06,115.06,114.05,114.31,115.06,114.29,114.25,114.22,114.16,114.0,114.02,114.02,114.03,114.05,0,0.0,04/18/2024 17:00,114.34375,114.34375,115.34375,116.34375,0.0
2024-04-23 16:15:00,114.31,115.08,114.2,114.25,115.21,115.12,115.1,115.09,115.06,114.03,114.05,114.16,114.25,114.29,0,0.0,0,0.0,0.0,0.0,0.0,0.0
2024-04-23 21:15:00,114.25,114.27,114.21,114.25,115.12,115.1,115.09,115.06,114.29,114.02,114.02,114.03,114.05,114.16,0,0.0,0,0.0,0.0,0.0,0.0,0.0
2024-04-24 01:15:00,114.25,114.25,114.17,114.18,115.12,115.1,115.09,115.06,114.29,114.02,114.03,114.05,114.05,114.16,0,0.0,0,0.0,0.0,0.0,0.0,0.0
2024-04-24 05:15:00,114.18,114.2,114.13,114.14,115.09,115.08,115.06,114.29,114.25,114.02,114.03,114.05,114.05,114.16,0,0.0,0,0.0,0.0,0.0,0.0,0.0
2024-04-24 09:15:00,114.13,114.16,114.01,114.07,115.08,115.06,114.29,114.27,114.25,114.02,114.02,114.03,114.05,114.05,0,0.0,0,0.0,0.0,0.0,0.0,0.0
2024-04-24 13:15:00,114.07,114.12,113.23,113.3,115.06,114.29,114.27,114.25,114.25,114.02,114.02,114.03,114.05,114.05,0,0.0,0,0.0,0.0,0.0,0.0,0.0
2024-04-24 18:15:00,113.3,114.05,113.27,114.05,114.25,114.2,114.05,114.03,114.02,113.2,113.21,113.23,113.24,113.26,0,0.0,04/24/2024 17:00,114.09375,114.09375,115.09375,116.09375,0.0
2024-04-24 18:15:00,113.3,114.05,113.27,114.05,114.25,114.2,114.05,114.03,114.02,113.2,113.21,113.23,113.24,113.26,0,0.0,04/24/2024 17:00,114.09375,114.09375,115.09375,116.09375,0.0
2024-04-24 22:15:00,114.04,114.05,114.0,114.02,114.25,114.25,114.2,114.16,114.05,113.24,113.26,113.3,114.02,114.03,0,0.0,0,0.0,0.0,0.0,0.0,0.0
2024-04-25 02:15:00,114.02,114.02,113.3,114.0,114.25,114.2,114.16,114.12,114.05,113.23,113.23,113.24,113.26,113.3,0,0.0,0,0.0,0.0,0.0,0.0,0.0
2024-04-25 06:15:00,114.0,114.04,113.29,114.03,114.25,114.2,114.16,114.12,114.05,113.23,113.24,113.26,113.27,113.3,0,0.0,0,0.0,0.0,0.0,0.0,0.0
2024-04-25 10:15:00,114.03,114.14,112.3,113.05,114.2,114.16,114.12,114.05,114.05,113.23,113.24,113.26,113.27,113.3,0,0.0,0,0.0,0.0,0.0,0.0,0.0
2024-04-25 14:15:00,113.05,113.2,113.04,113.14,113.21,113.2,113.18,113.13,113.06,112.27,112.27,112.3,113.0,113.03,0,0.0,04/24/2024 17:00,114.09375,114.09375,115.09375,116.09375,0.0
2024-04-25 14:15:00,113.05,113.2,113.04,113.14,113.21,113.2,113.18,113.13,113.06,112.27,112.27,112.3,113.0,113.03,0,0.0,04/24/2024 17:00,114.09375,114.09375,115.09375,116.09375,0.0
2024-04-25 19:15:00,113.14,113.17,113.12,113.13,113.23,113.23,113.21,113.2,113.18,113.0,113.03,113.05,113.06,113.13,0,0.0,0,0.0,0.0,0.0,0.0,0.0
2024-04-25 23:15:00,113.13,113.17,113.09,113.17,113.23,113.23,113.21,113.2,113.18,112.3,113.0,113.03,113.05,113.06,0,0.0,0,0.0,0.0,0.0,0.0,0.0
2024-04-26 03:15:00,113.16,113.29,113.14,113.25,113.23,113.21,113.2,113.2,113.18,113.03,113.04,113.05,113.06,113.13,0,0.0,04/25/2024 17:00,113.71875,113.71875,114.71875,115.71875,0.0
2024-04-26 03:15:00,113.16,113.29,113.14,113.25,113.23,113.21,113.2,113.2,113.18,113.03,113.04,113.05,113.06,113.13,0,0.0,04/25/2024 17:00,113.71875,113.71875,114.71875,115.71875,0.0
2024-04-26 03:15:00,113.16,113.29,113.14,113.25,113.23,113.21,113.2,113.2,113.18,113.03,113.04,113.05,113.06,113.13,0,0.0,04/25/2024 17:00,113.71875,113.71875,114.71875,115.71875,0.0
2024-04-26 07:15:00,113.24,113.3,113.2,113.22,114.05,114.05,113.3,113.27,113.26,113.13,113.2,113.2,113.23,113.23,0,0.0,0,0.0,0.0,0.0,0.0,0.0
2024-04-26 11:15:00,113.22,114.13,113.22,114.0,114.05,114.05,113.3,113.27,113.26,113.06,113.09,113.13,113.2,113.2,0,0.0,04/25/2024 17:00,113.71875,113.71875,114.71875,115.71875,0.0
2024-04-26 11:15:00,113.22,114.13,113.22,114.0,114.05,114.05,113.3,113.27,113.26,113.06,113.09,113.13,113.2,113.2,0,0.0,04/25/2024 17:00,113.71875,113.71875,114.71875,115.71875,0.0
2024-04-26 11:15:00,113.22,114.13,113.22,114.0,114.05,114.05,113.3,113.27,113.26,113.06,113.09,113.13,113.2,113.2,0,0.0,04/25/2024 17:00,113.71875,113.71875,114.71875,115.71875,0.0
2024-04-26 15:15:00,114.0,114.02,113.26,113.31,114.16,114.14,114.12,114.05,114.05,113.2,113.2,113.26,113.27,113.3,0,0.0,04/25/2024 17:00,113.71875,113.71875,114.71875,115.71875,0.0
2024-04-26 15:15:00,114.0,114.02,113.26,113.31,114.16,114.14,114.12,114.05,114.05,113.2,113.2,113.26,113.27,113.3,0,0.0,04/25/2024 17:00,113.71875,113.71875,114.71875,115.71875,0.0
2024-04-28 20:15:00,114.0,114.12,113.29,114.1,114.16,114.14,114.12,114.05,114.05,113.2,113.2,113.26,113.27,113.3,04/26/2024 17:00,113.71875,0,0.0,113.71875,112.71875,111.71875,0.0
2024-04-28 20:15:00,114.0,114.12,113.29,114.1,114.16,114.14,114.12,114.05,114.05,113.2,113.2,113.26,113.27,113.3,04/26/2024 17:00,113.71875,0,0.0,113.71875,112.71875,111.71875,0.0
2024-04-29 00:15:00,114.1,114.11,114.04,114.07,114.2,114.16,114.14,114.13,114.12,113.26,113.27,113.3,114.05,114.05,0,0.0,0,0.0,0.0,0.0,0.0,0.0
2024-04-29 04:15:00,114.07,114.14,114.05,114.13,114.2,114.16,114.14,114.13,114.12,113.26,113.27,113.3,114.05,114.05,04/26/2024 17:00,113.71875,0,0.0,113.71875,112.71875,111.71875,0.0
2024-04-29 08:15:00,114.13,114.25,114.12,114.21,114.25,114.25,114.2,114.16,114.14,113.29,113.3,114.05,114.05,114.12,04/26/2024 17:00,113.71875,0,0.0,113.71875,112.71875,111.71875,0.0
2024-04-29 08:15:00,114.13,114.25,114.12,114.21,114.25,114.25,114.2,114.16,114.14,113.29,113.3,114.05,114.05,114.12,04/26/2024 17:00,113.71875,0,0.0,113.71875,112.71875,111.71875,0.0
2024-04-29 08:15:00,114.13,114.25,114.12,114.21,114.25,114.25,114.2,114.16,114.14,113.29,113.3,114.05,114.05,114.12,04/26/2024 17:00,113.71875,0,0.0,113.71875,112.71875,111.71875,0.0
2024-04-29 08:15:00,114.13,114.25,114.12,114.21,114.25,114.25,114.2,114.16,114.14,113.29,113.3,114.05,114.05,114.12,04/26/2024 17:00,113.71875,0,0.0,113.71875,112.71875,111.71875,0.0
2024-04-29 12:15:00,114.2,114.23,114.05,114.17,115.06,114.29,114.27,114.25,114.25,114.05,114.12,114.13,114.14,114.16,0,0.0,0,0.0,0.0,0.0,0.0,0.0
2024-04-29 16:15:00,114.16,114.26,114.11,114.25,114.29,114.27,114.25,114.25,114.2,114.05,114.05,114.12,114.13,114.14,0,0.0,0,0.0,0.0,0.0,0.0,0.0
2024-04-29 21:15:00,114.26,114.27,114.2,114.21,115.09,115.08,115.06,114.29,114.27,114.13,114.14,114.16,114.25,114.25,0,0.0,0,0.0,0.0,0.0,0.0,0.0
2024-04-30 01:15:00,114.21,114.28,114.21,114.26,115.06,114.29,114.27,114.25,114.25,114.05,114.12,114.13,114.14,114.16,04/26/2024 17:00,113.71875,0,0.0,113.71875,112.71875,111.71875,0.0
2024-04-30 05:15:00,114.27,114.27,114.14,114.18,115.1,115.09,115.08,115.06,114.29,114.12,114.13,114.14,114.16,114.25,0,0.0,0,0.0,0.0,0.0,0.0,0.0
2024-04-30 09:15:00,114.18,114.24,114.0,114.06,115.08,115.06,114.29,114.27,114.25,114.11,114.12,114.13,114.14,114.16,0,0.0,0,0.0,0.0,0.0,0.0,0.0
2024-04-30 13:15:00,114.06,114.14,113.31,114.05,114.16,114.14,114.13,114.12,114.11,113.3,114.04,114.05,114.05,114.05,0,0.0,0,0.0,0.0,0.0,0.0,0.0
2024-04-30 18:15:00,114.05,114.07,113.27,114.0,114.16,114.14,114.13,114.12,114.11,113.26,113.27,113.29,113.3,114.04,0,0.0,0,0.0,0.0,0.0,0.0,0.0
2024-04-30 22:15:00,114.0,114.06,113.29,114.04,114.12,114.11,114.05,114.05,114.04,113.26,113.26,113.27,113.29,113.3,0,0.0,0,0.0,0.0,0.0,0.0,0.0
2024-05-01 02:15:00,114.04,114.07,113.28,113.3,114.13,114.12,114.11,114.05,114.05,113.26,113.26,113.27,113.29,113.3,0,0.0,0,0.0,0.0,0.0,0.0,0.0
2024-05-01 06:15:00,113.29,114.03,113.25,113.27,114.11,114.05,114.05,114.04,113.3,113.22,113.26,113.26,113.27,113.27,0,0.0,0,0.0,0.0,0.0,0.0,0.0
2024-05-01 10:15:00,113.27,114.23,113.26,114.16,114.11,114.05,114.05,114.04,113.29,113.2,113.2,113.22,113.26,113.26,04/26/2024 17:00,113.71875,0,0.0,113.71875,112.71875,111.71875,0.0
2024-05-01 10:15:00,113.27,114.23,113.26,114.16,114.11,114.05,114.05,114.04,113.29,113.2,113.2,113.22,113.26,113.26,04/26/2024 17:00,113.71875,0,0.0,113.71875,112.71875,111.71875,0.0
2024-05-01 10:15:00,113.27,114.23,113.26,114.16,114.11,114.05,114.05,114.04,113.29,113.2,113.2,113.22,113.26,113.26,04/26/2024 17:00,113.71875,0,0.0,113.71875,112.71875,111.71875,0.0
2024-05-01 10:15:00,113.27,114.23,113.26,114.16,114.11,114.05,114.05,114.04,113.29,113.2,113.2,113.22,113.26,113.26,04/26/2024 17:00,113.71875,0,0.0,113.71875,112.71875,111.71875,0.0
2024-05-01 10:15:00,113.27,114.23,113.26,114.16,114.11,114.05,114.05,114.04,113.29,113.2,113.2,113.22,113.26,113.26,04/26/2024 17:00,113.71875,0,0.0,113.71875,112.71875,111.71875,0.0
2024-05-01 14:15:00,114.15,114.31,114.03,114.2,114.27,114.27,114.25,114.24,114.16,113.29,114.04,114.05,114.11,114.14,0,0.0,0,0.0,0.0,0.0,0.0,0.0
2024-05-01 19:15:00,114.2,115.09,114.16,114.22,114.28,114.27,114.27,114.25,114.24,113.29,114.04,114.05,114.11,114.14,0,0.0,0,0.0,0.0,0.0,0.0,0.0
2024-05-01 23:15:00,114.21,114.22,114.15,114.21,114.28,114.27,114.27,114.25,114.24,113.29,114.04,114.05,114.11,114.14,0,0.0,0,0.0,0.0,0.0,0.0,0.0
2024-05-02 03:15:00,114.22,114.29,114.21,114.25,114.28,114.27,114.27,114.25,114.24,114.03,114.04,114.05,114.11,114.14,05/01/2024 17:00,114.84375,0,0.0,114.84375,113.84375,112.84375,0.0
2024-05-02 07:15:00,114.25,115.02,114.22,114.29,115.06,114.29,114.28,114.27,114.27,114.04,114.05,114.11,114.14,114.24,05/01/2024 17:00,114.84375,0,0.0,114.84375,113.84375,112.84375,0.0
2024-05-02 07:15:00,114.25,115.02,114.22,114.29,115.06,114.29,114.28,114.27,114.27,114.04,114.05,114.11,114.14,114.24,05/01/2024 17:00,114.84375,0,0.0,114.84375,113.84375,112.84375,0.0
2024-05-02 11:15:00,114.29,115.0,114.05,114.19,115.1,115.09,115.09,115.08,115.06,114.15,114.24,114.27,114.27,114.28,0,0.0,0,0.0,0.0,0.0,0.0,0.0
2024-05-02 15:15:00,114.19,115.08,114.19,115.03,114.29,114.28,114.27,114.27,114.24,114.04,114.05,114.11,114.14,114.15,05/01/2024 17:00,114.84375,0,0.0,114.84375,113.84375,112.84375,0.0
2024-05-02 20:15:00,115.03,115.05,114.28,115.0,115.1,115.09,115.09,115.08,115.06,114.04,114.05,114.11,114.14,114.15,0,0.0,0,0.0,0.0,0.0,0.0,0.0
2024-05-03 00:15:00,115.0,115.07,114.31,115.04,115.1,115.09,115.09,115.08,115.06,114.05,114.05,114.11,114.14,114.15,0,0.0,0,0.0,0.0,0.0,0.0,0.0
2024-05-03 04:15:00,115.05,115.07,114.28,115.01,115.09,115.09,115.08,115.08,115.06,114.05,114.11,114.14,114.15,114.19,0,0.0,0,0.0,0.0,0.0,0.0,0.0
2024-05-03 08:15:00,115.02,115.15,115.0,115.12,115.09,115.09,115.08,115.08,115.06,114.05,114.11,114.14,114.15,114.19,05/01/2024 17:00,114.84375,0,0.0,114.84375,113.84375,112.84375,0.0
2024-05-03 08:15:00,115.02,115.15,115.0,115.12,115.09,115.09,115.08,115.08,115.06,114.05,114.11,114.14,114.15,114.19,05/01/2024 17:00,114.84375,0,0.0,114.84375,113.84375,112.84375,0.0
2024-05-03 08:15:00,115.02,115.15,115.0,115.12,115.09,115.09,115.08,115.08,115.06,114.05,114.11,114.14,114.15,114.19,05/01/2024 17:00,114.84375,0,0.0,114.84375,113.84375,112.84375,0.0
2024-05-03 08:15:00,115.02,115.15,115.0,115.12,115.09,115.09,115.08,115.08,115.06,114.05,114.11,114.14,114.15,114.19,05/01/2024 17:00,114.84375,0,0.0,114.84375,113.84375,112.84375,0.0
2024-05-03 12:15:00,115.11,116.21,115.1,115.29,116.01,115.29,115.23,115.21,115.12,114.19,115.08,115.08,115.09,115.1,0,0.0,0,0.0,0.0,0.0,0.0,0.0
2024-05-03 16:15:00,115.28,116.02,115.26,116.01,116.08,116.08,116.04,116.01,115.29,114.28,115.08,115.08,115.09,115.1,05/01/2024 17:00,114.84375,0,0.0,114.84375,113.84375,112.84375,0.0
2024-05-05 21:15:00,116.02,116.03,115.26,115.31,116.13,116.09,116.08,116.08,116.04,115.08,115.09,115.1,115.29,116.01,0,0.0,0,0.0,0.0,0.0,0.0,0.0
2024-05-06 01:15:00,116.0,116.0,115.29,115.31,116.09,116.08,116.08,116.04,116.01,115.08,115.09,115.1,115.1,115.29,0,0.0,0,0.0,0.0,0.0,0.0,0.0
2024-05-06 05:15:00,115.31,116.12,115.31,116.11,116.09,116.08,116.08,116.04,116.01,115.08,115.09,115.1,115.1,115.29,05/03/2024 17:00,115.25,0,0.0,115.25,114.25,113.25,0.0
2024-05-06 05:15:00,115.31,116.12,115.31,116.11,116.09,116.08,116.08,116.04,116.01,115.08,115.09,115.1,115.1,115.29,05/03/2024 17:00,115.25,0,0.0,115.25,114.25,113.25,0.0
2024-05-06 09:15:00,116.11,116.16,116.05,116.06,116.17,116.16,116.16,116.14,116.13,115.26,115.29,116.08,116.08,116.09,0,0.0,0,0.0,0.0,0.0,0.0,0.0
2024-05-06 13:15:00,116.06,116.1,115.27,116.08,116.16,116.16,116.14,116.13,116.08,115.1,115.1,115.26,115.29,115.29,0,0.0,0,0.0,0.0,0.0,0.0,0.0
2024-05-06 18:15:00,116.08,116.13,116.07,116.11,116.17,116.16,116.16,116.14,116.13,115.1,115.1,115.26,115.29,115.29,05/06/2024 17:00,116.125,0,0.0,116.125,115.125,114.125,0.0
2024-05-06 22:15:00,116.1,116.12,116.07,116.1,116.16,116.16,116.16,116.14,116.13,115.1,115.1,115.26,115.29,115.29,0,0.0,0,0.0,0.0,0.0,0.0,0.0
2024-05-07 02:15:00,116.1,116.18,116.07,116.15,116.16,116.16,116.16,116.14,116.13,115.1,115.26,115.27,115.29,115.29,05/06/2024 17:00,116.125,0,0.0,116.125,115.125,114.125,0.0
2024-05-07 06:15:00,116.15,116.25,116.13,116.2,116.18,116.17,116.16,116.16,116.16,115.26,115.27,115.29,115.29,116.14,05/06/2024 17:00,116.125,0,0.0,116.125,115.125,114.125,0.0
2024-05-07 06:15:00,116.15,116.25,116.13,116.2,116.18,116.17,116.16,116.16,116.16,115.26,115.27,115.29,115.29,116.14,05/06/2024 17:00,116.125,0,0.0,116.125,115.125,114.125,0.0
2024-05-07 06:15:00,116.15,116.25,116.13,116.2,116.18,116.17,116.16,116.16,116.16,115.26,115.27,115.29,115.29,116.14,05/06/2024 17:00,116.125,0,0.0,116.125,115.125,114.125,0.0
2024-05-07 06:15:00,116.15,116.25,116.13,116.2,116.18,116.17,116.16,116.16,116.16,115.26,115.27,115.29,115.29,116.14,05/06/2024 17:00,116.125,0,0.0,116.125,115.125,114.125,0.0
2024-05-07 10:15:00,116.19,117.04,116.15,117.01,116.26,116.21,116.21,116.21,116.2,116.16,116.16,116.16,116.17,116.18,05/06/2024 17:00,116.125,0,0.0,116.125,115.125,114.125,0.0
2024-05-07 10:15:00,116.19,117.04,116.15,117.01,116.26,116.21,116.21,116.21,116.2,116.16,116.16,116.16,116.17,116.18,05/06/2024 17:00,116.125,0,0.0,116.125,115.125,114.125,0.0
2024-05-07 10:15:00,116.19,117.04,116.15,117.01,116.26,116.21,116.21,116.21,116.2,116.16,116.16,116.16,116.17,116.18,05/06/2024 17:00,116.125,0,0.0,116.125,115.125,114.125,0.0
2024-05-07 10:15:00,116.19,117.04,116.15,117.01,116.26,116.21,116.21,116.21,116.2,116.16,116.16,116.16,116.17,116.18,05/06/2024 17:00,116.125,0,0.0,116.125,115.125,114.125,0.0
2024-05-07 10:15:00,116.19,117.04,116.15,117.01,116.26,116.21,116.21,116.21,116.2,116.16,116.16,116.16,116.17,116.18,05/06/2024 17:00,116.125,0,0.0,116.125,115.125,114.125,0.0
2024-05-07 14:15:00,117.01,117.1,116.3,117.0,117.19,117.12,117.1,117.05,117.03,116.18,116.2,116.21,116.21,116.26,0,0.0,0,0.0,0.0,0.0,0.0,0.0
2024-05-07 19:15:00,117.01,117.01,116.24,116.31,117.19,117.12,117.1,117.05,117.03,116.18,116.2,116.21,116.21,116.26,0,0.0,0,0.0,0.0,0.0,0.0,0.0
2024-05-07 23:15:00,116.31,116.31,116.21,116.22,117.19,117.12,117.1,117.05,117.03,116.18,116.2,116.21,116.21,116.26,0,0.0,0,0.0,0.0,0.0,0.0,0.0
2024-05-08 03:15:00,116.22,116.25,116.19,116.23,117.12,117.1,117.1,117.05,117.03,116.17,116.18,116.2,116.21,116.21,0,0.0,0,0.0,0.0,0.0,0.0,0.0
2024-05-08 07:15:00,116.23,116.29,116.15,116.17,117.1,117.1,117.05,117.03,117.01,116.17,116.18,116.2,116.21,116.21,0,0.0,0,0.0,0.0,0.0,0.0,0.0
2024-05-08 11:15:00,116.16,116.2,116.09,116.14,117.01,116.31,116.21,116.18,116.17,115.29,116.07,116.13,116.14,116.15,0,0.0,0,0.0,0.0,0.0,0.0,0.0
2024-05-08 15:15:00,116.15,116.19,116.11,116.12,116.21,116.18,116.17,116.16,116.16,115.29,115.29,116.07,116.13,116.14,0,0.0,0,0.0,0.0,0.0,0.0,0.0
2024-05-08 20:15:00,116.11,116.13,116.06,116.08,116.17,116.16,116.16,116.15,116.13,115.26,115.27,115.29,115.29,116.07,0,0.0,0,0.0,0.0,0.0,0.0,0.0
2024-05-09 00:15:00,116.07,116.08,116.01,116.02,116.17,116.16,116.16,116.15,116.13,115.1,115.26,115.27,115.29,115.29,0,0.0,0,0.0,0.0,0.0,0.0,0.0
2024-05-09 04:15:00,116.02,116.08,115.3,116.0,116.16,116.16,116.15,116.13,116.07,115.1,115.26,115.27,115.29,115.29,0,0.0,0,0.0,0.0,0.0,0.0,0.0
2024-05-09 08:15:00,116.0,116.02,115.27,115.28,116.16,116.15,116.13,116.13,116.07,115.1,115.26,115.27,115.29,115.29,0,0.0,0,0.0,0.0,0.0,0.0,0.0
2024-05-09 12:15:00,115.28,116.13,115.27,116.09,116.13,116.13,116.07,115.29,115.29,115.09,115.1,115.1,115.26,115.27,0,0.0,05/08/2024 17:00,116.53125,116.53125,117.53125,118.53125,0.0
2024-05-09 12:15:00,115.28,116.13,115.27,116.09,116.13,116.13,116.07,115.29,115.29,115.09,115.1,115.1,115.26,115.27,0,0.0,05/08/2024 17:00,116.53125,116.53125,117.53125,118.53125,0.0
2024-05-09 16:15:00,116.1,116.29,116.07,116.26,116.16,116.16,116.15,116.13,116.13,115.1,115.26,115.27,115.29,116.07,0,0.0,05/08/2024 17:00,116.53125,116.53125,117.53125,118.53125,0.0
2024-05-09 16:15:00,116.1,116.29,116.07,116.26,116.16,116.16,116.15,116.13,116.13,115.1,115.26,115.27,115.29,116.07,0,0.0,05/08/2024 17:00,116.53125,116.53125,117.53125,118.53125,0.0
2024-05-09 16:15:00,116.1,116.29,116.07,116.26,116.16,116.16,116.15,116.13,116.13,115.1,115.26,115.27,115.29,116.07,0,0.0,05/08/2024 17:00,116.53125,116.53125,117.53125,118.53125,0.0
2024-05-09 16:15:00,116.1,116.29,116.07,116.26,116.16,116.16,116.15,116.13,116.13,115.1,115.26,115.27,115.29,116.07,0,0.0,05/08/2024 17:00,116.53125,116.53125,117.53125,118.53125,0.0
2024-05-09 16:15:00,116.1,116.29,116.07,116.26,116.16,116.16,116.15,116.13,116.13,115.1,115.26,115.27,115.29,116.07,0,0.0,05/08/2024 17:00,116.53125,116.53125,117.53125,118.53125,0.0
2024-05-09 21:15:00,116.25,116.31,116.21,116.3,117.05,117.03,117.01,116.31,116.29,116.13,116.13,116.15,116.19,116.2,05/09/2024 17:00,116.53125,0,0.0,116.53125,115.53125,114.53125,0.0
2024-05-10 01:15:00,116.29,116.3,116.21,116.21,117.1,117.05,117.03,117.01,116.31,116.13,116.13,116.15,116.19,116.2,0,0.0,0,0.0,0.0,0.0,0.0,0.0
2024-05-10 05:15:00,116.21,117.0,116.21,116.31,117.05,117.03,117.01,116.31,116.29,116.13,116.13,116.15,116.19,116.2,0,0.0,0,0.0,0.0,0.0,0.0,0.0
2024-05-10 09:15:00,116.31,116.31,116.07,116.11,117.1,117.1,117.05,117.03,117.01,116.13,116.13,116.15,116.19,116.2,0,0.0,0,0.0,0.0,0.0,0.0,0.0
2024-05-10 13:15:00,116.11,116.14,116.01,116.03,117.01,116.31,116.2,116.19,116.13,115.27,115.27,115.29,116.07,116.07,0,0.0,0,0.0,0.0,0.0,0.0,0.0
2024-05-12 18:15:00,116.04,116.1,116.03,116.07,116.31,116.2,116.19,116.13,116.07,115.1,115.26,115.27,115.27,115.29,0,0.0,0,0.0,0.0,0.0,0.0,0.0
2024-05-12 22:15:00,116.07,116.12,116.07,116.09,116.31,116.31,116.2,116.19,116.13,115.1,115.26,115.27,115.27,115.29,0,0.0,05/10/2024 17:00,116.25,116.25,117.25,118.25,0.0
2024-05-13 02:15:00,116.09,116.1,116.07,116.09,116.31,116.2,116.19,116.14,116.13,115.27,115.27,115.29,116.01,116.07,0,0.0,0,0.0,0.0,0.0,0.0,0.0
2024-05-13 06:15:00,116.09,116.13,116.07,116.12,116.31,116.2,116.19,116.14,116.13,115.27,115.29,116.01,116.03,116.07,0,0.0,0,0.0,0.0,0.0,0.0,0.0
2024-05-13 10:15:00,116.12,116.25,116.1,116.18,116.31,116.2,116.19,116.14,116.13,115.27,115.29,116.01,116.03,116.07,0,0.0,05/10/2024 17:00,116.25,116.25,117.25,118.25,0.0
2024-05-13 14:15:00,116.19,116.21,116.12,116.18,117.01,117.0,116.31,116.31,116.2,115.29,116.01,116.03,116.07,116.14,0,0.0,0,0.0,0.0,0.0,0.0,0.0
2024-05-13 19:15:00,116.17,116.17,116.1,116.12,117.0,116.31,116.31,116.2,116.19,116.01,116.03,116.07,116.07,116.14,0,0.0,0,0.0,0.0,0.0,0.0,0.0
2024-05-13 23:15:00,116.12,116.14,116.09,116.11,116.31,116.25,116.2,116.19,116.14,115.29,116.01,116.03,116.07,116.07,0,0.0,0,0.0,0.0,0.0,0.0,0.0
2024-05-14 03:15:00,116.11,116.15,116.11,116.14,116.25,116.21,116.2,116.19,116.14,115.29,116.01,116.03,116.07,116.07,0,0.0,0,0.0,0.0,0.0,0.0,0.0
2024-05-14 07:15:00,116.14,116.18,116.11,116.14,116.25,116.21,116.2,116.19,116.17,115.29,116.01,116.03,116.07,116.07,0,0.0,0,0.0,0.0,0.0,0.0,0.0
2024-05-14 11:15:00,116.14,116.31,115.24,116.21,116.25,116.21,116.2,116.19,116.17,116.01,116.03,116.07,116.07,116.09,05/13/2024 17:00,116.25,0,0.0,116.25,115.25,114.25,0.0
2024-05-14 15:15:00,116.21,116.3,116.15,116.28,117.01,117.0,116.31,116.31,116.25,116.03,116.07,116.07,116.09,116.17,05/13/2024 17:00,116.25,0,0.0,116.25,115.25,114.25,0.0
2024-05-14 15:15:00,116.21,116.3,116.15,116.28,117.01,117.0,116.31,116.31,116.25,116.03,116.07,116.07,116.09,116.17,05/13/2024 17:00,116.25,0,0.0,116.25,115.25,114.25,0.0
2024-05-14 20:15:00,116.28,116.31,116.26,116.29,117.03,117.01,117.0,116.31,116.31,116.07,116.09,116.17,116.21,116.25,0,0.0,0,0.0,0.0,0.0,0.0,0.0
2024-05-15 00:15:00,116.29,117.01,116.29,117.01,117.03,117.01,117.0,116.31,116.31,116.07,116.09,116.17,116.21,116.25,05/14/2024 17:00,116.84375,0,0.0,116.84375,115.84375,114.84375,0.0
2024-05-15 00:15:00,116.29,117.01,116.29,117.01,117.03,117.01,117.0,116.31,116.31,116.07,116.09,116.17,116.21,116.25,05/14/2024 17:00,116.84375,0,0.0,116.84375,115.84375,114.84375,0.0
2024-05-15 04:15:00,117.0,117.07,116.31,117.05,117.1,117.1,117.05,117.03,117.01,116.17,116.21,116.25,116.31,116.31,05/14/2024 17:00,116.84375,0,0.0,116.84375,115.84375,114.84375,0.0
2024-05-15 04:15:00,117.0,117.07,116.31,117.05,117.1,117.1,117.05,117.03,117.01,116.17,116.21,116.25,116.31,116.31,05/14/2024 17:00,116.84375,0,0.0,116.84375,115.84375,114.84375,0.0
2024-05-15 04:15:00,117.0,117.07,116.31,117.05,117.1,117.1,117.05,117.03,117.01,116.17,116.21,116.25,116.31,116.31,05/14/2024 17:00,116.84375,0,0.0,116.84375,115.84375,114.84375,0.0
2024-05-15 08:15:00,117.05,117.13,117.05,117.09,117.27,117.19,117.12,117.1,117.1,116.31,116.31,117.0,117.01,117.03,0,0.0,0,0.0,0.0,0.0,0.0,0.0
2024-05-15 12:15:00,117.09,118.09,116.31,118.02,117.27,117.19,117.12,117.1,117.1,116.31,116.31,117.0,117.01,117.03,05/14/2024 17:00,116.84375,0,0.0,116.84375,115.84375,114.84375,0.0
2024-05-15 12:15:00,117.09,118.09,116.31,118.02,117.27,117.19,117.12,117.1,117.1,116.31,116.31,117.0,117.01,117.03,05/14/2024 17:00,116.84375,0,0.0,116.84375,115.84375,114.84375,0.0
2024-05-15 12:15:00,117.09,118.09,116.31,118.02,117.27,117.19,117.12,117.1,117.1,116.31,116.31,117.0,117.01,117.03,05/14/2024 17:00,116.84375,0,0.0,116.84375,115.84375,114.84375,0.0
2024-05-15 16:15:00,118.02,118.11,118.01,118.08,118.17,118.17,118.16,118.13,118.12,117.1,117.1,117.19,117.29,118.0,05/14/2024 17:00,116.84375,0,0.0,116.84375,115.84375,114.84375,0.0
2024-05-15 16:15:00,118.02,118.11,118.01,118.08,118.17,118.17,118.16,118.13,118.12,117.1,117.1,117.19,117.29,118.0,05/14/2024 17:00,116.84375,0,0.0,116.84375,115.84375,114.84375,0.0
2024-05-15 21:15:00,118.08,118.23,118.08,118.2,118.17,118.17,118.16,118.13,118.12,117.1,117.1,117.19,117.29,118.0,05/15/2024 17:00,117.3125,0,0.0,117.3125,116.3125,115.3125,0.0
2024-05-15 21:15:00,118.08,118.23,118.08,118.2,118.17,118.17,118.16,118.13,118.12,117.1,117.1,117.19,117.29,118.0,05/15/2024 17:00,117.3125,0,0.0,117.3125,116.3125,115.3125,0.0
2024-05-15 21:15:00,118.08,118.23,118.08,118.2,118.17,118.17,118.16,118.13,118.12,117.1,117.1,117.19,117.29,118.0,05/15/2024 17:00,117.3125,0,0.0,117.3125,116.3125,115.3125,0.0
2024-05-15 21:15:00,118.08,118.23,118.08,118.2,118.17,118.17,118.16,118.13,118.12,117.1,117.1,117.19,117.29,118.0,05/15/2024 17:00,117.3125,0,0.0,117.3125,116.3125,115.3125,0.0
2024-05-15 21:15:00,118.08,118.23,118.08,118.2,118.17,118.17,118.16,118.13,118.12,117.1,117.1,117.19,117.29,118.0,05/15/2024 17:00,117.3125,0,0.0,117.3125,116.3125,115.3125,0.0
2024-05-15 21:15:00,118.08,118.23,118.08,118.2,118.17,118.17,118.16,118.13,118.12,117.1,117.1,117.19,117.29,118.0,05/15/2024 17:00,117.3125,0,0.0,117.3125,116.3125,115.3125,0.0
2024-05-16 01:15:00,118.19,118.25,118.17,118.21,118.3,118.29,118.25,118.2,118.2,118.13,118.16,118.17,118.17,118.18,05/15/2024 17:00,117.3125,0,0.0,117.3125,116.3125,115.3125,0.0
2024-05-16 05:15:00,118.21,118.22,118.13,118.14,119.05,119.05,118.3,118.29,118.25,118.17,118.17,118.18,118.2,118.2,0,0.0,0,0.0,0.0,0.0,0.0,0.0
2024-05-16 09:15:00,118.14,118.26,118.07,118.09,118.25,118.2,118.2,118.17,118.16,118.0,118.01,118.08,118.12,118.13,0,0.0,0,0.0,0.0,0.0,0.0,0.0
2024-05-16 13:15:00,118.09,118.13,118.0,118.02,118.2,118.17,118.16,118.13,118.12,117.19,117.29,118.0,118.01,118.08,0,0.0,0,0.0,0.0,0.0,0.0,0.0
2024-05-16 18:15:00,118.03,118.04,117.28,118.02,118.17,118.16,118.13,118.12,118.08,117.1,117.19,117.29,118.0,118.01,0,0.0,0,0.0,0.0,0.0,0.0,0.0
2024-05-16 22:15:00,118.02,118.05,118.01,118.03,118.17,118.16,118.13,118.12,118.08,117.1,117.19,117.29,118.0,118.01,0,0.0,0,0.0,0.0,0.0,0.0,0.0
2024-05-17 02:15:00,118.04,118.04,117.3,117.3,118.16,118.13,118.13,118.12,118.08,117.1,117.19,117.29,118.0,118.01,0,0.0,0,0.0,0.0,0.0,0.0,0.0
2024-05-17 06:15:00,117.31,118.04,117.23,117.25,118.13,118.13,118.12,118.08,118.01,117.1,117.1,117.19,117.28,117.29,0,0.0,0,0.0,0.0,0.0,0.0,0.0
2024-05-17 10:15:00,117.25,117.25,117.15,117.2,118.12,118.08,118.05,118.01,117.28,117.01,117.03,117.1,117.1,117.19,0,0.0,0,0.0,0.0,0.0,0.0,0.0
2024-05-17 14:15:00,117.2,117.25,117.1,117.12,118.12,118.08,118.05,118.01,117.28,117.01,117.03,117.1,117.1,117.19,0,0.0,0,0.0,0.0,0.0,0.0,0.0
2024-05-19 19:15:00,117.11,117.17,117.11,117.16,118.08,118.05,118.04,118.01,117.28,117.0,117.01,117.03,117.1,117.1,0,0.0,0,0.0,0.0,0.0,0.0,0.0
2024-05-19 23:15:00,117.17,117.19,117.12,117.17,118.08,118.05,118.04,118.01,117.28,117.0,117.01,117.03,117.1,117.1,0,0.0,0,0.0,0.0,0.0,0.0,0.0
2024-05-20 03:15:00,117.17,117.18,117.09,117.12,118.05,118.04,118.01,117.28,117.25,117.01,117.03,117.1,117.1,117.1,0,0.0,0,0.0,0.0,0.0,0.0,0.0
2024-05-20 07:15:00,117.13,117.16,117.09,117.13,118.05,118.04,118.01,117.28,117.25,117.01,117.03,117.1,117.1,117.1,0,0.0,0,0.0,0.0,0.0,0.0,0.0
2024-05-20 11:15:00,117.13,117.17,116.28,117.01,118.04,118.01,117.28,117.25,117.19,117.01,117.03,117.1,117.1,117.1,0,0.0,0,0.0,0.0,0.0,0.0,0.0
2024-05-20 15:15:00,117.01,117.08,117.0,117.03,117.25,117.19,117.18,117.1,117.1,116.29,116.31,116.31,116.31,117.0,0,0.0,0,0.0,0.0,0.0,0.0,0.0
2024-05-20 20:15:00,117.04,117.06,117.0,117.03,117.25,117.19,117.18,117.1,117.1,116.31,116.31,116.31,117.0,117.01,0,0.0,0,0.0,0.0,0.0,0.0,0.0
2024-05-21 00:15:00,117.03,117.05,116.3,116.31,117.19,117.18,117.17,117.1,117.1,116.31,116.31,116.31,117.0,117.01,0,0.0,0,0.0,0.0,0.0,0.0,0.0
2024-05-21 04:15:00,116.31,117.07,116.31,117.04,117.1,117.1,117.08,117.01,117.0,116.21,116.25,116.26,116.28,116.29,0,0.0,0,0.0,0.0,0.0,0.0,0.0
2024-05-21 08:15:00,117.05,117.11,117.04,117.06,117.18,117.17,117.1,117.1,117.08,116.28,116.29,116.31,116.31,116.31,0,0.0,0,0.0,0.0,0.0,0.0,0.0
2024-05-21 12:15:00,117.06,117.22,117.05,117.16,117.18,117.17,117.1,117.1,117.08,116.29,116.3,116.31,116.31,116.31,0,0.0,05/20/2024 17:00,117.3125,117.3125,118.3125,119.3125,0.0
2024-05-21 12:15:00,117.06,117.22,117.05,117.16,117.18,117.17,117.1,117.1,117.08,116.29,116.3,116.31,116.31,116.31,0,0.0,05/20/2024 17:00,117.3125,117.3125,118.3125,119.3125,0.0
2024-05-21 16:15:00,117.16,117.2,117.12,117.14,117.28,117.25,117.19,117.18,117.17,116.31,116.31,116.31,117.08,117.1,0,0.0,0,0.0,0.0,0.0,0.0,0.0
2024-05-21 21:15:00,117.14,117.16,117.11,117.12,117.28,117.25,117.19,117.18,117.17,116.31,116.31,117.04,117.08,117.1,0,0.0,0,0.0,0.0,0.0,0.0,0.0
2024-05-22 01:15:00,117.12,117.17,117.11,117.11,117.25,117.22,117.19,117.18,117.17,116.31,117.04,117.05,117.08,117.1,0,0.0,0,0.0,0.0,0.0,0.0,0.0
2024-05-22 05:15:00,117.11,117.12,117.02,117.05,117.22,117.2,117.19,117.18,117.17,116.31,117.04,117.05,117.08,117.1,0,0.0,0,0.0,0.0,0.0,0.0,0.0
2024-05-22 09:15:00,117.06,117.07,116.27,116.31,117.2,117.19,117.18,117.17,117.08,116.31,116.31,116.31,117.04,117.05,0,0.0,0,0.0,0.0,0.0,0.0,0.0
2024-05-22 13:15:00,117.0,117.2,117.0,117.18,117.17,117.17,117.08,117.05,117.04,116.3,116.31,116.31,116.31,116.31,05/21/2024 17:00,117.3125,0,0.0,117.3125,116.3125,115.3125,0.0
2024-05-22 13:15:00,117.0,117.2,117.0,117.18,117.17,117.17,117.08,117.05,117.04,116.3,116.31,116.31,116.31,116.31,05/21/2024 17:00,117.3125,0,0.0,117.3125,116.3125,115.3125,0.0
2024-05-22 13:15:00,117.0,117.2,117.0,117.18,117.17,117.17,117.08,117.05,117.04,116.3,116.31,116.31,116.31,116.31,05/21/2024 17:00,117.3125,0,0.0,117.3125,116.3125,115.3125,0.0
2024-05-22 18:15:00,117.18,117.19,117.11,117.16,117.28,117.25,117.22,117.2,117.19,116.31,117.04,117.05,117.17,117.17,0,0.0,0,0.0,0.0,0.0,0.0,0.0
2024-05-22 22:15:00,117.16,117.19,117.11,117.17,117.2,117.19,117.18,117.17,117.17,116.31,116.31,116.31,117.04,117.05,0,0.0,0,0.0,0.0,0.0,0.0,0.0
2024-05-23 02:15:00,117.17,117.18,117.1,117.13,117.22,117.2,117.2,117.19,117.18,116.31,116.31,117.0,117.04,117.05,0,0.0,0,0.0,0.0,0.0,0.0,0.0
2024-05-23 06:15:00,117.13,117.22,117.06,117.19,117.2,117.19,117.18,117.17,117.17,116.31,116.31,117.0,117.04,117.05,05/21/2024 17:00,117.3125,0,0.0,117.3125,116.3125,115.3125,0.0
2024-05-23 06:15:00,117.13,117.22,117.06,117.19,117.2,117.19,117.18,117.17,117.17,116.31,116.31,117.0,117.04,117.05,05/21/2024 17:00,117.3125,0,0.0,117.3125,116.3125,115.3125,0.0
2024-05-23 10:15:00,117.18,117.24,116.26,116.26,117.25,117.22,117.2,117.2,117.19,116.31,116.31,117.0,117.04,117.05,0,0.0,0,0.0,0.0,0.0,0.0,0.0
2024-05-23 14:15:00,116.26,116.31,116.18,116.3,116.31,116.3,116.29,116.28,116.27,116.09,116.15,116.17,116.21,116.25,05/21/2024 17:00,117.3125,0,0.0,117.3125,116.3125,115.3125,0.0
2024-05-23 14:15:00,116.26,116.31,116.18,116.3,116.31,116.3,116.29,116.28,116.27,116.09,116.15,116.17,116.21,116.25,05/21/2024 17:00,117.3125,0,0.0,117.3125,116.3125,115.3125,0.0
2024-05-23 14:15:00,116.26,116.31,116.18,116.3,116.31,116.3,116.29,116.28,116.27,116.09,116.15,116.17,116.21,116.25,05/21/2024 17:00,117.3125,0,0.0,117.3125,116.3125,115.3125,0.0
2024-05-23 19:15:00,116.3,117.01,116.27,116.28,117.0,116.31,116.31,116.31,116.31,116.25,116.26,116.27,116.28,116.29,0,0.0,0,0.0,0.0,0.0,0.0,0.0
2024-05-23 23:15:00,116.28,117.01,116.27,117.0,116.31,116.31,116.31,116.31,116.3,116.17,116.21,116.25,116.26,116.27,0,0.0,05/23/2024 17:00,117.0,117.0,118.0,119.0,0.0
2024-05-23 23:15:00,116.28,117.01,116.27,117.0,116.31,116.31,116.31,116.31,116.3,116.17,116.21,116.25,116.26,116.27,0,0.0,05/23/2024 17:00,117.0,117.0,118.0,119.0,0.0
2024-05-24 03:15:00,117.0,117.01,116.27,116.31,117.22,117.2,117.2,117.19,117.18,116.27,116.28,116.3,116.31,116.31,0,0.0,0,0.0,0.0,0.0,0.0,0.0
2024-05-24 07:15:00,116.31,117.01,116.26,116.26,117.2,117.2,117.19,117.18,117.0,116.25,116.26,116.27,116.28,116.3,0,0.0,0,0.0,0.0,0.0,0.0,0.0
2024-05-24 11:15:00,116.26,117.0,116.16,117.0,117.2,117.2,117.19,117.18,117.0,116.15,116.17,116.18,116.21,116.25,0,0.0,05/23/2024 17:00,117.0,117.0,118.0,119.0,0.0
2024-05-24 15:15:00,116.31,117.03,116.25,117.01,117.2,117.2,117.19,117.18,117.0,116.17,116.18,116.21,116.25,116.26,0,0.0,05/23/2024 17:00,117.0,117.0,118.0,119.0,0.0
2024-05-26 20:15:00,117.02,117.08,117.01,117.06,117.22,117.2,117.2,117.19,117.18,116.18,116.21,116.25,116.26,117.0,0,0.0,0,0.0,0.0,0.0,0.0,0.0
2024-05-27 00:15:00,117.06,117.08,117.04,117.04,117.22,117.2,117.2,117.19,117.18,116.18,116.21,116.25,116.26,117.0,0,0.0,0,0.0,0.0,0.0,0.0,0.0
2024-05-27 04:15:00,117.05,117.08,116.26,116.29,117.22,117.2,117.2,117.19,117.18,116.21,116.25,116.25,116.26,117.0,0,0.0,0,0.0,0.0,0.0,0.0,0.0
2024-05-27 08:15:00,116.28,117.06,116.26,117.03,117.22,117.2,117.2,117.19,117.18,116.18,116.21,116.25,116.25,116.26,0,0.0,0,0.0,0.0,0.0,0.0,0.0
2024-05-27 12:15:00,117.03,117.07,116.3,117.0,117.22,117.2,117.2,117.19,117.18,116.18,116.21,116.25,116.25,116.26,0,0.0,0,0.0,0.0,0.0,0.0,0.0
2024-05-27 21:15:00,117.0,117.04,116.3,117.0,117.2,117.2,117.19,117.18,117.08,116.18,116.21,116.25,116.25,116.26,0,0.0,0,0.0,0.0,0.0,0.0,0.0
2024-05-28 01:15:00,117.01,117.04,116.3,117.02,117.2,117.2,117.19,117.18,117.08,116.21,116.25,116.25,116.26,116.26,0,0.0,0,0.0,0.0,0.0,0.0,0.0
2024-05-28 05:15:00,117.02,117.09,116.3,117.04,117.2,117.19,117.18,117.08,117.07,116.21,116.25,116.25,116.26,116.26,0,0.0,0,0.0,0.0,0.0,0.0,0.0
2024-05-28 09:15:00,117.04,117.07,116.26,117.02,117.2,117.19,117.18,117.08,117.07,116.21,116.25,116.25,116.26,116.26,0,0.0,0,0.0,0.0,0.0,0.0,0.0
2024-05-28 13:15:00,117.02,117.05,116.02,116.02,117.2,117.19,117.18,117.08,117.07,116.21,116.25,116.25,116.26,116.26,0,0.0,0,0.0,0.0,0.0,0.0,0.0
2024-05-28 18:15:00,116.02,116.03,115.23,115.25,116.16,116.15,116.09,116.07,116.03,115.26,115.27,115.27,115.29,116.01,0,0.0,0,0.0,0.0,0.0,0.0,0.0
2024-05-28 22:15:00,115.25,115.28,115.21,115.23,116.03,116.01,115.27,115.27,115.26,115.08,115.09,115.1,115.1,115.24,0,0.0,0,0.0,0.0,0.0,0.0,0.0
2024-05-29 02:15:00,115.22,115.23,115.17,115.21,116.01,115.27,115.27,115.26,115.24,115.08,115.08,115.09,115.1,115.1,0,0.0,0,0.0,0.0,0.0,0.0,0.0
2024-05-29 06:15:00,115.21,115.21,115.11,115.15,116.01,115.27,115.27,115.26,115.24,115.08,115.08,115.09,115.1,115.1,0,0.0,0,0.0,0.0,0.0,0.0,0.0
2024-05-29 10:15:00,115.15,115.18,114.28,114.3,115.28,115.27,115.27,115.26,115.24,115.08,115.08,115.09,115.1,115.1,0,0.0,0,0.0,0.0,0.0,0.0,0.0
2024-05-29 14:15:00,114.3,115.01,114.13,114.26,115.1,115.09,115.08,115.08,115.0,114.11,114.14,114.15,114.19,114.28,0,0.0,0,0.0,0.0,0.0,0.0,0.0
2024-05-29 19:15:00,114.25,114.27,114.2,114.23,115.09,115.08,115.08,115.0,114.28,114.05,114.11,114.14,114.15,114.19,0,0.0,0,0.0,0.0,0.0,0.0,0.0
2024-05-29 23:15:00,114.23,114.24,114.19,114.24,115.09,115.08,115.08,115.0,114.28,114.05,114.11,114.14,114.15,114.19,0,0.0,0,0.0,0.0,0.0,0.0,0.0
2024-05-30 03:15:00,114.24,115.02,114.22,115.01,115.08,115.08,115.01,115.0,114.28,114.11,114.13,114.14,114.15,114.19,0,0.0,05/29/2024 17:00,115.25,115.25,116.25,117.25,0.0
2024-05-30 07:15:00,115.01,115.04,114.3,115.01,115.1,115.1,115.09,115.08,115.08,114.14,114.15,114.19,114.28,115.0,0,0.0,05/29/2024 17:00,115.25,115.25,116.25,117.25,0.0
2024-05-30 11:15:00,115.0,115.18,114.28,115.17,115.1,115.09,115.08,115.08,115.01,114.14,114.15,114.19,114.19,114.28,0,0.0,05/29/2024 17:00,115.25,115.25,116.25,117.25,0.0
2024-05-30 11:15:00,115.0,115.18,114.28,115.17,115.1,115.09,115.08,115.08,115.01,114.14,114.15,114.19,114.19,114.28,0,0.0,05/29/2024 17:00,115.25,115.25,116.25,117.25,0.0
2024-05-30 15:15:00,115.17,115.23,115.15,115.17,115.26,115.24,115.23,115.21,115.18,114.22,114.28,115.0,115.01,115.1,0,0.0,0,0.0,0.0,0.0,0.0,0.0
2024-05-30 20:15:00,115.16,115.21,115.16,115.2,115.26,115.24,115.23,115.21,115.18,114.22,114.28,115.0,115.01,115.1,05/30/2024 17:00,115.25,0,0.0,115.25,114.25,113.25,0.0
2024-05-31 00:15:00,115.2,115.24,115.2,115.22,115.27,115.26,115.24,115.23,115.21,114.28,115.0,115.01,115.1,115.18,05/30/2024 17:00,115.25,0,0.0,115.25,114.25,113.25,0.0
2024-05-31 04:15:00,115.22,115.22,115.13,115.15,115.27,115.27,115.26,115.24,115.23,115.01,115.1,115.15,115.18,115.21,0,0.0,0,0.0,0.0,0.0,0.0,0.0
2024-05-31 08:15:00,115.16,115.22,115.1,115.2,115.26,115.24,115.23,115.21,115.18,114.28,115.0,115.01,115.1,115.15,0,0.0,0,0.0,0.0,0.0,0.0,0.0
2024-05-31 12:15:00,115.2,116.15,115.18,116.05,115.26,115.24,115.24,115.23,115.21,114.28,115.0,115.01,115.1,115.15,05/30/2024 17:00,115.25,0,0.0,115.25,114.25,113.25,0.0
2024-05-31 12:15:00,115.2,116.15,115.18,116.05,115.26,115.24,115.24,115.23,115.21,114.28,115.0,115.01,115.1,115.15,05/30/2024 17:00,115.25,0,0.0,115.25,114.25,113.25,0.0
2024-05-31 12:15:00,115.2,116.15,115.18,116.05,115.26,115.24,115.24,115.23,115.21,114.28,115.0,115.01,115.1,115.15,05/30/2024 17:00,115.25,0,0.0,115.25,114.25,113.25,0.0
2024-05-31 12:15:00,115.2,116.15,115.18,116.05,115.26,115.24,115.24,115.23,115.21,114.28,115.0,115.01,115.1,115.15,05/30/2024 17:00,115.25,0,0.0,115.25,114.25,113.25,0.0
2024-05-31 12:15:00,115.2,116.15,115.18,116.05,115.26,115.24,115.24,115.23,115.21,114.28,115.0,115.01,115.1,115.15,05/30/2024 17:00,115.25,0,0.0,115.25,114.25,113.25,0.0
2024-05-31 12:15:00,115.2,116.15,115.18,116.05,115.26,115.24,115.24,115.23,115.21,114.28,115.0,115.01,115.1,115.15,05/30/2024 17:00,115.25,0,0.0,115.25,114.25,113.25,0.0
2024-05-31 12:15:00,115.2,116.15,115.18,116.05,115.26,115.24,115.24,115.23,115.21,114.28,115.0,115.01,115.1,115.15,05/30/2024 17:00,115.25,0,0.0,115.25,114.25,113.25,0.0
2024-05-31 12:15:00,115.2,116.15,115.18,116.05,115.26,115.24,115.24,115.23,115.21,114.28,115.0,115.01,115.1,115.15,05/30/2024 17:00,115.25,0,0.0,115.25,114.25,113.25,0.0
2024-05-31 16:15:00,116.05,116.16,116.02,116.08,116.17,116.16,116.15,116.09,116.07,115.27,115.28,116.01,116.03,116.03,05/30/2024 17:00,115.25,0,0.0,115.25,114.25,113.25,0.0
2024-05-31 16:15:00,116.05,116.16,116.02,116.08,116.17,116.16,116.15,116.09,116.07,115.27,115.28,116.01,116.03,116.03,05/30/2024 17:00,115.25,0,0.0,115.25,114.25,113.25,0.0
2024-05-31 16:15:00,116.05,116.16,116.02,116.08,116.17,116.16,116.15,116.09,116.07,115.27,115.28,116.01,116.03,116.03,05/30/2024 17:00,115.25,0,0.0,115.25,114.25,113.25,0.0
2024-06-02 21:15:00,116.09,116.16,116.05,116.15,116.21,116.18,116.17,116.16,116.15,115.28,116.01,116.03,116.03,116.07,05/31/2024 17:00,115.8125,0,0.0,115.8125,114.8125,113.8125,0.0
2024-06-03 01:15:00,116.16,116.18,116.12,116.15,116.25,116.25,116.21,116.18,116.17,116.03,116.03,116.07,116.09,116.15,0,0.0,0,0.0,0.0,0.0,0.0,0.0
2024-06-03 05:15:00,116.16,116.26,116.11,116.21,116.25,116.25,116.21,116.18,116.17,116.03,116.03,116.07,116.09,116.15,05/31/2024 17:00,115.8125,0,0.0,115.8125,114.8125,113.8125,0.0
2024-06-03 09:15:00,116.21,116.28,116.18,116.24,117.05,116.26,116.26,116.25,116.25,116.07,116.09,116.15,116.16,116.18,05/31/2024 17:00,115.8125,0,0.0,115.8125,114.8125,113.8125,0.0
2024-06-03 13:15:00,116.24,117.22,116.21,117.21,117.05,116.26,116.26,116.25,116.25,116.07,116.09,116.15,116.16,116.18,05/31/2024 17:00,115.8125,0,0.0,115.8125,114.8125,113.8125,0.0
2024-06-03 13:15:00,116.24,117.22,116.21,117.21,117.05,116.26,116.26,116.25,116.25,116.07,116.09,116.15,116.16,116.18,05/31/2024 17:00,115.8125,0,0.0,115.8125,114.8125,113.8125,0.0
2024-06-03 13:15:00,116.24,117.22,116.21,117.21,117.05,116.26,116.26,116.25,116.25,116.07,116.09,116.15,116.16,116.18,05/31/2024 17:00,115.8125,0,0.0,115.8125,114.8125,113.8125,0.0
2024-06-03 13:15:00,116.24,117.22,116.21,117.21,117.05,116.26,116.26,116.25,116.25,116.07,116.09,116.15,116.16,116.18,05/31/2024 17:00,115.8125,0,0.0,115.8125,114.8125,113.8125,0.0
2024-06-03 13:15:00,116.24,117.22,116.21,117.21,117.05,116.26,116.26,116.25,116.25,116.07,116.09,116.15,116.16,116.18,05/31/2024 17:00,115.8125,0,0.0,115.8125,114.8125,113.8125,0.0
2024-06-03 13:15:00,116.24,117.22,116.21,117.21,117.05,116.26,116.26,116.25,116.25,116.07,116.09,116.15,116.16,116.18,05/31/2024 17:00,115.8125,0,0.0,115.8125,114.8125,113.8125,0.0
2024-06-03 13:15:00,116.24,117.22,116.21,117.21,117.05,116.26,116.26,116.25,116.25,116.07,116.09,116.15,116.16,116.18,05/31/2024 17:00,115.8125,0,0.0,115.8125,114.8125,113.8125,0.0
2024-06-03 13:15:00,116.24,117.22,116.21,117.21,117.05,116.26,116.26,116.25,116.25,116.07,116.09,116.15,116.16,116.18,05/31/2024 17:00,115.8125,0,0.0,115.8125,114.8125,113.8125,0.0
2024-06-03 13:15:00,116.24,117.22,116.21,117.21,117.05,116.26,116.26,116.25,116.25,116.07,116.09,116.15,116.16,116.18,05/31/2024 17:00,115.8125,0,0.0,115.8125,114.8125,113.8125,0.0
2024-06-03 18:15:00,117.21,117.25,117.17,117.24,118.01,117.28,117.25,117.24,117.22,117.08,117.09,117.19,117.2,117.2,06/03/2024 17:00,116.125,0,0.0,116.125,115.125,114.125,0.0
2024-06-03 18:15:00,117.21,117.25,117.17,117.24,118.01,117.28,117.25,117.24,117.22,117.08,117.09,117.19,117.2,117.2,06/03/2024 17:00,116.125,0,0.0,116.125,115.125,114.125,0.0
2024-06-03 18:15:00,117.21,117.25,117.17,117.24,118.01,117.28,117.25,117.24,117.22,117.08,117.09,117.19,117.2,117.2,06/03/2024 17:00,116.125,0,0.0,116.125,115.125,114.125,0.0
2024-06-03 18:15:00,117.21,117.25,117.17,117.24,118.01,117.28,117.25,117.24,117.22,117.08,117.09,117.19,117.2,117.2,06/03/2024 17:00,116.125,0,0.0,116.125,115.125,114.125,0.0
2024-06-03 22:15:00,117.24,117.24,117.16,117.17,118.05,118.04,118.01,117.28,117.25,117.09,117.19,117.2,117.2,117.22,0,0.0,0,0.0,0.0,0.0,0.0,0.0
2024-06-04 02:15:00,117.16,117.2,117.15,117.17,117.24,117.22,117.2,117.2,117.19,117.05,117.07,117.07,117.08,117.09,0,0.0,0,0.0,0.0,0.0,0.0,0.0
2024-06-04 06:15:00,117.17,117.31,117.15,117.29,117.24,117.22,117.2,117.2,117.19,117.05,117.07,117.07,117.08,117.09,06/03/2024 17:00,116.125,0,0.0,116.125,115.125,114.125,0.0
2024-06-04 06:15:00,117.17,117.31,117.15,117.29,117.24,117.22,117.2,117.2,117.19,117.05,117.07,117.07,117.08,117.09,06/03/2024 17:00,116.125,0,0.0,116.125,115.125,114.125,0.0
2024-06-04 06:15:00,117.17,117.31,117.15,117.29,117.24,117.22,117.2,117.2,117.19,117.05,117.07,117.07,117.08,117.09,06/03/2024 17:00,116.125,0,0.0,116.125,115.125,114.125,0.0
2024-06-04 10:15:00,117.29,118.23,117.24,118.06,118.12,118.08,118.05,118.04,118.01,117.09,117.24,117.25,117.25,117.28,06/03/2024 17:00,116.125,0,0.0,116.125,115.125,114.125,0.0
2024-06-04 10:15:00,117.29,118.23,117.24,118.06,118.12,118.08,118.05,118.04,118.01,117.09,117.24,117.25,117.25,117.28,06/03/2024 17:00,116.125,0,0.0,116.125,115.125,114.125,0.0
2024-06-04 10:15:00,117.29,118.23,117.24,118.06,118.12,118.08,118.05,118.04,118.01,117.09,117.24,117.25,117.25,117.28,06/03/2024 17:00,116.125,0,0.0,116.125,115.125,114.125,0.0
2024-06-04 10:15:00,117.29,118.23,117.24,118.06,118.12,118.08,118.05,118.04,118.01,117.09,117.24,117.25,117.25,117.28,06/03/2024 17:00,116.125,0,0.0,116.125,115.125,114.125,0.0
2024-06-04 14:15:00,118.06,118.28,118.03,118.22,118.16,118.13,118.13,118.12,118.08,117.25,117.28,118.01,118.04,118.05,06/03/2024 17:00,116.125,0,0.0,116.125,115.125,114.125,0.0
2024-06-04 14:15:00,118.06,118.28,118.03,118.22,118.16,118.13,118.13,118.12,118.08,117.25,117.28,118.01,118.04,118.05,06/03/2024 17:00,116.125,0,0.0,116.125,115.125,114.125,0.0
2024-06-04 14:15:00,118.06,118.28,118.03,118.22,118.16,118.13,118.13,118.12,118.08,117.25,117.28,118.01,118.04,118.05,06/03/2024 17:00,116.125,0,0.0,116.125,115.125,114.125,0.0
2024-06-04 19:15:00,118.22,118.23,118.17,118.23,119.05,118.3,118.29,118.26,118.25,118.01,118.04,118.05,118.08,118.13,0,0.0,0,0.0,0.0,0.0,0.0,0.0
2024-06-04 23:15:00,118.23,118.24,118.16,118.19,119.05,118.3,118.29,118.26,118.25,118.01,118.04,118.05,118.08,118.13,0,0.0,0,0.0,0.0,0.0,0.0,0.0
2024-06-05 03:15:00,118.18,118.19,118.1,118.14,118.3,118.29,118.28,118.26,118.25,118.03,118.04,118.05,118.08,118.13,0,0.0,0,0.0,0.0,0.0,0.0,0.0
2024-06-05 07:15:00,118.14,118.2,118.1,118.18,118.3,118.29,118.28,118.26,118.25,118.03,118.04,118.05,118.08,118.13,0,0.0,0,0.0,0.0,0.0,0.0,0.0
2024-06-05 11:15:00,118.19,119.13,118.13,119.05,118.29,118.28,118.26,118.25,118.24,118.03,118.04,118.05,118.08,118.13,06/04/2024 17:00,118.5625,0,0.0,118.5625,117.5625,116.5625,0.0
2024-06-05 11:15:00,118.19,119.13,118.13,119.05,118.29,118.28,118.26,118.25,118.24,118.03,118.04,118.05,118.08,118.13,06/04/2024 17:00,118.5625,0,0.0,118.5625,117.5625,116.5625,0.0
2024-06-05 11:15:00,118.19,119.13,118.13,119.05,118.29,118.28,118.26,118.25,118.24,118.03,118.04,118.05,118.08,118.13,06/04/2024 17:00,118.5625,0,0.0,118.5625,117.5625,116.5625,0.0
2024-06-05 11:15:00,118.19,119.13,118.13,119.05,118.29,118.28,118.26,118.25,118.24,118.03,118.04,118.05,118.08,118.13,06/04/2024 17:00,118.5625,0,0.0,118.5625,117.5625,116.5625,0.0
2024-06-05 11:15:00,118.19,119.13,118.13,119.05,118.29,118.28,118.26,118.25,118.24,118.03,118.04,118.05,118.08,118.13,06/04/2024 17:00,118.5625,0,0.0,118.5625,117.5625,116.5625,0.0
2024-06-05 11:15:00,118.19,119.13,118.13,119.05,118.29,118.28,118.26,118.25,118.24,118.03,118.04,118.05,118.08,118.13,06/04/2024 17:00,118.5625,0,0.0,118.5625,117.5625,116.5625,0.0
2024-06-05 15:15:00,119.04,119.12,119.03,119.07,119.16,119.1,119.09,119.05,119.05,118.25,118.26,118.28,118.29,118.3,06/04/2024 17:00,118.5625,0,0.0,118.5625,117.5625,116.5625,0.0
2024-06-05 20:15:00,119.08,119.14,119.05,119.09,119.26,119.19,119.16,119.1,119.09,118.28,118.29,118.3,119.05,119.05,06/05/2024 17:00,118.90625,0,0.0,118.90625,117.90625,116.90625,0.0
2024-06-06 00:15:00,119.09,119.12,119.02,119.06,119.27,119.26,119.19,119.16,119.1,118.28,118.29,118.3,119.05,119.05,0,0.0,0,0.0,0.0,0.0,0.0,0.0
2024-06-06 04:15:00,119.06,119.09,119.01,119.02,119.26,119.19,119.16,119.1,119.09,118.28,118.29,118.3,119.05,119.05,0,0.0,0,0.0,0.0,0.0,0.0,0.0
2024-06-06 08:15:00,119.02,119.09,118.29,118.31,119.19,119.16,119.14,119.1,119.09,118.25,118.26,118.28,118.29,118.3,0,0.0,0,0.0,0.0,0.0,0.0,0.0
2024-06-06 12:15:00,118.31,119.11,118.26,119.06,119.16,119.14,119.12,119.1,119.09,118.25,118.26,118.28,118.29,118.3,0,0.0,0,0.0,0.0,0.0,0.0,0.0
2024-06-06 16:15:00,119.07,119.17,119.06,119.12,119.16,119.14,119.12,119.1,119.09,118.25,118.26,118.28,118.29,118.3,06/05/2024 17:00,118.90625,0,0.0,118.90625,117.90625,116.90625,0.0
2024-06-06 21:15:00,119.13,119.14,119.05,119.06,119.27,119.26,119.19,119.16,119.14,118.29,118.3,119.09,119.1,119.12,0,0.0,0,0.0,0.0,0.0,0.0,0.0
2024-06-07 01:15:00,119.05,119.08,119.04,119.04,119.26,119.19,119.16,119.14,119.12,118.26,118.26,118.28,118.29,118.3,0,0.0,0,0.0,0.0,0.0,0.0,0.0
2024-06-07 05:15:00,119.04,119.1,119.03,119.06,119.19,119.17,119.16,119.14,119.12,118.26,118.26,118.28,118.29,118.3,0,0.0,0,0.0,0.0,0.0,0.0,0.0
2024-06-07 09:15:00,119.06,119.31,117.15,117.2,119.17,119.16,119.14,119.14,119.12,118.26,118.26,118.28,118.29,118.3,0,0.0,0,0.0,0.0,0.0,0.0,0.0
2024-06-07 13:15:00,117.2,117.26,117.11,117.19,118.03,117.25,117.25,117.24,117.24,117.07,117.07,117.08,117.09,117.15,0,0.0,0,0.0,0.0,0.0,0.0,0.0
2024-06-09 18:15:00,117.19,117.19,117.09,117.1,118.03,117.25,117.25,117.24,117.24,117.07,117.07,117.08,117.09,117.15,0,0.0,0,0.0,0.0,0.0,0.0,0.0
2024-06-09 22:15:00,117.09,117.12,117.06,117.09,117.25,117.25,117.24,117.24,117.15,116.26,117.05,117.07,117.07,117.08,0,0.0,0,0.0,0.0,0.0,0.0,0.0
2024-06-10 02:15:00,117.09,117.1,117.05,117.07,117.25,117.25,117.24,117.24,117.15,116.26,117.05,117.07,117.07,117.08,0,0.0,0,0.0,0.0,0.0,0.0,0.0
2024-06-10 06:15:00,117.07,117.08,116.29,117.04,117.24,117.19,117.15,117.09,117.08,116.21,116.25,116.26,116.26,117.05,0,0.0,0,0.0,0.0,0.0,0.0,0.0
2024-06-10 10:15:00,117.04,117.06,116.27,117.01,117.09,117.08,117.07,117.07,117.05,116.18,116.21,116.25,116.26,116.26,0,0.0,0,0.0,0.0,0.0,0.0,0.0
2024-06-10 14:15:00,117.01,117.03,116.23,116.27,117.09,117.08,117.07,117.07,117.05,116.18,116.21,116.25,116.26,116.26,0,0.0,0,0.0,0.0,0.0,0.0,0.0
2024-06-10 19:15:00,116.27,116.31,116.26,116.29,117.08,117.08,117.07,117.07,117.05,116.18,116.21,116.25,116.26,116.26,0,0.0,0,0.0,0.0,0.0,0.0,0.0
2024-06-10 23:15:00,116.29,117.06,116.29,117.04,117.08,117.07,117.07,117.06,117.05,116.18,116.21,116.25,116.26,116.26,0,0.0,0,0.0,0.0,0.0,0.0,0.0
2024-06-11 03:15:00,117.05,117.08,117.01,117.06,117.08,117.08,117.07,117.07,117.06,116.21,116.23,116.25,116.26,116.26,0,0.0,0,0.0,0.0,0.0,0.0,0.0
2024-06-11 07:15:00,117.06,117.15,117.04,117.08,117.09,117.08,117.08,117.07,117.07,116.23,116.25,116.26,116.26,116.26,0,0.0,06/10/2024 17:00,117.28125,117.28125,118.28125,119.28125,0.0
2024-06-11 11:15:00,117.08,117.14,116.3,117.02,117.19,117.15,117.12,117.1,117.09,116.26,116.26,116.26,116.29,117.06,0,0.0,0,0.0,0.0,0.0,0.0,0.0
2024-06-11 15:15:00,117.02,117.25,116.29,117.24,117.1,117.09,117.08,117.08,117.06,116.25,116.26,116.26,116.26,116.29,0,0.0,06/10/2024 17:00,117.28125,117.28125,118.28125,119.28125,0.0
2024-06-11 15:15:00,117.02,117.25,116.29,117.24,117.1,117.09,117.08,117.08,117.06,116.25,116.26,116.26,116.26,116.29,0,0.0,06/10/2024 17:00,117.28125,117.28125,118.28125,119.28125,0.0
2024-06-11 15:15:00,117.02,117.25,116.29,117.24,117.1,117.09,117.08,117.08,117.06,116.25,116.26,116.26,116.26,116.29,0,0.0,06/10/2024 17:00,117.28125,117.28125,118.28125,119.28125,0.0
2024-06-11 15:15:00,117.02,117.25,116.29,117.24,117.1,117.09,117.08,117.08,117.06,116.25,116.26,116.26,116.26,116.29,0,0.0,06/10/2024 17:00,117.28125,117.28125,118.28125,119.28125,0.0
2024-06-11 15:15:00,117.02,117.25,116.29,117.24,117.1,117.09,117.08,117.08,117.06,116.25,116.26,116.26,116.26,116.29,0,0.0,06/10/2024 17:00,117.28125,117.28125,118.28125,119.28125,0.0
2024-06-11 20:15:00,117.24,117.26,117.19,117.2,118.04,118.03,117.26,117.25,117.25,117.08,117.1,117.12,117.15,117.19,0,0.0,0,0.0,0.0,0.0,0.0,0.0
2024-06-12 00:15:00,117.2,117.23,117.18,117.21,117.26,117.25,117.25,117.24,117.24,117.08,117.1,117.12,117.15,117.19,0,0.0,0,0.0,0.0,0.0,0.0,0.0
2024-06-12 04:15:00,117.21,117.29,117.2,117.24,117.26,117.25,117.25,117.24,117.24,117.08,117.1,117.12,117.15,117.19,0,0.0,0,0.0,0.0,0.0,0.0,0.0
2024-06-12 08:15:00,117.24,117.3,117.21,117.27,118.04,118.03,117.26,117.25,117.25,117.08,117.1,117.12,117.15,117.19,06/11/2024 17:00,117.28125,0,0.0,117.28125,116.28125,115.28125,0.0
2024-06-12 08:15:00,117.24,117.3,117.21,117.27,118.04,118.03,117.26,117.25,117.25,117.08,117.1,117.12,117.15,117.19,06/11/2024 17:00,117.28125,0,0.0,117.28125,116.28125,115.28125,0.0
2024-06-12 12:15:00,117.28,119.16,117.26,119.16,118.13,118.1,118.05,118.04,118.03,117.15,117.18,117.19,117.24,117.26,06/11/2024 17:00,117.28125,0,0.0,117.28125,116.28125,115.28125,0.0
2024-06-12 12:15:00,117.28,119.16,117.26,119.16,118.13,118.1,118.05,118.04,118.03,117.15,117.18,117.19,117.24,117.26,06/11/2024 17:00,117.28125,0,0.0,117.28125,116.28125,115.28125,0.0
2024-06-12 12:15:00,117.28,119.16,117.26,119.16,118.13,118.1,118.05,118.04,118.03,117.15,117.18,117.19,117.24,117.26,06/11/2024 17:00,117.28125,0,0.0,117.28125,116.28125,115.28125,0.0
2024-06-12 12:15:00,117.28,119.16,117.26,119.16,118.13,118.1,118.05,118.04,118.03,117.15,117.18,117.19,117.24,117.26,06/11/2024 17:00,117.28125,0,0.0,117.28125,116.28125,115.28125,0.0
2024-06-12 12:15:00,117.28,119.16,117.26,119.16,118.13,118.1,118.05,118.04,118.03,117.15,117.18,117.19,117.24,117.26,06/11/2024 17:00,117.28125,0,0.0,117.28125,116.28125,115.28125,0.0
2024-06-12 12:15:00,117.28,119.16,117.26,119.16,118.13,118.1,118.05,118.04,118.03,117.15,117.18,117.19,117.24,117.26,06/11/2024 17:00,117.28125,0,0.0,117.28125,116.28125,115.28125,0.0
2024-06-12 16:15:00,119.16,119.21,118.19,118.21,119.27,119.27,119.26,119.19,119.17,118.13,118.26,119.12,119.14,119.14,0,0.0,0,0.0,0.0,0.0,0.0,0.0
2024-06-12 21:15:00,118.22,118.31,118.2,118.3,119.17,119.16,119.14,119.14,119.12,117.24,117.26,118.03,118.1,118.13,06/12/2024 17:00,118.90625,0,0.0,118.90625,117.90625,116.90625,0.0
2024-06-13 01:15:00,118.3,118.3,118.2,118.21,119.17,119.16,119.14,119.14,119.12,117.26,117.26,118.03,118.1,118.13,0,0.0,0,0.0,0.0,0.0,0.0,0.0
2024-06-13 05:15:00,118.2,118.29,118.19,118.28,119.17,119.16,119.14,119.14,119.12,117.26,118.03,118.1,118.13,118.19,0,0.0,0,0.0,0.0,0.0,0.0,0.0
2024-06-13 09:15:00,118.28,119.23,118.22,119.12,119.16,119.14,119.14,119.12,118.31,117.26,118.03,118.1,118.13,118.19,06/12/2024 17:00,118.90625,0,0.0,118.90625,117.90625,116.90625,0.0
2024-06-13 13:15:00,119.12,120.04,119.04,120.01,119.19,119.17,119.16,119.14,119.14,118.03,118.1,118.13,118.19,118.31,06/12/2024 17:00,118.90625,0,0.0,118.90625,117.90625,116.90625,0.0
2024-06-13 13:15:00,119.12,120.04,119.04,120.01,119.19,119.17,119.16,119.14,119.14,118.03,118.1,118.13,118.19,118.31,06/12/2024 17:00,118.90625,0,0.0,118.90625,117.90625,116.90625,0.0
2024-06-13 13:15:00,119.12,120.04,119.04,120.01,119.19,119.17,119.16,119.14,119.14,118.03,118.1,118.13,118.19,118.31,06/12/2024 17:00,118.90625,0,0.0,118.90625,117.90625,116.90625,0.0
2024-06-13 13:15:00,119.12,120.04,119.04,120.01,119.19,119.17,119.16,119.14,119.14,118.03,118.1,118.13,118.19,118.31,06/12/2024 17:00,118.90625,0,0.0,118.90625,117.90625,116.90625,0.0
2024-06-13 13:15:00,119.12,120.04,119.04,120.01,119.19,119.17,119.16,119.14,119.14,118.03,118.1,118.13,118.19,118.31,06/12/2024 17:00,118.90625,0,0.0,118.90625,117.90625,116.90625,0.0
2024-06-13 13:15:00,119.12,120.04,119.04,120.01,119.19,119.17,119.16,119.14,119.14,118.03,118.1,118.13,118.19,118.31,06/12/2024 17:00,118.90625,0,0.0,118.90625,117.90625,116.90625,0.0
2024-06-13 13:15:00,119.12,120.04,119.04,120.01,119.19,119.17,119.16,119.14,119.14,118.03,118.1,118.13,118.19,118.31,06/12/2024 17:00,118.90625,0,0.0,118.90625,117.90625,116.90625,0.0
2024-06-13 13:15:00,119.12,120.04,119.04,120.01,119.19,119.17,119.16,119.14,119.14,118.03,118.1,118.13,118.19,118.31,06/12/2024 17:00,118.90625,0,0.0,118.90625,117.90625,116.90625,0.0
2024-06-13 18:15:00,120.01,120.01,119.2,119.28,120.16,120.15,120.15,120.11,120.03,119.21,119.26,119.27,119.27,119.31,06/12/2024 17:00,118.90625,0,0.0,118.90625,117.90625,116.90625,0.0
2024-06-13 22:15:00,119.27,119.28,119.17,119.18,120.15,120.11,120.03,120.01,119.31,119.16,119.17,119.19,119.21,119.26,0,0.0,0,0.0,0.0,0.0,0.0,0.0
2024-06-14 02:15:00,119.18,119.24,119.14,119.21,120.03,120.01,119.31,119.26,119.21,118.22,118.31,119.04,119.16,119.17,0,0.0,0,0.0,0.0,0.0,0.0,0.0
2024-06-14 06:15:00,119.21,120.14,119.21,120.12,120.03,120.01,120.01,119.31,119.26,118.22,118.31,119.04,119.16,119.17,06/12/2024 17:00,118.90625,0,0.0,118.90625,117.90625,116.90625,0.0
2024-06-14 06:15:00,119.21,120.14,119.21,120.12,120.03,120.01,120.01,119.31,119.26,118.22,118.31,119.04,119.16,119.17,06/12/2024 17:00,118.90625,0,0.0,118.90625,117.90625,116.90625,0.0
2024-06-14 06:15:00,119.21,120.14,119.21,120.12,120.03,120.01,120.01,119.31,119.26,118.22,118.31,119.04,119.16,119.17,06/12/2024 17:00,118.90625,0,0.0,118.90625,117.90625,116.90625,0.0
2024-06-14 10:15:00,120.11,120.24,120.03,120.15,120.17,120.16,120.16,120.15,120.15,119.04,119.16,119.17,120.01,120.04,0,0.0,0,0.0,0.0,0.0,0.0,0.0
2024-06-14 14:15:00,120.15,120.21,120.05,120.12,120.18,120.17,120.17,120.16,120.16,119.16,119.17,120.01,120.04,120.11,0,0.0,0,0.0,0.0,0.0,0.0,0.0
2024-06-16 19:15:00,120.12,120.17,119.3,119.31,120.17,120.16,120.16,120.15,120.15,119.17,119.21,120.01,120.04,120.11,0,0.0,0,0.0,0.0,0.0,0.0,0.0
2024-06-16 23:15:00,120.0,120.04,119.3,120.0,120.15,120.15,120.11,120.04,120.01,119.04,119.14,119.16,119.17,119.21,0,0.0,0,0.0,0.0,0.0,0.0,0.0
2024-06-17 03:15:00,119.31,120.08,119.3,120.05,120.15,120.15,120.11,120.04,120.01,119.04,119.14,119.16,119.17,119.21,0,0.0,0,0.0,0.0,0.0,0.0,0.0
2024-06-17 07:15:00,120.04,120.06,119.31,120.01,120.16,120.16,120.15,120.15,120.11,119.04,119.14,119.16,119.17,119.21,0,0.0,0,0.0,0.0,0.0,0.0,0.0
2024-06-17 11:15:00,120.01,120.02,119.07,119.11,120.16,120.16,120.15,120.15,120.11,119.04,119.14,119.16,119.17,119.21,0,0.0,0,0.0,0.0,0.0,0.0,0.0
2024-06-17 15:15:00,119.11,119.23,119.07,119.18,120.11,120.08,119.21,119.17,119.14,118.19,118.19,118.22,118.31,119.04,06/14/2024 17:00,119.96875,0,0.0,119.96875,118.96875,117.96875,0.0
2024-06-17 20:15:00,119.19,119.22,119.15,119.21,120.15,120.11,120.08,120.06,119.21,118.19,118.22,118.31,119.04,119.14,0,0.0,0,0.0,0.0,0.0,0.0,0.0
2024-06-18 00:15:00,119.21,119.26,119.21,119.22,120.15,120.11,120.08,120.06,120.02,118.19,118.22,118.31,119.04,119.14,0,0.0,06/17/2024 17:00,119.96875,119.96875,120.96875,121.96875,0.0
2024-06-18 04:15:00,119.22,119.22,119.13,119.15,120.15,120.11,120.08,120.06,120.02,118.31,119.04,119.07,119.14,119.21,0,0.0,0,0.0,0.0,0.0,0.0,0.0
2024-06-18 08:15:00,119.15,119.16,119.09,119.14,120.15,120.11,120.08,120.06,120.02,118.22,118.31,119.04,119.07,119.14,0,0.0,0,0.0,0.0,0.0,0.0,0.0
2024-06-18 12:15:00,119.14,120.09,119.13,120.08,120.11,120.08,120.06,120.02,119.26,118.19,118.22,118.31,119.04,119.07,0,0.0,06/17/2024 17:00,119.96875,119.96875,120.96875,121.96875,0.0
2024-06-18 12:15:00,119.14,120.09,119.13,120.08,120.11,120.08,120.06,120.02,119.26,118.19,118.22,118.31,119.04,119.07,0,0.0,06/17/2024 17:00,119.96875,119.96875,120.96875,121.96875,0.0
2024-06-18 12:15:00,119.14,120.09,119.13,120.08,120.11,120.08,120.06,120.02,119.26,118.19,118.22,118.31,119.04,119.07,0,0.0,06/17/2024 17:00,119.96875,119.96875,120.96875,121.96875,0.0
2024-06-18 16:15:00,120.07,120.17,120.06,120.15,120.16,120.15,120.15,120.11,120.08,119.07,119.14,119.26,120.02,120.06,0,0.0,06/17/2024 17:00,119.96875,119.96875,120.96875,121.96875,0.0
2024-06-18 21:15:00,120.15,120.16,120.1,120.11,120.17,120.17,120.17,120.16,120.16,119.14,119.26,120.02,120.06,120.08,0,0.0,0,0.0,0.0,0.0,0.0,0.0
2024-06-19 01:15:00,120.1,120.13,120.09,120.12,120.17,120.16,120.16,120.15,120.15,119.14,119.26,120.02,120.06,120.08,0,0.0,0,0.0,0.0,0.0,0.0,0.0
2024-06-19 05:15:00,120.12,120.18,120.1,120.12,120.17,120.16,120.16,120.15,120.15,119.26,120.02,120.06,120.06,120.08,0,0.0,0,0.0,0.0,0.0,0.0,0.0
2024-06-19 09:15:00,120.11,120.12,120.06,120.1,120.17,120.16,120.16,120.15,120.15,119.26,120.02,120.06,120.06,120.08,0,0.0,0,0.0,0.0,0.0,0.0,0.0
2024-06-19 18:15:00,120.1,120.12,120.07,120.08,120.17,120.16,120.16,120.15,120.15,119.26,120.02,120.06,120.06,120.08,0,0.0,0,0.0,0.0,0.0,0.0,0.0
2024-06-19 22:15:00,120.08,120.09,120.01,120.01,120.17,120.16,120.16,120.15,120.15,119.14,119.26,120.02,120.06,120.06,0,0.0,0,0.0,0.0,0.0,0.0,0.0
2024-06-20 02:15:00,120.02,120.02,119.31,120.02,120.15,120.15,120.08,120.06,120.06,119.07,119.09,119.13,119.14,119.26,0,0.0,0,0.0,0.0,0.0,0.0,0.0
2024-06-20 06:15:00,120.03,120.07,119.29,119.31,120.15,120.12,120.08,120.06,120.06,119.09,119.13,119.14,119.26,120.02,0,0.0,0,0.0,0.0,0.0,0.0,0.0
2024-06-20 10:15:00,119.3,120.1,119.08,119.16,120.09,120.08,120.06,120.06,120.02,119.07,119.09,119.13,119.14,119.26,0,0.0,0,0.0,0.0,0.0,0.0,0.0
2024-06-20 14:15:00,119.16,119.27,119.11,119.24,120.08,120.06,120.06,120.02,119.26,119.04,119.07,119.09,119.13,119.14,0,0.0,0,0.0,0.0,0.0,0.0,0.0
2024-06-20 19:15:00,119.25,119.28,119.21,119.23,120.08,120.06,120.06,120.02,119.26,119.04,119.07,119.09,119.13,119.14,0,0.0,0,0.0,0.0,0.0,0.0,0.0
2024-06-20 23:15:00,119.23,119.25,119.18,119.24,120.08,120.06,120.06,120.02,119.26,119.07,119.08,119.09,119.13,119.14,0,0.0,0,0.0,0.0,0.0,0.0,0.0
2024-06-21 03:15:00,119.24,119.29,119.21,119.28,120.08,120.06,120.06,120.02,119.26,119.08,119.09,119.11,119.13,119.14,0,0.0,0,0.0,0.0,0.0,0.0,0.0
2024-06-21 07:15:00,119.29,120.07,119.28,120.05,120.09,120.08,120.06,120.06,120.02,119.08,119.09,119.11,119.13,119.14,0,0.0,0,0.0,0.0,0.0,0.0,0.0
2024-06-21 11:15:00,120.05,120.11,119.15,119.21,120.1,120.09,120.08,120.06,120.06,119.09,119.11,119.13,119.14,119.18,0,0.0,0,0.0,0.0,0.0,0.0,0.0
2024-06-21 15:15:00,119.2,119.28,119.18,119.26,120.1,120.09,120.08,120.06,120.06,119.09,119.11,119.13,119.14,119.18,0,0.0,0,0.0,0.0,0.0,0.0,0.0
